identity_key_strict	n_members	n_raw_forms	formula	formal_charge	members
CC(C)Cn1c(=O)n(C)c(=O)c2nc[nH]c21	2	2	C10H14N4O2	0.0	CHEBI_34795, CHEBI_43253
CC(O)=Nc1ccccc1O	2	2	C8H9NO2	0.0	CHEBI_143107, CHEBI_88870
CCCCCC/C=C\CCCCCCCC(=O)OC[C@H](COP(=O)([O-])OCC[NH3+])OC(=O)CCCCCCCCCCCCC	2	2	C35H68NO8P	0.0	CHEBI_195407, CHEBI_195408
CCCCCCC(N)C(=O)O	2	2	C8H17NO2	0.0	CHEBI_133660, CHEBI_75145
CCC[C@H]([NH2+][C@H](C)C(=O)[O-])C(=O)[O-]	2	2	C8H14NO4-	-1.0	CHEBI_15602, CHEBI_58799
CCN1/C(=C/c2ccc3ccccc3[n+]2CC)C=Cc2ccccc21	2	2	C23H23N2+	1.0	CHEBI_37994, CHEBI_38002
CC[C@@H](C)[C@@H](N)C(=O)O	2	2	C6H13NO2	0.0	CHEBI_193151, CHEBI_27730
CC[C@@H](C)[C@H]([NH3+])C(=O)[O-]	2	2	C6H13NO2	0.0	CHEBI_43433, CHEBI_85338
CC[C@@]1(O)C[C@H](O[C@H]2C[C@H]([NH+](C)C)[C@H](O[C@H]3C[C@H](O)[C@H](O[C@H]4C=CC(=O)[C@H](C)O4)[C@H](C)O3)[C@H](C)O2)c2c(cc3c(c2[O-])C(=O)c2c(O)cccc2C3=O)[C@H]1C(=O)OC	2	2	C42H51NO15	0.0	CHEBI_75093, CHEBI_77985
CC[C@H](C)[C@@H]([NH3+])C(=O)[O-]	2	2	C6H13NO2	0.0	CHEBI_20899, CHEBI_85306
CNC[C@H](O)c1ccc(OS(=O)(=O)O)c(O)c1	2	2	C9H13NO6S	0.0	CHEBI_233043, CHEBI_89878
C[C@H]([NH3+])CCC(=O)[O-]	2	2	C5H11NO2	0.0	CHEBI_178407, CHEBI_194493
C[NH2+]CCCC(=O)[O-]	2	2	C5H11NO2	0.0	CHEBI_37755, CHEBI_66882
Cc1cc(=O)nc(C(C)C)[nH]1	2	2	C8H12N2O	0.0	CHEBI_38629, CHEBI_83445
NCCC(=O)NCCc1cnc[nH]1	2	2	C8H14N4O	0.0	CHEBI_131429, CHEBI_95262
N[C@@H](Cc1ccc(O)c(Cl)c1)C(=O)O	2	2	C9H10ClNO3	0.0	CHEBI_189422, CHEBI_53678
Nc1ccc(C(=O)O)cc1	2	2	C7H7NO2	0.0	CHEBI_194474, CHEBI_30753
O=C(O)/C(Cl)=C(Cl)\C=C(\Cl)C(=O)[O-]	2	2	C6H2Cl3O4-	-1.0	CHEBI_36531, CHEBI_38426
O=C(O)[C@@H]1C[C@H](O[C@H]2O[C@@H](CO)[C@H](O)[C@H]2O)CN1	2	2	C10H17NO7	0.0	CHEBI_75880, CHEBI_75933
O=C(O)[C@H]1O[C@H](O)[C@H](O)[C@@H](O)[C@H]1O	2	2	C6H10O7	0.0	CHEBI_15446, CHEBI_33885
O=C([O-])[C@H]1O[C@H](O)[C@H](O)[C@@H](O)[C@H]1O	2	2	C6H9O7-	-1.0	CHEBI_140523, CHEBI_58658
O=S(=O)([O-])CC[NH+](CCO)CCO	2	2	C6H15NO5S	0.0	CHEBI_39041, CHEBI_39045
[H]NCCC[C@H](N)CC(=O)N[C@@H]1[C@H](O)[C@@H](OC(N)=O)[C@@H](CO)O[C@H]1/N=C1/N[C@H]([C@H](O)CN)[C@@H](C(=O)O)N1	2	2	C19H36N8O9	0.0	CHEBI_60823, CHEBI_60826
[NH3+]C(CC1=CC(=O)C(O)=CC1=O)C(=O)[O-]	2	2	C9H9NO5	0.0	CHEBI_36077, CHEBI_68431
CCCCC/C=C\C/C=C\C/C=C\C/C=C\CCCC(=O)O[C@H](COC(=O)CCCCCCCCCCCCCCCCC)COP(=O)([O-])OCC[NH3+]	3	2	C43H78NO8P	0.0	1ocdca2arachdg3petamn, CHEBI_78268, CHEBI_79110
CC[C@H](C)[C@H](N)C(=O)O	3	2	C6H13NO2	0.0	CHEBI_17191, CHEBI_58045, ile_L
N[C@@H](CC1=CC(=O)C(=O)C=C1)C(=O)O	3	2	C9H9NO4	0.0	CHEBI_16852, CHEBI_57924, dopaqn
B=BB	1	1	H3B3	0.0	CHEBI_33603
BrCc1ccccc1	1	1	C7H7Br	0.0	CHEBI_59858
Brc1ccc(-c2csc(N3CCNCC3)n2)cc1	1	1	C13H14BrN3S	0.0	CHEBI_93625
Brc1ccc(CSc2nnc(-c3cccnc3)o2)cc1	1	1	C14H10BrN3OS	0.0	CHEBI_122116
C#CC#CC#CC#C/C=C/CCCCCCCC(=O)O	1	1	C18H18O2	0.0	CHEBI_221597
C#CC#CC(O)/C=C\C(O)CCCCCC	1	1	C14H20O2	0.0	CHEBI_230822
C#CC#CC=C=C/C=C\C=C\CC(=O)O	1	1	C13H10O2	0.0	CHEBI_32385
C#CCCCC(=O)CC(=O)N(C)[C@H](C(=O)N(C)[C@H](C(=O)N(C)[C@H](C(=O)N(C)[C@H](C(N)=O)C(C)C)C(C)C)C(C)C)C(C)C	1	1	C32H55N5O6	0.0	CHEBI_221914
C#CCCCC1NC(=O)[C@H]([C@@H](C)CC)N(C)C(=O)[C@@H]2CCCN2C(=O)[C@@H]2CCCN2C(=O)[C@H](CC(C)C)NC(=O)[C@H](C(C)C)N(C)C(=O)[C@H](C)NC(=O)[C@@H](C)N(C)C(=O)[C@H](Cc2ccccc2)N(C)C(=O)C(COC)N(C)C(=O)[C@H](C(C)C)N(C)C(=O)[C@@H]2CCCN2C(=O)[C@H](C)NC(=O)[C@H](C(C)C)OC(=O)C1C	1	1	C79H125N13O16	0.0	CHEBI_204515
C#CNCC(=O)O	1	1	C4H5NO2	0.0	CHEBI_223616
C#C[C@]1(OC(=O)CCCCCC)CC[C@H]2[C@@H]3CCC4=CC(=O)CC[C@@H]4[C@H]3CC[C@@]21C	1	1	C27H38O3	0.0	CHEBI_34894
C#Cc1ccc(CCCCC)cc1	1	1	C13H16	0.0	CHEBI_189254
C#Cc1cccc(Nc2ncnc3cc(OCCOC)c(OCCOC)cc23)c1	1	1	C22H23N3O4	0.0	CHEBI_114785
C(=NCCc1ccccc1)c1ccco1	1	1	C13H13NO	0.0	CHEBI_215852
C/C(=C/C=C/C(C)=C/C=C/C=C(C)/C=C\C=C(/C)OC(=O)CC1OC(c2c(O)cc3oc4cc(O)c(O)cc4c(=O)c3c2O)C(O)C(O)C1O)C(=O)OC1OC(CO)C(O)C(O)C1O	1	1	C45H50O19	0.0	CHEBI_168926
C/C(=C/CC[C@@H](C)[C@H]1CC[C@@]2(C)C3=CC[C@H]4C(C)(C)[C@@H](O)CC[C@]4(C)C3=CC[C@]12C)CO	1	1	C30H48O2	0.0	CHEBI_215348
C/C(=C/C[C@H]1C[C@H](C)OC1=O)CO	1	1	C10H16O3	0.0	CHEBI_222399
C/C(=C/c1csc(C)n1)C1CC(O)C(C)(SCC(/N=C(/O)CCC(N)C(=O)O)/C(O)=N/CC(=O)O)CCCC(C)C(O)C(C)(O)C(=O)C(C)(C)C(O)C/C(O)=N/1	1	1	C37H59N5O12S2	0.0	CHEBI_194054
C/C(=C1\C=C(O)C(=O)O1)[C@@H]1[C@H](O)C[C@](C)(O)[C@@H]1C	1	1	C13H18O5	0.0	CHEBI_217394
C/C(=C\C(C)O)C1=CC(=O)N2CCC(=O)CC2N1	1	1	C13H18N2O3	0.0	CHEBI_176433
C/C(=C\CC/C(C)=C/CC/C(C)=C/CC/C(C)=C/C(=O)O)CO	1	1	C20H32O3	0.0	CHEBI_84977
C/C(=C\CC/C(C)=C/CC/C(C)=C/CC/C(C)=C/C(=O)[O-])CO	1	1	C20H31O3-	-1.0	CHEBI_83954
C/C(=C\CC/C(C)=C/COC(=O)/C=C/C(=O)O)CC/C=C(\C)CC/C=C(\C)COC(=O)/C=C/C(=O)O	1	1	C28H38O8	0.0	CHEBI_176186
C/C(=C\CC[C@@H](C)[C@H]1CC(=O)[C@@]2(C)C3=C(C(=O)C[C@]12C)[C@@]1(C)CCC(=O)C(C)(C)[C@@H]1C[C@@H]3O)C(=O)O	1	1	C30H42O6	0.0	CHEBI_205212
C/C(=C\CC[C@@H](C)[C@H]1CC[C@@]2(C)C3=C(CC[C@]12C)[C@@]1(C)CCC(=O)C(C)(C)[C@@H]1C[C@H]3O)CO	1	1	C30H48O3	0.0	CHEBI_215210
C/C(=C\CC[C@@H](C)[C@H]1CC[C@@]2(C)C3=CC[C@H]4C(C)(C)[C@@H](O)CC[C@]4(C)C3=CC[C@]12C)CO	1	1	C30H48O2	0.0	CHEBI_142261
C/C(=C\CNc1ncnc2c1ncn2[C@@H]1O[C@H](COP(=O)(O)OP(=O)(O)OP(=O)(O)O)[C@@H](O)[C@H]1O)CO	1	1	C15H24N5O14P3	0.0	CHEBI_71938
C/C(=C\CNc1ncnc2c1ncn2[C@@H]1O[C@H](COP(=O)([O-])OP(=O)([O-])OP(=O)([O-])[O-])[C@@H](O)[C@H]1O)CO	1	1	C15H20N5O14P3-4	-4.0	CHEBI_87953
C/C(=C\CO)CC/C=C(\C)CC/C=C(\C)CC/C=C(\C)COC(=O)/C=C/C(=O)O	1	1	C24H36O5	0.0	CHEBI_197608
C/C(=C\C[C@@]12O[C@@H]1[C@H](O)C(CO)=CC2=O)CCCC(C)C(=O)O	1	1	C17H24O6	0.0	CHEBI_133837
C/C(=C\Cc1cc(O)c2ccccc2c1O)CCC[C@H](C)CCC[C@H](C)CCCC(C)C	1	1	C30H46O2	0.0	CHEBI_87844
C/C(=C\[C@@H]1[C@H]2[C@@H](C)[C@H](O)C[C@@H](O)[C@@]2(C)C=C[C@H]1/C(C)=C/C[C@H](O)C[C@@H](O)C[C@@H](O)[C@H](C)[C@@H](O)C(C)C)C(=O)O	1	1	C31H52O8	0.0	CHEBI_227093
C/C(=C\c1csc(C)n1)C(N)CC(O)C(C)(CCCC(C)C(O)C(C)C(=O)C(C)(C)C(O)CC(=O)O)SCC(/N=C(\O)CCC(N)C(=O)O)/C(O)=N/CC(=O)O	1	1	C37H61N5O12S2	0.0	CHEBI_194060
C/C(=C\c1csc(C)n1)C(N)CC(SCC(/N=C(\O)CCC(N)C(=O)O)/C(O)=N/CC(=O)O)[C@](C)(O)CCCC(C)C(O)C(C)C(=O)C(C)(C)C(O)CC(=O)O	1	1	C37H61N5O12S2	0.0	CHEBI_194059
C/C(=C\c1csc(C)n1)[C@@H]1C[C@@H]2O[C@]2(C)CCC[C@H](C)[C@H](O)[C@@H](C)C(=O)C(C)(C)[C@@H](OC2OC(CO)C(O)C2O)CC(=O)O1	1	1	C32H49NO10S	0.0	CHEBI_206409
C/C(C=O)=C\C=C(/O)C(=O)O	1	1	C7H8O4	0.0	CHEBI_142991
C/C(C=O)=C\C=C(/O)C(=O)[O-]	1	1	C7H7O4-	-1.0	CHEBI_142983
C/C(C=O)=C\CC/C(C)=C/CC/C(C)=C/CC/C(C)=C/COC(=O)/C(C)=C/C(=O)O	1	1	C25H36O5	0.0	CHEBI_204349
C/C(C=O)=C\CCC(C)C1CCC2(C)C3=C(CCC12C)C1(C)CCC(=O)C(C)(C)C1CC3O	1	1	C30H46O3	0.0	CHEBI_172033
C/C(O)=N\[C@H]1[C@H](O[C@H]2[C@H](OC(C)/C(O)=N/[C@@H](C)/C(O)=N/[C@H](CC/C(O)=N/[C@@H](CCC[C@@H](N)C(=O)O)C(=O)/N=C(\O)[C@@H](C)N)C(=O)O)[C@@H](/N=C(\C)O)[C@@H]3OC[C@H]2O3)O[C@H](CO)[C@@H](O)[C@@H]1O	1	1	C37H60N8O19	0.0	CHEBI_233430
C/C([O-])=C1/C(=O)N[C@@H](Cc2c[nH]c3ccccc23)C1=O	1	1	C15H13N2O3-	-1.0	CHEBI_167552
C/C1=C/C2C(CCC3(C)Oc4c(C=O)c(O)c(C=O)c(O)c4C(CC(C)C)C3CC1)C2(C)C	1	1	C28H38O5	0.0	CHEBI_175633
C/C1=C/C=C\C(C)(O)CCC(=O)OC(C)C(C)CCC1O	1	1	C17H28O4	0.0	CHEBI_199778
C/C1=C/C=C\CC/C(C)=C\CC1	1	1	C12H18	0.0	CHEBI_191546
C/C1=C/CC[C@]2(C)O[C@@H]3C[C@@H](C)[C@](C)(CC1)C1=C3[C@](O)(OC1)[C@H]2O	1	1	C20H30O4	0.0	CHEBI_222984
C/C1=C/C[C@H]2[C@](C)(CC/C(C)=C3/OC(=O)[C@H]4[C@@H]3[C@@H]1O[C@@]4(C)O)OC(=O)C(=O)[C@]2(O)C(C)C	1	1	C24H32O8	0.0	CHEBI_203457
C/C1=C2/N/C(=C\C3=N/C(=C\c4[nH]c(c(CCC(=O)O)c4CC(=O)O)Cc4[nH]c1c(CC(=O)O)c4CCC(=O)O)[C@@H](CCC(=O)O)[C@]3(C)CC(=O)O)[C@@H](CCC(=O)O)[C@]2(C)CC(=O)O	1	1	C43H50N4O16	0.0	CHEBI_28307
C/C1=C\C=C\C=C\C=C/C=C\[C@H](C)CNC(=O)/C(C)=C/C=C/C=C/C=C\C=C/[C@H](C)CNC1=O	1	1	C30H38N2O2	0.0	CHEBI_223866
C/C1=C\C=C\CC[C@@H](C)[C@@H](Cc2cnco2)OC(=O)/C(C)=C/C=C/CC[C@@H](C)[C@@H](Cc2cnco2)OC1=O	1	1	C30H38N2O6	0.0	CHEBI_215617
C/C1=C\C[C@@H](O)[C@H](C)C(=O)/C(CC(C)C)=C/[C@@H]2C=C[C@@H]3CC(=O)N[C@]34C(=O)c3c(O)c(C)c(O)c(c3C(=O)[C@H]24)C1=O	1	1	C32H35NO8	0.0	CHEBI_209758
C/C1=C\[C@H](C)CC[C@@H](O)/C(C)=C/[C@H](C)C[C@@H](C)CC[C@@H]([C@@H](C)C(=O)O)OC(=O)[C@@H](C)C1	1	1	C26H44O5	0.0	CHEBI_217197
C/C=C(/C)C(=O)OC1Cc2cc3ccc(=O)oc3cc2OC1(C)C	1	1	C19H20O5	0.0	CHEBI_141534
C/C=C(/C)C=O	1	1	C5H8O	0.0	CHEBI_88419
C/C=C(/CCC(C)C1CCC2=C3CCC4C(C)C(O)CCC4(C)C3CCC21C)C(C)C	1	1	C30H50O	0.0	CHEBI_175447
C/C=C(/NC(=O)[C@H](CCCCN)NC(=O)[C@H](C)NC(=O)[C@H]1CS[C@@H](C)[C@@H](NC(=O)[C@H]2CSC[C@@H](NC(=O)[C@H](C)NC(=O)[C@@H](N)[C@@H](C)CC)C(=O)N[C@@H](CCCCN)C(=O)N[C@@H](Cc3ccccc3)C(=O)N[C@@H](CC(C)C)C(=O)N2)C(=O)N2CCC[C@H]2C(=O)NCC(=O)N1)C(=O)NCC(=O)N[C@@H]1CSC[C@H]2NC(=O)[C@H](Cc3ccc(O)cc3)NC(=O)[C@@H](CS/C=C/NC2=O)NC(=O)[C@H](CC(N)=O)NC(=O)[C@H](Cc2ccccc2)NC1=O	1	1	C98H141N25O23S4	0.0	CHEBI_221261
C/C=C(/NC(=O)[C@H](Cc1ccccc1)NC(=O)[C@H](NC(=O)[C@@H](CCCN=C(N)N)NC(=O)[C@@H](CC(C)C)NC(C)=O)C(C)C)C(=O)N[C@H](Cc1c[nH]c2ccccc12)C(=O)O	1	1	C43H60N10O8	0.0	CHEBI_209520
C/C=C(C)/C=C(\C)C(O)C(C)/C=C(C)/C=C/C/C(C)=C/Cc1[nH]c(OC)cc(=O)c1C	1	1	C27H39NO3	0.0	CHEBI_197602
C/C=C(\Br)C1=C(Cl)C(=O)[C@]23C[C@H]2C(C)(C)O[C@]3(O)C1=O	1	1	C14H14BrClO4	0.0	CHEBI_213999
C/C=C(\C)C(=O)OCC1O[C@@H](Oc2cc(O)c3c(=O)c(O)c(-c4ccc(O)c(O)c4)oc3c2)C(O)[C@@H](O)[C@@H]1O	1	1	C26H26O13	0.0	CHEBI_186012
C/C=C(\C)C(=O)OC[C@@]12[C@H](CCC[C@]1(O)COC(C)=O)[C@@](C)(CCC1=CC(=O)OC1)[C@H](C)C[C@@H]2O	1	1	C27H40O8	0.0	CHEBI_69870
C/C=C(\C)C(=O)OC[C@H]1O[C@H](O[C@H]2O[C@H](COC(=O)/C(C)=C/C)[C@@H](O)[C@H](O)[C@H]2O[C@@H]2O[C@H](CO)[C@@H](OC(=O)/C(C)=C/C)[C@H](OC(=O)/C(=C/C)CC)[C@H]2O)[C@H](O[C@@H]2O[C@H](CO)[C@@H](OC(=O)/C(C)=C/C)[C@H](OC(=O)/C(C)=C/C)[C@H]2O)[C@@H](O)[C@@H]1O	1	1	C55H80O27	0.0	CHEBI_201212
C/C=C(\C)C(=O)O[C@@H]1[C@@H](C)[C@]2(O)C3C=C(C)C(=O)[C@@]3(O)CC(CO)=C[C@H]2C2C(C)(C)[C@@]21OC(=O)C(C)CC	1	1	C30H42O8	0.0	CHEBI_182074
C/C=C(\C)CC(C)C(O)C(C)C1OC2(CC(OC)C1C)OC(C(C)C(O)C(C)/C=C/C=C/C=C/C=C/C=C/C(CC(=O)O)OC)C(C)CC2O	1	1	C41H66O9	0.0	CHEBI_203532
C/C=C(\C)C[C@H](C)[C@H](O)[C@@H](C)[C@H]1O[C@@]2(C[C@@H](OC)[C@H]1C)O[C@H]([C@@H](C)[C@@H](O)[C@@H](C)/C=C\C=C\C=C/C=C/C=C\[C@H](CC(=O)O)OC)[C@@H](C)C[C@@H]2O	1	1	C41H66O9	0.0	CHEBI_199150
C/C=C(\C)C[C@H](C)[C@H](O)[C@@H](C)[C@H]1O[C@@]2(C[C@@H](OC)[C@H]1C)O[C@H]([C@@H](C)[C@@H](O)[C@@H](C)/C=C\C=C\C=C/C=C/C=C\[C@H](CC(=O)O)OC)[C@@H](C)C[C@H]2O	1	1	C41H66O9	0.0	CHEBI_209151
C/C=C(\C)C[C@H](C)[C@H](O)[C@@H](C)[C@H]1O[C@@]2(C[C@@H](OC)[C@H]1C)O[C@H]([C@@H](C)[C@@H](O)[C@@H](C)/C=C\C=C\C=C/C=C\C=C/[C@H](CC(=O)O)OC)[C@@H](C)C[C@@H]2O	1	1	C41H66O9	0.0	CHEBI_218664
C/C=C(\C)C[C@H](C)[C@H](O)[C@@H](C)[C@H]1O[C@@]2(C[C@@H](OC)[C@H]1C)O[C@H]([C@@H](C)[C@@H](O)[C@@H](C)/C=C\C=C\C=C\C=C\C=C\[C@H](CC(=O)O)OC)[C@@H](C)C[C@@H]2O	1	1	C41H66O9	0.0	CHEBI_217612
C/C=C(\C)[C@@H]1OC(=O)[C@H](C)N(C)C(=O)[C@H]([C@H](C)CC)NC(=O)CN(C)C(=O)[C@@H](Cc2ccccc2)N(C)C(=O)[C@H](C)NC(=O)[C@@H]([C@@H](C)CC)OC(=O)/C(C)=C/C[C@H](O)[C@@H]1C	1	1	C45H69N5O10	0.0	CHEBI_70391
C/C=C(\C)[C@H]1O[C@@]2(C[C@@H]3C[C@@H](CC=C(C)[C@H](OC(=O)C(C)C)[C@@H](C)/C=C/C=C4\CO[C@@H]5[C@H](O)C(C)=C[C@@H](C(=O)O3)[C@]45O)O2)[C@H](O)C[C@@H]1C	1	1	C38H54O10	0.0	CHEBI_216629
C/C=C(\C)[C@H]1[C@@H](/C=C/C=C(\C)[C@@H](O)[C@@H](C)CO)[C@@H]2C[C@@H](OC(=O)Cc3ccccc3)[C@](C)(O)C[C@H]2[C@@H]2O[C@@]21C	1	1	C33H46O6	0.0	CHEBI_226223
C/C=C(\C)c1cc(O)c(C)c(OC(=O)c2c(O)c(C)c(O)c(Cl)c2/C(C)=C/C)c1	1	1	C23H25ClO5	0.0	CHEBI_201987
C/C=C(\C=C(C)\C=C(C)\C=C\C=C(/C)C(=O)[C@@]1(O)C(=O)N[C@@]2(CCO)O[C@@H]12)C(=O)OC	1	1	C23H29NO7	0.0	CHEBI_205556
C/C=C(\CC)CO	1	1	C6H12O	0.0	CHEBI_9878
C/C=C(\NC(=O)C(NC(=O)CNC(=O)C(NC(=O)C(NC(=O)C(NC(=O)CNC(=O)C(NC(=O)C1CSCCC(N)C(=O)N/C(=C\C)C(=O)N2CCCC2C(=O)NC(CC(C)C)C(=O)N1)C(C)C)C(C)C)C(C)CC)C(C)CC)C(C)CC)C(=O)NC(C)C(=O)NC1CSCC(C(=O)NC(CCCCN)C(=O)O)NC(=O)C(C(C)CC)NC(=O)C(CCCCN)NC(=O)C(C(C)CC)NC1=O	1	1	C91H156N22O21S2	0.0	CHEBI_221287
C/C=C(\NC(=O)CNC(=O)C(C)(O)C(O)/C=C\C(C)=C\C(C)CC)C(=O)N[C@H](C(=O)N[C@H](C(=O)N[C@H]1C(=O)N[C@H](COC)C(=O)NCC(=O)N[C@@H](C)C(=O)N(C)[C@@H]([C@@H](C)O)C(=O)N[C@H]([C@H](OC)c2ccc(O[C@@H]3O[C@@H](C)[C@H](O)[C@@H](O)[C@H]3O)cc2)C(=O)N2CC[C@H](Cl)C[C@H]2C(=O)O[C@@H]1C(C)C)[C@@H](C)[C@@H](C)C(N)=O)[C@H](C)N	1	1	C72H112ClN13O24	0.0	CHEBI_68403
C/C=C/C(=O)NC1=CC=C2[C@H](O)CN2C(=O)O1	1	1	C11H12N2O4	0.0	CHEBI_220634
C/C=C/C/C=C/CC(=O)NCC(=O)O	1	1	C10H15NO3	0.0	CHEBI_193292
C/C=C/C1=C(CC[C@@]2(C)C[C@@H](O)C(=O)O2)COC1=O	1	1	C14H18O5	0.0	CHEBI_225216
C/C=C/C1=C(CC[C@]2(C)C[C@@H](O)C(=O)O2)COC1=O	1	1	C14H18O5	0.0	CHEBI_223341
C/C=C/C1=CC2=CC(=O)[C@](C)(OC(=O)c3c(C)c(Cl)c(O)c(Cl)c3OC)[C@@H](O)[C@@H]2CO1	1	1	C22H22Cl2O7	0.0	CHEBI_214679
C/C=C/C1=CC2=CC(=O)[C@]3(C)OC(CCCCCCC)(OC)C[C@@H]3C2=CO1	1	1	C23H32O4	0.0	CHEBI_198499
C/C=C/C1=CC=C/C(=C2/C(=O)CNC2=O)O1	1	1	C12H11NO3	0.0	CHEBI_197578
C/C=C/C=C/C(=O)c1cc(C=O)c(OC)cc1O	1	1	C14H14O4	0.0	CHEBI_218291
C/C=C/C=C/C(O)=C1\C[C@](C)(O)[C@]2(O)O[C@@]3(C)C(=O)C(C)=C(O)/C(=C(O)/C=C/C=C/C)[C@H]3[C@]2(C)C1=O	1	1	C28H34O8	0.0	CHEBI_214999
C/C=C/C=C/C=C/C(=O)C(C)[C@@H](O)CCO	1	1	C13H20O3	0.0	CHEBI_156316
C/C=C/C=C/C=C/C(=O)O[C@@H]1C=C(C)[C@](O)(C=O)[C@@]2(C)CCCC(C)(C)[C@H]12	1	1	C23H32O4	0.0	CHEBI_223014
C/C=C/C=C/C=C/C=C/C=O	1	1	C10H12O	0.0	CHEBI_165517
C/C=C/C=C/C=C1/C=C(CCC(=O)O)C(=O)OC1	1	1	C14H16O4	0.0	CHEBI_208652
C/C=C/C=C/C=C1\C=C(CCC(=O)O)C(=O)OC1	1	1	C14H16O4	0.0	CHEBI_200481
C/C=C/C=C/[C@@H]1C=C[C@@H]2C[C@H](C)CC[C@H]2[C@]1(C)C(O)=C1C(=O)N[C@@H](C(C)O)C1=O	1	1	C24H33NO4	0.0	CHEBI_203012
C/C=C/CCCCCCCCC	1	1	C12H24	0.0	CHEBI_88609
C/C=C/[C@@H]1C2C[C@]3(O)OC(C)(O2)C(=O)C1[C@H]3O	1	1	C12H16O5	0.0	CHEBI_219001
C/C=C/[C@@H]1C=C[C@@H]2C[C@@H](C)CC[C@@H]2[C@]1(C)/C(O)=C1\C(=O)[C@H](C(C)O)N(C)C1=O	1	1	C23H33NO4	0.0	CHEBI_204326
C/C=C/[C@@H]1O[C@H]([C@H](O)/C=C/C=C/C[C@H](/C=C(C)\C=C\[C@H]2CC=CC(=O)O2)CC)C[C@@H](O)[C@@H]1C	1	1	C28H40O5	0.0	CHEBI_224511
C/C=C/[C@H](O)C#N	1	1	C5H7NO	0.0	CHEBI_197357
C/C=C/[C@H](O)[C@H](O)c1ccccc1/C=C/C(=O)N[C@@H]1C(=O)N[C@@H](CO)C(=O)N[C@H](CC(C)C)C(=O)N[C@@H](Cc2ccccc2)C(=O)N[C@@H](CO)C(=O)N[C@H]([C@@H](C)O)C(=O)N[C@H](CO)C(=O)N[C@H](c2ccc(O)cc2)C(=O)N[C@@H](C(C)C)C(=O)N[C@H](CC(C)C)C(=O)O[C@H]1C	1	1	C65H90N10O19	0.0	CHEBI_209655
C/C=C1/CN2CC[C@]3(O)c4ccccc4N4C=C(C(=O)OC)[C@H]1C[C@H]2[C@@]43O	1	1	C21H24N2O4	0.0	CHEBI_141867
C/C=C1/CN2CC[C@]34C(=C(C(=O)OC)[C@H]1C[C@H]23)Nc1ccccc14	1	1	C20H22N2O2	0.0	CHEBI_70499
C/C=C1/CN2[C@@H](C3C=C4[C@H]5C[C@@H]6N(CC[C@@]67c6ccccc6N(C3=O)[C@@H]47)C/C5=C/CO)C[C@]34c5ccccc5N5C(=O)C=C[C@H]([C@H]53)[C@H]1C[C@H]24	1	1	C42H42N4O3	0.0	CHEBI_181349
C/C=C1/CN2[C@@H]([C@@H]3C=C4[C@H]5C[C@@H]6N(CC[C@@]67c6ccccc6N(C3=O)[C@@H]47)C/C5=C/CO)C[C@]34c5ccccc5N5C(=O)C=C[C@H]([C@H]53)[C@H]1C[C@H]24	1	1	C42H42N4O3	0.0	CHEBI_141863
C/C=C1/C[N@+]2(C)CC[C@@]34c5ccccc5N[C@]32[C@@H](O)C[C@@H]1C4(CO)C(=O)OC	1	1	C22H29N2O4+	1.0	CHEBI_4751
C/C=C1/C[NH+]2CC[C@]34C(=C(C(=O)OC)[C@H]1C[C@H]23)Nc1ccccc14	1	1	C20H23N2O2+	1.0	CHEBI_142754
C/C=C1/N(C)C(C)CC1(c1ccccc1)c1ccccc1	1	1	C20H23N	0.0	CHEBI_80645
C/C=C1/NC(=O)CC[C@H](C(=O)O)NC(=O)[C@@H](C)[C@H](/C=C/C(C)=C/[C@H](C)[C@H](Cc2ccccc2)OC)NC(=O)[C@H](Cc2c[nH]c3ccccc23)NC(=O)C[C@H](C(=O)O)NC(=O)[C@H](CCc2ccc(O)cc2)NC(=O)[C@@H](C)NC1=O	1	1	C57H70N8O13	0.0	CHEBI_221176
C/C=C1/NC(=O)[C@H](C(C)C)NC(=O)[C@H](O)[C@@H]([C@@H](C)CCCCCCCCCCC(=O)CCC)NC(=O)[C@@H]2CCCN2C(=O)[C@H](CC(N)=O)N(C)C(=O)[C@H]([C@@H](C)OC)NC(=O)CNC(=O)[C@H](CCC(N)=O)NC(=O)[C@H]([C@@H](C)O)NC(=O)[C@H]([C@@H](C)O)NC1=O	1	1	C58H98N12O17	0.0	CHEBI_213710
C/C=C1/NC(=O)[C@H](CCC(N)=O)NC(=O)/C(=C\C)NC(=O)[C@H](C(C)C)NC(=O)C(O)C(C(C)CCCCCCCCCC)NC(=O)[C@@H]2CCCN2C(=O)[C@H](CC(N)=O)N(C)C(=O)[C@@H]([C@H](C)O)NC(=O)[C@H](C)NC(=O)[C@H](CC(N)=O)NC1=O	1	1	C54H89N13O15	0.0	CHEBI_213230
C/C=C1/NC(=O)[C@H](CCO)NC(=O)CC(CCCCC)NC(=O)CNC(=O)[C@H](CC(C)C)NC(=O)[C@@H]([C@@H](C)CC)NC(=O)[C@H]([C@@H](C)CC)NC(=O)[C@@H](CC(C)C)NC(=O)[C@@H](Cc2ccccc2)NC(=O)[C@H](CCO)NC(=O)C2C[C@@H](O)CN2C1=O	1	1	C60H97N11O14	0.0	CHEBI_208671
C/C=C1/NC(=O)[C@H](CO)NC(=O)[C@@H]([C@@H](C)CC)NC(=O)[C@@H]2CCCN2C(=O)[C@@H]2CCCN2C(=O)CNC(=O)[C@@H](CCC(N)=O)NC(=O)C(O)C(CC(O)CC(O)C(O)CC(C)C)NC(=O)[C@@H]2CCCN2C(=O)[C@@H](CCc2ccc(OC)cc2)NC(=O)[C@H]([C@@H](C)O)NC1=O	1	1	C62H96N12O19	0.0	CHEBI_213292
C/C=C1/NC(=O)[C@H](CO)NC(=O)[C@@H]([C@@H](C)CC)NC(=O)[C@@H]2CCCN2C(=O)[C@@H]2CCCN2C(=O)CNC(=O)[C@H](CCC(N)=O)NC(=O)C(O)C(CC(O)CC(O)C(O)CC(C)C)NC(=O)[C@@H]2CCCN2C(=O)C(CCc2ccc(OC)cc2)NC(=O)[C@H]([C@@H](C)O)NC1=O	1	1	C62H96N12O19	0.0	CHEBI_220562
C/C=C1/[C@H](O[C@@H]2O[C@H](CO)[C@@H](O)[C@H](O)[C@H]2O)OC=C(C(=O)OC)[C@H]1CC(=O)OCCc1ccc(OC(=O)C[C@@H]2C(C(=O)OC)=CO[C@@H](O[C@@H]3O[C@H](CO)[C@@H](O)[C@H](O)[C@H]3O)/C2=C/C)cc1	1	1	C42H54O22	0.0	CHEBI_182141
C/C=C1/[C@H]2CC(C)=C[C@]1(N)c1ccc(=O)[nH]c1C2	1	1	C15H18N2O	0.0	CHEBI_9085
C/C=C1\C(OC2OC(CO)C(O)C(O)C2O)OC=C(C(=O)OC)C1CC(=O)Oc1ccc(CCOC(=O)CC2C(C(=O)OC)=CO[C@@H](OC3OC(CO)C(O)C(O)C3O)/C2=C\C)cc1	1	1	C42H54O22	0.0	CHEBI_197417
C/C=C1\CN(C(=O)[C@@H](NC(=O)[C@@H](N)[C@H](O)[C@@H](O)COC(N)=O)[C@H]2O[C@@H](n3ccc(=O)[nH]c3=O)[C@H](O)[C@@H]2O)[C@@H]1C(=O)O	1	1	C22H30N6O13	0.0	CHEBI_221157
C/C=C1\NC(=O)C2CSC(=N2)C2CC(C)N2C(=O)C(CC(C)C)NC(=O)C(C)NC(=O)C(O)COC(=O)C(C(C)C)N(C)C(=O)C(C(C)O)NC(=O)C2CCCCN2C1=O	1	1	C40H62N8O11S	0.0	CHEBI_198833
C/C=C1\NC(=O)[C@@H](NC(=O)[C@@H](NC(=O)C/C(=C/Cl)CC)C(C)C)[C@@H](C)OC(=O)[C@H](C(C)C)NC(=O)[C@H](Cc2ccc(O)cc2)N(C)C(=O)[C@H](Cc2ccccc2)N2C(=O)[C@H](CC[C@H]2O)NC1=O	1	1	C48H64ClN7O11	0.0	CHEBI_212814
C/C=C1\NC(=O)[C@H](CCO)NC(=O)C[C@@H](CCCCC)NC(=O)CNC(=O)[C@H](CC(C)C)NC(=O)[C@@H]([C@@H](C)CC)NC(=O)[C@H]([C@@H](C)CC)NC(=O)[C@@H](CC(C)C)NC(=O)[C@@H](Cc2ccccc2)NC(=O)[C@H](CCO)NC(=O)[C@@H]2C[C@@H](O)CN2C1=O	1	1	C60H97N11O14	0.0	CHEBI_227077
C/C=C\C1=C(CC[C@]2(C)C[C@@H](O)C(=O)O2)COC1=O	1	1	C14H18O5	0.0	CHEBI_200721
C/C=C\C=C\C	1	1	C6H10	0.0	CHEBI_229316
C/C=C\CCCCCCCCC	1	1	C12H24	0.0	CHEBI_167556
C/C=C\SSCCC	1	1	C6H12S2	0.0	CHEBI_173630
C/C=C\c1ccc(OCC)c(OC)c1	1	1	C12H16O2	0.0	CHEBI_179911
C1=C2C(=CC1)c1cccc3cccc2c13	1	1	C15H10	0.0	CHEBI_48519
C1=C2CN3CC[C@]45c6ccccc6N6CC[C@H](OC1)[C@@H]([C@H]64)[C@H]2C[C@H]35	1	1	C21H24N2O	0.0	CHEBI_36337
C1=CC2OC2c2ccc3ccccc3c21	1	1	C14H10O	0.0	CHEBI_28668
C1=C[C@@H]2O[C@@H]2c2ccc3ccccc3c21	1	1	C14H10O	0.0	CHEBI_37095
C1=C[C@H]2O[C@H]2c2ccc3ccccc3c21	1	1	C14H10O	0.0	CHEBI_37094
C1=Cc2ccccc2C=CC1	1	1	C11H10	0.0	CHEBI_37518
C1=NN=NC1	1	1	C2H3N3	0.0	CHEBI_35567
C1=Nc2cccc3cccc(c23)N1	1	1	C11H8N2	0.0	CHEBI_36426
C1=Nc2ccccc2C1=C(c1c[nH]c2ccccc12)c1c[nH]c2ccccc12	1	1	C25H17N3	0.0	CHEBI_222752
C1CC2CC3CCC2CC13	1	1	C10H16	0.0	CHEBI_32904
C1CC2CCCN2C1	1	1	C7H13N	0.0	CHEBI_64950
C1CC2OC2C1OC1CCC2OC12	1	1	C10H14O3	0.0	CHEBI_82410
C1CCC(=C2CCCC2)C1	1	1	C10H16	0.0	CHEBI_36822
C1COC1	1	1	C3H6O	0.0	CHEBI_30965
C=C(/C=C(\C)[C@H]1[C@H](C)[C@@H](O)[C@@](C)(O)[C@H]1/C(C)=C/C)C/C(C)=C/Cc1[nH]c(OC)c(OC)c(=O)c1C	1	1	C29H43NO5	0.0	CHEBI_226046
C=C(/C=C\C[C@@H](O)[C@@H](O)[C@H](O)C/C=C/C=C\[C@@H](O)C[C@@H]1O[C@H](C[C@@H](O)[C@H](O)C[C@H]2O[C@H]([C@H](O)[C@H](O)CC[C@H](O)/C=C/[C@@H](C)[C@@H](O)C[C@]3(O)O[C@H]([C@@H](O)[C@@H](O)CCCCCCC[C@@]45C[C@@H](C)C[C@@](C)(O4)[C@@H](C[C@@H](C)CCCCC[C@@H](O)[C@H](O)[C@H](O)[C@@H](O)[C@H](O)[C@H]4O[C@H](C[C@H](O)[C@H](O)/C(C)=C/[C@H](O)C[C@@H](C)[C@H](O)C(=O)N/C=C/C(=O)NCCCO)[C@H](O)[C@@H](O)[C@@H]4O)O5)[C@H](O)[C@@H](O)[C@H]3O)C[C@@H](O)[C@@H]2O)[C@@H](O)[C@H](O)[C@H]1O)CC[C@H](O)[C@@H](O)[C@H](O)[C@H](C)C[C@H]1O[C@H](/C=C\[C@@H](O)[C@H](O)C[C@@H]2C[C@@H]3C[C@H](O2)[C@@H](CC[C@H]2O[C@H](CN)C[C@H]2O)O3)[C@@H](O)[C@H](O)[C@H]1O	1	1	C129H223N3O55	0.0	CHEBI_220964
C=C(/C=C\C[C@@H](O)[C@@H](O)[C@H](O)C/C=C/C=C\[C@@H](O)C[C@@H]1O[C@H](C[C@@H](O)[C@H](O)C[C@H]2O[C@H]([C@H](O)[C@H](O)CC[C@H](O)/C=C/[C@H](C)[C@@H](O)C[C@]3(O)O[C@H]([C@@H](O)[C@@H](O)CCCCCCC[C@@]45C[C@@H](C)C[C@@](C)(O4)[C@@H](C[C@@H](C)CCCCC[C@@H](O)[C@H](O)[C@H](O)[C@@H](O)[C@H](O)[C@H]4O[C@H](C[C@H](O)[C@H](O)/C(C)=C/[C@H](O)C[C@@H](C)[C@H](O)C(=O)N/C=C/C(=O)NCCCO)[C@H](O)[C@@H](O)[C@@H]4O)O5)[C@H](O)[C@@H](O)[C@H]3O)C[C@@H](O)[C@@H]2O)[C@@H](O)[C@H](O)[C@H]1O)CC[C@H](O)[C@@H](O)[C@H](O)[C@H](C)C[C@H]1O[C@H](/C=C\[C@@H](O)[C@H](O)C[C@@H]2C[C@@H]3C[C@H](O2)[C@@H](CC[C@H]2O[C@H](CN)C[C@H]2O)O3)[C@@H](O)[C@H](O)[C@H]1O	1	1	C129H223N3O55	0.0	CHEBI_220957
C=C(C(=O)N[C@H](C)C(=O)N[C@@H](CCc1ccc(O)cc1)C(=O)N[C@H](CC(=O)N[C@@H](CCCN=C(N)N)C(=O)O)C(=O)O)N(C)C(=O)CC[C@@H](NC(=O)[C@@H](C)[C@@H](N)/C=C/C(C)=C/[C@H](C)[C@H](Cc1ccccc1)OC)C(=O)O	1	1	C52H74N10O14	0.0	CHEBI_221235
C=C(C(=O)OC)[C@H]1CC(C)(C)[C@H]1C[C@H](O)C(=C)[C@H](O)CO	1	1	C16H26O5	0.0	CHEBI_217798
C=C(C)C#C[C@@]12[C@@H]3C=C(C)C[C@@H]1[C@@H](O)[C@@H]1O[C@]1(CC=C(C)C)[C@]2(O)O[C@@H]1C3=C[C@@H](O)C[C@@]1(O)CC=C(C)C	1	1	C32H42O6	0.0	CHEBI_212166
C=C(C)C(=O)CC[C@@H](C)[C@H]1CC[C@H]2[C@@H]3CC=C4C[C@@H](O)CC[C@]4(C)[C@H]3CC[C@]12C	1	1	C27H42O2	0.0	CHEBI_186882
C=C(C)C(=O)OCC(O)COc1ccc(C(C)(C)c2ccc(OCC(O)COC(=O)C(=C)C)cc2)cc1	1	1	C29H36O8	0.0	CHEBI_34580
C=C(C)C(C#N)OC(=O)CCCCCCCCC/C=C\C/C=C\CCCCC	1	1	C25H41NO2	0.0	CHEBI_187717
C=C(C)C(C)CC/C(C)=C/CC/C(C)=C/CC/C=C(\C)CC/C=C(\C)CCC=C(C)C	1	1	C31H52	0.0	CHEBI_70860
C=C(C)C(C)CCC(C)C1CCC2C3=CCC4CC(O)CCC4(C)C3CCC21C	1	1	C28H46O	0.0	CHEBI_175192
C=C(C)C1=NC(c2nc(/C=C/[C@H](OC)[C@@H](C)/C(=C\C(=O)OC)OC)cs2)CS1	1	1	C20H26N2O4S2	0.0	CHEBI_80030
C=C(C)C1CCC2(C)CCC(O)C(C)=C2C1	1	1	C15H24O	0.0	CHEBI_191463
C=C(C)C1Cc2cc(C(=O)OC)ccc2O1	1	1	C13H14O3	0.0	CHEBI_228925
C=C(C)CNC(=S)NNC1=c2cc([N+](=O)[O-])ccc2=NC1=O	1	1	C13H13N5O3S	0.0	CHEBI_105104
C=C(C)COC(=O)CCC	1	1	C8H14O2	0.0	CHEBI_180293
C=C(C)[C@@H](O)CC/C(C)=C/C/C=C(/CC(=O)c1cc(O)ccc1O)C(=O)O	1	1	C21H26O6	0.0	CHEBI_210493
C=C(C)[C@@H]1CC[C@@]2(C)CC[C@@H](O)C(C)=C2C1	1	1	C15H24O	0.0	CHEBI_80813
C=C(C)[C@@H]1CC[C@H](C)C2=C(C1)[C@@H](C)CC2	1	1	C15H24	0.0	CHEBI_63443
C=C(C)[C@@H]1CC[C@H](C)[C@H]2CC/C(C)=C/CC/C(C)=C/[C@@H]21	1	1	C20H32	0.0	CHEBI_193156
C=C(C)[C@@H]1COc2c(C)cc3oc4c([C@@H](O)[C@@H](O)C(C)(C)O)ccc(O)c4c(=O)c3c2[C@@H]1O	1	1	C25H28O8	0.0	CHEBI_208500
C=C(C)[C@@H]1C[C@@]2(C)C(=CC1=O)CC[C@H](O)[C@@H]2C	1	1	C15H22O2	0.0	CHEBI_199301
C=C(C)[C@@H]1C[C@@]2(C)C(=CC1=O)C[C@H](O)C[C@@H]2C	1	1	C15H22O2	0.0	CHEBI_227497
C=C(C)[C@@]12O[C@@H]1[C@@]1(CO)C(=CC2=O)CC[C@@H](O)[C@@H]1C	1	1	C15H20O4	0.0	CHEBI_225539
C=C(C)[C@@]12O[C@@]3(/C=C/C=C/CCCCCCCCC)O[C@@H]1[C@@H]1[C@@H]4O[C@]4(CO)[C@@H](O)[C@]4(O)C(=O)C(C)=C[C@H]4[C@@]1(O3)[C@H](C)[C@H]2OC(C)=O	1	1	C36H50O10	0.0	CHEBI_70551
C=C(C)[C@H]1C[C@@]2(C)C(=CC1=O)CCC(O)[C@@H]2C	1	1	C15H22O2	0.0	CHEBI_217362
C=C(C)[C@H]1C[C@H](C(C)(C)O)[C@H]1c1cccc2c1C(=O)C[C@@H]1CC[C@@]3(O)C4=C[C@@H](O)[C@@H](C(=C)C)C[C@H]4CC[C@]3(C)[C@@]1(C)C(=O)N2	1	1	C38H51NO5	0.0	CHEBI_227942
C=C(C)[C@H]1C[C@H](OC(C)=O)[C@]2(C)C/C=C(\C)CC/C=C(\C)CC[C@@H]12	1	1	C22H34O2	0.0	CHEBI_69946
C=C(C)c1cnc2ccccc2c1-c1cc(C(=O)NC(C(=O)N2CCC(C)C2C(=O)NC(C(=O)O)=C(C)C)C(Cl)C(O)CN=C(N)N)ccc1O	1	1	C36H42ClN7O7	0.0	CHEBI_203606
C=C(C/C=C(\C)CCC=C(C)C)CCC(C)(C)C/C=C/C/C(C)=C\CO[C@H](COP(=O)(O)O[C@H]1O[C@H](C(N)=O)[C@@](C)(O)[C@H](OC(N)=O)[C@H]1O[C@@H]1O[C@H](CO)[C@@H](O[C@@H]2O[C@H](C)[C@@H](O[C@@H]3O[C@H](C(=O)O)[C@@H](O)[C@H](O)[C@H]3O)[C@H](O)[C@H]2NC(C)=O)[C@H](O)[C@H]1NC(C)=O)C(=O)O	1	1	C58H93N4O28P	0.0	CHEBI_204721
C=C(C/C=C(\C)CCC=C(C)C)CCC(C)(C)C/C=C/C/C(C)=C\CO[C@H](COP(=O)(O)O[C@H]1O[C@H](C(N)=O)[C@@](C)(O)[C@H](OC(N)=O)[C@H]1O[C@@H]1O[C@H](CO[C@@H]2O[C@H](CO)[C@@H](O)[C@H](O)[C@H]2O)[C@@H](O[C@@H]2O[C@H](C)[C@@H](O[C@@H]3O[C@H](C(=O)O)[C@@H](O)[C@H](O)[C@H]3O)[C@H](O)[C@H]2NC(C)=O)[C@H](O)[C@H]1NC(C)=O)C(=O)O	1	1	C64H103N4O33P	0.0	CHEBI_215207
C=C(C=O)C[C@H]1C(=O)C=C2[C@@H](OC(=O)/C=C/C(C)=C/C(C)CC)CC[C@@H](C(=O)O)[C@@]21C	1	1	C25H32O6	0.0	CHEBI_198250
C=C(CC(O)/C=C(/C)C(=O)O)[C@H]1C[C@H](O)[C@@]2(C)C3=C(C(=O)C[C@]12C)[C@@]1(C)CCC(=O)C(C)(C)[C@@H]1C[C@@H]3O	1	1	C30H42O7	0.0	CHEBI_216000
C=C(CCC(=O)O)[C@H]1CC(=O)[C@@]2(C)C3=C(C(=O)C[C@]12C)[C@@]1(C)CCC(=O)C(C)(C)[C@@H]1C[C@@H]3O	1	1	C27H36O6	0.0	CHEBI_216754
C=C(CCC=C(C)C)[C@H]1C/C=C(\CO)CC/C=C(/C)CC/C=C(\C)CC1	1	1	C25H40O	0.0	CHEBI_187996
C=C(CCCC(C)C)c1ccc(C(=O)O)cc1O	1	1	C15H20O3	0.0	CHEBI_202901
C=C(CC[C@@H](C(=O)O)[C@H]1[C@H](O)C[C@@]2(CO)C3=CC[C@H]4C(C)(C)[C@@H](O)CC[C@]4(C)C3=CC[C@]12C)C(C)C	1	1	C31H48O5	0.0	CHEBI_206046
C=C(CC[C@@H](C)[C@H]1CC[C@H]2[C@@H]3CC=C4C[C@@H](OS(=O)(=O)O)CC[C@]4(C)[C@H]3CC[C@]12C)C(C)C	1	1	C28H46O4S	0.0	CHEBI_186217
C=C(CO)C1Cc2c(ccc3c2OC2COc4cc(O)c(OC)cc4C2C3=O)O1	1	1	C22H20O7	0.0	CHEBI_166649
C=C(CO)[C@@H]1C[C@@H]2[C@H]3C[C@@H](O)[C@H](O)[C@@H](C)[C@@]23C1	1	1	C14H22O3	0.0	CHEBI_192353
C=C(CO)[C@]1(O)C[C@@]2(C)C(=C[C@H]1O)C=CC(=O)[C@@H]2C	1	1	C15H20O4	0.0	CHEBI_199322
C=C(CO)[C@]12O[C@@]13[C@H](CC(C)(C)[C@@H]3OC(=O)/C(C)=C/C)[C@H](C)[C@H](O)C2=O	1	1	C20H28O6	0.0	CHEBI_214658
C=C(CO)[C@]12O[C@@]13[C@H](CC(C)(C)[C@@H]3OC(=O)C(C)C)[C@H](C)[C@H](O)C2=O	1	1	C19H28O6	0.0	CHEBI_214636
C=C(NC(=O)C(=C)NC(=O)C(=C)NC(=O)c1ccc2c(n1)-c1nc(oc1C)C(=C)NC(=O)C(=C)NC(=O)c1nc(oc1C)/C(=C/C)NC(=O)c1csc(n1)C(OC)NC(=O)c1nc(oc1C)/C(=C/C(C)O)NC(=O)C(C(C)O)NC(=O)c1csc-2n1)C(N)=O	1	1	C55H54N16O16S2	0.0	CHEBI_80069
C=C(NC(=O)C(=C)NC(=O)c1ccc(-c2nc(C(=O)N[C@H](C(N)=O)[C@@H](C)O)cs2)c(-c2coc(C(=C)NC(=O)C(=C)NC(=O)c3nc(C(=C)NC(=O)[C@@H](NC(=O)C(=C)NC(=O)c4nc(C(=O)CC)oc4C)C(C)(C)O)oc3C)n2)n1)C(N)=O	1	1	C51H53N15O16S	0.0	CHEBI_221178
C=C(NC(=O)C(=C)NC(=O)c1csc(-c2ccc3c(n2)-c2csc(n2)-c2csc(n2)C2C(C)CC(O)N2C(=O)C(Cc2ccc(O)cc2)NC(=O)C2CSC(=N2)C(Cc2ccccc2)NC(=O)c2csc(n2)C(CC(N)=O)NC(=O)c2nc-3oc2C)n1)C(=O)O	1	1	C59H52N14O12S5	0.0	CHEBI_199144
C=C(NC(=O)C(=C)NC(=O)c1csc(-c2ccc3c(n2)-c2csc(n2)-c2csc(n2)[C@H]([C@@H](C)C(C)O)NC(=O)[C@H](Cc2ccc(O)cc2)NC(=O)c2csc(n2)[C@H]([C@H](O)c2ccccc2)NC(=O)c2nc(sc2C)[C@H](CC(N)=O)NC(=O)c2csc-3n2)n1)C(=O)O	1	1	C59H52N14O12S6	0.0	CHEBI_200169
C=C(NC(=O)C(=C)NC(=O)c1csc(C2=NC3c4csc(n4)C4NC(=O)c5csc(n5)C(C(C)(O)C(C)O)NC(=O)C5CSC(=N5)C(=CC)NC(=O)C(C(C)O)NC(=O)c5csc(n5)C3(CC2)NC(=O)C(C)NC(=O)C(=C)NC(=O)C(=C)NC(=O)C(C(C)C)NC2C=Cc3c(C(C)O)cc(nc3C2O)C(=O)OC4C)n1)C(N)=O	1	1	C71H81N19O18S5	0.0	CHEBI_225824
C=C(NC(=O)C(=C)NC(=O)c1csc([C@H]2CC[C@]34NC(=O)C(=C)NC(=O)C(=C)NC(=O)C(=C)NC(=O)[C@H](C)N[C@@H]5C=Cc6c([C@H](C)O)cc(nc6[C@H]5O)C(=O)O[C@@H](C)[C@H](NC(=S)c5csc(n5)[C@H]([C@](C)(O)[C@@H](C)O)NC(=O)[C@@H]5CSC(=N5)/C(=C\C)NC(=O)[C@H]([C@@H](C)O)NC(=O)c5csc3n5)c3nc(cs3)[C@H]4N2)n1)C(=O)O	1	1	C69H76N18O18S6	0.0	CHEBI_221172
C=C(NC(=O)C(=C)NC(=O)c1csc([C@H]2CC[C@]34NC(=O)[C@H](C)NC(=O)C(=C)NC(=O)[C@H](C)NC(=O)[C@H]([C@H](C)CC)N[C@@H]5C=Cc6c([C@H](C)O)cc(nc6[C@H]5O)C(=O)O[C@H](C)[C@H](NC(=S)c5csc(n5)[C@H]([C@@](C)(O)[C@@H](C)O)NC(=O)[C@H]5CSC(=N5)/C(=C/C)NC(=O)[C@H]([C@@H](C)O)NC(=O)c5csc3n5)c3nc(cs3)[C@H]4N2)n1)C(N)=O	1	1	C72H87N19O17S6	0.0	CHEBI_219086
C=C(NC(=O)c1cnc2ccccc2n1)C(=O)N[C@@H](C)C(=O)N(C)[C@H]1CSC(SC)[C@@H](C(=O)N(C)[C@H](C(=O)O)C(C)C)N(C)C(=O)[C@H](C)NC(=O)[C@H](NC(=O)c2cnc3ccccc3n2)COC(=O)[C@H](C(C)C)N(C)C1=O	1	1	C51H64N12O12S2	0.0	CHEBI_224416
C=C(c1ccccc1O)n1ccnc1	1	1	C11H10N2O	0.0	CHEBI_194839
C=C/C=C(\C)CCC	1	1	C8H14	0.0	CHEBI_167072
C=C/C=C/C#CC#CC#CCCCCCCCC(=O)O	1	1	C18H20O2	0.0	CHEBI_187543
C=C/C=C\C=C	1	1	C6H8	0.0	CHEBI_229293
C=C/C=C\[C@H](C)[C@H](OC(N)=O)[C@@H](C)[C@H](O)[C@@H](C)C/C(C)=C\[C@H](C)[C@@H](O)[C@@H](C)/C=C\[C@@H](O)C[C@@H]1OC(=O)[C@H](C)[C@@H](O)[C@H]1C	1	1	C33H55NO8	0.0	CHEBI_80700
C=C1/C(=C/C=C2\CCC[C@]3(C)[C@@H]2CC[C@H]3[C@@H](C)CC=O)C[C@@H](O)C[C@H]1O	1	1	C23H34O3	0.0	CHEBI_172588
C=C1/C(=C\C=C2/CCC[C@]3(C)C([C@@H](C)/C=C/C=C/C(O)(CC)CC)=CC[C@@H]23)C[C@@H](O)C[C@@H]1O	1	1	C30H44O3	0.0	CHEBI_183540
C=C1/C(=C\C=C2/CCC[C@]3(C)C([C@H](C)/C=C/C=C/C(O)(CC)CC)=CC[C@@H]23)C[C@@H](O)C[C@@H]1O	1	1	C30H44O3	0.0	CHEBI_183542
C=C1/C(=C\C=C2/CCC[C@]3(C)[C@@H](OCCCC(C)(C)O)CC[C@@H]23)C[C@@H](O)C[C@@H]1O	1	1	C25H40O4	0.0	CHEBI_137135
C=C1/C(=C\C=C2/CCC[C@]3(C)[C@@H]([C@H](C)CC=O)CC[C@@H]23)C[C@@H](O)C[C@@H]1O	1	1	C23H34O3	0.0	CHEBI_47820
C=C1/C(=C\C=C2/C[C@H](CC(=O)CCCC(=O)O)C[C@]3(C)[C@@H]([C@H](C)CCCC(C)(C)O)CC[C@@H]23)C[C@@H](O)C[C@@H]1O	1	1	C33H52O6	0.0	CHEBI_169672
C=C1/C=C/C(CCC)=C\c2csc(n2)[C@@H](C)NC(=O)C[C@]2(CC(=O)O)CC[C@](C)(O)[C@@H](C1)S2	1	1	C25H34N2O4S2	0.0	CHEBI_218789
C=C1/C=C/C(CCC)=Cc2csc(n2)[C@@H](C)NC(=O)C[C@]2(CC(=O)O)CC[C@](C)(O)[C@@H](C1)S2	1	1	C25H34N2O4S2	0.0	CHEBI_219552
C=C1/C=C\C(=O)N(C)CC(=O)NC(C(O)C(N)=O)C(=O)OC(C(C)CCCCCCCCCCCCC(C)C)C(C)C(=O)N1	1	1	C33H56N4O7	0.0	CHEBI_223182
C=C1C(=O)N[C@H](C)C(=O)N[C@@H](CC(C)C)C(=O)N[C@@H](C(=O)O)[C@H](C)C(=O)N[C@@H](C(C)C)C(=O)N[C@@H](/C=C/C(C)=C/[C@H](C)[C@H](Cc2ccccc2)OC)[C@H](C)C(=O)N[C@@H](C(=O)O)CCC(=O)N1C	1	1	C48H71N7O12	0.0	CHEBI_220857
C=C1C(=O)N[C@H](C)C(=O)N[C@@H](CCC(=O)O)C(=O)N[C@@H](C(=O)O)CC(=O)N[C@@H](CCCN=C(N)N)C(=O)N[C@@H](/C=C/C(C)=C/[C@H](C)[C@H](Cc2ccccc2)OC)[C@H](C)C(=O)N[C@@H](C(=O)O)CCC(=O)N1C	1	1	C47H68N10O14	0.0	CHEBI_213992
C=C1C(=O)N[C@H](CC(C)C)C(=O)N[C@@H](CC(C)C)C(=O)N[C@@H](C(=O)O)[C@H](C)C(=O)N[C@@H](Cc2ccc(O)cc2)C(=O)N[C@@H](C=CC(C)=C[C@H](C)[C@H](Cc2ccccc2)OC)[C@H](C)C(=O)N[C@@H](C(=O)O)CCC(=O)N1C	1	1	C55H77N7O13	0.0	CHEBI_209589
C=C1C(=O)N[C@H](CCSC)C(=O)N[C@@H](CC(C)C)C(=O)N[C@@H](C(=O)O)CC(=O)N[C@@H](CCCN=C(N)N)C(=O)N[C@@H](/C=C/C(C)=C/[C@H](C)[C@H](Cc2ccccc2)OC)[C@H](C)C(=O)N[C@@H](C(=O)O)CCC(=O)N1C	1	1	C50H76N10O12S	0.0	CHEBI_221100
C=C1C(=O)OC2/C=C(\COC(C)=O)CC/C=C(\C=O)CC(OC(=O)C(C)CC)C12	1	1	C22H28O7	0.0	CHEBI_182679
C=C1C(=O)O[C@@H](CCCCCCCCCC)C[C@H]1C(=O)O	1	1	C17H28O4	0.0	CHEBI_201558
C=C1C(=O)O[C@@H](CCCCCCCCCCCCC[C@@H](C)OC2OC(COC3OC(CO)C(O)C(O)C3O)C(O)C(O)C2OC2OC(CO)C(O)C(O)C2O)[C@H]1C(=O)O	1	1	C39H66O20	0.0	CHEBI_202326
C=C1C(=O)O[C@@H]2[C@H]1C(=O)O[C@@H]2CCCCCC	1	1	C13H18O4	0.0	CHEBI_141338
C=C1C(=O)O[C@H]2C=C(C)[C@@H]3CC[C@](C)(O)[C@@H]3C[C@H]12	1	1	C15H20O3	0.0	CHEBI_69347
C=C1C(=O)O[C@H]2[C@H]1[C@@H](O)C[C@@H](C)[C@@H]1C=CC(=O)[C@]12C	1	1	C15H18O4	0.0	CHEBI_69325
C=C1C(=O)O[C@H]2[C@H]1[C@@H](OC(=O)/C(C)=C/C)C/C(C)=C/[C@@]1(OC)C=C(C)[C@@H]2O1	1	1	C21H26O6	0.0	CHEBI_65836
C=C1C(=O)O[C@H]2[C@H]1[C@H](OC(=O)/C(C)=C\C)C[C@]1(CO1)[C@@H]1[C@H](O)C=C(C)[C@]21O	1	1	C20H24O7	0.0	CHEBI_4929
C=C1C(C)C2C(Cc3ccc(OC)cc3)NC(=O)C23C(OC(C)=O)/C=C/C(C)(O)CC(C)C/C=C/C3C1O	1	1	C31H41NO6	0.0	CHEBI_220530
C=C1C(O)C23CC1(O)C(O)CC2C12C=CC(O)C(C)(C(=O)O1)C2C3C(=O)O	1	1	C19H22O8	0.0	CHEBI_175848
C=C1C(OC(=O)/C=C(\C)CC)CC(C(C)C)C2C1CC(=O)C2C(C)O	1	1	C21H32O4	0.0	CHEBI_175460
C=C1C(OC2OC(CO)C(O)C(O)C2O)CC2C(C)(C)C(O)CCC2(C)C1CC/C(C)=C\COC(=O)CC(=O)O	1	1	C29H46O11	0.0	CHEBI_181510
C=C1C2CC(O)C34C1C3(C2)C(C(=O)O)C1C2(C)CCCC14OC2=O	1	1	C19H22O5	0.0	CHEBI_175215
C=C1C2CCC3CC2(CC(O)C2(O)C1CC(OC1OC(CO)C(O)C(O)C1O)C2(C)C)CC3(C)O	1	1	C26H42O9	0.0	CHEBI_182147
C=C1CC1C(C)=O	1	1	C6H8O	0.0	CHEBI_131398
C=C1CC23CC1C(O)CC2C1(C=O)CCCC(C)(C(=O)O)C1C3C(=O)O	1	1	C20H26O6	0.0	CHEBI_175647
C=C1CC2OC2(C)CC[C@@H]2[C@@H]1CC2(C)C	1	1	C14H22O	0.0	CHEBI_177761
C=C1CCC(=C)C(=C)C1	1	1	C9H12	0.0	CHEBI_231273
C=C1CCC(=O)C2(C)Cc3occ(C)c3CC12	1	1	C15H18O2	0.0	CHEBI_197091
C=C1CCC2C(C)(C(=O)O)CCCC2(C)C1CC/C(C)=C/C(=O)NC(CCC(N)=O)C(=O)O	1	1	C25H38N2O6	0.0	CHEBI_212115
C=C1CCC2[C@](C)(CCC[C@]2(C)C(=O)O)[C@H]1CC/C(C)=C/C(=O)OC	1	1	C21H32O4	0.0	CHEBI_182244
C=C1CCCC(C)(C)[C@@H]1CC/C(C)=C\Cn1c2cccc(=O)c-2nc2ccccc21	1	1	C27H32N2O	0.0	CHEBI_212672
C=C1CCCC2(C)CCC(C(C)C)=CC12	1	1	C15H24	0.0	CHEBI_49231
C=C1CCC[C@@]2(C)CCC(C(C)C)=C[C@H]12	1	1	C15H24	0.0	CHEBI_49233
C=C1CCC[C@H]2[C@](C)(CC3=C(O)C(=O)C=C(NCCC(=O)O)C3=O)[C@@H](C)CC[C@]12C	1	1	C24H33NO5	0.0	CHEBI_70137
C=C1CCC[C@]2(C)CCC(C(C)C)=C[C@@H]12	1	1	C15H24	0.0	CHEBI_49232
C=C1CCC[C@]2(C)CCC(C(C)C)=C[C@H]12	1	1	C15H24	0.0	CHEBI_49234
C=C1CC[C@@H]2[C@@](O)(C1)[C@H](C(C)C)CC[C@]2(C)O	1	1	C15H26O2	0.0	CHEBI_191443
C=C1CC[C@@]2(OC1)O[C@H]1C[C@H]3[C@@H]4CC=C5C[C@@H](O)C[C@@H](O)[C@]5(C)[C@H]4CC[C@]3(C)[C@H]1[C@@H]2C	1	1	C27H40O4	0.0	CHEBI_228892
C=C1CC[C@H](O)C(C)(C)[C@@H]1CC/C(C)=C/CC/C=C(\C)CC/C=C(\C)CCC=C(C)C	1	1	C30H50O	0.0	CHEBI_189410
C=C1CC[C@H]2C(C)(C)CCC[C@]2(C)[C@H]1CO[C@@H](C(=O)O)[C@H](CC(=O)O)C(=O)O	1	1	C21H32O7	0.0	CHEBI_226179
C=C1CC[C@H]2C(C)(C)CCC[C@]2(C)[C@H]1C[C@@]12O[C@@H]1[C@H](O)C(CO)=C[C@H]2O	1	1	C22H34O4	0.0	CHEBI_217306
C=C1CC[C@H]2C[C@@H]3[C@H]4[C@@H]5[C@@H](C(C)C)CC[C@@]5(C)CC[C@]4(C)C[C@@H]3[C@@]12C	1	1	C25H40	0.0	CHEBI_229567
C=C1CC[C@H]2O[C@@H]1CC/C(C)=C/C[C@]1(C)C(=O)C(O)=C([C@H](C)COC(C)=O)[C@H]1C/C=C/2C	1	1	C27H38O5	0.0	CHEBI_213799
C=C1CC[C@H]2[C@](C)(CO)CCC[C@]2(C)[C@H]1CC1=C(O)C(=O)[C@](O)(CO)[C@H](O)[C@H]1O	1	1	C22H34O7	0.0	CHEBI_203728
C=C1CC[C@H]2[C@]3(C)CCCC(C)(C)[C@H]3CC[C@]2(C)[C@H]1Cc1cc(C(=O)O)cc(O)c1O	1	1	C27H38O4	0.0	CHEBI_228354
C=C1CO[C@H]2[C@H]3C(=O)C[C@H](C(C)C)[C@@]3(C)C[C@@H](OC(C)=O)[C@]3(C)CC(=O)O[C@]123	1	1	C22H30O6	0.0	CHEBI_197734
C=C1C[C@@H]2C[C@H](C1)C2(C)C	1	1	C10H16	0.0	CHEBI_211835
C=C1C[C@@H]2[C@@]3(C)CCC(=O)C(C)(C)[C@@H]3C(=O)C[C@@]2(C)[C@@]2(C(=O)OC)C(=O)[C@](C)(O)C(=O)[C@@]12C	1	1	C26H34O7	0.0	CHEBI_228066
C=C1C[C@](OC)([C@H](O)C(=O)N[C@H]2OCO[C@H]3[C@@H]2OC(C[C@@H](CO)OC)C(C)(C)[C@@H]3OC)O[C@H](C)[C@@H]1C	1	1	C25H43NO10	0.0	CHEBI_80858
C=C1C[C@]23C[C@H]1CC[C@H]2[C@@]1(C)CCC[C@@]2(C)C(=O)O[C@@H]([C@@H]3O)[C@@H]12	1	1	C20H28O3	0.0	CHEBI_182682
C=C1NC(=O)CC[C@H](C(=O)O)NC(=O)[C@@H](C)[C@H](/C=C/C(C)=C/[C@H](C)[C@H](Cc2ccccc2)OC)NC(=O)[C@H](CCCN=C(N)N)NC(=O)[C@@H](C)[C@H](C(=O)O)NC(=O)[C@H](CCCN=C(N)N)NC(=O)[C@@H](C)NC1=O	1	1	C48H73N13O12	0.0	CHEBI_214388
C=C1NC(=O)[C@H](N(C)C)CSC[C@H](C(=O)N[C@@H](CC)C(=O)N[C@H](C(=O)N[C@H](Cc2ccc(O[C@H]3O[C@@H](C)[C@H](O)[C@@H](O[C@H]4O[C@@H](C)[C@@H](O)[C@H](O)[C@@H]4O)[C@H]3O)cc2)C(=O)N[C@H](C)C(=O)N[C@@H](C)C(=O)N[C@H](C(=O)N[C@@H](C)C(=O)N[C@H](C)C(=O)CN[C@H](C)C(=O)N[C@H](C(=O)N[C@H](C)C(=O)N[C@@H](C)C(=O)N[C@H]2C(=O)N[C@H](C)C(=O)N[C@H](CO)C(=O)N[C@@H](Cc3c[nH]c4ccccc34)C(=O)NCC(=O)N/C=C/S[C@H]2C)[C@H](C)CC)C(C)C)[C@@H](C)CC)NC(=O)C2CCCN2C(=O)[C@@H](C)NC1=O	1	1	C108H164N24O32S2	0.0	CHEBI_213170
C=C1NC(=O)c2nc(oc2C)C(=C)NC(=O)[C@H](C(C)(C)O)NC(=O)C(=C)NC(=O)c2nc(oc2C)/C(=C/C)NC(=O)[C@H]([C@@H](C)O)NC(=O)c2csc(n2)-c2ccc(C(N)=O)nc2-c2coc(n2)C(=C)NC1=O	1	1	C45H45N13O13S	0.0	CHEBI_213914
C=C1OC(=O)[C@]2([C@H](C)CCC(=O)[C@@H]2O)[C@H]1O	1	1	C11H14O5	0.0	CHEBI_199205
C=C1[C@@H](C)[C@H]2[C@H](Cc3ccc(O)cc3)NC(=O)[C@]23OC(=O)/C=C/[C@H](O)CCC[C@@H](C)C/C=C/[C@H]3[C@@H]1O	1	1	C29H37NO6	0.0	CHEBI_222379
C=C1[C@@H](O)C[C@H]2[C@@H](C)[C@H](OC(C)=O)[C@H](O)[C@@H]3[C@](COC(C)=O)(CC[C@@]3(O)C(C)C)C[C@@H]12	1	1	C24H38O7	0.0	CHEBI_184676
C=C1[C@@H](OC(C)=O)CC[C@@]2(C)CCC3=C(C)CC[C@@H](C[C@H]12)C3(C)C	1	1	C22H34O2	0.0	CHEBI_30042
C=C1[C@@H]2CC[C@H]3[C@]4(C)CCC[C@@](C)(C(=O)O)[C@H]4CC[C@]3(C2)[C@H]1OC(C)=O	1	1	C22H32O4	0.0	CHEBI_141147
C=C1[C@@]23C(=O)O[C@H](C)[C@]24O[C@@]2(C(=C)[C@]5(C[C@H](O)C(=O)OC5(C)C)C[C@@H](OC(C)=O)[C@]32C)[C@H](OC(C)=O)[C@@]1(C)OC4=O	1	1	C29H34O12	0.0	CHEBI_207656
C=C1[C@H](OC(=O)C(C)C)[C@@H](OC(=O)c2ccccc2)[C@@H](OC(C)=O)C(C)(C)/C=C/[C@@H](C)C(=O)[C@@]2(O)C[C@H](C)[C@H](OC(=O)CC)[C@@H]2[C@H]1OC(C)=O	1	1	C38H50O12	0.0	CHEBI_69913
C=C1[C@H]2[C@H](O[C@@H]3O[C@H](CO)[C@@H](O)[C@H](O)[C@H]3O)OC=C(C(=O)OC[C@@H](O)[C@@H](O)[C@H](O)[C@H](O)CO)[C@H]2C[C@@H]1OC(=O)/C=C/c1ccc(O)c(O)c1	1	1	C31H40O18	0.0	CHEBI_69794
C=CC#CC#CCCO	1	1	C8H8O	0.0	CHEBI_178221
C=CC(=O)Nc1cccc(Oc2nc(Nc3ccc(N4CCN(C)CC4)cc3)ncc2Cl)c1	1	1	C24H25ClN6O2	0.0	CHEBI_94728
C=CC(=O)O[C@H](COC(=O)CCCCCCCCCCCCCCC)COP(=O)([O-])OCC[N+](C)(C)C	1	1	C27H52NO8P	0.0	CHEBI_142366
C=CC(C)(C)N1c2ccccc2[C@@]2(O)C[C@H]3C(=O)N4/C=C\C(C)(C)c5[nH]c6ccccc6c5[C@H](O)[C@H]4C(=O)N3[C@@H]12	1	1	C32H34N4O4	0.0	CHEBI_209815
C=CC(C)(C)c1[nH]c2c(C/C=C(/C)CO)cccc2c1/C=C1\NC(=O)[C@H](C)NC1=O	1	1	C24H29N3O3	0.0	CHEBI_214297
C=CC(C)(C)c1[nH]c2cc3c(cc2c1/C=C1\NC(=O)[C@@H]2CCCN2C1=O)C=CC(C)(C)O3	1	1	C26H29N3O3	0.0	CHEBI_219190
C=CC(C)(C)c1[nH]c2cccc3c2c1C[C@H]1NC[C@@H](C)[C@H](OC(C)=O)[C@H]31	1	1	C22H28N2O2	0.0	CHEBI_218924
C=CC(C)(C)c1[nH]c2ccccc2c1C[C@@H]1NC(=O)[C@H](CO)NC1=O	1	1	C19H23N3O3	0.0	CHEBI_224342
C=CC(C)(C)c1[nH]cnc1/C=c1\[nH]c(=O)/c(=C\c2ccccc2)[nH]c1=O	1	1	C20H20N4O2	0.0	CHEBI_217658
C=CC(C)(C)c1c(O)cc(O)c2c(=O)c(OC)c(-c3ccccc3)oc12	1	1	C21H20O5	0.0	CHEBI_2302
C=CC(C)(C)c1cc(O)c2oc3c(CC=C(C)C)c(O)c(O)c(CCC(C)(C)O)c3c(=O)c2c1O	1	1	C28H34O7	0.0	CHEBI_169510
C=CC(C)(C)c1cc2c(O)c3c(c(C(C)(C)C=C)c2oc1=O)OC(C)(C)C(O)C3O	1	1	C24H30O6	0.0	CHEBI_168278
C=CC(C)(C)n1cc([C@@H](O)[C@@H]2NC(=O)[C@H]([C@H](C)C=C(C)C)NC(=O)[C@H](CC(C)C)N(C)C(=O)[C@H](C(C)C)NC(=O)[C@H]([C@H](OC)c3ccccc3)NC(=O)[C@H](C)NC(=O)[C@H](C[C@@H](C)CO)NC2=O)c2ccccc21	1	1	C55H80N8O10	0.0	CHEBI_221653
C=CC(C)(CC/C=C(\C)CC/C=C(\C)CC/C=C(/C)CO[C@@H]1O[C@H](CO)[C@@H](O)[C@H](O)[C@H]1O[C@@H]1O[C@H](CO[C@@H]2O[C@@H](C)[C@H](O)[C@@H](O)[C@H]2O)[C@@H](O)[C@H](O)[C@H]1O)O[C@@H]1O[C@H](CO)[C@@H](O)[C@H](O)[C@H]1O[C@@H]1O[C@H](CO)[C@@H](O)[C@H](O)[C@H]1O	1	1	C50H84O26	0.0	CHEBI_230859
C=CC(C)(CCC=C(C)C)OC(=O)CCCCC	1	1	C16H28O2	0.0	CHEBI_196060
C=CC(C)(O)C(O)CC(OC(CC(O)C(C)(O)C=C)C(C)(C)O)C(C)(C)O	1	1	C20H38O7	0.0	CHEBI_203849
C=CC(C)(O)CC/C=C(\C)CCCC(C)(O)CCCC(C)(O)CCCC(C)(O)CCCC(C)(O)CCCC(C)(O)CCC=C(C)C	1	1	C40H76O6	0.0	CHEBI_203387
C=CC(O)/C=C/C#CC[C@H]1O[C@H]1CCCCCCC	1	1	C17H26O2	0.0	CHEBI_191519
C=CC(O)C#CC#C/C=C/C=C/C(O)CCCCC	1	1	C17H22O2	0.0	CHEBI_173847
C=CC(O)C/C=C/CC	1	1	C8H14O	0.0	CHEBI_172005
C=CC(O)C/C=C\CC	1	1	C8H14O	0.0	CHEBI_195681
C=CC1(C)CCC(OC2OC(COC3OCC(O)(CO)C3O)C(O)C(O)C2O)C(C)(C)O1	1	1	C21H36O11	0.0	CHEBI_167984
C=CC1=C(C)C2=NC1=CC1=NC(=CC3=C(C)C4=C(O)[C@](O)(C(=O)OC)C(=C5NC(=C2)[C@@H](C)[C@@H]5CCC(=O)OC/C=C(\C)CCC[C@H](C)CCC[C@H](C)CCCC(C)C)C4=N3)C(CC)=C1C	1	1	C55H74N4O6	0.0	CHEBI_207993
C=CC1=CC[C@H]2[C@@H](CC(=O)[C@@]3(O)[C@@]4(C)C(=O)O[C@H]4CC[C@]23C)[C@H]1C	1	1	C20H26O4	0.0	CHEBI_203695
C=CCC(C)C(=O)CC	1	1	C8H14O	0.0	CHEBI_195685
C=CCC1/C=C(/C)CC(C)CC(OC)C2OC(O)(C(=O)C(=O)N3CCCC3C(=O)OC(/C(C)=C/C3CCC(O)C(OC)C3)C(C)C(O)CC1=O)C(C)CC2OC	1	1	C43H67NO12	0.0	CHEBI_221834
C=CCC1=CC(OC)(/C(C)=C/c2ccc3c(c2)OCO3)C(OC)=CC1=O	1	1	C21H22O5	0.0	CHEBI_5203
C=CCC1=CC=CC(=CNNC(=O)CCC(=O)Nc2ccc(C)cc2)C1=O	1	1	C21H23N3O3	0.0	CHEBI_105276
C=CCCCCCCCC	1	1	C10H20	0.0	CHEBI_87315
C=CCCCCCCCCC(=O)C1=C(O)C=CC1=O	1	1	C16H22O3	0.0	CHEBI_209187
C=CCCCCCCCCC(=O)O[C@H]1CC[C@H]2C3CCC4=CC(=O)C=CC4(C)[C@H]3CCC12C	1	1	C30H44O3	0.0	CHEBI_177052
C=CCCCCCCCCCCC(C(=O)O)C(O)(CC(=O)O)C(=O)O	1	1	C18H30O7	0.0	CHEBI_199940
C=CCCCCCCCCCCCCCCC	1	1	C17H34	0.0	CHEBI_64502
C=CCCCCCCCCCCOC(C)=O	1	1	C14H26O2	0.0	CHEBI_179346
C=CCCCCCCCCCC[C@H]1C(=O)O[C@@H](C(=O)O)[C@@]1(O)C(=O)O	1	1	C18H28O7	0.0	CHEBI_199982
C=CCN1C(=O)NC(=O)C(=C(C)NCc2cc(OC)cc(OC)c2)C1=O	1	1	C18H21N3O5	0.0	CHEBI_115010
C=CCN1CCC23c4c5ccc(O)c4OC2C(=NNC(=O)c2ccccc2)CCC3(O)C1C5	1	1	C26H27N3O4	0.0	CHEBI_91692
C=CCN[C@@H](CS)C(=O)O	1	1	C6H11NO2S	0.0	CHEBI_183205
C=CCNc1oc(-c2ccc(Cl)cc2)nc1C#N	1	1	C13H10ClN3O	0.0	CHEBI_92571
C=CCOC1=CC(=O)C(=CNc2ccc(Cl)cc2)C=C1	1	1	C16H14ClNO2	0.0	CHEBI_105594
C=CCO[C@@H]1[C@H](O)[C@@H](O)[C@@H](OC[C@H](NC(=O)CCCCCCCCCCCCCCCCCCCCCCCCC)[C@H](O)[C@H](O)CCCCCCCCCCCCCC)O[C@@H]1CO	1	1	C53H103NO9	0.0	CHEBI_145462
C=CCOc1ccc(C=C2SC(=S)N(CCC(=O)O)C2=O)cc1	1	1	C16H15NO4S2	0.0	CHEBI_109756
C=CCS(=O)C/C=C\SSC	1	1	C7H12OS3	0.0	CHEBI_229197
C=CCSC1=NC(=Cc2cc(OC)c3c(c2)OCO3)C(=O)S1	1	1	C15H13NO4S2	0.0	CHEBI_107096
C=CC[C@](C)(O)c1cc(=O)c2c(CO)cc3c(c2o1)C(=O)c1c(O)cccc1C3=O	1	1	C23H18O7	0.0	CHEBI_205943
C=CCc1cc(C)ccc1/C=C\C=C/C(C)=C/Cc1oc(=O)c(C)c(O)c1C	1	1	C25H28O3	0.0	CHEBI_200431
C=CCc1ccc(O)c(OC)c1C	1	1	C11H14O2	0.0	CHEBI_59074
C=CCc1ccc(Oc2cc(CC=C)cc(O)c2O[C@]2(C)CCC[C@]3(C)CC[C@@H](C(C)(C)O)C[C@H]32)cc1	1	1	C33H44O4	0.0	CHEBI_182022
C=CCn1c(-c2csc3c2CCC(C)C3)n[nH]c1=S	1	1	C14H17N3S2	0.0	CHEBI_105129
C=CS(=O)(=O)C=C	1	1	C4H6O2S	0.0	CHEBI_53729
C=C[C@@H]1C(=C)CC[C@H]2[C@H]1C[C@H]1OC(=O)[C@@]3(C)[C@H](OC(C)=O)CC[C@@]2(C)[C@@]13O	1	1	C22H30O5	0.0	CHEBI_200886
C=C[C@@](C)(CCC=C(C)C)c1ccc2c3c1NC(=O)[C@@]3(O)C[C@@H](CO)NC(=O)[C@H](C(C)C)N2C	1	1	C27H39N3O4	0.0	CHEBI_227070
C=C[C@@]1(C)CC(=O)C(=C(C)C)C[C@H]1C(=C)C	1	1	C15H22O	0.0	CHEBI_167352
C=C[C@@]1(C)CC=C2[C@@]34CCCC(C)(C)[C@@H]3CC[C@@]2(OC4=O)[C@H]1O	1	1	C20H28O3	0.0	CHEBI_214223
C=C[C@@]1(C)CCC2C(=CC[C@H]3[C@@](C)(CO[C@@H]4O[C@H](C(=O)OC)[C@@H](O)[C@@H](O)[C@@H]4O)C(=O)CC[C@]23C)C1	1	1	C27H40O8	0.0	CHEBI_209053
C=C[C@H]1C=[N+]2CCc3c([nH]c4ccccc34)[C@@H]2C[C@@H]1/C(=C/O)C(=O)OC	1	1	C21H23N2O3+	1.0	CHEBI_1737
C=C[C@H]1CN2CCC1C[C@@H]2C(=O)c1ccnc2ccccc12	1	1	C19H20N2O	0.0	CHEBI_80686
C=C[C@H]1CN2CCC1C[C@H]2C(=O)c1ccnc2ccccc12	1	1	C19H20N2O	0.0	CHEBI_80767
C=C[C@H]1CN2CCC3(C(O)=Nc4c3ccc(O)c4[C@H]3CCCN3C)[C@@H]2C[C@@H]1C[C@H]1c2[nH]c3ccccc3c2CCN1C	1	1	C35H43N5O2	0.0	CHEBI_141957
C=C[C@H]1O[C@@]1(C)c1cc(=O)c2c(CO)cc3c(c2o1)C(=O)c1c(O)cccc1C3=O	1	1	C23H16O7	0.0	CHEBI_201205
C=C[C@]1(C)C=C2C(=O)C(O)=C3[C@](C)(COC(C)=O)[C@H](OC(C)=O)C[C@H]4C[C@@]34[C@@]2(O)CC1	1	1	C24H30O7	0.0	CHEBI_209870
C=C[C@]1(C)C=C2C(=O)[C@@]3(O)OC(=O)[C@@]4(CCCC(C)(C)[C@@H]43)[C@H]2CC1	1	1	C20H26O4	0.0	CHEBI_220145
C=C[C@]1(C)CC(=O)C(=C(C)C)C[C@H]1C(=C)C	1	1	C15H22O	0.0	CHEBI_169732
C=Cc1c(C)c2[n]3c1=CC1=[N+]4C(=Cc5c(C)c6c7[n]5[Mg-2]34[N+]3=C(C=2)[C@@H](C)[C@H](CCC(=O)[O-])C3=C7[C@@H](C(=O)OC)C6=O)C(CC)=C1C	1	1	C35H33MgN4O5-	-1.0	CHEBI_57942
C=Cc1c2[nH]c(c1C)C=C1NC(=CC3=NC(=Cc4[nH]c(c(C)c4CCC(=O)O)C2)C(CCC(=O)O)=C3C)[C@@]2(C)C1=CC=C(C(=O)OC)C2C(=O)OC	1	1	C40H42N4O8	0.0	CHEBI_93750
CC#CC#CC#Cc1ccccc1	1	1	C13H8	0.0	CHEBI_671
CC#CC#Cc1ccccc1	1	1	C11H8	0.0	CHEBI_81344
CC(/C=C/C(=O)O[C@@H]1C=CC(=O)O[C@@H]1[C@@H](C)C[C@@H](C)CC1(C)OC1C)=C\[C@@H](CO)CCO	1	1	C25H38O7	0.0	CHEBI_222817
CC(/C=C/C1CC1)=C\[C@H]1[C@H](O)[C@@](C)(O)[C@H]2CCCCN12	1	1	C17H27NO2	0.0	CHEBI_208904
CC(/C=C/C=C(C)/C=C/c1c(C)ccc(C)c1C)=C\C=C\C=C(C)\C=C\C=C(C)\C=C\c1c(C)cc(O)c(C)c1C	1	1	C40H48O	0.0	CHEBI_189340
CC(/C=C/C=C/C=C/C=C/C(=O)C1=C(O)C(CCC(=O)O)N(C)C1=O)=C\C(C)C(O[C@H]1C[C@H](O)[C@H](O)[C@@H](C)O1)C(C)C	1	1	C32H45NO9	0.0	CHEBI_80123
CC(/C=C/[C@@H](C)[C@H]1C[C@@H](O)[C@H]2[C@@H]3C[C@H](O)[C@H]4C(O)[C@@H](O)CC[C@]4(C)[C@H]3CC[C@@]21C)CCO	1	1	C27H46O5	0.0	CHEBI_229794
CC(/C=C/[C@@H](CC[C@@H](C)O)C(C)C)=C\CC(=O)O	1	1	C15H26O3	0.0	CHEBI_217701
CC(/C=C/[C@H]1[C@@H](C)[C@H](O)CCC1(C)C)=C\C(=O)O	1	1	C15H24O3	0.0	CHEBI_214872
CC(=C/C(=O)O)/C=C/[C@@]1(C)C=CC(=O)C(C)(C)C1=O	1	1	C15H18O4	0.0	CHEBI_222111
CC(=CC(=O)O)[C@@H]1C(C)=C[C@@H]2C[C@H](C)CC[C@H]2[C@]1(C)C(O)=C1C(=O)NC(CC(C)C)C1=O	1	1	C26H37NO5	0.0	CHEBI_199154
CC(=CCC(O)C=CC(C)C(O)C=CCC(O)C=CCC(O)CC1CCCN1C(=N)N)C(O)C(C)CCC1C(C)=CC2C(O)CCCC2C1(C)C(O)=C1C(=O)CNC1=O	1	1	C46H72N4O9	0.0	CHEBI_201810
CC(=CCCC(C)=CC[C@@]12OC(C)(C)[C@H](Cl)C[C@]1(Cl)C(=O)c1c(O)cc(O)cc1C2=O)CO	1	1	C25H30Cl2O6	0.0	CHEBI_203660
CC(=CCCC(C)C(=O)O)[C@H]1CC[C@@](C)(O)[C@@H](O)C1	1	1	C15H26O4	0.0	CHEBI_201587
CC(=CC[C@@]12O[C@@H]1[C@H](O)C(C)=C[C@H]2O)CCC=C(C)CCC(=O)O	1	1	C19H28O5	0.0	CHEBI_214346
CC(=NN1C(=O)CSC1=S)c1ccc(Br)cc1	1	1	C11H9BrN2OS2	0.0	CHEBI_121410
CC(=O)/C(C)=C/C=C/C=C/C=C/C(C)=C/C1=C(C)C(=O)[C@H](C)C1	1	1	C21H26O2	0.0	CHEBI_197550
CC(=O)/C(C)=C/[C@H](C)c1ccc(C)cc1/C=C/C(=O)O	1	1	C17H20O3	0.0	CHEBI_222759
CC(=O)/C=C/C=C/C=C/[C@@H]1O[C@@](C)(C(=O)O)O[C@H]1C	1	1	C14H18O5	0.0	CHEBI_200328
CC(=O)/C=C/[C@@H]1[C@H](C)[C@H]1C(C)=O	1	1	C10H14O2	0.0	CHEBI_203656
CC(=O)C(C)C#N	1	1	C5H7NO	0.0	CHEBI_87599
CC(=O)C(C)C(O)/C=C/C(C)=C/[C@@H]1C(=O)O[C@H](/C(C)=C/C=C/C(C)CCC(C)O)[C@H]1C	1	1	C26H40O5	0.0	CHEBI_214749
CC(=O)C(C)CC[C@@H](C)[C@H]1CC[C@@]2(C)[C@@H]3CC[C@H]4C(C)(C)CCC[C@]4(C)[C@H]3CC[C@]12C	1	1	C30H52O	0.0	CHEBI_214909
CC(=O)C(C)Sc1ccoc1C	1	1	C9H12O2S	0.0	CHEBI_168706
CC(=O)C(O)C(=O)COP(=O)(O)O	1	1	C5H9O7P	0.0	CHEBI_85366
CC(=O)C(O)C(=O)COP(=O)([O-])[O-]	1	1	C5H7O7P-2	-2.0	CHEBI_84359
CC(=O)C1=C(O)C=C[C@](C)(c2c(O)c(C)c(O)c(C(C)=O)c2O)C1=O	1	1	C18H18O7	0.0	CHEBI_49098
CC(=O)C1=C(O)[C@@H]2[C@H]3[C@@H]4C(=O)N(C)c5cccc(c54)C[C@H]3C(C)(C)N2C1=O	1	1	C21H22N2O4	0.0	CHEBI_207724
CC(=O)C1=C([O-])C=C[C@](C)(c2c(O)c(C)c(O)c(C(C)=O)c2O)C1=O	1	1	C18H17O7-	-1.0	CHEBI_58781
CC(=O)C1CC(=O)C2(C)C3=C(C(=O)CC12C)C1(C)CCC(=O)C(C)(C)C1CC3O	1	1	C24H32O5	0.0	CHEBI_175981
CC(=O)C1CCC(=O)O1	1	1	C6H8O3	0.0	CHEBI_173479
CC(=O)CC(O)CC(=O)O	1	1	C6H10O4	0.0	CHEBI_37032
CC(=O)CC(O)CC(=O)[O-]	1	1	C6H9O4-	-1.0	CHEBI_20051
CC(=O)CC1CCCN1C	1	1	C8H15NO	0.0	CHEBI_84448
CC(=O)CCC(=O)[O-].CC(=O)CCC(=O)[O-].[Ca+2]	1	1	C10H14CaO6	0.0	CHEBI_81717
CC(=O)CCCCC(C)C1CC(O)C(C)C(=O)N[C@H](Cc2ccccc2)C(=O)N2CCC[C@H]2C(=O)O1	1	1	C28H40N2O6	0.0	CHEBI_204407
CC(=O)CCCCCCCCCCC1C=CCC1	1	1	C17H30O	0.0	CHEBI_79961
CC(=O)CCCCCCCCCCCCCCC(=O)O	1	1	C17H32O3	0.0	CHEBI_165427
CC(=O)CCc1ccc(OC2OC(COC(=O)/C=C/c3ccccc3)C(O)C(O)C2OC(=O)c2cc(O)c(O)c(O)c2)cc1	1	1	C32H32O12	0.0	CHEBI_190080
CC(=O)CCc1ccccc1	1	1	C10H12O	0.0	CHEBI_195507
CC(=O)CN(CC(C)=O)N=O	1	1	C6H10N2O3	0.0	CHEBI_134609
CC(=O)C[C@@H]1CCCN1C	1	1	C8H15NO	0.0	CHEBI_92
CC(=O)C[C@H](O)CC(=O)[O-]	1	1	C6H9O4-	-1.0	CHEBI_231733
CC(=O)C[C@H]1CCCN1C	1	1	C8H15NO	0.0	CHEBI_46750
CC(=O)N(C)C[C@@H]1Oc2cc(C#Cc3ccc(F)cc3)ccc2S(=O)(=O)N([C@@H](C)CO)C[C@@H]1C	1	1	C25H29FN2O5S	0.0	CHEBI_96437
CC(=O)N(C)C[C@@H]1Oc2cc(C#Cc3ccc(F)cc3)ccc2S(=O)(=O)N([C@@H](C)CO)C[C@H]1C	1	1	C25H29FN2O5S	0.0	CHEBI_95962
CC(=O)N(C)C[C@@H]1Oc2cc(C#Cc3ccc(F)cc3)ccc2S(=O)(=O)N([C@H](C)CO)C[C@@H]1C	1	1	C25H29FN2O5S	0.0	CHEBI_95692
CC(=O)N(C)C[C@@H]1Oc2cc(C#Cc3ccc(F)cc3)ccc2S(=O)(=O)N([C@H](C)CO)C[C@H]1C	1	1	C25H29FN2O5S	0.0	CHEBI_95577
CC(=O)N(C)C[C@H]1Oc2cc(C#Cc3ccc(F)cc3)ccc2S(=O)(=O)N([C@@H](C)CO)C[C@@H]1C	1	1	C25H29FN2O5S	0.0	CHEBI_96723
CC(=O)N(C)C[C@H]1Oc2cc(C#Cc3ccc(F)cc3)ccc2S(=O)(=O)N([C@@H](C)CO)C[C@H]1C	1	1	C25H29FN2O5S	0.0	CHEBI_96501
CC(=O)N(C)C[C@H]1Oc2cc(C#Cc3ccc(F)cc3)ccc2S(=O)(=O)N([C@H](C)CO)C[C@@H]1C	1	1	C25H29FN2O5S	0.0	CHEBI_96395
CC(=O)N(C)C[C@H]1Oc2cc(C#Cc3ccc(F)cc3)ccc2S(=O)(=O)N([C@H](C)CO)C[C@H]1C	1	1	C25H29FN2O5S	0.0	CHEBI_96375
CC(=O)N1C=C(C2CCCC[NH2+]2)CCC1	1	1	C12H21N2O+	1.0	CHEBI_197287
CC(=O)N1C=C([C@H]2CCCCN2)CCC1	1	1	C12H20N2O	0.0	CHEBI_2670
CC(=O)N1CCN(c2ccc(N)cc2)CC1	1	1	C12H17N3O	0.0	CHEBI_92497
CC(=O)N1CC[C@@]23c4ccccc4N[C@@H]4N(C)c5cccc6c5[C@@]42CCN([C@@H]6C=C(C)C)[C@@H]13	1	1	C28H32N4O	0.0	CHEBI_203788
CC(=O)N1CC[C@]23c4ccccc4N[C@H]4N(C)c5cccc6c5[C@]42CCN([C@H]6C=C(C)C)[C@H]13	1	1	C28H32N4O	0.0	CHEBI_197604
CC(=O)N1c2ccccc2[C@@]23CCN4CCC[C@]5(CCO[C@@]452)CC[C@@H]13	1	1	C21H26N2O2	0.0	CHEBI_583
CC(=O)NC(C(=O)NC(C)(C)C(=O)NC(C)(C)C(=O)NC(C)(C)C(=O)NC(C(=O)NCC(=O)NC(CC(C)C)C(=O)NC(C)(C)C(=O)NC(C)(C)C(=O)N1CC(O)CC1C(=O)NC(CCC(N)=O)C(=O)NC(C)(C)C(=O)N1CC(O)CC1C(=O)NC(C)(C)C(=O)NC(CO)Cc1ccccc1)C(C)C)C(C)C	1	1	C72H118N16O19	0.0	CHEBI_198354
CC(=O)NC(C)(C)C(=O)NC(CO)C(=O)NC(C)C(=O)NC(CC(C)C)C(=O)NC(C)(C)C(=O)NC(CCC(N)=O)C(=O)NC(C)(C)C(=O)NC(C(=O)NC(C)(C)C(=O)NCC(=O)NC(C)(C)C(=O)NC(C)(C)C(=O)N1CCCC1C(=O)NC(CC(C)C)C(=O)NC(C)(C)C(=O)NC(C)(C)C(=O)NC(CCC(N)=O)C(=O)NC(CO)C(C)C)C(C)C	1	1	C79H138N20O22	0.0	CHEBI_207920
CC(=O)NC(Cc1c[nH]c2ccccc12)C(=O)NC(C)C(=O)NC(C)(C)C(=O)NC(C)(C)C(=O)NC(CC(C)C)C(=O)NC(C)(C)C(=O)NC(CCC(N)=O)C(=O)NC(C)C(=O)NC(C)(C)C(=O)NC(C)(C)C(=O)NC(CCC(N)=O)C(=O)NC(CC(C)C)C(=O)NC(C)(C)C(=O)NC(CCC(N)=O)C(=O)NC(CO)CC(C)C	1	1	C76H125N19O19	0.0	CHEBI_206231
CC(=O)NCCCCCCCCCCCCC(C)C	1	1	C17H35NO	0.0	CHEBI_81149
CC(=O)NCCCCCN(O)C(=O)CCC(=O)NCCCCCN(O)C(=O)CCC(=O)NCCCCCN(O)C(=O)CCC(=O)O	1	1	C29H52N6O11	0.0	CHEBI_217315
CC(=O)NCCCNC(=O)[C@H](COC(=O)c1cccc(O)c1O)NC(=O)[C@@H]1COC(c2cccc(O)c2O)=N1	1	1	C25H28N4O10	0.0	CHEBI_224432
CC(=O)NCCCS(=O)(=O)O	1	1	C5H11NO4S	0.0	CHEBI_51041
CC(=O)NCCCS(=O)(=O)[O-]	1	1	C5H10NO4S-	-1.0	CHEBI_51128
CC(=O)NCCP(=O)(O)O	1	1	C4H10NO4P	0.0	CHEBI_190720
CC(=O)NCCP(=O)([O-])O	1	1	C4H9NO4P-	-1.0	CHEBI_142479
CC(=O)N[C@@H](CCCN(O)C(=O)/C=C(\C)CCO)C(=O)OCC/C(C)=C/C(=O)N(O)CCC[C@@H]1NC(=O)[C@H](CCCN(O)C(=O)/C=C(\C)CCO)NC1=O	1	1	C35H56N6O13	0.0	CHEBI_83125
CC(=O)N[C@@H](CO)[C@@H](O)[C@H](O[C@@H]1O[C@H](CO[C@H]2O[C@H](CO[C@H]3O[C@H](CO)[C@@H](O)[C@H](O)[C@@H]3O[C@H]3O[C@H](CO)[C@@H](O)[C@H](O)[C@@H]3O)[C@@H](O)[C@H](O[C@H]3O[C@H](CO)[C@@H](O)[C@H](O)[C@@H]3O)[C@@H]2O)[C@@H](O)[C@H](O[C@H]2O[C@H](CO)[C@@H](O)[C@H](O)[C@@H]2O)[C@@H]1O)[C@H](O)CO	1	1	C44H77NO36	0.0	CHEBI_150768
CC(=O)N[C@@H](CO)[C@@H](OC1O[C@H](CO)[C@@H](O)[C@H](O)[C@H]1NC(C)=O)[C@@H](O)[C@H](O)CO	1	1	C16H30N2O11	0.0	CHEBI_53484
CC(=O)N[C@@H](CSC(=O)c1cccc(O)c1O)C(=O)O	1	1	C12H13NO6S	0.0	CHEBI_202638
CC(=O)N[C@@H](CSCC(C(=O)CCCCCCCCCCC(C)C)[N+](C)(C)C)C(=O)O	1	1	C24H47N2O4S+	1.0	CHEBI_225838
CC(=O)N[C@@H](CSCCC(=O)C(=O)O)C(=O)O	1	1	C9H13NO6S	0.0	CHEBI_165885
CC(=O)N[C@@H]1C(O)O[C@H](C)[C@@H](NC(=O)[C@@H](C)N)[C@@H]1O	1	1	C11H21N3O5	0.0	CHEBI_230028
CC(=O)N[C@@H]1CC=CCCC(=O)N[C@H](c2ccccc2)COC1=O	1	1	C18H22N2O4	0.0	CHEBI_125305
CC(=O)N[C@@H]1C[C@H](n2c3ccccc3c3c4c(c5c6cc(O)ccc6[nH]c5c32)CNC4=O)O[C@@H](C)[C@@H]1O	1	1	C28H26N4O5	0.0	CHEBI_209123
CC(=O)N[C@@H]1[C@@H](O)[C@@H](O)[C@@H](CO[C@@H]2O[C@H](CO)[C@@H](O)[C@H](O[C@@H]3O[C@H](CO)[C@H](O)[C@H](O[C@H]4O[C@H](CO)[C@H](O)[C@H](O)[C@H]4NC(C)=O)[C@H]3O[C@@H]3O[C@@H](C)[C@@H](O)[C@@H](O)[C@@H]3O)[C@H]2NC(C)=O)O[C@@H]1O	1	1	C36H61N3O25	0.0	CHEBI_167902
CC(=O)N[C@@H]1[C@@H](O)[C@@H](O)[C@@H](CO[C@@H]2O[C@H](CO)[C@@H](O)[C@H](O[C@@H]3O[C@H](CO)[C@H](O)[C@H](O[C@H]4O[C@H](CO)[C@H](O)[C@H](O)[C@H]4NC(C)=O)[C@H]3O[C@@H]3O[C@@H](C)[C@@H](O)[C@@H](O)[C@@H]3O)[C@H]2NC(C)=O)O[C@H]1O	1	1	C36H61N3O25	0.0	CHEBI_157422
CC(=O)N[C@@H]1[C@@H](O)[C@@H](O)[C@@H](CO[C@@H]2O[C@H](CO)[C@@H](O[C@@H]3O[C@@H](C)[C@@H](O)[C@@H](O)[C@@H]3O)[C@H](O[C@@H]3O[C@H](CO)[C@H](O)[C@H](O)[C@H]3O)[C@H]2NC(C)=O)O[C@@H]1O	1	1	C28H48N2O20	0.0	CHEBI_167706
CC(=O)N[C@@H]1[C@@H](O)[C@@H](O)[C@@H](CO[C@@H]2O[C@H](CO)[C@@H](O[C@@H]3O[C@@H](C)[C@@H](O)[C@@H](O)[C@@H]3O)[C@H](O[C@@H]3O[C@H](CO)[C@H](O)[C@H](O)[C@H]3O)[C@H]2NC(C)=O)O[C@H]1O	1	1	C28H48N2O20	0.0	CHEBI_157465
CC(=O)N[C@@H]1[C@@H](O)[C@@H](O)[C@@H](CO[C@@H]2O[C@H](CO)[C@H](O)[C@H](O)[C@H]2O)O[C@@H]1O	1	1	C14H25NO11	0.0	CHEBI_150906
CC(=O)N[C@@H]1[C@@H](O)[C@@H](O)[C@@H](CO[C@@H]2O[C@H](CO)[C@H](O)[C@H](O)[C@H]2O)O[C@H]1O	1	1	C14H25NO11	0.0	CHEBI_153119
CC(=O)N[C@@H]1[C@@H](O)[C@H](O)[C@@H](CO[C@@H]2O[C@H](CO)[C@@H](O)[C@H](O)[C@H]2O)O[C@H]1O	1	1	C14H25NO11	0.0	CHEBI_153503
CC(=O)N[C@@H]1[C@@H](O)[C@H](O)[C@@H](CO[C@@H]2O[C@H](CO)[C@H](O)[C@H](O)[C@H]2O)O[C@@H]1O	1	1	C14H25NO11	0.0	CHEBI_150486
CC(=O)N[C@@H]1[C@@H](O)[C@H](O)[C@@H](CO[C@@H]2O[C@H](CO)[C@H](O)[C@H](O)[C@H]2O)O[C@H]1O	1	1	C14H25NO11	0.0	CHEBI_152443
CC(=O)N[C@@H]1[C@@H](O)[C@H](O)[C@@H](CO[C@H]2O[C@H](CO)[C@H](O)[C@H](O)[C@H]2O)O[C@H]1O	1	1	C14H25NO11	0.0	CHEBI_149016
CC(=O)N[C@@H]1[C@@H](O)[C@H](O[C@@H]2OC(C(=O)O)=C(O)[C@H](O)[C@H]2O)[C@@H](CO)O[C@@H]1O	1	1	C14H21NO12	0.0	CHEBI_150237
CC(=O)N[C@@H]1[C@@H](O)[C@H](O[C@@H]2O[C@H](CO)[C@@H](O[C@@H]3O[C@H](CO[C@@H]4O[C@H](CO[C@@H]5O[C@H](CO)[C@@H](O)[C@H](O)[C@@H]5O)[C@@H](O)[C@H](O[C@@H]5O[C@H](CO)[C@@H](O)[C@H](O)[C@@H]5O)[C@@H]4O)[C@@H](O)[C@H](O)[C@@H]3O)[C@H](O)[C@H]2NC(C)=O)[C@@H](CO)O[C@@H]1O	1	1	C40H68N2O31	0.0	CHEBI_155306
CC(=O)N[C@@H]1[C@@H](O)[C@H](O[C@@H]2O[C@H](CO)[C@@H](O[C@@H]3O[C@H](CO[C@@H]4O[C@H](CO[C@@H]5O[C@H](CO)[C@@H](O)[C@H](O)[C@@H]5O)[C@@H](O)[C@H](O[C@@H]5O[C@H](CO)[C@@H](O)[C@H](O)[C@@H]5O)[C@@H]4O)[C@@H](O)[C@H](O)[C@@H]3O)[C@H](O)[C@H]2NC(C)=O)[C@@H](CO)O[C@H]1O	1	1	C40H68N2O31	0.0	CHEBI_150623
CC(=O)N[C@@H]1[C@@H](O)[C@H](O[C@@H]2O[C@H](CO)[C@@H](O[C@@H]3O[C@H](CO[C@H]4O[C@H](CO)[C@@H](O)[C@H](O)[C@@H]4O)[C@@H](O)[C@H](O[C@H]4O[C@H](CO)[C@@H](O)[C@H](O)[C@@H]4O[C@@H]4O[C@H](CO)[C@@H](O[C@@H]5O[C@H](CO)[C@H](O)[C@H](O[C@H]6O[C@H](CO)[C@H](O)[C@H](O)[C@H]6O)[C@H]5O)[C@H](O)[C@H]4NC(C)=O)[C@@H]3O)[C@H](O)[C@H]2NC(C)=O)[C@@H](CO[C@@H]2O[C@@H](C)[C@@H](O)[C@@H](O)[C@@H]2O)O[C@H]1O	1	1	C60H101N3O45	0.0	CHEBI_149286
CC(=O)N[C@@H]1[C@@H](O)[C@H](O[C@@H]2O[C@H](CO)[C@@H](O[C@@H]3O[C@H](CO[C@H]4O[C@H](CO)[C@@H](O)[C@H](O)[C@@H]4O)[C@@H](O)[C@H](O[C@H]4O[C@H](CO)[C@@H](O)[C@H](O)[C@@H]4O[C@H]4O[C@H](CO)[C@@H](O)[C@H](O)[C@@H]4O[C@H]4O[C@H](CO)[C@@H](O)[C@H](OC5O[C@H](CO)[C@@H](O)[C@H](OC6O[C@H](CO)[C@@H](O)[C@H](O)[C@H]6OC6O[C@H](CO)[C@@H](O)[C@H](O)[C@H]6O)[C@H]5O)[C@@H]4O)[C@@H]3O)[C@H](O)[C@H]2NC(C)=O)[C@@H](CO)O[C@H]1O	1	1	C64H108N2O51	0.0	CHEBI_148767
CC(=O)N[C@@H]1[C@@H](O)[C@H](O[C@@H]2O[C@H](CO)[C@@H](O[C@@H]3O[C@H](CO[C@H]4O[C@H](CO)[C@@H](O)[C@H](O)[C@@H]4O)[C@@H](O)[C@H](O[C@H]4O[C@H](CO)[C@@H](O)[C@H](O)[C@@H]4O[C@H]4O[C@H](CO)[C@@H](O)[C@H](O)[C@@H]4O[C@H]4O[C@H](CO)[C@@H](O)[C@H](O[C@H]5O[C@H](CO)[C@@H](O)[C@H](O[C@H]6O[C@H](CO)[C@@H](O)[C@H](O)[C@H]6O[C@H]6O[C@H](CO)[C@@H](O)[C@H](O)[C@H]6O)[C@H]5O)[C@@H]4O)[C@@H]3O)[C@H](O)[C@H]2NC(C)=O)[C@@H](CO)O[C@@H]1O	1	1	C64H108N2O51	0.0	CHEBI_152370
CC(=O)N[C@@H]1[C@@H](O)[C@H](O[C@@H]2O[C@H](CO)[C@@H](O[C@@H]3O[C@H](CO[C@H]4O[C@H](CO)[C@@H](O)[C@H](O)[C@@H]4O)[C@@H](O)[C@H](O[C@H]4O[C@H](CO)[C@@H](O)[C@H](O)[C@@H]4O[C@H]4O[C@H](CO)[C@@H](O)[C@H](O)[C@@H]4O[C@H]4O[C@H](CO)[C@@H](O)[C@H](O[C@H]5O[C@H](CO)[C@@H](O)[C@H](O[C@H]6O[C@H](CO)[C@@H](O)[C@H](O)[C@H]6O[C@H]6O[C@H](CO)[C@@H](O)[C@H](O)[C@H]6O)[C@H]5O)[C@@H]4O)[C@@H]3O)[C@H](O)[C@H]2NC(C)=O)[C@@H](CO)O[C@H]1O	1	1	C64H108N2O51	0.0	CHEBI_150520
CC(=O)N[C@@H]1[C@@H](O)[C@H](O[C@@H]2O[C@H](CO)[C@@H](O[C@@H]3O[C@H](CO[C@H]4O[C@H](CO)[C@@H](O)[C@H](O)[C@@H]4O)[C@@H](O)[C@H](O[C@H]4O[C@H](CO)[C@@H](O)[C@H](O)[C@@H]4O[C@H]4O[C@H](CO)[C@@H](O)[C@H](O)[C@@H]4O[C@H]4O[C@H](CO)[C@@H](O)[C@H](O[C@H]5O[C@H](CO)[C@@H](O)[C@H](O[C@H]6O[C@H](CO)[C@@H](O)[C@H](O)[C@H]6O[C@H]6O[C@H](CO)[C@@H](O)[C@H](O)[C@H]6O)[C@H]5O)[C@H]4O)[C@@H]3O)[C@H](O)[C@H]2NC(C)=O)[C@@H](CO)O[C@H]1O	1	1	C64H108N2O51	0.0	CHEBI_153638
CC(=O)N[C@@H]1[C@@H](O)[C@H](O[C@@H]2O[C@H](CO)[C@@H](O[C@@H]3O[C@H](CO[C@H]4O[C@H](CO)[C@@H](O)[C@H](O)[C@@H]4O[C@@H]4O[C@H](CO)[C@@H](O)[C@H](O)[C@H]4NC(C)=O)[C@@H](O)[C@H](O[C@H]4O[C@H](CO)[C@@H](O)[C@H](O)[C@@H]4O[C@@H]4O[C@H](CO)[C@@H](O)[C@H](O[C@@H]5O[C@H](CO)[C@H](O)[C@H](O)[C@H]5O)[C@H]4NC(C)=O)[C@@H]3O)[C@H](O)[C@H]2NC(C)=O)[C@@H](CO)O[C@H]1O	1	1	C56H94N4O41	0.0	CHEBI_154251
CC(=O)N[C@@H]1[C@@H](O)[C@H](O[C@@H]2O[C@H](CO)[C@@H](O[C@@H]3O[C@H](CO[C@H]4O[C@H](CO)[C@@H](O)[C@H](O)[C@@H]4O[C@@H]4O[C@H](CO)[C@@H](O)[C@H](O)[C@H]4NC(C)=O)[C@@H](O[C@@H]4O[C@H](CO)[C@@H](O)[C@H](O)[C@H]4NC(C)=O)[C@H](O[C@H]4O[C@H](CO)[C@@H](O[C@@H]5O[C@H](CO)[C@@H](O)[C@H](O)[C@H]5NC(C)=O)[C@H](O)[C@@H]4O[C@@H]4O[C@H](CO)[C@@H](O)[C@H](O)[C@H]4NC(C)=O)[C@@H]3O)[C@H](O)[C@H]2NC(C)=O)[C@@H](CO)O[C@H]1O	1	1	C66H110N6O46	0.0	CHEBI_155570
CC(=O)N[C@@H]1[C@@H](O)[C@H](O[C@@H]2O[C@H](CO)[C@@H](O[C@@H]3O[C@H](CO[C@H]4O[C@H](CO)[C@@H](O)[C@H](O)[C@@H]4O[C@@H]4O[C@H](CO)[C@@H](O[C@@H]5O[C@H](CO)[C@H](O)[C@H](O)[C@H]5O)[C@H](O)[C@H]4NC(C)=O)[C@@H](O)[C@H](O[C@H]4O[C@H](CO)[C@@H](O)[C@H](O)[C@@H]4O[C@@H]4O[C@H](CO)[C@@H](O[C@@H]5O[C@H](CO)[C@H](O)[C@H](O)[C@H]5O[C@@H]5O[C@@H](C)[C@@H](O)[C@@H](O)[C@@H]5O)[C@H](O)[C@H]4NC(C)=O)[C@@H]3O)[C@H](O)[C@H]2NC(C)=O)[C@@H](CO[C@@H]2O[C@@H](C)[C@@H](O)[C@@H](O)[C@@H]2O)O[C@H]1O	1	1	C74H124N4O54	0.0	CHEBI_147857
CC(=O)N[C@@H]1[C@@H](O)[C@H](O[C@@H]2O[C@H](CO)[C@@H](O[C@@H]3O[C@H](CO[C@H]4O[C@H](CO)[C@@H](O)[C@H](O)[C@@H]4O[C@@H]4O[C@H](CO)[C@@H](O[C@@H]5O[C@H](CO)[C@H](O)[C@H](O)[C@H]5O)[C@H](O[C@@H]5O[C@@H](C)[C@@H](O)[C@@H](O)[C@@H]5O)[C@H]4NC(C)=O)[C@@H](O)[C@H](O[C@H]4O[C@H](CO)[C@@H](O)[C@H](O)[C@@H]4O[C@@H]4O[C@H](CO)[C@@H](O[C@@H]5O[C@H](CO)[C@H](O)[C@H](O[C@]6(C(=O)O)C[C@H](O)[C@@H](NC(C)=O)[C@H]([C@H](O)[C@H](O)CO)O6)[C@H]5O)[C@H](O)[C@H]4NC(C)=O)[C@@H]3O)[C@H](O)[C@H]2NC(C)=O)[C@@H](CO)O[C@H]1O	1	1	C79H131N5O58	0.0	CHEBI_157194
CC(=O)N[C@@H]1[C@@H](O)[C@H](O[C@@H]2O[C@H](CO)[C@@H](O[C@@H]3O[C@H](CO[C@H]4O[C@H](CO)[C@@H](O)[C@H](O)[C@@H]4O[C@@H]4O[C@H](CO)[C@@H](O[C@@H]5O[C@H](CO)[C@H](O)[C@H](O)[C@H]5O)[C@H](O[C@@H]5O[C@@H](C)[C@@H](O)[C@@H](O)[C@@H]5O)[C@H]4NC(C)=O)[C@@H](O[C@@H]4O[C@H](CO)[C@@H](O)[C@H](O)[C@H]4NC(C)=O)[C@H](O[C@H]4O[C@H](CO)[C@@H](O)[C@H](O)[C@@H]4O[C@@H]4O[C@H](CO)[C@@H](O[C@@H]5O[C@H](CO)[C@H](O)[C@H](O)[C@H]5O)[C@H](O[C@@H]5O[C@@H](C)[C@@H](O)[C@@H](O)[C@@H]5O)[C@H]4NC(C)=O)[C@@H]3O)[C@H](O)[C@H]2NC(C)=O)[C@@H](CO)O[C@H]1O	1	1	C82H137N5O59	0.0	CHEBI_153193
CC(=O)N[C@@H]1[C@@H](O)[C@H](O[C@@H]2O[C@H](CO)[C@@H](O[C@@H]3O[C@H](CO[C@H]4O[C@H](CO)[C@@H](O)[C@H](O)[C@@H]4O[C@@H]4O[C@H](CO)[C@@H](O[C@@H]5O[C@H](CO)[C@H](O)[C@H](O)[C@H]5O)[C@H](O[C@H]5O[C@H](C)[C@H](O)[C@H](O)[C@H]5O)[C@H]4NC(C)=O)[C@@H](O)[C@H](O[C@H]4O[C@H](CO)[C@@H](O)[C@H](O)[C@@H]4O[C@@H]4O[C@H](CO)[C@@H](O[C@@H]5O[C@H](CO)[C@H](O)[C@H](O[C@]6(C(=O)O)C[C@H](O)[C@@H](NC(C)=O)[C@H]([C@H](O)[C@H](O)CO)O6)[C@H]5O)[C@H](O)[C@H]4NC(C)=O)[C@@H]3O)[C@H](O)[C@H]2NC(C)=O)[C@@H](CO)O[C@@H]1O	1	1	C79H131N5O58	0.0	CHEBI_146676
CC(=O)N[C@@H]1[C@@H](O)[C@H](O[C@@H]2O[C@H](CO)[C@@H](O[C@@H]3O[C@H](CO[C@H]4O[C@H](CO)[C@@H](O)[C@H](O)[C@@H]4O[C@@H]4O[C@H](CO)[C@@H](O[C@@H]5O[C@H](CO)[C@H](O)[C@H](O)[C@H]5O)[C@H](O[C@H]5O[C@H](C)[C@H](O)[C@H](O)[C@H]5O)[C@H]4NC(C)=O)[C@@H](O)[C@H](O[C@H]4O[C@H](CO)[C@@H](O)[C@H](O)[C@@H]4O[C@@H]4O[C@H](CO)[C@@H](O[C@@H]5O[C@H](CO)[C@H](O)[C@H](O[C@]6(C(=O)O)C[C@H](O)[C@@H](NC(C)=O)[C@H]([C@H](O)[C@H](O)CO)O6)[C@H]5O)[C@H](O)[C@H]4NC(C)=O)[C@@H]3O)[C@H](O)[C@H]2NC(C)=O)[C@@H](CO)O[C@H]1O	1	1	C79H131N5O58	0.0	CHEBI_155069
CC(=O)N[C@@H]1[C@@H](O)[C@H](O[C@@H]2O[C@H](CO)[C@@H](O[C@@H]3O[C@H](CO[C@H]4O[C@H](CO)[C@@H](O)[C@H](O)[C@@H]4O[C@@H]4O[C@H](CO)[C@@H](O[C@@H]5O[C@H](CO)[C@H](O)[C@H](O[C@@H]6O[C@H](CO)[C@H](O)[C@H](O)[C@H]6O)[C@H]5O)[C@H](O)[C@H]4NC(C)=O)[C@@H](O)[C@H](O[C@H]4O[C@H](CO)[C@@H](O)[C@H](O)[C@@H]4O[C@@H]4O[C@H](CO)[C@@H](O[C@@H]5O[C@H](CO)[C@H](O)[C@H](O[C@@H]6O[C@H](CO)[C@H](O)[C@H](O)[C@H]6O)[C@H]5O)[C@H](O)[C@H]4NC(C)=O)[C@@H]3O)[C@H](O)[C@H]2NC(C)=O)[C@@H](CO)O[C@H]1O	1	1	C74H124N4O56	0.0	CHEBI_157499
CC(=O)N[C@@H]1[C@@H](O)[C@H](O[C@@H]2O[C@H](CO)[C@@H](O[C@@H]3O[C@H](CO[C@H]4O[C@H](CO)[C@@H](O)[C@H](O)[C@@H]4O[C@@H]4O[C@H](CO)[C@@H](O[C@@H]5O[C@H](CO)[C@H](O)[C@H](O[C@H]6O[C@H](CO)[C@H](O)[C@H](O)[C@H]6NC(C)=O)[C@H]5O[C@@H]5O[C@@H](C)[C@@H](O)[C@@H](O)[C@@H]5O)[C@H](O)[C@H]4NC(C)=O)[C@@H](O)[C@H](O[C@H]4O[C@H](CO)[C@@H](O)[C@H](O)[C@@H]4O[C@@H]4O[C@H](CO)[C@@H](O[C@@H]5O[C@H](CO)[C@H](O)[C@H](O[C@H]6O[C@H](CO)[C@H](O)[C@H](O)[C@H]6NC(C)=O)[C@H]5O[C@@H]5O[C@@H](C)[C@@H](O)[C@@H](O)[C@@H]5O)[C@H](O)[C@H]4NC(C)=O)[C@@H]3O)[C@H](O)[C@H]2NC(C)=O)[C@@H](CO[C@@H]2O[C@@H](C)[C@@H](O)[C@@H](O)[C@@H]2O)O[C@H]1O	1	1	C96H160N6O68	0.0	CHEBI_87616
CC(=O)N[C@@H]1[C@@H](O)[C@H](O[C@@H]2O[C@H](CO)[C@@H](O[C@@H]3O[C@H](CO[C@H]4O[C@H](CO)[C@@H](O)[C@H](O)[C@@H]4O[C@@H]4O[C@H](CO)[C@@H](O[C@@H]5O[C@H](CO)[C@H](O)[C@H](O[C@H]6O[C@H](CO)[C@H](O)[C@H](O)[C@H]6NC(C)=O)[C@H]5O[C@H]5O[C@H](C)[C@H](O)[C@H](O)[C@H]5O)[C@H](O)[C@H]4NC(C)=O)[C@@H](O)[C@H](O[C@H]4O[C@H](CO)[C@@H](O)[C@H](O)[C@@H]4O[C@@H]4O[C@H](CO)[C@@H](O[C@@H]5O[C@H](CO)[C@H](O)[C@H](O)[C@H]5O)[C@H](O)[C@H]4NC(C)=O)[C@@H]3O)[C@H](O)[C@H]2NC(C)=O)[C@@H](CO[C@H]2O[C@H](C)[C@H](O)[C@H](O)[C@H]2O)O[C@@H]1O	1	1	C82H137N5O59	0.0	CHEBI_148277
CC(=O)N[C@@H]1[C@@H](O)[C@H](O[C@@H]2O[C@H](CO)[C@@H](O[C@@H]3O[C@H](CO[C@H]4O[C@H](CO)[C@@H](O)[C@H](O)[C@@H]4O[C@@H]4O[C@H](CO)[C@@H](O[C@@H]5O[C@H](CO)[C@H](O)[C@H](O[C@H]6O[C@H](CO)[C@H](O)[C@H](O)[C@H]6O)[C@H]5O)[C@H](O)[C@H]4NC(C)=O)[C@@H](O)[C@H](O[C@H]4O[C@H](CO)[C@@H](O)[C@H](O)[C@@H]4O[C@@H]4O[C@H](CO)[C@@H](O[C@@H]5O[C@H](CO)[C@H](O)[C@H](O[C@H]6O[C@H](CO)[C@H](O)[C@H](O)[C@H]6O)[C@H]5O)[C@H](O)[C@H]4NC(C)=O)[C@@H]3O)[C@H](O)[C@H]2NC(C)=O)[C@@H](CO)O[C@H]1O	1	1	C74H124N4O56	0.0	CHEBI_68480
CC(=O)N[C@@H]1[C@@H](O)[C@H](O[C@@H]2O[C@H](CO)[C@@H](O[C@@H]3O[C@H](CO[C@H]4O[C@H](CO)[C@@H](O)[C@H](O)[C@@H]4O[C@@H]4O[C@H](CO)[C@@H](O[C@@H]5O[C@H](CO)[C@H](O)[C@H](O[C@H]6O[C@H](CO)[C@H](O)[C@H](O)[C@H]6O)[C@H]5O)[C@H](O)[C@H]4NC(C)=O)[C@@H](O)[C@H](O[C@H]4O[C@H](CO)[C@@H](O[C@@H]5O[C@H](CO)[C@@H](O)[C@H](O)[C@H]5NC(C)=O)[C@H](O)[C@@H]4O[C@@H]4O[C@H](CO)[C@@H](O[C@@H]5O[C@H](CO)[C@H](O)[C@H](O[C@H]6O[C@H](CO)[C@H](O)[C@H](O)[C@H]6O)[C@H]5O)[C@H](O)[C@H]4NC(C)=O)[C@@H]3O)[C@H](O)[C@H]2NC(C)=O)[C@@H](CO)O[C@H]1O	1	1	C82H137N5O61	0.0	CHEBI_150196
CC(=O)N[C@@H]1[C@@H](O)[C@H](O[C@@H]2O[C@H](CO)[C@@H](O[C@@H]3O[C@H](CO[C@H]4O[C@H](CO)[C@@H](O)[C@H](O)[C@@H]4O[C@@H]4O[C@H](CO)[C@@H](O[C@@H]5O[C@H](CO)[C@H](O)[C@H](O[C@H]6O[C@H](CO)[C@H](O)[C@H](O)[C@H]6O)[C@H]5O[C@@H]5O[C@@H](C)[C@@H](O)[C@@H](O)[C@@H]5O)[C@H](O)[C@H]4NC(C)=O)[C@@H](O)[C@H](O[C@H]4O[C@H](CO)[C@@H](O)[C@H](O)[C@@H]4O[C@@H]4O[C@H](CO)[C@@H](O[C@@H]5O[C@H](CO)[C@H](O)[C@H](O[C@H]6O[C@H](CO)[C@H](O)[C@H](O)[C@H]6O)[C@H]5O[C@@H]5O[C@@H](C)[C@@H](O)[C@@H](O)[C@@H]5O)[C@H](O)[C@H]4NC(C)=O)[C@@H]3O)[C@H](O)[C@H]2NC(C)=O)[C@@H](CO)O[C@H]1O	1	1	C86H144N4O64	0.0	CHEBI_68468
CC(=O)N[C@@H]1[C@@H](O)[C@H](O[C@@H]2O[C@H](CO)[C@@H](O[C@@H]3O[C@H](CO[C@H]4O[C@H](CO)[C@@H](O)[C@H](O)[C@@H]4O[C@@H]4O[C@H](CO)[C@@H](O[C@@H]5O[C@H](CO)[C@H](O)[C@H](O[C@]6(C(=O)O)C[C@H](O)[C@@H](NC(C)=O)[C@H]([C@H](O)[C@H](O)CO)O6)[C@H]5O)[C@H](O)[C@H]4NC(C)=O)[C@@H](O)[C@H](O[C@H]4O[C@H](CO[C@@H]5O[C@H](CO)[C@@H](O[C@@H]6O[C@H](CO)[C@H](O)[C@H](O[C@]7(C(=O)O)C[C@H](O)[C@@H](NC(C)=O)[C@H]([C@H](O)[C@H](O)CO)O7)[C@H]6O)[C@H](O)[C@H]5NC(C)=O)[C@@H](O)[C@H](O)[C@@H]4O[C@@H]4O[C@H](CO)[C@@H](O[C@@H]5O[C@H](CO)[C@H](O)[C@H](O[C@]6(C(=O)O)C[C@H](O)[C@@H](NC(C)=O)[C@H]([C@H](O)[C@H](O)CO)O6)[C@H]5O)[C@H](O)[C@H]4NC(C)=O)[C@@H]3O)[C@H](O)[C@H]2NC(C)=O)[C@@H](CO)O[C@H]1O	1	1	C109H178N8O80	0.0	CHEBI_152849
CC(=O)N[C@@H]1[C@@H](O)[C@H](O[C@@H]2O[C@H](CO)[C@@H](O[C@@H]3O[C@H](CO[C@H]4O[C@H](CO)[C@@H](O)[C@H](O)[C@@H]4O[C@@H]4O[C@H](CO)[C@@H](O[C@@H]5O[C@H](CO[C@]6(C(=O)O)C[C@H](O)[C@@H](NC(C)=O)[C@H]([C@H](O)[C@H](O)CO)O6)[C@H](O)[C@H](O)[C@H]5O)[C@H](O)[C@H]4NC(C)=O)[C@@H](O)[C@H](O[C@H]4O[C@H](CO[C@@H]5O[C@H](CO)[C@@H](O[C@@H]6O[C@H](CO)[C@H](O)[C@H](O[C@]7(C(=O)O)C[C@H](O)[C@@H](NC(C)=O)[C@H]([C@H](O)[C@H](O)CO)O7)[C@H]6O)[C@H](O)[C@H]5NC(C)=O)[C@@H](O)[C@H](O)[C@@H]4O[C@@H]4O[C@H](CO)[C@@H](O[C@@H]5O[C@H](CO[C@]6(C(=O)O)C[C@H](O)[C@@H](NC(C)=O)[C@H]([C@H](O)[C@H](O)CO)O6)[C@H](O)[C@H](O)[C@H]5O)[C@H](O)[C@H]4NC(C)=O)[C@@H]3O)[C@H](O)[C@H]2NC(C)=O)[C@@H](CO)O[C@H]1O	1	1	C109H178N8O80	0.0	CHEBI_154945
CC(=O)N[C@@H]1[C@@H](O)[C@H](O[C@@H]2O[C@H](CO)[C@@H](O[C@@H]3O[C@H](CO[C@H]4O[C@H](CO)[C@@H](O)[C@H](O)[C@@H]4O[C@H]4O[C@H](CO[C@H]5O[C@H](CO)[C@@H](O)[C@H](O)[C@@H]5O)[C@@H](O)[C@H](O)[C@H]4NC(C)=O)[C@@H](O)[C@H](O[C@@H]4O[C@H](CO)[C@@H](O)[C@H](O)[C@@H]4O)[C@@H]3O)[C@H](O)[C@H]2NC(C)=O)[C@@H](CO[C@@H]2O[C@H](CO)[C@@H](O)[C@H](O)[C@@H]2O)O[C@@H]1O	1	1	C54H91N3O41	0.0	CHEBI_148601
CC(=O)N[C@@H]1[C@@H](O)[C@H](O[C@@H]2O[C@H](CO)[C@@H](O[C@@H]3O[C@H](CO[C@H]4O[C@H](CO)[C@@H](O)[C@H](O[C@H]5O[C@H](CO[C@H]6O[C@H](CO)[C@@H](O)[C@H](O)[C@@H]6O)[C@@H](O)[C@H](O)[C@@H]5O)[C@@H]4O)[C@@H](O)[C@H](O[C@H]4O[C@H](CO)[C@@H](O)[C@H](O)[C@@H]4O[C@H]4O[C@H](CO)[C@@H](O)[C@H](O)[C@@H]4O)[C@@H]3O)[C@H](O)[C@H]2NC(C)=O)[C@@H](CO)O[C@H]1O	1	1	C52H88N2O41	0.0	CHEBI_155200
CC(=O)N[C@@H]1[C@@H](O)[C@H](O[C@@H]2O[C@H](CO)[C@@H](O[C@@H]3O[C@H](CO[C@H]4O[C@H](CO)[C@@H](OC5O[C@H](CO)[C@@H](O)[C@H](O)[C@H]5NC(C)=O)[C@H](O)[C@@H]4O)[C@@H](O)[C@H](O[C@H]4O[C@H](CO)[C@@H](O[C@H]5O[C@H](CO)[C@@H](O)[C@H](O)[C@@H]5O)[C@H](O)[C@@H]4O)[C@@H]3O)[C@H](O)[C@H]2NC(C)=O)[C@@H](CO)O[C@H]1O	1	1	C48H81N3O36	0.0	CHEBI_153048
CC(=O)N[C@@H]1[C@@H](O)[C@H](O[C@@H]2O[C@H](CO)[C@@H](O[C@@H]3O[C@H](CO[C@H]4O[C@H](CO)[C@@H](O[C@@H]5O[C@H](CO)[C@@H](O)[C@H](O)[C@@H]5O)[C@H](O)[C@@H]4O)[C@@H](O)[C@H](O[C@@H]4O[C@H](CO[C@H]5O[C@H](CO)[C@@H](O)[C@H](O)[C@@H]5O)[C@@H](O)[C@H](O)[C@@H]4O)[C@@H]3O)[C@H](O)[C@H]2NC(C)=O)[C@@H](CO)O[C@H]1O	1	1	C46H78N2O36	0.0	CHEBI_148826
CC(=O)N[C@@H]1[C@@H](O)[C@H](O[C@@H]2O[C@H](CO)[C@@H](O[C@@H]3O[C@H](CO[C@H]4O[C@H](CO)[C@@H](O[C@@H]5O[C@H](CO)[C@@H](O[C@@H]6O[C@H](CO)[C@H](O)[C@H](O[C@]7(C(=O)O)C[C@H](O)[C@@H](NC(C)=O)[C@H]([C@H](O)[C@H](O)CO)O7)[C@H]6O)[C@H](O)[C@H]5NC(C)=O)[C@H](O)[C@@H]4O[C@@H]4O[C@H](CO)[C@@H](O[C@@H]5O[C@H](CO)[C@H](O)[C@H](O[C@]6(C(=O)O)C[C@H](O)[C@@H](NC(C)=O)[C@H]([C@H](O)[C@H](O)CO)O6)[C@H]5O)[C@H](O)[C@H]4NC(C)=O)[C@@H](O)[C@H](O[C@H]4O[C@H](CO)[C@@H](O)[C@H](O)[C@@H]4O[C@@H]4O[C@H](CO)[C@@H](O[C@@H]5O[C@H](CO[C@]6(C(=O)O)C[C@H](O)[C@@H](NC(C)=O)[C@H]([C@H](O)[C@H](O)CO)O6)[C@H](O)[C@H](O)[C@H]5O)[C@H](O)[C@H]4NC(C)=O)[C@@H]3O)[C@H](O)[C@H]2NC(C)=O)[C@@H](CO[C@@H]2O[C@@H](C)[C@@H](O)[C@@H](O)[C@@H]2O)O[C@H]1O	1	1	C115H188N8O84	0.0	CHEBI_148809
CC(=O)N[C@@H]1[C@@H](O)[C@H](O[C@@H]2O[C@H](CO)[C@@H](O[C@@H]3O[C@H](CO[C@H]4O[C@H](CO)[C@@H](O[C@@H]5O[C@H](CO)[C@@H](O[C@@H]6O[C@H](CO)[C@H](O)[C@H](O[C@]7(C(=O)O)C[C@H](O)[C@@H](NC(C)=O)[C@H]([C@H](O)[C@H](O)CO)O7)[C@H]6O)[C@H](O)[C@H]5NC(C)=O)[C@H](O)[C@@H]4O[C@@H]4O[C@H](CO)[C@@H](O[C@@H]5O[C@H](CO)[C@H](O)[C@H](O[C@]6(C(=O)O)C[C@H](O)[C@@H](NC(C)=O)[C@H]([C@H](O)[C@H](O)CO)O6)[C@H]5O)[C@H](O)[C@H]4NC(C)=O)[C@@H](O)[C@H](O[C@H]4O[C@H](CO[C@@H]5O[C@H](CO)[C@@H](O[C@@H]6O[C@H](CO[C@]7(C(=O)O)C[C@H](O)[C@@H](NC(C)=O)[C@H]([C@H](O)[C@H](O)CO)O7)[C@H](O)[C@H](O)[C@H]6O)[C@H](O)[C@H]5NC(C)=O)[C@@H](O)[C@H](O)[C@@H]4O[C@@H]4O[C@H](CO)[C@@H](O[C@@H]5O[C@H](CO)[C@H](O)[C@H](O[C@]6(C(=O)O)C[C@H](O)[C@@H](NC(C)=O)[C@H]([C@H](O)[C@H](O)CO)O6)[C@H]5O)[C@H](O)[C@H]4NC(C)=O)[C@@H]3O)[C@H](O)[C@H]2NC(C)=O)[C@@H](CO)O[C@H]1O	1	1	C134H218N10O98	0.0	CHEBI_155805
CC(=O)N[C@@H]1[C@@H](O)[C@H](O[C@@H]2O[C@H](CO)[C@@H](O[C@@H]3O[C@H](CO[C@H]4O[C@H](CO)[C@@H](O[C@@H]5O[C@H](CO)[C@@H](O[C@@H]6O[C@H](CO)[C@H](O)[C@H](O[C@]7(C(=O)O)C[C@H](O)[C@@H](NC(C)=O)[C@H]([C@H](O)[C@H](O)CO)O7)[C@H]6O)[C@H](O)[C@H]5NC(C)=O)[C@H](O)[C@@H]4O[C@@H]4O[C@H](CO)[C@@H](O[C@@H]5O[C@H](CO[C@]6(C(=O)O)C[C@H](O)[C@@H](NC(C)=O)[C@H]([C@H](O)[C@H](O)CO)O6)[C@H](O)[C@H](O)[C@H]5O)[C@H](O)[C@H]4NC(C)=O)[C@@H](O)[C@H](O[C@H]4O[C@H](CO[C@@H]5O[C@H](CO)[C@@H](O[C@@H]6O[C@H](CO[C@]7(C(=O)O)C[C@H](O)[C@@H](NC(C)=O)[C@H]([C@H](O)[C@H](O)CO)O7)[C@H](O)[C@H](O)[C@H]6O)[C@H](O)[C@H]5NC(C)=O)[C@@H](O)[C@H](O)[C@@H]4O[C@@H]4O[C@H](CO)[C@@H](O[C@@H]5O[C@H](CO)[C@H](O)[C@H](O[C@]6(C(=O)O)C[C@H](O)[C@@H](NC(C)=O)[C@H]([C@H](O)[C@H](O)CO)O6)[C@H]5O)[C@H](O)[C@H]4NC(C)=O)[C@@H]3O)[C@H](O)[C@H]2NC(C)=O)[C@@H](CO)O[C@H]1O	1	1	C134H218N10O98	0.0	CHEBI_151332
CC(=O)N[C@@H]1[C@@H](O)[C@H](O[C@@H]2O[C@H](CO)[C@@H](O[C@@H]3O[C@H](CO[C@H]4O[C@H](CO)[C@@H](O[C@@H]5O[C@H](CO)[C@H](O)[C@H](O)[C@H]5O)[C@H](O)[C@@H]4O)[C@@H](O)[C@H](O[C@H]4O[C@H](CO)[C@@H](O[C@@H]5O[C@H](CO)[C@H](O)[C@H](O)[C@H]5O)[C@H](O)[C@@H]4O)[C@@H]3O)[C@H](O)[C@H]2NC(C)=O)[C@@H](CO)O[C@H]1O	1	1	C46H78N2O36	0.0	CHEBI_151888
CC(=O)N[C@@H]1[C@@H](O)[C@H](O[C@@H]2O[C@H](CO)[C@@H](O[C@@H]3O[C@H](CO[C@H]4O[C@H](CO)[C@@H](O[C@H]5O[C@H](CO)[C@@H](O)[C@H](O)[C@@H]5O)[C@H](O)[C@@H]4O)[C@@H](O)[C@H](O[C@@H]4O[C@H](CO[C@@H]5O[C@H](CO)[C@@H](O)[C@H](O)[C@@H]5O)[C@@H](O)[C@H](O)[C@@H]4O)[C@@H]3O)[C@H](O)[C@H]2NC(C)=O)[C@@H](CO)O[C@H]1O	1	1	C46H78N2O36	0.0	CHEBI_148356
CC(=O)N[C@@H]1[C@@H](O)[C@H](O[C@@H]2O[C@H](CO)[C@@H](O[C@@H]3O[C@H](CO[C@H]4O[C@H](CO[C@@H]5O[C@H](CO)[C@@H](O)[C@H](O)[C@H]5NC(C)=O)[C@@H](O)[C@H](O)[C@@H]4O[C@@H]4O[C@H](CO)[C@@H](O)[C@H](O)[C@H]4NC(C)=O)[C@@H](O[C@@H]4O[C@H](CO)[C@@H](O)[C@H](O)[C@H]4NC(C)=O)[C@H](O[C@H]4O[C@H](CO)[C@@H](O[C@@H]5O[C@H](CO)[C@@H](O)[C@H](O[C@@H]6O[C@H](CO)[C@H](O)[C@H](O)[C@H]6O[C@@H]6O[C@@H](C)[C@@H](O)[C@@H](O)[C@@H]6O)[C@H]5NC(C)=O)[C@H](O)[C@@H]4O[C@@H]4O[C@H](CO)[C@@H](O)[C@H](O)[C@H]4NC(C)=O)[C@@H]3O)[C@H](O)[C@H]2NC(C)=O)[C@@H](CO[C@@H]2O[C@@H](C)[C@@H](O)[C@@H](O)[C@@H]2O)O[C@H]1O	1	1	C92H153N7O64	0.0	CHEBI_148870
CC(=O)N[C@@H]1[C@@H](O)[C@H](O[C@@H]2O[C@H](CO)[C@@H](O[C@@H]3O[C@H](CO[C@H]4O[C@H](CO[C@@H]5O[C@H](CO)[C@@H](O[C@@H]6O[C@H](CO)[C@H](O)[C@H](O)[C@H]6O)[C@@H](O)[C@H]5NC(C)=O)[C@@H](O)[C@H](O)[C@@H]4O[C@@H]4O[C@H](CO)[C@@H](O[C@@H]5O[C@H](CO)[C@H](O)[C@H](O)[C@H]5NC(C)=O)[C@H](O)[C@H]4NC(C)=O)[C@@H](O)[C@H](O[C@H]4O[C@H](CO)[C@@H](O[C@@H]5O[C@H](CO)[C@@H](O[C@@H]6O[C@H](CO)[C@H](O)[C@H](O)[C@H]6O)[C@H](O)[C@H]5NC(C)=O)[C@H](O)[C@@H]4O[C@@H]4O[C@H](CO)[C@@H](O[C@@H]5O[C@H](CO)[C@H](O)[C@H](O)[C@H]5NC(C)=O)[C@H](O)[C@H]4NC(C)=O)[C@@H]3O)[C@H](O)[C@H]2NC(C)=O)[C@@H](CO[C@@H]2O[C@@H](C)[C@@H](O)[C@@H](O)[C@@H]2O)O[C@H]1O	1	1	C100H166N8O70	0.0	CHEBI_152601
CC(=O)N[C@@H]1[C@@H](O)[C@H](O[C@@H]2O[C@H](CO)[C@@H](O[C@@H]3O[C@H](CO[C@H]4O[C@H](CO[C@@H]5O[C@H](CO)[C@@H](O[C@@H]6O[C@H](CO)[C@H](O)[C@H](O)[C@H]6O)[C@@H](O)[C@H]5NC(C)=O)[C@@H](O)[C@H](O)[C@@H]4O[C@@H]4O[C@H](CO)[C@@H](O[C@@H]5O[C@H](CO)[C@H](O)[C@H](O)[C@H]5O)[C@H](O)[C@H]4NC(C)=O)[C@@H](O)[C@H](O[C@@H]4O[C@H](CO)[C@@H](O[C@@H]5O[C@H](CO)[C@@H](O[C@@H]6O[C@H](CO)[C@H](O)[C@H](O)[C@H]6O)[C@H](O[C@@H]6O[C@@H](C)[C@@H](O)[C@@H](O)[C@@H]6O)[C@H]5NC(C)=O)[C@H](O)[C@@H]4O[C@@H]4O[C@H](CO)[C@@H](O[C@@H]5O[C@H](CO)[C@H](O)[C@H](O)[C@H]5O)[C@H](O)[C@H]4NC(C)=O)[C@@H]3O)[C@H](O)[C@H]2NC(C)=O)[C@@H](CO)O[C@H]1O	1	1	C96H160N6O70	0.0	CHEBI_151607
CC(=O)N[C@@H]1[C@@H](O)[C@H](O[C@@H]2O[C@H](CO)[C@@H](O[C@@H]3O[C@H](CO[C@H]4O[C@H](CO[C@@H]5O[C@H](CO)[C@@H](O[C@@H]6O[C@H](CO)[C@H](O)[C@H](O)[C@H]6O)[C@@H](O)[C@H]5NC(C)=O)[C@@H](O)[C@H](O)[C@@H]4O[C@@H]4O[C@H](CO)[C@@H](O[C@@H]5O[C@H](CO)[C@H](O)[C@H](O)[C@H]5O)[C@H](O)[C@H]4NC(C)=O)[C@@H](O)[C@H](O[C@H]4O[C@H](CO)[C@@H](O[C@@H]5O[C@H](CO)[C@@H](O[C@@H]6O[C@H](CO)[C@H](O)[C@H](O)[C@H]6O)[C@H](O[C@@H]6O[C@@H](C)[C@@H](O)[C@@H](O)[C@@H]6O)[C@H]5NC(C)=O)[C@H](O)[C@@H]4O[C@@H]4O[C@H](CO)[C@@H](O[C@@H]5O[C@H](CO)[C@H](O)[C@H](O)[C@H]5O)[C@H](O)[C@H]4NC(C)=O)[C@@H]3O)[C@H](O)[C@H]2NC(C)=O)[C@@H](CO)O[C@H]1O	1	1	C96H160N6O70	0.0	CHEBI_155484
CC(=O)N[C@@H]1[C@@H](O)[C@H](O[C@@H]2O[C@H](CO)[C@@H](O[C@@H]3O[C@H](CO[C@H]4O[C@H](CO[C@@H]5O[C@H](CO)[C@@H](O[C@@H]6O[C@H](CO)[C@H](O)[C@H](O)[C@H]6O)[C@@H](O)[C@H]5NC(C)=O)[C@@H](O)[C@H](O)[C@@H]4O[C@@H]4O[C@H](CO)[C@@H](O[C@@H]5O[C@H](CO)[C@H](O)[C@H](O)[C@H]5O)[C@H](O)[C@H]4NC(C)=O)[C@@H](O)[C@H](O[C@H]4O[C@H](CO)[C@@H](O[C@@H]5O[C@H](CO)[C@@H](O[C@@H]6O[C@H](CO)[C@H](O)[C@H](O)[C@H]6O)[C@H](O[C@@H]6O[C@@H](C)[C@@H](O)[C@@H](O)[C@@H]6O)[C@H]5NC(C)=O)[C@H](O)[C@@H]4O[C@H]4O[C@H](CO)[C@@H](O[C@@H]5O[C@H](CO)[C@H](O)[C@H](O)[C@H]5O)[C@H](O)[C@H]4NC(C)=O)[C@@H]3O)[C@H](O)[C@H]2NC(C)=O)[C@@H](CO)O[C@H]1O	1	1	C96H160N6O70	0.0	CHEBI_152128
CC(=O)N[C@@H]1[C@@H](O)[C@H](O[C@@H]2O[C@H](CO)[C@@H](O[C@@H]3O[C@H](CO[C@H]4O[C@H](CO[C@@H]5O[C@H](CO)[C@@H](O[C@@H]6O[C@H](CO)[C@H](O)[C@H](O)[C@H]6O)[C@@H](O)[C@H]5NC(C)=O)[C@@H](O)[C@H](O)[C@@H]4O[C@@H]4O[C@H](CO)[C@@H](O[C@@H]5O[C@H](CO)[C@H](O)[C@H](O)[C@H]5O)[C@H](O)[C@H]4NC(C)=O)[C@@H](O[C@@H]4O[C@H](CO)[C@@H](O)[C@H](O)[C@H]4NC(C)=O)[C@H](O[C@H]4O[C@H](CO)[C@@H](O)[C@H](O)[C@@H]4O[C@@H]4O[C@H](CO)[C@@H](O[C@@H]5O[C@H](CO)[C@H](O)[C@H](O)[C@H]5O)[C@H](O)[C@H]4NC(C)=O)[C@@H]3O)[C@H](O)[C@H]2NC(C)=O)[C@@H](CO)O[C@H]1O	1	1	C84H140N6O61	0.0	CHEBI_151910
CC(=O)N[C@@H]1[C@@H](O)[C@H](O[C@@H]2O[C@H](CO)[C@@H](O[C@@H]3O[C@H](CO[C@H]4O[C@H](CO[C@@H]5O[C@H](CO)[C@@H](O[C@@H]6O[C@H](CO)[C@H](O)[C@H](O)[C@H]6O)[C@H](O)[C@H]5NC(C)=O)[C@@H](O)[C@H](O)[C@@H]4O[C@@H]4O[C@H](CO)[C@@H](O[C@@H]5O[C@H](CO[C@]6(C(=O)O)C[C@H](O)[C@@H](NC(=O)CO)[C@H]([C@H](O)[C@H](O)CO)O6)[C@H](O)[C@H](O)[C@H]5O)[C@H](O)[C@H]4NC(C)=O)[C@@H](O)[C@H](O[C@H]4O[C@H](CO)[C@@H](O[C@@H]5O[C@H](CO)[C@@H](O[C@@H]6O[C@H](CO[C@]7(C(=O)O)C[C@H](O)[C@@H](NC(C)=O)[C@H]([C@H](O)[C@H](O)CO)O7)[C@H](O)[C@H](O)[C@H]6O)[C@H](O)[C@H]5NC(C)=O)[C@H](O)[C@@H]4O[C@@H]4O[C@H](CO)[C@@H](O[C@@H]5O[C@H](CO[C@]6(C(=O)O)C[C@H](O)[C@@H](NC(C)=O)[C@H]([C@H](O)[C@H](O)CO)O6)[C@H](O)[C@H](O)[C@H]5O)[C@H](O)[C@H]4NC(C)=O)[C@@H]3O)[C@H](O)[C@H]2NC(C)=O)[C@@H](CO)O[C@H]1O	1	1	C123H201N9O91	0.0	CHEBI_150698
CC(=O)N[C@@H]1[C@@H](O)[C@H](O[C@@H]2O[C@H](CO)[C@@H](O[C@@H]3O[C@H](CO[C@H]4O[C@H](CO[C@@H]5O[C@H](CO)[C@@H](O[C@@H]6O[C@H](CO)[C@H](O)[C@H](O[C@]7(C(=O)O)C[C@H](O)[C@@H](NC(C)=O)[C@H]([C@H](O)[C@H](O)CO)O7)[C@H]6O)[C@H](O)[C@H]5NC(C)=O)[C@@H](O)[C@H](O)[C@@H]4O[C@@H]4O[C@H](CO)[C@@H](O)[C@H](O[C@@H]5O[C@H](CO)[C@H](O)[C@H](O[C@]6(C(=O)O)C[C@H](O)[C@@H](NC(C)=O)[C@H]([C@H](O)[C@H](O)CO)O6)[C@H]5O)[C@H]4NC(C)=O)[C@@H](O)[C@H](O[C@H]4O[C@H](CO)[C@@H](O[C@@H]5O[C@H](CO)[C@@H](O)[C@H](O[C@@H]6O[C@H](CO)[C@H](O)[C@H](O[C@]7(C(=O)O)C[C@H](O)[C@@H](NC(C)=O)[C@H]([C@H](O)[C@H](O)CO)O7)[C@H]6O)[C@H]5NC(C)=O)[C@H](O)[C@@H]4O[C@@H]4O[C@H](CO)[C@@H](O)[C@H](O[C@@H]5O[C@H](CO)[C@H](O)[C@H](O[C@]6(C(=O)O)C[C@H](O)[C@@H](NC(C)=O)[C@H]([C@H](O)[C@H](O)CO)O6)[C@H]5O)[C@H]4NC(C)=O)[C@@H]3O)[C@H](O)[C@H]2NC(C)=O)[C@@H](CO[C@@H]2O[C@@H](C)[C@@H](O)[C@@H](O)[C@@H]2O)O[C@H]1O	1	1	C140H228N10O102	0.0	CHEBI_157279
CC(=O)N[C@@H]1[C@@H](O)[C@H](O[C@@H]2O[C@H](CO)[C@@H](O[C@@H]3O[C@H](CO[C@H]4O[C@H](CO[C@@H]5O[C@H](CO)[C@@H](O[C@@H]6O[C@H](CO)[C@H](O)[C@H](O[C@]7(C(=O)O)C[C@H](O)[C@@H](NC(C)=O)[C@H]([C@H](O)[C@H](O)CO)O7)[C@H]6O)[C@H](O)[C@H]5NC(C)=O)[C@@H](O)[C@H](O)[C@@H]4O[C@@H]4O[C@H](CO)[C@@H](O[C@@H]5O[C@H](CO)[C@H](O)[C@H](O[C@]6(C(=O)O)C[C@H](O)[C@@H](NC(C)=O)[C@H]([C@H](O)[C@H](O)CO)O6)[C@@H]5O)[C@H](O)[C@H]4NC(C)=O)[C@@H](O)[C@H](O[C@H]4O[C@H](CO)[C@@H](O)[C@H](O)[C@@H]4O[C@@H]4O[C@H](CO)[C@@H](O[C@@H]5O[C@H](CO)[C@H](O)[C@H](O[C@]6(C(=O)O)C[C@H](O)[C@@H](NC(C)=O)[C@H]([C@H](O)[C@H](O)CO)O6)[C@H]5O)[C@H](O)[C@H]4NC(C)=O)[C@@H]3O)[C@H](O)[C@H]2NC(C)=O)[C@@H](CO[C@@H]2O[C@@H](C)[C@@H](O)[C@@H](O)[C@@H]2O)O[C@H]1O	1	1	C115H188N8O84	0.0	CHEBI_150977
CC(=O)N[C@@H]1[C@@H](O)[C@H](O[C@@H]2O[C@H](CO)[C@@H](O[C@@H]3O[C@H](CO[C@H]4O[C@H](CO[C@@H]5O[C@H](CO)[C@@H](O[C@@H]6O[C@H](CO)[C@H](O)[C@H](O[C@]7(C(=O)O)C[C@H](O)[C@@H](NC(C)=O)[C@H]([C@H](O)[C@H](O)CO)O7)[C@H]6O)[C@H](O)[C@H]5NC(C)=O)[C@@H](O)[C@H](O)[C@@H]4O[C@@H]4O[C@H](CO)[C@@H](O[C@@H]5O[C@H](CO[C@]6(C(=O)O)C[C@H](O)[C@@H](NC(C)=O)[C@H]([C@H](O)[C@H](O)CO)O6)[C@H](O)[C@H](O)[C@H]5O)[C@H](O)[C@H]4NC(C)=O)[C@@H](O[C@@H]4O[C@H](CO)[C@@H](O)[C@H](O)[C@H]4NC(C)=O)[C@H](O[C@H]4O[C@H](CO)[C@@H](O)[C@H](O)[C@@H]4O[C@@H]4O[C@H](CO)[C@@H](O[C@@H]5O[C@H](CO[C@]6(C(=O)O)C[C@H](O)[C@@H](NC(C)=O)[C@H]([C@H](O)[C@H](O)CO)O6)[C@H](O)[C@H](O)[C@H]5O)[C@H](O)[C@H]4NC(C)=O)[C@@H]3O)[C@H](O)[C@H]2NC(C)=O)[C@@H](CO[C@@H]2O[C@@H](C)[C@@H](O)[C@@H](O)[C@@H]2O)O[C@H]1O	1	1	C123H201N9O89	0.0	CHEBI_152411
CC(=O)N[C@@H]1[C@@H](O)[C@H](O[C@@H]2O[C@H](CO)[C@@H](O[C@@H]3O[C@H](CO[C@H]4O[C@H](CO[C@@H]5O[C@H](CO)[C@@H](O[C@H]6O[C@H](CO)[C@@H](O)[C@H](O)[C@H]6O)[C@@H](O)[C@H]5NC(C)=O)[C@@H](O)[C@H](O)[C@@H]4O[C@@H]4O[C@H](CO)[C@@H](O[C@@H]5O[C@H](CO)[C@H](O)[C@H](O)[C@H]5O)[C@H](O)[C@H]4NC(C)=O)[C@@H](O)[C@H](O[C@H]4O[C@H](CO)[C@@H](O[C@@H]5O[C@H](CO)[C@@H](O[C@@H]6O[C@H](CO)[C@H](O)[C@H](O)[C@H]6O)[C@H](O[C@@H]6O[C@@H](C)[C@@H](O)[C@@H](O)[C@@H]6O)[C@H]5NC(C)=O)[C@H](O)[C@@H]4O[C@H]4O[C@H](CO)[C@@H](O[C@@H]5O[C@H](CO)[C@H](O)[C@H](O)[C@H]5O)[C@H](O)[C@H]4NC(C)=O)[C@@H]3O)[C@H](O)[C@H]2NC(C)=O)[C@@H](CO)O[C@H]1O	1	1	C96H160N6O70	0.0	CHEBI_151508
CC(=O)N[C@@H]1[C@@H](O)[C@H](O[C@@H]2O[C@H](CO)[C@@H](O[C@@H]3O[C@H](CO[C@H]4O[C@H](CO[C@@H]5O[C@H](CO)[C@H](O[C@H]6O[C@H](CO)[C@@H](O)[C@H](O)[C@H]6O)[C@H](O)[C@H]5NC(C)=O)[C@@H](O)[C@H](O)[C@@H]4O[C@@H]4O[C@H](CO)[C@@H](O[C@@H]5O[C@H](CO)[C@H](O)[C@H](O)[C@H]5O)[C@H](O)[C@H]4NC(C)=O)[C@@H](O)[C@H](O[C@H]4O[C@H](CO)[C@@H](O[C@@H]5O[C@H](CO)[C@@H](O[C@@H]6O[C@H](CO)[C@H](O)[C@H](O)[C@H]6O)[C@H](O[C@@H]6O[C@@H](C)[C@@H](O)[C@@H](O)[C@@H]6O)[C@H]5NC(C)=O)[C@H](O)[C@@H]4O[C@H]4O[C@H](CO)[C@@H](O[C@@H]5O[C@H](CO)[C@H](O)[C@H](O)[C@H]5O)[C@H](O)[C@H]4NC(C)=O)[C@@H]3O)[C@H](O)[C@H]2NC(C)=O)[C@@H](CO)O[C@H]1O	1	1	C96H160N6O70	0.0	CHEBI_149125
CC(=O)N[C@@H]1[C@@H](O)[C@H](O[C@@H]2O[C@H](CO)[C@@H](O[C@@H]3O[C@H](CO[C@H]4O[C@H](CO[C@H]5O[C@H](CO)[C@@H](O)[C@H](O)[C@@H]5O)[C@@H](O)[C@H](O[C@@H]5O[C@H](CO)[C@@H](O)[C@H](O)[C@@H]5O)[C@@H]4O)[C@@H](O)[C@H](O)[C@@H]3O)[C@H](O)[C@H]2NC(C)=O)[C@@H](CO)O[C@H]1O	1	1	C40H68N2O31	0.0	CHEBI_151660
CC(=O)N[C@@H]1[C@@H](O)[C@H](O[C@@H]2O[C@H](CO)[C@@H](O[C@@H]3O[C@H](CO[C@H]4O[C@H](CO[C@H]5O[C@H](CO)[C@@H](O)[C@H](O)[C@@H]5O)[C@@H](O)[C@H](O[C@H]5O[C@H](CO)[C@@H](O)[C@H](O)[C@@H]5O)[C@@H]4O)[C@@H](O)[C@H](O[C@H]4O[C@H](CO[C@H]5O[C@H](CO)[C@@H](O)[C@H](O)[C@@H]5O[C@H]5O[C@H](CO)[C@@H](O)[C@H](O[C@H]6O[C@H](CO)[C@@H](O)[C@H](O)[C@@H]6O)[C@@H]5O)[C@@H](O)[C@H](O)[C@@H]4O[C@H]4O[C@H](CO)[C@@H](O)[C@H](O)[C@@H]4O[C@H]4O[C@H](CO)[C@@H](O)[C@H](O[C@H]5O[C@H](CO)[C@@H](O)[C@H](O)[C@@H]5O)[C@@H]4O)[C@@H]3O)[C@H](O)[C@H]2NC(C)=O)[C@@H](CO)O[C@H]1O	1	1	C82H138N2O66	0.0	CHEBI_149393
CC(=O)N[C@@H]1[C@@H](O)[C@H](O[C@@H]2O[C@H](CO)[C@@H](O[C@@H]3O[C@H](CO[C@H]4O[C@H](CO[C@H]5O[C@H](CO)[C@@H](O)[C@H](O)[C@@H]5O)[C@@H](O)[C@H](O[C@H]5O[C@H](CO)[C@@H](O)[C@H](O)[C@@H]5O)[C@@H]4O)[C@@H](OC4O[C@H](CO)[C@@H](O)[C@H](O)[C@@H]4NC(C)=O)[C@H](O[C@H]4O[C@H](CO[C@H]5O[C@H](CO)[C@@H](O)[C@H](O)[C@@H]5O)[C@@H](O)[C@H](OC5O[C@H](CO)[C@@H](O)[C@H](O)[C@H]5NC(C)=O)[C@@H]4O)[C@@H]3O)[C@H](O)[C@H]2NC(C)=O)[C@@H](CO)O[C@H]1O	1	1	C68H114N4O51	0.0	CHEBI_152886
CC(=O)N[C@@H]1[C@@H](O)[C@H](O[C@@H]2O[C@H](CO)[C@@H](O[C@@H]3O[C@H](CO[C@H]4O[C@H](CO[C@H]5O[C@H](CO)[C@@H](O)[C@H](O)[C@@H]5O[C@H]5O[C@H](CO)[C@@H](O)[C@H](O)[C@@H]5O)[C@@H](O)[C@H](O[C@H]5O[C@H](CO)[C@@H](O)[C@H](O)[C@@H]5O)[C@@H]4O)[C@@H](O)[C@H](O[C@H]4O[C@H](CO[C@H]5O[C@H](CO[C@H]6O[C@H](CO)[C@@H](O)[C@H](O)[C@@H]6O)[C@@H](O)[C@H](O)[C@@H]5O[C@H]5O[C@H](CO)[C@@H](O)[C@H](O)[C@@H]5O)[C@@H](O)[C@H](O)[C@@H]4O[C@H]4O[C@H](CO)[C@@H](O)[C@H](O)[C@@H]4O[C@H]4O[C@H](CO)[C@@H](O)[C@H](O)[C@@H]4O)[C@@H]3O)[C@H](O)[C@H]2NC(C)=O)[C@@H](CO)O[C@H]1O	1	1	C82H138N2O66	0.0	CHEBI_155724
CC(=O)N[C@@H]1[C@@H](O)[C@H](O[C@@H]2O[C@H](CO)[C@@H](O[C@@H]3O[C@H](CO[C@H]4O[C@H](CO[C@H]5O[C@H](CO)[C@@H](O)[C@H](O)[C@@H]5O[C@H]5O[C@H](CO)[C@@H](O)[C@H](O)[C@@H]5O)[C@@H](O)[C@H](O[C@H]5O[C@H](CO)[C@@H](O)[C@H](O)[C@@H]5O[C@H]5O[C@H](CO)[C@@H](O)[C@H](O)[C@@H]5O[C@H]5O[C@H](CO)[C@H](O)[C@H](O)[C@H]5O)[C@@H]4O)[C@@H](O)[C@H](O[C@H]4O[C@H](CO)[C@@H](O)[C@H](O)[C@@H]4O[C@H]4O[C@H](CO)[C@@H](O)[C@H](O)[C@@H]4O[C@H]4O[C@H](CO)[C@@H](O)[C@H](O)[C@@H]4O)[C@@H]3O)[C@H](O)[C@H]2NC(C)=O)[C@@H](CO)O[C@H]1O	1	1	C76H128N2O61	0.0	CHEBI_156907
CC(=O)N[C@@H]1[C@@H](O)[C@H](O[C@@H]2O[C@H](CO)[C@H](O)[C@H](O)[C@H]2O[C@@H]2O[C@@H](C)C[C@@H](O)[C@@H]2O)[C@@H](CO)O[C@H]1O	1	1	C20H35NO14	0.0	CHEBI_152159
CC(=O)N[C@@H]1[C@@H](O)[C@H](O[C@@H]2O[C@H](CO)[C@H](O)[C@H](O[C@@H]3O[C@H](C(=O)O)[C@@H](O)[C@H](OS(=O)(=O)O)[C@H]3O)[C@H]2O)[C@@H](CO)O[C@H]1O	1	1	C20H33NO20S	0.0	CHEBI_156679
CC(=O)N[C@@H]1[C@@H](O)[C@H](O[C@@H]2O[C@H](CO[C@H]3O[C@H](CO)[C@@H](O)[C@H](O)[C@@H]3O)[C@@H](O)[C@H](O[C@H]3O[C@H](CO)[C@@H](O)[C@H](O)[C@@H]3O[C@@H]3O[C@H](CO)[C@@H](O[C@@H]4O[C@H](CO)[C@H](O)[C@H](O)[C@H]4O)[C@H](O)[C@H]3NC(C)=O)[C@@H]2O)[C@@H](CO)O[C@H]1O	1	1	C40H68N2O31	0.0	CHEBI_153615
CC(=O)N[C@@H]1[C@@H](O)[C@H](O[C@@H]2O[C@H](CO[C@H]3O[C@H](CO)[C@@H](O)[C@H](O)[C@@H]3O)[C@@H](O)[C@H](O[C@H]3O[C@H](CO)[C@@H](O)[C@H](O)[C@@H]3O[C@H]3O[C@H](CO)[C@@H](O)[C@H](O)[C@@H]3O)[C@@H]2O)[C@@H](CO)O[C@@H]1O	1	1	C32H55NO26	0.0	CHEBI_153778
CC(=O)N[C@@H]1[C@@H](O)[C@H](O[C@@H]2O[C@H](CO[C@H]3O[C@H](CO)[C@@H](O)[C@H](O)[C@@H]3O)[C@@H](O)[C@H](O[C@H]3O[C@H](CO)[C@@H](O)[C@H](O)[C@@H]3O[C@H]3O[C@H](CO)[C@@H](O)[C@H](O)[C@@H]3O)[C@@H]2O)[C@@H](CO)O[C@H]1O	1	1	C32H55NO26	0.0	CHEBI_155411
CC(=O)N[C@@H]1[C@@H](O)[C@H](O[C@@H]2O[C@H](CO[C@H]3O[C@H](CO[C@@H]4O[C@H](CO)[C@@H](O[C@@H]5O[C@H](CO)[C@H](O)[C@H](O)[C@H]5O)[C@@H](O)[C@H]4NC(C)=O)[C@@H](O)[C@H](O)[C@@H]3O[C@@H]3O[C@H](CO)[C@@H](O[C@@H]4O[C@H](CO)[C@H](O)[C@H](O)[C@H]4O)[C@H](O)[C@H]3NC(C)=O)[C@@H](O)[C@H](O[C@H]3O[C@H](CO[C@@H]4O[C@H](CO)[C@@H](O[C@@H]5O[C@H](CO)[C@H](O)[C@H](O)[C@H]5O)[C@H](O)[C@H]4NC(C)=O)[C@@H](O)[C@H](O)[C@@H]3O[C@@H]3O[C@H](CO)[C@@H](O[C@@H]4O[C@H](CO)[C@H](O)[C@H](O)[C@H]4O)[C@H](O)[C@H]3NC(C)=O)[C@@H]2O)[C@@H](CO)O[C@H]1O	1	1	C82H137N5O61	0.0	CHEBI_152423
CC(=O)N[C@@H]1[C@@H](O)[C@H](O[C@H]2OC(C(=O)O)=C(O)[C@H](O)[C@H]2O)[C@@H](CO)O[C@H]1O	1	1	C14H21NO12	0.0	CHEBI_151184
CC(=O)N[C@@H]1[C@@H](O[C@@H]2OC(C(=O)O)=C(O)[C@H](O)[C@H]2O)[C@@H](O)[C@@H](COS(=O)(=O)O)O[C@H]1O	1	1	C14H21NO15S	0.0	CHEBI_147148
CC(=O)N[C@@H]1[C@@H](O[C@@H]2O[C@@H](C)[C@@H](O)[C@@H](O)[C@@H]2O)[C@H](O[C@@H]2O[C@H](CO)[C@@H](O[C@@H]3O[C@H](CO[C@@H]4O[C@H](CO)[C@@H](O)[C@H](O)[C@@H]4O)[C@@H](O)[C@H](O[C@@H]4O[C@H](CO)[C@@H](O)[C@H](O)[C@@H]4O)[C@@H]3O)[C@H](O)[C@H]2NC(C)=O)[C@@H](CO[C@H]2O[C@@H](C)[C@@H](O)[C@@H](O)[C@@H]2O)O[C@H]1O	1	1	C46H78N2O34	0.0	CHEBI_153352
CC(=O)N[C@@H]1[C@@H](O[C@@H]2O[C@@H](C)[C@@H](O)[C@@H](O)[C@@H]2O)[C@H](O[C@@H]2O[C@H](CO)[C@@H](O[C@@H]3O[C@H](CO[C@@H]4O[C@H](CO)[C@@H](O)[C@H](O)[C@@H]4O)[C@@H](O)[C@H](O[C@H]4O[C@H](CO)[C@@H](O)[C@H](O)[C@@H]4O)[C@@H]3O)[C@H](O)[C@H]2NC(C)=O)[C@@H](CO[C@@H]2O[C@@H](C)[C@@H](O)[C@@H](O)[C@@H]2O)O[C@H]1O	1	1	C46H78N2O34	0.0	CHEBI_148115
CC(=O)N[C@@H]1[C@@H](O[C@@H]2O[C@@H](C)[C@H](O)[C@@H](O[C@@H]3O[C@@H](C)[C@H](O)[C@@H](O)[C@H]3O)[C@H]2O)[C@H](O)[C@@H](CO)O[C@H]1O	1	1	C20H35NO14	0.0	CHEBI_59310
CC(=O)N[C@@H]1[C@@H](O[C@@H]2O[C@@H](C)[C@H](O[C@H]3O[C@H](CO)[C@@H](O)[C@H](O)[C@H]3O)[C@@H](O[C@@H]3O[C@@H](C)[C@H](O)[C@@H](O)[C@H]3O[C@@H]3O[C@@H](C)[C@H](O)[C@@H](O)[C@H]3O[C@@H]3O[C@H](CO)[C@@H](O)[C@H](O[C@@H]4O[C@@H](C)[C@H](O[C@H]5O[C@H](CO)[C@@H](O)[C@H](O)[C@H]5O)[C@@H](O[C@@H]5O[C@@H](C)[C@H](O)[C@@H](O)[C@H]5O[C@@H]5O[C@@H](C)[C@H](O)[C@@H](O)[C@H]5O[C@@H]5O[C@H](CO)[C@@H](O)[C@H](O[C@@H]6O[C@@H](C)[C@H](O[C@H]7O[C@H](CO)[C@@H](O)[C@H](O)[C@H]7O)[C@@H](O[C@@H]7O[C@@H](C)[C@H](O)[C@@H](O)[C@H]7O[C@@H]7O[C@@H](C)[C@H](O)[C@@H](O)[C@H]7O)[C@H]6O)[C@H]5NC(C)=O)[C@H]4O)[C@H]3NC(C)=O)[C@H]2O)[C@H](O)[C@@H](CO)O[C@H]1O	1	1	C96H161N3O67	0.0	CHEBI_59379
CC(=O)N[C@@H]1[C@@H](O[C@@H]2O[C@H](C(=O)O)[C@@H](O[C@@H]3O[C@H](CO)[C@@H](O)[C@H](O)[C@H]3NC(C)=O)[C@H](O)[C@H]2O)[C@H](O)[C@@H](CO)O[C@H]1O	1	1	C22H36N2O17	0.0	CHEBI_145624
CC(=O)N[C@@H]1[C@@H](O[C@@H]2O[C@H](CO)[C@@H](O)[C@H](O[C@@H]3O[C@H](CO)[C@H](O)[C@H](O)[C@H]3O)[C@H]2NC(C)=O)[C@@H](O)[C@@H](CO[C@@H]2O[C@H](CO)[C@@H](O[C@@H]3O[C@H](CO)[C@H](O)[C@H](O[C@]4(C(=O)O)C[C@H](O)[C@@H](NC(C)=O)[C@H]([C@H](O)[C@H](O)CO)O4)[C@H]3O)[C@H](O[C@@H]3O[C@@H](C)[C@@H](O)[C@@H](O)[C@@H]3O)[C@H]2NC(C)=O)O[C@@H]1O	1	1	C53H88N4O38	0.0	CHEBI_148455
CC(=O)N[C@@H]1[C@@H](O[C@@H]2O[C@H](CO)[C@@H](O[C@@H]3O[C@H](CO)[C@H](O)[C@H](O)[C@H]3O)[C@H](O[C@@H]3O[C@@H](C)[C@@H](O)[C@@H](O)[C@@H]3O)[C@H]2NC(C)=O)[C@@H](O)[C@@H](CO[C@@H]2O[C@H](CO)[C@@H](O[C@@H]3O[C@H](CO)[C@H](O)[C@H](O)[C@H]3O)[C@H](O)[C@H]2NC(C)=O)O[C@@H]1O	1	1	C42H71N3O30	0.0	CHEBI_147195
CC(=O)N[C@@H]1[C@@H](O[C@@H]2O[C@H](CO)[C@@H](O[C@@H]3O[C@H](CO)[C@H](O)[C@H](O[C@@H]4O[C@H](CO)[C@@H](O[C@@H]5O[C@H](CO)[C@H](O)[C@H](O)[C@H]5O)[C@H](O)[C@H]4NC(C)=O)[C@H]3O)[C@H](O)[C@H]2NC(C)=O)[C@@H](O)[C@@H](CO)O[C@@H]1O	1	1	C36H61N3O26	0.0	CHEBI_90401
CC(=O)N[C@@H]1[C@@H](O[C@@H]2O[C@H](CO)[C@@H](O[C@@H]3O[C@H](CO)[C@H](O)[C@H](O[C@@H]4O[C@H](CO)[C@@H](O[C@@H]5O[C@H](CO)[C@H](O)[C@H](O)[C@H]5O)[C@H](O)[C@H]4NC(C)=O)[C@H]3O)[C@H](O)[C@H]2NC(C)=O)[C@@H](O)[C@@H](CO)O[C@H]1O	1	1	C36H61N3O26	0.0	CHEBI_156923
CC(=O)N[C@@H]1[C@@H](O[C@@H]2O[C@H](CO)[C@@H](O[C@@H]3O[C@H](COS(=O)(=O)O)[C@H](O)[C@H](O)[C@H]3O)[C@H](O)[C@H]2NC(C)=O)[C@@H](O)[C@@H](CO)O[C@@H]1O	1	1	C22H38N2O19S	0.0	CHEBI_156701
CC(=O)N[C@@H]1[C@@H](O[C@@H]2O[C@H](CO)[C@@H](O[C@@H]3O[C@H](COS(=O)(=O)O)[C@H](O)[C@H](O)[C@H]3O)[C@H](O)[C@H]2NC(C)=O)[C@@H](O)[C@@H](CO)O[C@H]1O	1	1	C22H38N2O19S	0.0	CHEBI_156613
CC(=O)N[C@@H]1[C@@H](O[C@@H]2O[C@H](CO)[C@H](O)[C@H](O)[C@H]2NC(C)=O)[C@@H](O)[C@@H](CO[C@H]2O[C@H](CO)[C@H](O)[C@H](O)[C@H]2O)O[C@@H]1O	1	1	C22H38N2O16	0.0	CHEBI_155371
CC(=O)N[C@@H]1[C@@H](O[C@@H]2O[C@H](CO)[C@H](O)[C@H](OS(=O)(=O)O)[C@H]2O)[C@H](O[C@@H]2O[C@@H](C)[C@@H](O)[C@@H](O)[C@@H]2O)[C@@H](CO)O[C@H]1O	1	1	C20H35NO18S	0.0	CHEBI_65149
CC(=O)N[C@@H]1[C@@H](O[C@@H]2O[C@H](CO)[C@H](O)[C@H](O[C@@H]3O[C@H](CO)[C@H](O)[C@H](O)[C@H]3O[C@@H]3O[C@@H](C)[C@@H](O)[C@@H](O)[C@@H]3O)[C@H]2O[C@@H]2O[C@@H](C)[C@@H](O)[C@@H](O)[C@H]2O)[C@@H](O)[C@@H](CO[C@@H]2O[C@H](CO)[C@@H](O[C@@H]3O[C@@H](C)[C@@H](O)[C@@H](O)[C@@H]3O)[C@H](O[C@@H]3O[C@H](CO)[C@@H](O)[C@H](O)[C@H]3NC(C)=O)[C@H]2NC(C)=O)O[C@@H]1O	1	1	C54H91N3O38	0.0	CHEBI_157017
CC(=O)N[C@@H]1[C@@H](O[C@@H]2O[C@H](CO)[C@H](O)[C@H](O[C@H]3O[C@H](CO)[C@H](O)[C@H](O)[C@H]3O)[C@H]2O[C@@H]2O[C@@H](C)[C@@H](O)[C@@H](O)[C@@H]2O)[C@H](O[C@@H]2O[C@@H](C)[C@@H](O)[C@@H](O)[C@@H]2O)[C@@H](CO)O[C@H]1O	1	1	C32H55NO24	0.0	CHEBI_63235
CC(=O)N[C@@H]1[C@@H](O[C@@H]2O[C@H](CO)[C@H](O)[C@H](O[C@]3(C(=O)O)C[C@H](O)[C@@H](N)[C@H]([C@H](O)[C@H](O)CO)O3)[C@H]2O)[C@@H](O)[C@@H](CO)O[C@@H]1O	1	1	C23H40N2O18	0.0	CHEBI_154550
CC(=O)N[C@@H]1[C@@H](O[C@@H]2O[C@H](CO)[C@H](O[C@@H]3O[C@@H](C)[C@@H](O)[C@@H](O)[C@@H]3O)[C@H](O)[C@H]2O[C@@H]2O[C@@H](C)[C@@H](O)[C@@H](O)[C@@H]2O)[C@H](O)[C@@H](CO)O[C@H]1O	1	1	C26H45NO19	0.0	CHEBI_147988
CC(=O)N[C@@H]1[C@@H](O[C@@H]2O[C@H](CO)[C@H](O[C@@H]3O[C@H](CO)[C@H](O)[C@H](O)[C@H]3O)[C@H](O[C@]3(C(=O)O)C[C@H](O)[C@@H](NC(C)=O)[C@H]([C@H](O)[C@H](O)CO)O3)[C@H]2O)[C@@H](O)[C@@H](CO[C@@H]2O[C@H](CO)[C@@H](O)[C@H](O[C@@H]3O[C@H](CO)[C@@H](O)[C@H](O)[C@H]3NC(C)=O)[C@H]2NC(C)=O)O[C@@H]1O	1	1	C47H78N4O34	0.0	CHEBI_157046
CC(=O)N[C@@H]1[C@@H](O[C@@H]2O[C@H](CO[C@@H]3O[C@H](CO)[C@@H](O)[C@H](O)[C@H]3NC(C)=O)[C@H](O)[C@H](O[C@@H]3O[C@H](CO)[C@@H](O[C@@H]4O[C@H](CO)[C@H](O)[C@H](O)[C@H]4O[C@@H]4O[C@@H](C)[C@@H](O)[C@@H](O)[C@@H]4O)[C@H](O)[C@H]3NC(C)=O)[C@H]2O)[C@@H](O)[C@@H](CO[C@@H]2O[C@H](CO)[C@@H](O[C@@H]3O[C@H](CO)[C@H](O)[C@H](O)[C@H]3O[C@@H]3O[C@@H](C)[C@@H](O)[C@@H](O)[C@@H]3O)[C@H](O)[C@H]2NC(C)=O)O[C@@H]1O	1	1	C62H104N4O44	0.0	CHEBI_150433
CC(=O)N[C@@H]1[C@H](O[C@@H]2[C@@H](O[C@@H]3[C@H](O)[C@H](O[C@H]4[C@H](O)[C@@H](NC(C)=O)[C@H](O[C@@H]([C@H](O)[C@H](CO)NC(C)=O)[C@H](O)CO[C@@H]5O[C@@H](C)[C@@H](O)[C@@H](O)[C@@H]5O)O[C@@H]4CO)O[C@H](CO[C@H]4O[C@H](CO[C@@H]5O[C@H](CO)[C@@H](O)[C@H](O)[C@H]5NC(C)=O)[C@@H](O)[C@H](O)[C@@H]4O[C@@H]4O[C@H](CO)[C@@H](O)[C@H](O)[C@H]4NC(C)=O)[C@H]3O)O[C@H](CO)[C@@H](O[C@@H]3O[C@H](CO)[C@@H](O[C@@H]4O[C@H](CO)[C@H](O)[C@H](O)[C@H]4O)[C@H](O)[C@H]3NC(C)=O)[C@@H]2O)O[C@H](CO)[C@@H](O[C@@H]2O[C@H](CO)[C@H](O)[C@H](O)[C@H]2O)[C@@H]1O	1	1	C84H142N6O60	0.0	CHEBI_154037
CC(=O)N[C@@H]1[C@H](O[C@@H]2[C@@H](O[C@@H]3[C@H](O)[C@H](O[C@H]4[C@H](O)[C@@H](NC(C)=O)[C@H](O[C@H]5[C@H](O)[C@@H](NC(C)=O)C(O)O[C@@H]5CO)O[C@@H]4CO)O[C@H](CO[C@H]4O[C@H](CO)[C@@H](O)[C@H](O)[C@@H]4O[C@@H]4O[C@H](CO)[C@@H](O[C@@H]5O[C@H](CO[C@]6(C(=O)O)C[C@H](O)[C@@H](NC(C)=O)[C@H]([C@H](O)[C@H](O)CO)O6)[C@H](O)[C@H](O)[C@H]5O)[C@H](O)[C@H]4NC(C)=O)[C@H]3O)O[C@H](CO)[C@@H](O[C@@H]3O[C@H](CO)[C@@H](O[C@@H]4O[C@H](CO)[C@H](O)[C@H](O[C@]5(C(=O)O)C[C@H](O)[C@@H](NC(C)=O)[C@H]([C@H](O)[C@H](O)CO)O5)[C@H]4O)[C@H](O)[C@H]3NC(C)=O)[C@@H]2O)O[C@H](CO[C@]2(C(=O)O)C[C@H](O)[C@@H](NC(C)=O)[C@H]([C@H](O)[C@H](O)CO)O2)[C@@H](O[C@@H]2O[C@H](CO[C@]3(C(=O)O)C[C@H](O)[C@@H](NC(C)=O)[C@H]([C@H](O)[C@H](O)CO)O3)[C@H](O)[C@H](O)[C@H]2O)[C@@H]1O	1	1	C120H195N9O88	0.0	CHEBI_152603
CC(=O)N[C@@H]1[C@H](O[C@@H]2[C@@H](O[C@@H]3[C@H](O)[C@H](O[C@H]4[C@H](O)[C@@H](NC(C)=O)[C@H](O[C@H]5[C@H](O)[C@@H](NC(C)=O)C(O)O[C@@H]5CO[C@@H]5O[C@@H](C)[C@@H](O)[C@@H](O)[C@@H]5O)O[C@@H]4CO)O[C@H](CO[C@H]4O[C@H](CO)[C@@H](O)[C@H](O)[C@@H]4O[C@@H]4O[C@H](CO)[C@@H](O[C@@H]5O[C@H](CO)[C@H](O)[C@H](O)[C@H]5NC(C)=O)[C@H](O)[C@H]4NC(C)=O)[C@H]3O)O[C@H](CO)[C@@H](O[C@@H]3O[C@H](CO)[C@@H](O)[C@H](O)[C@H]3NC(C)=O)[C@@H]2O)O[C@H](CO)[C@@H](O[C@@H]2O[C@H](CO)[C@H](O)[C@H](O)[C@H]2NC(C)=O)[C@@H]1O	1	1	C80H133N7O55	0.0	CHEBI_154605
CC(=O)N[C@@H]1[C@H](O[C@@H]2[C@@H](O[C@@H]3[C@H](O)[C@H](O[C@H]4[C@H](O)[C@@H](NC(C)=O)[C@H](O[C@H]5[C@H](O)[C@@H](NC(C)=O)C(O)O[C@@H]5CO[C@@H]5O[C@@H](C)[C@@H](O)[C@@H](O)[C@@H]5O)O[C@@H]4CO)O[C@H](CO[C@H]4O[C@H](CO)[C@@H](O)[C@H](O)[C@@H]4O[C@@H]4O[C@H](CO)[C@@H](O[C@@H]5O[C@H](CO)[C@H](O)[C@H](O)[C@H]5O)[C@H](O)[C@H]4NC(C)=O)[C@H]3O)O[C@H](CO)[C@@H](O)[C@@H]2O)O[C@H](CO)[C@@H](O[C@@H]2O[C@H](CO)[C@H](O)[C@H](O)[C@H]2O[C@@H]2O[C@@H](C)[C@@H](O)[C@@H](O)[C@@H]2O)[C@@H]1O	1	1	C74H124N4O54	0.0	CHEBI_156750
CC(=O)N[C@@H]1[C@H](O[C@@H]2[C@@H](O[C@@H]3[C@H](O)[C@H](O[C@H]4[C@H](O)[C@@H](NC(C)=O)[C@H](O[C@H]5[C@H](O)[C@@H](NC(C)=O)C(O)O[C@@H]5CO[C@@H]5O[C@@H](C)[C@@H](O)[C@@H](O)[C@@H]5O)O[C@@H]4CO)O[C@H](CO[C@H]4O[C@H](CO)[C@@H](O)[C@H](O)[C@@H]4O[C@@H]4O[C@H](CO)[C@@H](O[C@@H]5O[C@H](CO)[C@H](O)[C@H](OS(=O)(=O)O)[C@H]5O)[C@H](O)[C@H]4NC(C)=O)[C@H]3O)O[C@H](CO)[C@@H](O)[C@@H]2O)O[C@H](CO)[C@@H](O[C@@H]2O[C@H](CO)[C@H](OS(=O)(=O)O)[C@H](O)[C@H]2NC(C)=O)[C@@H]1O	1	1	C70H117N5O56S2	0.0	CHEBI_151956
CC(=O)N[C@@H]1[C@H](O[C@@H]2[C@@H](O[C@@H]3[C@H](O)[C@H](O[C@H]4[C@H](O)[C@@H](NC(C)=O)[C@H](O[C@H]5[C@H](O)[C@@H](NC(C)=O)C(O)O[C@@H]5CO[C@@H]5O[C@@H](C)[C@@H](O)[C@@H](O)[C@@H]5O)O[C@@H]4CO)O[C@H](CO[C@H]4O[C@H](CO)[C@@H](O)[C@H](O)[C@@H]4O[C@@H]4O[C@H](CO)[C@@H](O[C@@H]5O[C@H](CO)[C@H](O)[C@H](O[C@H]6O[C@H](CO)[C@H](O)[C@H](O)[C@H]6NC(C)=O)[C@H]5O[C@@H]5O[C@@H](C)[C@@H](O)[C@@H](O)[C@@H]5O)[C@H](O)[C@H]4NC(C)=O)[C@H]3O)O[C@H](CO)[C@@H](O)[C@@H]2O)O[C@H](CO)[C@@H](O[C@@H]2O[C@H](CO)[C@H](O)[C@H](O)[C@H]2O)[C@@H]1O	1	1	C82H137N5O59	0.0	CHEBI_151359
CC(=O)N[C@@H]1[C@H](O[C@@H]2[C@@H](O[C@@H]3[C@H](O)[C@H](O[C@H]4[C@H](O)[C@@H](NC(C)=O)[C@H](O[C@H]5[C@H](O)[C@@H](NC(C)=O)C(O)O[C@@H]5CO[C@@H]5O[C@@H](C)[C@@H](O)[C@@H](O)[C@@H]5O)O[C@@H]4CO)O[C@H](CO[C@H]4O[C@H](CO)[C@@H](O)[C@H](O)[C@@H]4O[C@@H]4O[C@H](CO)[C@@H](O[C@@H]5O[C@H](CO[C@]6(C(=O)O)C[C@H](O)[C@@H](NC(C)=O)[C@H]([C@H](O)[C@H](O)CO)O6)[C@H](O)[C@H](O)[C@H]5NC(C)=O)[C@H](O)[C@H]4NC(C)=O)[C@H]3O)O[C@H](CO)[C@@H](O)[C@@H]2O)O[C@H](CO)[C@@H](O[C@@H]2O[C@H](CO)[C@H](O)[C@H](O)[C@H]2NC(C)=O)[C@@H]1O	1	1	C83H137N7O58	0.0	CHEBI_152082
CC(=O)N[C@@H]1[C@H](O[C@@H]2[C@@H](O[C@@H]3[C@H](O)[C@H](O[C@H]4[C@H](O)[C@@H](NC(C)=O)[C@H](O[C@H]5[C@H](O)[C@@H](NC(C)=O)[C@H](O)O[C@@H]5CO)O[C@@H]4CO)O[C@H](CO[C@H]4O[C@H](CO)[C@@H](O)[C@H](O)[C@@H]4O[C@@H]4O[C@H](CO)[C@@H](O[C@@H]5O[C@H](CO)[C@H](O)[C@H](O[C@H]6O[C@H](CO)[C@H](O)[C@H](O)[C@H]6O)[C@H]5O)[C@H](O)[C@H]4NC(C)=O)[C@H]3O[C@@H]3O[C@H](CO)[C@@H](O)[C@H](O)[C@H]3NC(C)=O)O[C@H](CO)[C@@H](O)[C@@H]2O)O[C@H](CO)[C@@H](O[C@@H]2O[C@H](CO)[C@H](O)[C@H](O[C@]3(C(=O)O)C[C@H](O)[C@@H](NC(C)=O)[C@H]([C@H](O)[C@H](O)CO)O3)[C@H]2O)[C@@H]1O	1	1	C87H144N6O64	0.0	CHEBI_156766
CC(=O)N[C@@H]1[C@H](O[C@@H]2[C@@H](O[C@@H]3[C@H](O)[C@H](O[C@H]4[C@H](O)[C@@H](NC(C)=O)[C@H](O[C@H]5[C@H](O)[C@@H](NC(C)=O)[C@H](O)O[C@@H]5CO)O[C@@H]4CO)O[C@H](CO[C@H]4O[C@H](CO)[C@@H](O)[C@H](O)[C@@H]4O[C@@H]4O[C@H](CO)[C@@H](O[C@@H]5O[C@H](CO[C@]6(C(=O)O)C[C@H](O)[C@@H](NC(C)=O)[C@H]([C@H](O)[C@H](O)CO)O6)[C@H](O)[C@H](O)[C@H]5O)[C@H](O)[C@H]4NC(C)=O)[C@H]3O)O[C@H](CO)[C@@H](O[C@@H]3O[C@H](CO)[C@@H](O[C@@H]4O[C@H](CO)[C@H](O)[C@H](O[C@]5(C(=O)O)C[C@H](O)[C@@H](NC(C)=O)[C@H]([C@H](O)[C@H](O)CO)O5)[C@H]4O)[C@H](O)[C@H]3NC(C)=O)[C@@H]2O)O[C@H](CO[C@]2(C(=O)O)C[C@H](O)[C@@H](NC(C)=O)[C@H]([C@H](O)[C@H](O)CO)O2)[C@@H](O[C@@H]2O[C@H](CO[C@]3(C(=O)O)C[C@H](O)[C@@H](NC(C)=O)[C@H]([C@H](O)[C@H](O)CO)O3)[C@H](O)[C@H](O)[C@H]2O)[C@@H]1O	1	1	C120H195N9O88	0.0	CHEBI_155197
CC(=O)N[C@@H]1[C@H](O[C@@H]2[C@@H](O[C@@H]3[C@H](O)[C@H](O[C@H]4[C@H](O)[C@@H](NC(C)=O)[C@H](O[C@H]5[C@H](O)[C@@H](NC(C)=O)[C@H](O)O[C@@H]5CO[C@@H]5O[C@@H](C)[C@@H](O)[C@@H](O)[C@@H]5O)O[C@@H]4CO)O[C@H](CO[C@H]4O[C@H](CO)[C@@H](O)[C@H](O)[C@@H]4O[C@@H]4O[C@H](CO)[C@@H](O[C@@H]5O[C@H](CO)[C@H](O)[C@H](O)[C@H]5NC(C)=O)[C@H](O)[C@H]4NC(C)=O)[C@H]3O)O[C@H](CO)[C@@H](O[C@@H]3O[C@H](CO)[C@@H](O)[C@H](O)[C@H]3NC(C)=O)[C@@H]2O)O[C@H](CO)[C@@H](O[C@@H]2O[C@H](CO)[C@H](O)[C@H](O)[C@H]2NC(C)=O)[C@@H]1O	1	1	C80H133N7O55	0.0	CHEBI_152450
CC(=O)N[C@@H]1[C@H](O[C@@H]2[C@@H](O[C@@H]3[C@H](O)[C@H](O[C@H]4[C@H](O)[C@@H](NC(C)=O)[C@H](O[C@H]5[C@H](O)[C@@H](NC(C)=O)[C@H](O)O[C@@H]5CO[C@@H]5O[C@@H](C)[C@@H](O)[C@@H](O)[C@@H]5O)O[C@@H]4CO)O[C@H](CO[C@H]4O[C@H](CO)[C@@H](O)[C@H](O)[C@@H]4O[C@@H]4O[C@H](CO)[C@@H](O[C@@H]5O[C@H](CO)[C@H](O)[C@H](OS(=O)(=O)O)[C@H]5O)[C@H](O)[C@H]4NC(C)=O)[C@H]3O)O[C@H](CO)[C@@H](O)[C@@H]2O)O[C@H](CO)[C@@H](O[C@@H]2O[C@H](CO)[C@H](OS(=O)(=O)O)[C@H](O)[C@H]2NC(C)=O)[C@@H]1O	1	1	C70H117N5O56S2	0.0	CHEBI_156991
CC(=O)N[C@@H]1[C@H](O[C@@H]2[C@@H](O[C@@H]3[C@H](O)[C@H](O[C@H]4[C@H](O)[C@@H](NC(C)=O)[C@H](O[C@H]5[C@H](O)[C@@H](NC(C)=O)[C@H](O)O[C@@H]5CO[C@@H]5O[C@@H](C)[C@@H](O)[C@@H](O)[C@@H]5O)O[C@@H]4CO)O[C@H](CO[C@H]4O[C@H](CO)[C@@H](O)[C@H](O)[C@@H]4O[C@@H]4O[C@H](CO)[C@@H](O[C@@H]5O[C@H](CO)[C@H](O)[C@H](O[C@H]6O[C@H](CO)[C@H](O)[C@H](O)[C@H]6NC(C)=O)[C@H]5O[C@@H]5O[C@@H](C)[C@@H](O)[C@@H](O)[C@@H]5O)[C@H](O)[C@H]4NC(C)=O)[C@H]3O)O[C@H](CO)[C@@H](O)[C@@H]2O)O[C@H](CO)[C@@H](O[C@@H]2O[C@H](CO)[C@H](O)[C@H](O)[C@H]2O)[C@@H]1O	1	1	C82H137N5O59	0.0	CHEBI_152117
CC(=O)N[C@@H]1[C@H](O[C@@H]2[C@@H](O[C@@H]3[C@H](O)[C@H](O[C@H]4[C@H](O)[C@@H](NC(C)=O)[C@H](O[C@H]5[C@H](O)[C@@H](NC(C)=O)[C@H](O)O[C@@H]5CO[C@@H]5O[C@@H](C)[C@@H](O)[C@@H](O)[C@@H]5O)O[C@@H]4CO)O[C@H](CO[C@H]4O[C@H](CO)[C@@H](O)[C@H](O)[C@@H]4O[C@@H]4O[C@H](CO)[C@@H](O[C@@H]5O[C@H](CO)[C@H](O[C@@H]6O[C@H](CO)[C@H](O)[C@H](O[C@H]7O[C@H](CO)[C@H](O)[C@H](O)[C@H]7O)[C@H]6O)[C@H](O)[C@H]5O)[C@H](O)[C@H]4NC(C)=O)[C@H]3O)O[C@H](CO)[C@@H](O)[C@@H]2O)O[C@H](CO)[C@@H](O[C@@H]2O[C@H](CO)[C@H](O[C@@H]3O[C@H](CO)[C@H](O)[C@H](O[C@H]4O[C@H](CO)[C@H](O)[C@H](O)[C@H]4O)[C@H]3O)[C@H](O)[C@H]2O)[C@@H]1O	1	1	C92H154N4O70	0.0	CHEBI_150734
CC(=O)N[C@@H]1[C@H](O[C@@H]2[C@@H](O[C@@H]3[C@H](O)[C@H](O[C@H]4[C@H](O)[C@@H](NC(C)=O)[C@H](O[C@H]5[C@H](O)[C@@H](NC(C)=O)[C@H](O)O[C@@H]5CO[C@H]5O[C@H](C)[C@H](O)[C@H](O)[C@H]5O)O[C@@H]4CO)O[C@H](CO[C@H]4O[C@H](CO)[C@@H](O)[C@H](O)[C@@H]4O[C@@H]4O[C@H](CO)[C@@H](O[C@@H]5O[C@H](CO)[C@H](O)[C@H](O[C@H]6O[C@H](CO)[C@H](O)[C@H](O)[C@H]6NC(C)=O)[C@H]5O[C@H]5O[C@H](C)[C@H](O)[C@H](O)[C@H]5O)[C@H](O)[C@H]4NC(C)=O)[C@H]3O)O[C@H](CO)[C@@H](O)[C@@H]2O)O[C@H](CO)[C@@H](O[C@@H]2O[C@H](CO)[C@H](O)[C@H](O)[C@H]2O)[C@@H]1O	1	1	C82H137N5O59	0.0	CHEBI_150624
CC(=O)N[C@@H]1[C@H](O[C@H]2[C@@H](O)[C@@H](CO[C@@H]3O[C@H](CO)[C@@H](O[C@@H]4O[C@H](CO)[C@H](O)[C@H](O[C@]5(C(=O)O)C[C@H](O)[C@@H](NC(C)=O)[C@H]([C@H](O)[C@H](O)CO)O5)[C@H]4O)[C@H](O)[C@H]3NC(C)=O)O[C@@H](O[C@H]3[C@H](O)[C@@H](NC(C)=O)[C@H](O[C@H]4[C@@H](O)[C@@H](CO)O[C@@H](O[C@H]5[C@H](O)[C@@H](O)[C@H](O)O[C@@H]5CO)[C@@H]4O)O[C@@H]3CO)[C@@H]2O)O[C@H](CO)[C@@H](O[C@@H]2O[C@H](CO)[C@H](O)[C@H](O[C@@H]3O[C@H](CO)[C@@H](O[C@@H]4O[C@H](CO)[C@H](O)[C@H](O[C@]5(C(=O)O)C[C@H](O)[C@@H](NC(C)=O)[C@H]([C@H](O)[C@H](O)CO)O5)[C@H]4O)[C@H](O)[C@H]3NC(C)=O)[C@H]2O)[C@@H]1O	1	1	C90H148N6O67	0.0	CHEBI_151821
CC(=O)N[C@@H]1[C@H](O[C@H]2[C@H](O)[C@@H](NC(C)=O)C(O)O[C@@H]2CO)O[C@H](CO)[C@@H](O[C@@H]2O[C@H](CO[C@H]3O[C@H](CO[C@H]4O[C@H](CO[C@@H]5O[C@H](CO)[C@@H](O[C@@H]6O[C@H](CO)[C@H](O)[C@H](O[C@]7(C(=O)O)C[C@H](O)[C@@H](NC(C)=O)[C@H]([C@H](O)[C@H](O)CO)O7)[C@H]6O)[C@H](O)[C@H]5NC(C)=O)[C@@H](O)[C@H](O)[C@@H]4O)[C@@H](O)[C@H](O[C@H]4O[C@H](CO)[C@@H](O)[C@H](O)[C@@H]4O)[C@@H]3O)[C@@H](O)[C@H](O[C@H]3O[C@H](CO)[C@@H](O)[C@H](O)[C@@H]3O)[C@@H]2O)[C@@H]1O	1	1	C71H118N4O54	0.0	CHEBI_152124
CC(=O)N[C@@H]1[C@H](O[C@H]2[C@H](O)[C@@H](NC(C)=O)[C@H](O)O[C@@H]2CO)O[C@H](CO)[C@@H](O[C@@H]2O[C@H](CO[C@H]3O[C@H](CO[C@H]4O[C@H](CO[C@@H]5O[C@H](CO)[C@@H](O[C@@H]6O[C@H](CO)[C@H](O)[C@H](O[C@]7(C(=O)O)C[C@H](O)[C@@H](NC(C)=O)[C@H]([C@H](O)[C@H](O)CO)O7)[C@H]6O)[C@H](O)[C@H]5NC(C)=O)[C@@H](O)[C@H](O)[C@@H]4O)[C@@H](O)[C@H](O[C@H]4O[C@H](CO)[C@@H](O)[C@H](O)[C@@H]4O)[C@@H]3O)[C@@H](O)[C@H](O[C@H]3O[C@H](CO)[C@@H](O)[C@H](O)[C@@H]3O)[C@@H]2O)[C@@H]1O	1	1	C71H118N4O54	0.0	CHEBI_151207
CC(=O)N[C@@H]1[C@H](O[C@H]2[C@H](O[C@H]3O[C@H](CO)[C@@H](O)[C@H](O)[C@@H]3O[C@@H]3O[C@H](CO)[C@@H](O[C@@H]4O[C@H](CO)[C@H](O)[C@H](O[C@]5(C(=O)O)C[C@H](O)[C@@H](NC(C)=O)[C@H]([C@H](O)[C@H](O)CO)O5)[C@H]4O)[C@H](O)[C@H]3NC(C)=O)[C@H](O)[C@H](O[C@H]3[C@H](O)[C@@H](NC(C)=O)[C@H](O[C@H]4[C@H](O)[C@@H](NC(C)=O)[C@H](O)O[C@@H]4CO)O[C@@H]3CO)O[C@@H]2CO[C@H]2O[C@H](CO)[C@@H](O)[C@H](O)[C@@H]2O[C@@H]2O[C@H](CO)[C@@H](O)[C@H](O)[C@H]2NC(C)=O)O[C@H](CO)[C@@H](O)[C@@H]1O	1	1	C75H124N6O54	0.0	CHEBI_156830
CC(=O)N[C@@]12OP3(=O)O[C@]1(O)O[C@H](CO)[C@@H](O)[C@@]2(O)O3	1	1	C8H12NO10P	0.0	CHEBI_167878
CC(=O)N[C@H](C(=O)N[C@@H](C(=O)N1CCC[C@H]1C(=O)N[C@@H](Cc1ccc(O)cc1)C(=O)N(C)[C@@H](Cc1ccccc1)C(=O)N[C@@H](C)C(=O)O)C(C)C)[C@@H](C)O	1	1	C38H52N6O10	0.0	CHEBI_208775
CC(=O)N[C@H](CSSC[C@H](N)C(=O)O)C(=O)N[C@H](C)C(=O)N[C@H](CCCNC(=N)N)C(=O)N[C@H](CCCNC(=N)N)C(=O)N[C@H](CCCNC(=N)N)C(=O)N[C@H](C)C(=O)N[C@H](CCCNC(=N)N)C(N)=O	1	1	C38H73N21O10S2	0.0	CHEBI_134700
CC(=O)N[C@H](Cc1ccc2ccccc2c1)C(=O)N[C@H](Cc1ccc(Cl)cc1)C(=O)N[C@H](Cc1cccnc1)C(=O)N[C@@H](CO)C(=O)N(C)[C@@H](Cc1ccc(O)cc1)C(=O)N[C@H](CC(N)=O)C(=O)N[C@@H](CC(C)C)C(=O)N[C@@H](CCCCNC(C)C)C(=O)N1CCC[C@H]1C(=O)N[C@H](C)C(N)=O	1	1	C72H95ClN14O14	0.0	CHEBI_337298
CC(=O)N[C@H]1C(=O)OC[C@H]1C	1	1	C7H11NO3	0.0	CHEBI_216529
CC(=O)N[C@H]1C(O)O[C@H](CO)[C@@H](O)[C@@H]1O[C@@H]1O[C@H](CO)[C@H](O[C@@H]2O[C@@H](C)[C@@H](O)[C@@H](O)[C@@H]2O)[C@H](O)[C@H]1O[C@@H]1O[C@@H](C)[C@@H](O)[C@@H](O)[C@@H]1O	1	1	C26H45NO19	0.0	CHEBI_153111
CC(=O)N[C@H]1C(O)O[C@H](CO)[C@@H](O[C@@H]2OC(C(=O)O)=C(O)[C@H](O)[C@H]2O)[C@@H]1O	1	1	C14H21NO12	0.0	CHEBI_155032
CC(=O)N[C@H]1C(O)O[C@H](CO)[C@@H](O[C@@H]2O[C@@H](C)[C@@H](O)[C@@H](O)[C@@H]2O)[C@@H]1O[C@@H]1O[C@H](CO)[C@H](O)[C@H](OS(=O)(=O)O)[C@H]1O	1	1	C20H35NO18S	0.0	CHEBI_150644
CC(=O)N[C@H]1C(O)O[C@H](CO)[C@@H](O[C@@H]2O[C@@H](C)[C@@H](O)[C@@H](O)[C@@H]2O)[C@@H]1O[C@@H]1O[C@H](CO)[C@H](O)[C@H](O[C@H]2O[C@H](CO)[C@H](O)[C@H](O)[C@H]2O)[C@H]1O[C@@H]1O[C@@H](C)[C@@H](O)[C@@H](O)[C@@H]1O	1	1	C32H55NO24	0.0	CHEBI_156835
CC(=O)N[C@H]1C(O)O[C@H](CO)[C@@H](O[C@@H]2O[C@@H](C)[C@@H](O)[C@@H](O[C@@H]3O[C@H](CO)[C@H](O)[C@H](O)[C@H]3O)[C@@H]2O)[C@@H]1O	1	1	C20H35NO15	0.0	CHEBI_150072
CC(=O)N[C@H]1C(O)O[C@H](CO)[C@@H](O[C@@H]2O[C@H](CO)[C@H](O)[C@H](O)[C@H]2O[C@@H]2O[C@@H](C)C[C@@H](O)[C@@H]2O)[C@@H]1O	1	1	C20H35NO14	0.0	CHEBI_148695
CC(=O)N[C@H]1C(O)O[C@H](CO)[C@@H](O[C@@H]2O[C@H](CO)[C@H](O)[C@H](O[C@@H]3O[C@H](C(=O)O)[C@@H](O)[C@H](OS(=O)(=O)O)[C@H]3O)[C@H]2O)[C@@H]1O	1	1	C20H33NO20S	0.0	CHEBI_60322
CC(=O)N[C@H]1C(O)O[C@H](CO)[C@@H](O[C@@H]2O[C@H](CO)[C@H](O)[C@H](O[C@@H]3O[C@H](C(=O)[O-])[C@@H](O)[C@H](OS(=O)(=O)[O-])[C@H]3O)[C@H]2O)[C@@H]1O	1	1	C20H31NO20S-2	-2.0	CHEBI_137065
CC(=O)N[C@H]1C(O)O[C@H](CO)[C@@H](O[C@@H]2O[C@H](CO[C@H]3O[C@H](CO)[C@@H](O)[C@H](O)[C@@H]3O)[C@@H](O)[C@H](O[C@H]3O[C@H](CO)[C@@H](O)[C@H](O)[C@@H]3O[C@H]3O[C@H](CO)[C@@H](O)[C@H](O)[C@@H]3O)[C@@H]2O)[C@@H]1O	1	1	C32H55NO26	0.0	CHEBI_147957
CC(=O)N[C@H]1C(O)O[C@H](CO)[C@@H](O[C@@H]2O[C@H](CO[C@H]3O[C@H](CO[C@H]4O[C@H](CO)[C@@H](O)[C@H](O)[C@@H]4O)[C@@H](O)[C@H](O[C@H]4O[C@H](CO)[C@@H](O)[C@H](O)[C@@H]4O)[C@@H]3O)[C@@H](O)[C@H](O[C@H]3O[C@H](CO[C@H]4O[C@H](CO)[C@@H](O)[C@H](O)[C@@H]4O[C@H]4O[C@H](CO)[C@@H](O)[C@H](O)[C@@H]4O)[C@@H](O)[C@H](O)[C@@H]3O[C@H]3O[C@H](CO)[C@@H](O)[C@H](O)[C@@H]3O[C@H]3O[C@H](CO)[C@@H](O)[C@H](O)[C@@H]3O)[C@@H]2O)[C@@H]1O	1	1	C62H105NO51	0.0	CHEBI_148292
CC(=O)N[C@H]1C(O)O[C@H](CO)[C@H](O)[C@@H]1O[C@@H]1O[C@@H](C(=O)O)[C@@H](O)[C@H](O)[C@H]1OS(=O)(=O)O	1	1	C14H23NO15S	0.0	CHEBI_149013
CC(=O)N[C@H]1C(O)O[C@H](COS(=O)(=O)O)[C@H](O)[C@@H]1O[C@@H]1OC(C(=O)O)=C(O)[C@H](O)[C@H]1O	1	1	C14H21NO15S	0.0	CHEBI_153642
CC(=O)N[C@H]1C(O)O[C@H](CO[C@@H]2O[C@H](CO)[C@@H](O)[C@H](O)[C@H]2O)[C@@H](O)[C@@H]1O	1	1	C14H25NO11	0.0	CHEBI_146757
CC(=O)N[C@H]1C(O)O[C@H](CO[C@@H]2O[C@H](CO)[C@H](O)[C@H](O)[C@H]2O)[C@@H](O)[C@@H]1O	1	1	C14H25NO11	0.0	CHEBI_62658
CC(=O)N[C@H]1C(O)O[C@H](CO[C@@H]2O[C@H](CO)[C@H](O)[C@H](O)[C@H]2O)[C@H](O)[C@@H]1O	1	1	C14H25NO11	0.0	CHEBI_148968
CC(=O)N[C@H]1C(O)O[C@H](CO[C@H]2O[C@@H](CO)[C@@H](O)[C@@H](O)[C@@H]2O)[C@H](O)[C@@H]1O	1	1	C14H25NO11	0.0	CHEBI_146536
CC(=O)N[C@H]1C(O)O[C@H](CO[C@H]2O[C@H](CO)[C@@H](O)[C@H](O)[C@@H]2O)[C@@H](O)[C@@H]1O	1	1	C14H25NO11	0.0	CHEBI_152042
CC(=O)N[C@H]1C(O)O[C@H](CO[C@H]2O[C@H](CO)[C@@H](O)[C@H](O)[C@H]2O)[C@@H](O)[C@@H]1O	1	1	C14H25NO11	0.0	CHEBI_151906
CC(=O)N[C@H]1C(O)O[C@H](CO[C@H]2O[C@H](CO)[C@H](O)[C@H](O)[C@H]2O)[C@@H](O)[C@@H]1O	1	1	C14H25NO11	0.0	CHEBI_153154
CC(=O)N[C@H]1C(O)O[C@H](CO[C@H]2O[C@H](CO)[C@H](O)[C@H](O)[C@H]2O)[C@H](O)[C@@H]1O	1	1	C14H25NO11	0.0	CHEBI_154378
CC(=O)N[C@H]1CC[C@@]2(C)[C@@H](CC[C@@H]3[C@@H]2CC[C@]2(C)[C@@H]([C@H](C)N(C)C)CC[C@@H]32)C1	1	1	C25H44N2O	0.0	CHEBI_228274
CC(=O)N[C@H]1[C@@H](OCCCNC(=O)CCOCCOCCOCCOCCOCCOCCNC(=O)CCCC[C@@H]2SC[C@@H]3NC(=O)N[C@@H]32)O[C@H](CO)[C@H](O[C@H]2O[C@H](CO)[C@H](O[C@H]3O[C@H](CO)[C@H](O[C@H]4O[C@H](CO)[C@H](O[C@H]5O[C@H](CO)[C@H](O)[C@H](O)[C@H]5NC(C)=O)[C@H](O)[C@H]4NC(C)=O)[C@H](O)[C@H]3NC(C)=O)[C@H](O)[C@H]2NC(C)=O)[C@@H]1O	1	1	C68H117N9O35S	0.0	CHEBI_146274
CC(=O)N[C@H]1[C@@H](O[C@@H]([C@@H](O)[C@H](O)CO)[C@H](CO)NC(C)=O)O[C@H](CO)[C@H](O)[C@@H]1O	1	1	C16H30N2O11	0.0	CHEBI_147876
CC(=O)N[C@H]1[C@@H](O[C@@H]2[C@H](O)[C@@H](O)[C@@H](O[C@H]3[C@@H](O)[C@@H](C(=O)O)O[C@H](OCCSSCCO[C@H]4O[C@H](C(=O)O)[C@H](O)[C@H](O[C@H]5O[C@H](C(=O)O)[C@H](O[C@H]6O[C@H](C)[C@H](N)[C@H](O)[C@H]6NC(C)=O)[C@H](O)[C@H]5O)[C@H]4O)[C@@H]3O)O[C@@H]2C(=O)O)O[C@H](C)[C@H](N)[C@@H]1O	1	1	C44H70N4O32S2	0.0	CHEBI_140645
CC(=O)N[C@H]1[C@@H](O[C@H]2[C@@H](O)[C@@H](CO)O[C@@H](O[C@@H]3[C@@H](NC(C)=O)[C@H](O[C@@H]4[C@@H](O)[C@@H](O)O[C@H](CO)[C@@H]4O)O[C@H](CO)[C@H]3O[C@@H]3O[C@@H](C)[C@@H](O)[C@@H](O)[C@@H]3O)[C@@H]2O[C@@H]2O[C@@H](C)[C@@H](O)[C@@H](O)[C@@H]2O)O[C@H](CO)[C@H](O)[C@@H]1O	1	1	C40H68N2O29	0.0	CHEBI_153010
CC(=O)N[C@H]1[C@@H](O[C@H]2[C@@H](O)[C@@H](CO)O[C@@H](O[C@@H]3[C@@H](NC(C)=O)[C@H](O[C@@H]4[C@@H](O)[C@H](O)O[C@H](CO)[C@@H]4O)O[C@H](CO)[C@H]3O[C@@H]3O[C@@H](C)[C@@H](O)[C@@H](O)[C@@H]3O)[C@@H]2O[C@@H]2O[C@@H](C)[C@@H](O)[C@@H](O)[C@@H]2O)O[C@H](CO)[C@H](O)[C@@H]1O	1	1	C40H68N2O29	0.0	CHEBI_62536
CC(=O)N[C@H]1[C@@H](O[C@H]2[C@@H](O)[C@@H](CO)O[C@@H](O[C@@H]3[C@@H](NC(C)=O)[C@H](O[C@H]4[C@@H](O)[C@@H](CO)OC(O)[C@@H]4O)O[C@H](CO)[C@H]3O[C@@H]3O[C@@H](C)[C@@H](O)[C@@H](O)[C@@H]3O)[C@@H]2O[C@@H]2O[C@@H](C)[C@@H](O)[C@@H](O)[C@@H]2O)O[C@H](CO)[C@H](O)[C@@H]1O	1	1	C40H68N2O29	0.0	CHEBI_147767
CC(=O)N[C@H]1[C@@H](O[C@H]2[C@@H](O)[C@@H](CO)O[C@@H](O[C@@H]3[C@H](O)[C@@H](O)[C@@H](O[C@@H]4[C@H](O)[C@@H](O)[C@H](O[C@H]5[C@H](O)[C@@H](O)[C@H](O)O[C@@H]5CO)O[C@@H]4CO)O[C@@H]3CO)[C@@H]2NC(C)=O)O[C@H](CO)[C@H](O)[C@@H]1O	1	1	C34H58N2O26	0.0	CHEBI_147918
CC(=O)N[C@H]1[C@@H](O[C@H]2[C@@H](O)[C@@H](CO)O[C@@H](O[C@H]3[C@@H](O)[C@@H](CO)O[C@@H](O[C@H]4[C@H](O)[C@@H](O)[C@H](O)O[C@@H]4CO)[C@@H]3O)[C@@H]2O[C@@H]2O[C@@H](C)[C@@H](O)[C@@H](O)[C@@H]2O)O[C@H](CO)[C@H](O)[C@@H]1O	1	1	C32H55NO25	0.0	CHEBI_150892
CC(=O)N[C@H]1[C@@H](O[C@H]2[C@H](O)[C@@H](O)[C@H](O[C@H]3[C@H](OS(=O)(=O)O)[C@@H](NS(=O)(=O)O)[C@@H](O)O[C@@H]3COS(=O)(=O)O)O[C@@H]2C(=O)O)O[C@H](COS(=O)(=O)O)[C@@H](O[C@@H]2O[C@@H](C(=O)O)[C@@H](O[C@H]3O[C@H](COS(=O)(=O)O)[C@@H](O[C@@H]4O[C@@H](C(=O)O)[C@@H](O[C@H]5O[C@H](COS(=O)(=O)O)[C@@H](O[C@@H]6OC(C(=O)O)=C[C@H](O)[C@H]6OS(=O)(=O)O)[C@H](O)[C@H]5NS(=O)(=O)O)[C@H](O)[C@H]4OS(=O)(=O)O)[C@H](O)[C@H]3NS(=O)(=O)O)[C@H](O)[C@H]2O)[C@@H]1O	1	1	C50H78N4O71S10	0.0	CHEBI_138696
CC(=O)N[C@H]1[C@H](OCCN)O[C@H](CO)[C@@H](O)[C@@H]1O[C@@H]1O[C@@H](C)[C@H](O[C@H]2O[C@H](CO)[C@@H](O)[C@H](O)[C@H]2O)[C@@H](O[C@@H]2O[C@@H](C)[C@H](O)[C@@H](O)[C@H]2O[C@@H]2O[C@@H](C)[C@H](O)[C@@H](O)[C@H]2O[C@@H]2O[C@H](COC(C)=O)[C@@H](O)[C@H](O[C@@H]3O[C@@H](C)[C@H](O[C@H]4O[C@H](CO)[C@@H](O)[C@H](O)[C@H]4O)[C@@H](O[C@@H]4O[C@@H](C)[C@H](O)[C@@H](O)[C@H]4O[C@@H]4O[C@@H](C)[C@H](O)[C@@H](O)[C@H]4O)[C@H]3O)[C@H]2NC(C)=O)[C@H]1O	1	1	C68H115N3O46	0.0	CHEBI_78946
CC(=O)N[C@H]1[C@H](OC[C@@H](O)[C@H](O)[C@H](O[C@@H]2O[C@H](CO)[C@@H](O)[C@H](O[C@@H]3O[C@H](CO)[C@H](O)[C@H](O)[C@H]3O)[C@H]2NC(C)=O)[C@H](CO)NC(C)=O)O[C@H](CO)[C@@H](O[C@@H]2O[C@H](CO)[C@H](O)[C@H](O[C@]3(C(=O)O)C[C@H](O)[C@@H](NC(C)=O)[C@H]([C@H](O)[C@H](O)CO)O3)[C@H]2O)[C@@H]1O	1	1	C47H80N4O34	0.0	CHEBI_150752
CC(=O)N[C@H]1[C@H](OC[C@@H](O)[C@H](O)[C@H](O[C@@H]2O[C@H](CO)[C@H](O)[C@H](O)[C@H]2O[C@@H]2O[C@@H](C)[C@@H](O)[C@@H](O)[C@@H]2O)[C@H](CO)NC(C)=O)O[C@H](CO)[C@@H](O[C@@H]2O[C@@H](C)[C@@H](O)[C@@H](O)[C@@H]2O)[C@@H]1O[C@@H]1O[C@H](CO)[C@H](O)[C@H](O)[C@H]1O	1	1	C40H70N2O29	0.0	CHEBI_148011
CC(=O)N[C@H]1[C@H](OC[C@@H](O)[C@H](O)[C@H](O[C@@H]2O[C@H](CO)[C@H](O)[C@H](O)[C@H]2O[C@@H]2O[C@@H](C)[C@@H](O)[C@@H](O)[C@@H]2O)[C@H](CO)NC(C)=O)O[C@H](CO)[C@@H](O[C@@H]2O[C@H](CO)[C@H](O[C@H]3O[C@H](CO)[C@H](O)[C@H](O[C@H]4O[C@H](CO)[C@H](O)[C@H](O)[C@H]4O[C@@H]4O[C@@H](C)[C@@H](O)[C@@H](O)[C@@H]4O)[C@H]3O)[C@H](O)[C@H]2O)[C@@H]1O	1	1	C52H90N2O39	0.0	CHEBI_150704
CC(=O)N[C@H]1[C@H](OC[C@@H](O)[C@H](O)[C@H](O[C@@H]2O[C@H](CO)[C@H](O)[C@H](O[C@@H]3O[C@H](CO)[C@@H](O[C@@H]4O[C@H](CO)[C@H](O)[C@H](O[C@]5(C(=O)O)C[C@H](O)[C@@H](NC(C)=O)[C@H]([C@H](O)[C@H](O)CO)O5)[C@H]4O)[C@H](O)[C@H]3NC(C)=O)[C@H]2O)[C@H](CO)NC(C)=O)O[C@H](CO)[C@@H](O[C@@H]2O[C@H](CO)[C@H](O)[C@H](O[C@]3(C(=O)O)C[C@H](O)[C@@H](NC(C)=O)[C@H]([C@H](O)[C@H](O)CO)O3)[C@H]2O)[C@@H]1O	1	1	C64H107N5O47	0.0	CHEBI_153923
CC(=O)N[C@H]1[C@H](OC[C@@H](O)[C@H](O)[C@H](O[C@@H]2O[C@H](CO)[C@H](O)[C@H](O[C@]3(C(=O)O)C[C@H](O)[C@@H](NC(C)=O)[C@H]([C@H](O)[C@H](O)CO)O3)[C@H]2O)[C@H](CO)NC(C)=O)O[C@H](CO)[C@@H](O[C@@H]2O[C@H](CO)[C@H](O)[C@H](O)[C@H]2O)[C@@H]1O[C@@H]1O[C@@H](C)[C@@H](O)[C@@H](O)[C@@H]1O	1	1	C45H77N3O33	0.0	CHEBI_154130
CC(=O)N[C@H]1[C@H](OC[C@@H](O)[C@H](O)[C@H](O[C@@H]2O[C@H](COS(=O)(=O)O)[C@H](O)[C@H](O[C@]3(C(=O)O)C[C@H](O)[C@@H](NC(C)=O)[C@H]([C@H](O)[C@H](O)CO)O3)[C@H]2O)[C@H](CO)NC(C)=O)O[C@H](CO)[C@@H](O[C@@H]2O[C@H](CO)[C@H](O)[C@H](O[C@]3(C(=O)O)C[C@H](O)[C@@H](NC(C)=O)[C@H]([C@H](O)[C@H](O)CO)O3)[C@H]2O)[C@@H]1O	1	1	C50H84N4O40S	0.0	CHEBI_156702
CC(=O)N[C@H]1[C@H](OC[C@H]2OC(O)[C@@H](O[C@@H]3O[C@H](CO)[C@@H](O[C@@H]4O[C@H](CO)[C@H](O)[C@H](O)[C@H]4O)[C@H](O)[C@H]3NC(C)=O)[C@@H](O)[C@@H]2O)O[C@H](CO)[C@@H](O[C@@H]2O[C@H](CO)[C@H](O)[C@H](O)[C@H]2O)[C@@H]1O	1	1	C34H58N2O26	0.0	CHEBI_152821
CC(=O)N[C@H]1[C@H](OC[C@H]2OC(O)[C@@H](O[C@H]3O[C@H](CO)[C@@H](O[C@@H]4O[C@H](CO)[C@H](O)[C@H](O)[C@H]4O)[C@H](O)[C@H]3NC(C)=O)[C@@H](O)[C@@H]2O)O[C@H](CO)[C@@H](O[C@@H]2O[C@H](CO)[C@H](O)[C@H](O)[C@H]2O)[C@@H]1O	1	1	C34H58N2O26	0.0	CHEBI_153087
CC(=O)N[C@H]1[C@H](OC[C@H]2OC(O)[C@H](NC(C)=O)[C@@H](O[C@@H]3O[C@H](CO)[C@@H](O)[C@H](O[C@@H]4O[C@H](CO)[C@H](O)[C@H](O)[C@H]4O)[C@H]3NC(C)=O)[C@H]2O)O[C@H](CO)[C@@H](O[C@@H]2O[C@H](CO)[C@H](O)[C@H](O[C@]3(C(=O)O)C[C@H](O)[C@@H](NC(C)=O)[C@H]([C@H](O)[C@H](O)CO)O3)[C@H]2O)[C@@H]1O[C@@H]1O[C@@H](C)[C@@H](O)[C@@H](O)[C@@H]1O	1	1	C53H88N4O38	0.0	CHEBI_152650
CC(=O)N[C@H]1[C@H](OC[C@H]2OC(O)[C@H](NC(C)=O)[C@@H](O[C@@H]3O[C@H](CO)[C@@H](O[C@@H]4O[C@H](CO)[C@H](O)[C@H](O)[C@H]4O)[C@H](O[C@@H]4O[C@@H](C)[C@@H](O)[C@@H](O)[C@@H]4O)[C@H]3NC(C)=O)[C@H]2O)O[C@H](CO)[C@@H](O[C@@H]2O[C@H](CO)[C@H](O)[C@H](O)[C@H]2O)[C@@H]1O	1	1	C42H71N3O30	0.0	CHEBI_154436
CC(=O)N[C@H]1[C@H](OC[C@H]2OC(O)[C@H](NC(C)=O)[C@@H](O[C@@H]3O[C@H](CO)[C@H](O)[C@H](O[C@@H]4O[C@H](CO)[C@H](O)[C@H](O)[C@H]4O)[C@H]3O)[C@H]2O)O[C@H](CO)[C@@H](O)[C@@H]1O	1	1	C28H48N2O21	0.0	CHEBI_149315
CC(=O)N[C@H]1[C@H](OC[C@H]2OC(O)[C@H](NC(C)=O)[C@@H](O[C@@H]3O[C@H](CO[C@@H]4O[C@H](CO)[C@@H](O)[C@H](O)[C@H]4NC(C)=O)[C@H](O)[C@H](O[C@@H]4O[C@H](CO)[C@@H](O[C@@H]5O[C@H](CO)[C@H](O)[C@H](O)[C@H]5O[C@@H]5O[C@@H](C)[C@@H](O)[C@@H](O)[C@@H]5O)[C@H](O)[C@H]4NC(C)=O)[C@H]3O)[C@H]2O)O[C@H](CO)[C@@H](O[C@@H]2O[C@H](CO)[C@H](O)[C@H](O)[C@H]2O[C@@H]2O[C@@H](C)[C@@H](O)[C@@H](O)[C@@H]2O)[C@@H]1O	1	1	C62H104N4O44	0.0	CHEBI_148275
CC(=O)N[C@H]1[C@H](OC[C@H]2OC(O)[C@H](O)[C@@H](O)[C@H]2O)O[C@H](CO)[C@@H](O[C@@H]2O[C@@H](C)[C@@H](O)[C@@H](O)[C@@H]2O)[C@@H]1O[C@@H]1O[C@H](CO)[C@H](O)[C@H](O[C@]2(C(=O)O)C[C@H](O)[C@@H](NC(C)=O)[C@H]([C@H](O)[C@H](O)CO)O2)[C@H]1O	1	1	C37H62N2O28	0.0	CHEBI_146844
CC(=O)N[C@H]1[C@H](OC[C@H]2OC(O)[C@H](O[C@@H]3O[C@H](CO)[C@@H](O[C@@H]4O[C@H](CO)[C@H](O)[C@H](O)[C@H]4O)[C@H](O)[C@H]3NC(C)=O)[C@@H](O)[C@H]2O)O[C@H](CO)[C@@H](O[C@@H]2O[C@H](CO)[C@H](O)[C@H](O)[C@H]2O)[C@@H]1O	1	1	C34H58N2O26	0.0	CHEBI_149031
CC(=O)N[C@H]1[C@H](OC[C@H]2O[C@@H](O)[C@H](O)[C@@H](O)[C@H]2O)O[C@H](CO)[C@@H](O[C@@H]2O[C@@H](C)[C@@H](O)[C@@H](O)[C@@H]2O)[C@@H]1O[C@@H]1O[C@H](CO)[C@H](O)[C@H](O[C@]2(C(=O)O)C[C@H](O)[C@@H](NC(C)=O)[C@H]([C@H](O)[C@H](O)CO)O2)[C@H]1O	1	1	C37H62N2O28	0.0	CHEBI_148112
CC(=O)N[C@H]1[C@H](OC[C@H]2O[C@@H](O)[C@H](O[C@@H]3O[C@H](CO)[C@@H](O[C@@H]4O[C@H](CO)[C@H](O)[C@H](O)[C@H]4O)[C@H](O)[C@H]3NC(C)=O)[C@@H](O)[C@H]2O)O[C@H](CO)[C@@H](O[C@@H]2O[C@H](CO)[C@H](O)[C@H](O)[C@H]2O)[C@@H]1O	1	1	C34H58N2O26	0.0	CHEBI_148678
CC(=O)N[C@H]1[C@H](OC[C@H]2O[C@@H](O[C@@H]([C@H](O)[C@@H](O)CO)[C@H](O)CO)[C@H](O)[C@@H](O[C@@H]3O[C@H](CO)[C@@H](O)[C@H](O[C@@H]4O[C@H](CO)[C@H](O)[C@H](O)[C@H]4O[C@@H]4O[C@@H](C)[C@@H](O)[C@@H](O)[C@@H]4O)[C@H]3NC(C)=O)[C@H]2O)O[C@H](CO)[C@@H](O[C@@H]2O[C@H](CO)[C@H](O)[C@H](O)[C@H]2O)[C@@H]1O[C@@H]1O[C@@H](C)[C@@H](O)[C@@H](O)[C@@H]1O	1	1	C52H90N2O39	0.0	CHEBI_151951
CC(=O)N[C@H]1[C@H](OC[C@H]2O[C@@H](O[C@H]3[C@H](O)[C@@H](NC(C)=O)[C@H](O[C@@H]4[C@@H](O)[C@H](O)O[C@H](CO)[C@@H]4O)O[C@@H]3CO)[C@H](O)[C@@H](O[C@@H]3O[C@H](CO)[C@@H](O[C@@H]4O[C@H](CO)[C@H](O)[C@H](O)[C@H]4O)[C@H](O)[C@H]3NC(C)=O)[C@H]2O)O[C@H](CO)[C@@H](O[C@@H]2O[C@H](CO)[C@H](O)[C@H](O)[C@H]2O)[C@@H]1O	1	1	C48H81N3O36	0.0	CHEBI_62503
CC(=O)N[C@H]1[C@H](OC[C@H]2O[C@@H](O[C@H]3[C@H](O)[C@@H](NC(C)=O)[C@H](O[C@H]4[C@@H](O)[C@@H](CO)O[C@@H](O[C@H]5[C@H](O)[C@@H](O)[C@H](O)O[C@@H]5CO)[C@@H]4O)O[C@@H]3CO)[C@H](O)[C@@H](O[C@@H]3O[C@H](CO)[C@@H](O)[C@H](O)[C@H]3NC(C)=O)[C@H]2O)O[C@H](CO)[C@@H](O[C@@H]2O[C@H](CO)[C@H](O)[C@H](O)[C@H]2O)[C@@H]1O	1	1	C48H81N3O36	0.0	CHEBI_151720
CC(=O)N[C@H]1[C@H](OC[C@H]2O[C@@H](O[C@H]3[C@H](O[C@@H]4O[C@@H](C)[C@@H](O)[C@@H](O)[C@@H]4O)[C@@H](NC(C)=O)[C@H](OC[C@@H](O)[C@H](O)[C@H](O[C@@H]4O[C@H](CO)[C@H](O)[C@H](O[C@]5(C(=O)O)C[C@H](O)[C@@H](NC(C)=O)[C@H]([C@H](O)[C@H](O)CO)O5)[C@H]4O)[C@H](CO)NC(C)=O)O[C@@H]3CO)[C@H](O)[C@@H](O[C@@H]3O[C@H](CO)[C@@H](O[C@@H]4O[C@@H](C)[C@@H](O)[C@@H](O)[C@@H]4O)[C@H](O[C@@H]4O[C@H](CO)[C@H](O)[C@H](O)[C@H]4O[C@@H]4O[C@@H](C)[C@@H](O)[C@@H](O)[C@@H]4O)[C@H]3NC(C)=O)[C@H]2O)O[C@H](CO)[C@@H](O[C@@H]2O[C@H](CO)[C@H](O)[C@H](O)[C@H]2O)[C@@H]1O	1	1	C85H143N5O61	0.0	CHEBI_150554
CC(=O)N[C@H]1[C@H](OC[C@H]2O[C@H](O)[C@@H](O[C@@H]3O[C@H](CO)[C@@H](O[C@@H]4O[C@H](CO)[C@H](O)[C@H](O)[C@H]4O)[C@H](O)[C@H]3NC(C)=O)[C@@H](O)[C@@H]2O)O[C@H](CO)[C@@H](O[C@@H]2O[C@H](CO)[C@H](O)[C@H](O)[C@H]2O)[C@@H]1O	1	1	C34H58N2O26	0.0	CHEBI_148109
CC(=O)N[C@H]1[C@H](OC[C@H]2O[C@H](O[C@@H]3[C@H](O)[C@H](O[C@H]4[C@H](O)[C@@H](NC(C)=O)C(O)O[C@@H]4CO)O[C@H](CO[C@H]4O[C@H](CO[C@@H]5O[C@H](CO)[C@@H](O[C@@H]6O[C@H](CO)[C@H](O)[C@H](O)[C@H]6O)[C@@H](O)[C@H]5NC(C)=O)[C@@H](O)[C@H](O)[C@@H]4O[C@@H]4O[C@H](CO)[C@@H](O[C@@H]5O[C@H](CO)[C@H](O)[C@H](O)[C@H]5O)[C@H](O)[C@H]4NC(C)=O)[C@H]3O)[C@@H](O[C@@H]3O[C@H](CO)[C@@H](O[C@@H]4O[C@H](CO)[C@H](O)[C@H](O)[C@H]4O)[C@H](O)[C@H]3NC(C)=O)[C@@H](O)[C@@H]2O)O[C@H](CO)[C@@H](O[C@@H]2O[C@H](CO)[C@H](O)[C@H](O)[C@H]2O)[C@@H]1O	1	1	C82H137N5O61	0.0	CHEBI_154043
CC(=O)N[C@H]1[C@H](O[C@@H]([C@@H](O)[C@H](O)CO)[C@H](CO)NC(C)=O)O[C@H](CO)[C@@H](O)[C@@H]1O	1	1	C16H30N2O11	0.0	CHEBI_155405
CC(=O)N[C@H]1[C@H](O[C@@H]([C@@H](O)[C@H](O)CO)[C@H](CO)NC(C)=O)O[C@H](CO)[C@@H](O[C@@H]2O[C@H](COS(=O)(=O)O)[C@H](O)[C@H](O)[C@H]2O)[C@@H]1O	1	1	C22H40N2O19S	0.0	CHEBI_147834
CC(=O)N[C@H]1[C@H](O[C@@H]([C@@H](O)[C@H](O)CO[C@]2(C(=O)O)C[C@H](O)[C@@H](NC(C)=O)[C@H]([C@H](O)[C@H](O)CO)O2)[C@H](CO)NC(C)=O)O[C@H](CO)[C@@H](O[C@@H]2O[C@H](CO)[C@H](O)[C@H](O[C@@H]3O[C@H](COS(=O)(=O)O)[C@@H](O)[C@H](O)[C@H]3NC(C)=O)[C@H]2O)[C@@H]1O	1	1	C41H70N4O32S	0.0	CHEBI_154084
CC(=O)N[C@H]1[C@H](O[C@@H]([C@@H](O)[C@H](O)CO[C@]2(C(=O)O)C[C@H](O)[C@@H](NC(C)=O)[C@H]([C@H](O)[C@H](O)CO)O2)[C@H](CO)NC(C)=O)O[C@H](CO)[C@@H](O[C@@H]2O[C@H](CO[C@]3(C(=O)O)C[C@H](O)[C@@H](NC(C)=O)[C@H]([C@H](O)[C@H](O)CO)O3)[C@H](O)[C@H](O[C@@H]3O[C@H](CO)[C@@H](O)[C@H](O[C@@H]4O[C@H](CO)[C@H](O)[C@H](O[C@H]5O[C@H](CO)[C@H](O)[C@H](O)[C@H]5NC(C)=O)[C@H]4O[C@@H]4O[C@@H](C)[C@@H](O)[C@@H](O)[C@@H]4O)[C@H]3NC(C)=O)[C@H]2O)[C@@H]1O	1	1	C72H120N6O51	0.0	CHEBI_151106
CC(=O)N[C@H]1[C@H](O[C@@H]([C@H](O)[C@H](CO)NC(C)=O)[C@H](O)CO)O[C@H](CO)[C@@H](O[C@@H]2O[C@H](CO)[C@@H](O)[C@H](O[C@H]3O[C@H](CO)[C@@H](O)[C@H](O)[C@@H]3O)[C@@H]2O)[C@@H]1O	1	1	C28H50N2O21	0.0	CHEBI_154971
CC(=O)N[C@H]1[C@H](O[C@@H]([C@H](O)[C@H](CO)NC(C)=O)[C@H](O)CO)O[C@H](CO)[C@@H](O[C@@H]2O[C@H](CO[C@H]3O[C@H](CO)[C@@H](O)[C@H](O)[C@@H]3O[C@@H]3O[C@H](CO)[C@@H](O[C@@H]4O[C@H](CO)[C@H](O)[C@H](O[C@@H]5O[C@H](CO)[C@@H](O[C@@H]6O[C@H](CO)[C@H](O)[C@H](O[C@@H]7O[C@H](CO)[C@@H](O[C@@H]8O[C@H](CO)[C@H](O)[C@H](O)[C@H]8O)[C@H](O)[C@H]7NC(C)=O)[C@H]6O)[C@H](O)[C@H]5NC(C)=O)[C@H]4O)[C@H](O)[C@H]3NC(C)=O)[C@@H](O)[C@H](O[C@H]3O[C@H](CO)[C@@H](O)[C@H](O)[C@@H]3O[C@@H]3O[C@H](CO)[C@@H](O[C@@H]4O[C@H](CO)[C@H](O)[C@H](O[C@@H]5O[C@H](CO)[C@@H](O[C@@H]6O[C@H](CO)[C@H](O)[C@H](O[C@@H]7O[C@H](CO)[C@@H](O[C@@H]8O[C@H](CO)[C@H](O)[C@H](O)[C@H]8O)[C@H](O)[C@H]7NC(C)=O)[C@H]6O)[C@H](O)[C@H]5NC(C)=O)[C@H]4O)[C@H](O)[C@H]3NC(C)=O)[C@@H]2O)[C@@H]1O	1	1	C118H198N8O86	0.0	CHEBI_146726
CC(=O)N[C@H]1[C@H](O[C@@H]([C@H](O)[C@H](CO)NC(C)=O)[C@H](O)CO)O[C@H](CO)[C@@H](O[C@@H]2O[C@H](CO[C@H]3O[C@H](CO)[C@@H](O)[C@H](O)[C@@H]3O[C@@H]3O[C@H](CO)[C@@H](O[C@@H]4O[C@H](CO)[C@H](O)[C@H](O[C@@H]5O[C@H](CO)[C@H](O)[C@H](O)[C@H]5O)[C@H]4O)[C@H](O)[C@H]3NC(C)=O)[C@@H](O)[C@H](O[C@H]3O[C@H](CO)[C@@H](O)[C@H](O)[C@@H]3O[C@@H]3O[C@H](CO)[C@@H](O[C@@H]4O[C@H](CO)[C@H](O)[C@H](O)[C@H]4O)[C@H](O)[C@H]3NC(C)=O)[C@@H]2O)[C@@H]1O	1	1	C68H116N4O51	0.0	CHEBI_148782
CC(=O)N[C@H]1[C@H](O[C@@H]([C@H](O)[C@H](CO)NC(C)=O)[C@H](O)CO)O[C@H](CO)[C@@H](O[C@@H]2O[C@H](CO[C@H]3O[C@H](CO)[C@@H](O)[C@H](O)[C@@H]3O[C@@H]3O[C@H](CO)[C@@H](O[C@@H]4O[C@H](CO)[C@H](O)[C@H](O[C@H]5O[C@H](CO)[C@H](O)[C@H](O)[C@H]5O)[C@H]4O)[C@H](O)[C@H]3NC(C)=O)[C@@H](O)[C@H](O[C@H]3O[C@H](CO)[C@@H](O)[C@H](O)[C@@H]3O[C@@H]3O[C@H](CO)[C@@H](O[C@@H]4O[C@H](CO)[C@H](O)[C@H](O)[C@H]4O)[C@H](O)[C@H]3NC(C)=O)[C@@H]2O)[C@@H]1O	1	1	C68H116N4O51	0.0	CHEBI_148144
CC(=O)N[C@H]1[C@H](O[C@@H]([C@H](O)[C@H](CO)NC(C)=O)[C@H](O)CO)O[C@H](CO)[C@@H](O[C@@H]2O[C@H](CO[C@H]3O[C@H](CO)[C@@H](O)[C@H](O)[C@@H]3O[C@@H]3O[C@H](CO)[C@@H](O[C@@H]4O[C@H](CO[C@]5(C(=O)O)C[C@H](O)[C@@H](NC(C)=O)[C@H]([C@H](O)[C@H](O)CO)O5)[C@H](O)[C@H](O)[C@H]4O)[C@H](O)[C@H]3NC(C)=O)[C@@H](O)[C@H](O[C@H]3O[C@H](CO)[C@@H](O)[C@H](O)[C@@H]3O)[C@@H]2O)[C@@H]1O	1	1	C59H100N4O44	0.0	CHEBI_148248
CC(=O)N[C@H]1[C@H](O[C@@H]([C@H](O)[C@H](CO)NC(C)=O)[C@H](O)CO)O[C@H](CO)[C@@H](O[C@@H]2O[C@H](CO[C@H]3O[C@H](CO[C@@H]4O[C@H](CO)[C@@H](O[C@@H]5O[C@H](CO)[C@H](O)[C@H](O[C@]6(C(=O)O)C[C@H](O)[C@@H](NC(C)=O)[C@H]([C@H](O)[C@H](O)CO)O6)[C@H]5O)[C@H](O)[C@H]4NC(C)=O)[C@@H](O)[C@H](O)[C@@H]3O[C@@H]3O[C@H](CO)[C@@H](O[C@@H]4O[C@H](CO)[C@H](O)[C@H](O[C@]5(C(=O)O)C[C@H](O)[C@@H](NC(C)=O)[C@H]([C@H](O)[C@H](O)CO)O5)[C@H]4O)[C@H](O)[C@H]3NC(C)=O)[C@@H](O)[C@H](O[C@H]3O[C@H](CO)[C@@H](O[C@@H]4O[C@H](CO)[C@@H](O[C@@H]5O[C@H](CO)[C@H](O)[C@H](O[C@]6(C(=O)O)C[C@H](O)[C@@H](NC(C)=O)[C@H]([C@H](O)[C@H](O)CO)O6)[C@H]5O)[C@H](O)[C@H]4NC(C)=O)[C@H](O)[C@@H]3O[C@@H]3O[C@H](CO)[C@@H](O[C@@H]4O[C@H](CO)[C@H](O)[C@H](O[C@]5(C(=O)O)C[C@H](O)[C@@H](NC(C)=O)[C@H]([C@H](O)[C@H](O)CO)O5)[C@H]4O)[C@H](O)[C@H]3NC(C)=O)[C@@H]2O)[C@@H]1O	1	1	C134H220N10O98	0.0	CHEBI_153453
CC(=O)N[C@H]1[C@H](O[C@@H]([C@H](O)[C@H](CO)NC(C)=O)[C@H](O)CO[C@@H]2O[C@@H](C)[C@@H](O)[C@@H](O)[C@@H]2O)O[C@H](CO)[C@@H](O[C@@H]2O[C@H](CO[C@H]3O[C@H](CO)[C@@H](O)[C@H](O)[C@@H]3O[C@@H]3O[C@H](CO)[C@@H](O)[C@H](O)[C@H]3NC(C)=O)[C@@H](O)[C@H](O[C@H]3O[C@H](CO)[C@@H](O[C@@H]4O[C@H](CO)[C@@H](O)[C@H](O)[C@H]4NC(C)=O)[C@H](O)[C@@H]3O)[C@@H]2O)[C@@H]1O	1	1	C56H96N4O40	0.0	CHEBI_148006
CC(=O)N[C@H]1[C@H](O[C@@H]([C@H](O)[C@H](CO)NC(C)=O)[C@H](O)CO[C@@H]2O[C@@H](C)[C@@H](O)[C@@H](O)[C@@H]2O)O[C@H](CO)[C@@H](O[C@@H]2O[C@H](CO[C@H]3O[C@H](CO)[C@@H](O)[C@H](O)[C@@H]3O[C@@H]3O[C@H](CO)[C@@H](O[C@@H]4O[C@H](CO)[C@H](O)[C@H](O)[C@H]4O)[C@H](O)[C@H]3NC(C)=O)[C@@H](O)[C@H](O[C@H]3O[C@H](CO)[C@@H](O)[C@H](O)[C@@H]3O[C@@H]3O[C@H](CO)[C@@H](O[C@@H]4O[C@H](CO)[C@H](O)[C@H](O[C@@H]5O[C@H](CO)[C@H](O)[C@H](O)[C@H]5O)[C@H]4O)[C@H](O)[C@H]3NC(C)=O)[C@@H]2O)[C@@H]1O	1	1	C74H126N4O55	0.0	CHEBI_151237
CC(=O)N[C@H]1[C@H](O[C@@H]([C@H](O)[C@H](CO)NC(C)=O)[C@H](O)CO[C@@H]2O[C@@H](C)[C@@H](O)[C@@H](O)[C@@H]2O)O[C@H](CO)[C@@H](O[C@@H]2O[C@H](CO[C@H]3O[C@H](CO)[C@@H](O)[C@H](O)[C@@H]3O[C@@H]3O[C@H](CO)[C@@H](O[C@@H]4O[C@H](CO)[C@H](O)[C@H](O)[C@H]4O)[C@H](O[C@@H]4O[C@@H](C)[C@@H](O)[C@@H](O)[C@@H]4O)[C@H]3NC(C)=O)[C@@H](O)[C@H](O[C@H]3O[C@H](CO)[C@@H](O[C@@H]4O[C@H](CO)[C@@H](O[C@@H]5O[C@H](CO)[C@H](O)[C@H](O[C@@H]6O[C@H](CO)[C@@H](O[C@@H]7O[C@H](CO)[C@H](O)[C@H](O)[C@H]7O)[C@H](O[C@@H]7O[C@@H](C)[C@@H](O)[C@@H](O)[C@@H]7O)[C@H]6NC(C)=O)[C@H]5O)[C@H](O[C@@H]5O[C@@H](C)[C@@H](O)[C@@H](O)[C@@H]5O)[C@H]4NC(C)=O)[C@H](O)[C@@H]3O[C@@H]3O[C@H](CO)[C@@H](O[C@@H]4O[C@H](CO)[C@H](O)[C@H](O)[C@H]4O)[C@H](O[C@@H]4O[C@@H](C)[C@@H](O)[C@@H](O)[C@@H]4O)[C@H]3NC(C)=O)[C@@H]2O)[C@@H]1O	1	1	C120H202N6O86	0.0	CHEBI_147167
CC(=O)N[C@H]1[C@H](O[C@@H]([C@H](O)[C@H](CO)NC(C)=O)[C@H](O)CO[C@@H]2O[C@@H](C)[C@@H](O)[C@@H](O)[C@@H]2O)O[C@H](CO)[C@@H](O[C@@H]2O[C@H](CO[C@H]3O[C@H](CO)[C@@H](O)[C@H](O)[C@@H]3O[C@@H]3O[C@H](CO)[C@@H](O[C@@H]4O[C@H](CO)[C@H](O)[C@H](O[C@@H]5O[C@H](CO)[C@@H](O[C@@H]6O[C@H](CO)[C@H](O)[C@H](O[C@@H]7O[C@H](CO)[C@@H](O[C@@H]8O[C@H](CO)[C@H](O)[C@H](O)[C@H]8O)[C@H](O)[C@H]7NC(C)=O)[C@H]6O)[C@H](O)[C@H]5NC(C)=O)[C@H]4O)[C@H](O)[C@H]3NC(C)=O)[C@@H](O)[C@H](O[C@H]3O[C@H](CO)[C@@H](O)[C@H](O)[C@@H]3O[C@@H]3O[C@H](CO)[C@@H](O[C@@H]4O[C@H](CO)[C@H](O)[C@H](O)[C@H]4O)[C@H](O)[C@H]3NC(C)=O)[C@@H]2O)[C@@H]1O	1	1	C96H162N6O70	0.0	CHEBI_147511
CC(=O)N[C@H]1[C@H](O[C@@H]([C@H](O)[C@H](CO)NC(C)=O)[C@H](O)CO[C@@H]2O[C@@H](C)[C@@H](O)[C@@H](O)[C@@H]2O)O[C@H](CO)[C@@H](O[C@@H]2O[C@H](CO[C@H]3O[C@H](CO)[C@@H](O)[C@H](O)[C@@H]3O[C@@H]3O[C@H](CO)[C@@H](O[C@@H]4O[C@H](CO)[C@H](O)[C@H](O[C@H]5O[C@H](CO)[C@H](O)[C@H](O)[C@H]5O)[C@H]4O)[C@H](O)[C@H]3NC(C)=O)[C@@H](O)[C@H](O[C@H]3O[C@H](CO)[C@@H](O[C@@H]4O[C@H](CO)[C@@H](O[C@@H]5O[C@H](CO)[C@H](O)[C@H](O[C@H]6O[C@H](CO)[C@H](O)[C@H](O)[C@H]6O)[C@H]5O)[C@H](O)[C@H]4NC(C)=O)[C@H](O)[C@@H]3O[C@@H]3O[C@H](CO)[C@@H](O[C@@H]4O[C@H](CO)[C@H](O)[C@H](O)[C@H]4O)[C@H](O)[C@H]3NC(C)=O)[C@@H]2O)[C@@H]1O	1	1	C94H159N5O70	0.0	CHEBI_151791
CC(=O)N[C@H]1[C@H](O[C@@H]([C@H](O)[C@H](CO)NC(C)=O)[C@H](O)CO[C@@H]2O[C@@H](C)[C@@H](O)[C@@H](O)[C@@H]2O)O[C@H](CO)[C@@H](O[C@@H]2O[C@H](CO[C@H]3O[C@H](CO)[C@@H](O)[C@H](O)[C@@H]3O[C@@H]3O[C@H](CO)[C@@H](O[C@@H]4O[C@H](CO[C@]5(C(=O)O)C[C@H](O)[C@@H](NC(C)=O)[C@H]([C@H](O)[C@H](O)CO)O5)[C@H](O)[C@H](O)[C@H]4O)[C@H](O)[C@H]3NC(C)=O)[C@@H](O)[C@H](O[C@H]3O[C@H](CO)[C@@H](O[C@@H]4O[C@H](CO)[C@@H](O[C@@H]5O[C@H](CO[C@]6(C(=O)O)C[C@H](O)[C@@H](NC(C)=O)[C@H]([C@H](O)[C@H](O)CO)O6)[C@H](O)[C@H](O)[C@H]5O)[C@H](O)[C@H]4NC(C)=O)[C@H](O)[C@@H]3O[C@@H]3O[C@H](CO)[C@@H](O[C@@H]4O[C@H](CO)[C@H](O)[C@H](O[C@]5(C(=O)O)C[C@H](O)[C@@H](NC(C)=O)[C@H]([C@H](O)[C@H](O)CO)O5)[C@H]4O)[C@H](O)[C@H]3NC(C)=O)[C@@H]2O)[C@@H]1O	1	1	C115H190N8O84	0.0	CHEBI_153333
CC(=O)N[C@H]1[C@H](O[C@@H]([C@H](O)[C@H](CO)NC(C)=O)[C@H](O)CO[C@@H]2O[C@@H](C)[C@@H](O)[C@@H](O)[C@@H]2O)O[C@H](CO)[C@@H](O[C@@H]2O[C@H](CO[C@H]3O[C@H](CO[C@@H]4O[C@H](CO)[C@@H](O[C@@H]5O[C@H](CO)[C@H](O)[C@H](O)[C@H]5O)[C@H](O)[C@H]4NC(C)=O)[C@@H](O)[C@H](O)[C@@H]3O)[C@@H](O)[C@H](O[C@H]3O[C@H](CO[C@@H]4O[C@H](CO)[C@@H](O[C@@H]5O[C@H](CO)[C@H](O)[C@H](O)[C@H]5O)[C@H](O)[C@H]4NC(C)=O)[C@@H](O)[C@H](O)[C@@H]3O[C@@H]3O[C@H](CO)[C@@H](O[C@@H]4O[C@H](CO)[C@H](O)[C@H](O)[C@H]4O)[C@H](O)[C@H]3NC(C)=O)[C@@H]2O)[C@@H]1O	1	1	C82H139N5O60	0.0	CHEBI_151883
CC(=O)N[C@H]1[C@H](O[C@@H]([C@H](O)[C@H](CO)NC(C)=O)[C@H](O)CO[C@@H]2O[C@@H](C)[C@@H](O)[C@@H](O)[C@@H]2O)O[C@H](CO)[C@@H](O[C@@H]2O[C@H](CO[C@H]3O[C@H](CO[C@@H]4O[C@H](CO)[C@@H](O[C@@H]5O[C@H](CO[C@]6(C(=O)O)C[C@H](O)[C@@H](NC(C)=O)[C@H]([C@H](O)[C@H](O)CO)O6)[C@H](O)[C@H](O)[C@H]5O)[C@H](O)[C@H]4NC(C)=O)[C@@H](O)[C@H](O)[C@@H]3O[C@@H]3O[C@H](CO)[C@@H](O[C@@H]4O[C@H](CO)[C@H](O)[C@H](O[C@]5(C(=O)O)C[C@H](O)[C@@H](NC(C)=O)[C@H]([C@H](O)[C@H](O)CO)O5)[C@H]4O)[C@H](O)[C@H]3NC(C)=O)[C@@H](O)[C@H](O[C@H]3O[C@H](CO)[C@@H](O[C@@H]4O[C@H](CO)[C@@H](O[C@@H]5O[C@H](CO)[C@H](O)[C@H](O[C@]6(C(=O)O)C[C@H](O)[C@@H](NC(C)=O)[C@H]([C@H](O)[C@H](O)CO)O6)[C@H]5O)[C@H](O)[C@H]4NC(C)=O)[C@H](O)[C@@H]3O[C@@H]3O[C@H](CO)[C@@H](O[C@@H]4O[C@H](CO)[C@H](O)[C@H](O[C@]5(C(=O)O)C[C@H](O)[C@@H](NC(C)=O)[C@H]([C@H](O)[C@H](O)CO)O5)[C@H]4O)[C@H](O)[C@H]3NC(C)=O)[C@@H]2O)[C@@H]1O	1	1	C140H230N10O102	0.0	CHEBI_147841
CC(=O)N[C@H]1[C@H](O[C@@H]2[C@@H](NC(C)=O)[C@H](OC[C@H]3OC(O)[C@H](NC(C)=O)[C@@H](O[C@@H]4O[C@H](CO)[C@H](O)[C@H](O[C@@H]5O[C@H](CO)[C@H](O)[C@H](O)[C@H]5O[C@@H]5O[C@@H](C)[C@@H](O)[C@@H](O)[C@@H]5O)[C@H]4O[C@@H]4O[C@@H](C)[C@@H](O)[C@@H](O)[C@H]4O)[C@H]3O)O[C@H](CO)[C@H]2O[C@@H]2O[C@@H](C)[C@@H](O)[C@@H](O)[C@@H]2O)O[C@H](CO)[C@@H](O)[C@@H]1O	1	1	C54H91N3O38	0.0	CHEBI_152246
CC(=O)N[C@H]1[C@H](O[C@@H]2[C@@H](OC[C@H]3OC(O)[C@@H](O)[C@@H](O)[C@@H]3O)O[C@H](CO)[C@@H](O[C@@H]3O[C@H](CO)[C@@H](O)[C@H](O)[C@H]3NC(C)=O)[C@@H]2O)O[C@H](CO)[C@@H](O)[C@@H]1O	1	1	C28H48N2O21	0.0	CHEBI_151802
CC(=O)N[C@H]1[C@H](O[C@@H]2[C@@H](OC[C@H]3O[C@@H](O)[C@@H](O)[C@@H](O)[C@@H]3O)O[C@H](CO)[C@@H](O[C@@H]3O[C@H](CO)[C@@H](O)[C@H](O)[C@H]3NC(C)=O)[C@@H]2O)O[C@H](CO)[C@@H](O)[C@@H]1O	1	1	C28H48N2O21	0.0	CHEBI_153527
CC(=O)N[C@H]1[C@H](O[C@@H]2[C@@H](O[C@@H]3[C@H](O)[C@H](O[C@@H]([C@H](O)[C@H](CO)NC(C)=O)[C@H](O)CO)O[C@H](CO)[C@H]3O)O[C@H](CO)[C@@H](O)[C@@H]2O)O[C@H](CO)[C@@H](O[C@@H]2O[C@H](CO)[C@H](O)[C@H](O)[C@H]2O)[C@@H]1O[C@@H]1O[C@@H](C)[C@@H](O)[C@@H](O)[C@@H]1O	1	1	C40H70N2O30	0.0	CHEBI_152197
CC(=O)N[C@H]1[C@H](O[C@@H]2[C@@H](O[C@@H]3[C@H](O)[C@H](O[C@H]4[C@H](O)[C@@H](NC(C)=O)C(O)O[C@@H]4CO)O[C@H](CO[C@H]4O[C@H](CO)[C@@H](O)[C@H](O)[C@@H]4O)[C@H]3O)O[C@H](CO)[C@@H](O)[C@@H]2O)O[C@H](CO)[C@@H](O[C@@H]2O[C@H](CO)[C@H](O)[C@H](O)[C@H]2O)[C@@H]1O	1	1	C40H68N2O31	0.0	CHEBI_152396
CC(=O)N[C@H]1[C@H](O[C@@H]2[C@@H](O[C@H]3[C@H](O)[C@@H](CO[C@H]4O[C@H](CO)[C@@H](O[C@@H]5O[C@H](CO)[C@@H](O[C@@H]6O[C@H](CO)[C@H](O)[C@H](O)[C@H]6O)[C@H](O)[C@H]5NC(C)=O)[C@H](O)[C@@H]4O)OC(O)[C@H]3O)O[C@H](CO)[C@@H](O[C@@H]3O[C@H](CO)[C@@H](O[C@@H]4O[C@H](CO)[C@H](O)[C@H](O)[C@H]4O)[C@H](O)[C@H]3NC(C)=O)[C@@H]2O)O[C@H](CO)[C@@H](O[C@@H]2O[C@H](CO)[C@H](O)[C@H](O)[C@@H]2O)[C@@H]1O	1	1	C60H101N3O46	0.0	CHEBI_151145
CC(=O)N[C@H]1[C@H](O[C@@H]2[C@H](O)[C@@H](O)[C@H](O[C@H]3[C@H](O)[C@@H](O)C(O)O[C@@H]3CO)O[C@@H]2CO[C@@H]2O[C@H](CO)[C@H](O)[C@H](O)[C@H]2O)O[C@H](CO)[C@@H](O[C@@H]2O[C@H](CO)[C@H](O)[C@H](O[C@]3(C(=O)O)C[C@H](O)[C@@H](NC(C)=O)[C@H]([C@H](O)[C@H](O)CO)O3)[C@H]2O)[C@@H]1O	1	1	C43H72N2O34	0.0	CHEBI_155312
CC(=O)N[C@H]1[C@H](O[C@@H]2[C@H](O)[C@@H](O)[C@H](O[C@H]3[C@H](O)[C@@H](O)[C@H](O)O[C@@H]3CO)O[C@@H]2CO[C@@H]2O[C@H](CO)[C@H](O)[C@H](O)[C@H]2O)O[C@H](CO)[C@@H](O[C@@H]2O[C@H](CO)[C@H](O)[C@H](O[C@]3(C(=O)O)C[C@H](O)[C@@H](NC(C)=O)[C@H]([C@H](O)[C@H](O)CO)O3)[C@H]2O)[C@@H]1O	1	1	C43H72N2O34	0.0	CHEBI_153297
CC(=O)N[C@H]1[C@H](O[C@@H]2[C@H](O[C@]3(C(=O)O)C[C@H](O)[C@@H](NC(C)=O)[C@H]([C@H](O)[C@@H](CO)O[C@]4(C(=O)O)C[C@H](O)[C@@H](NC(C)=O)[C@H]([C@H](O)[C@H](O)CO)O4)O3)[C@@H](O)[C@H](O[C@H]3[C@H](O)[C@@H](O)C(O)O[C@@H]3CO)O[C@@H]2CO)O[C@H](CO[C@]2(C(=O)O)C[C@H](O)[C@@H](NC(C)=O)[C@H]([C@H](O)[C@H](O)CO)O2)[C@H](O)[C@@H]1O[C@@H]1O[C@H](CO)[C@H](O)[C@H](O[C@]2(C(=O)O)C[C@H](O)[C@@H](NC(C)=O)[C@H]([C@H](O)[C@H](O)CO)O2)[C@H]1O	1	1	C70H113N5O53	0.0	CHEBI_156592
CC(=O)N[C@H]1[C@H](O[C@@H]2[C@H](O[C@]3(C(=O)O)C[C@H](O)[C@@H](NC(C)=O)[C@H]([C@H](O)[C@@H](CO)O[C@]4(C(=O)O)C[C@H](O)[C@@H](NC(C)=O)[C@H]([C@H](O)[C@H](O)CO)O4)O3)[C@@H](O)[C@H](O[C@H]3[C@H](O)[C@@H](O)[C@H](O)O[C@@H]3CO)O[C@@H]2CO)O[C@H](CO[C@]2(C(=O)O)C[C@H](O)[C@@H](NC(C)=O)[C@H]([C@H](O)[C@H](O)CO)O2)[C@H](O)[C@@H]1O[C@@H]1O[C@H](CO)[C@H](O)[C@H](O[C@]2(C(=O)O)C[C@H](O)[C@@H](NC(C)=O)[C@H]([C@H](O)[C@H](O)CO)O2)[C@H]1O	1	1	C70H113N5O53	0.0	CHEBI_151180
CC(=O)N[C@H]1[C@H](O[C@@H]2[C@H](O[C@]3(C(=O)O)C[C@H](O)[C@@H](NC(C)=O)[C@H]([C@H](O)[C@H](O)CO)O3)[C@@H](O)[C@H](O[C@H]3[C@H](O)[C@@H](CO[C@]4(C(=O)O)C[C@H](O)[C@@H](NC(C)=O)[C@H]([C@H](O)[C@H](O)CO)O4)O[C@@H](O[C@H]4[C@@H](O)[C@@H](CO)O[C@@H](O[C@H]5[C@H](O)[C@@H](O)[C@H](O)O[C@@H]5CO)[C@@H]4O)[C@@H]3NC(C)=O)O[C@@H]2CO)O[C@H](CO)[C@H](O)[C@@H]1O	1	1	C56H92N4O42	0.0	CHEBI_146807
CC(=O)N[C@H]1[C@H](O[C@@H]2[C@H](O[C@]3(C(=O)O)C[C@H](O)[C@@H](NC(C)=O)[C@H]([C@H](O)[C@H](O)CO)O3)[C@@H](O)[C@H](O[C@H]3[C@H](O)[C@@H](O)[C@H](O)O[C@@H]3CO)O[C@@H]2CO)O[C@H](CO)[C@H](O)[C@@H]1O[C@@H]1O[C@H](CO)[C@H](O[C@H]2O[C@H](CO)[C@H](O)[C@H](O)[C@H]2O)[C@H](O)[C@H]1O	1	1	C43H72N2O34	0.0	CHEBI_155021
CC(=O)N[C@H]1[C@H](O[C@H]2[C@@H](O)[C@@H](CO)OC(O)[C@@H]2NC(C)=O)O[C@H](CO)[C@@H](O[C@@H]2O[C@H](COS(=O)(=O)O)[C@H](O)[C@H](O)[C@H]2O)[C@@H]1O	1	1	C22H38N2O19S	0.0	CHEBI_147264
CC(=O)N[C@H]1[C@H](O[C@H]2[C@@H](O)[C@@H](CO)O[C@@H](O[C@@H]3[C@@H](NC(C)=O)[C@H](O[C@H]4[C@@H](O)[C@@H](CO)OC(O)[C@@H]4O)O[C@H](CO)[C@H]3O[C@@H]3O[C@@H](C)[C@@H](O)[C@@H](O)[C@@H]3O)[C@@H]2O[C@@H]2O[C@@H](C)[C@@H](O)[C@@H](O)[C@@H]2O)O[C@H](CO)[C@H](O)[C@@H]1O	1	1	C40H68N2O29	0.0	CHEBI_78289
CC(=O)N[C@H]1[C@H](O[C@H]2[C@@H](O)[C@@H](CO)O[C@@H](O[C@@H]3[C@H](O)[C@@H](O)[C@@H](O[C@@H]4[C@H](O)[C@@H](O)[C@H](O[C@H]5[C@H](O)[C@@H](O)C(O)O[C@@H]5CO)O[C@@H]4CO)O[C@@H]3CO)[C@@H]2NC(C)=O)O[C@H](CO)[C@H](O)[C@@H]1O	1	1	C34H58N2O26	0.0	CHEBI_148177
CC(=O)N[C@H]1[C@H](O[C@H]2[C@@H](O)[C@@H](CO)O[C@@H](O[C@H]3[C@@H](O)[C@@H](CO)O[C@@H](O[C@H]4[C@H](O)[C@@H](O)[C@H](O)O[C@@H]4CO)[C@@H]3O)[C@@H]2NC(C)=O)O[C@H](CO)[C@@H](O[C@@H]2O[C@H](CO)[C@H](O)[C@H](O[C@@H]3O[C@H](C(=O)O)[C@@H](O)[C@H](O)[C@H]3O)[C@H]2O)[C@@H]1O	1	1	C40H66N2O32	0.0	CHEBI_153977
CC(=O)N[C@H]1[C@H](O[C@H]2[C@@H](O)[C@@H](CO)O[C@@H](O[C@H]3[C@H](O)[C@@H](NC(C)=O)[C@H](O[C@H]4[C@@H](O)[C@@H](CO)OC(O)[C@@H]4NC(C)=O)O[C@@H]3CO)[C@@H]2O)O[C@H](CO)[C@@H](O[C@@H]2O[C@H](CO)[C@H](O)[C@H](O)[C@H]2O)[C@@H]1O	1	1	C36H61N3O26	0.0	CHEBI_153139
CC(=O)N[C@H]1[C@H](O[C@H]2[C@@H](O)[C@@H](CO)O[C@@H](O[C@H]3[C@H](O)[C@@H](O)C(O)O[C@@H]3CO)[C@@H]2O)O[C@H](CO)[C@@H](O)[C@@H]1O[C@@H]1O[C@H](CO)[C@H](O)[C@H](O[C@@H]2O[C@H](C(=O)O)[C@@H](O)[C@H](O)[C@H]2O)[C@H]1O	1	1	C32H53NO27	0.0	CHEBI_156739
CC(=O)N[C@H]1[C@H](O[C@H]2[C@@H](O)[C@@H](CO)O[C@@H](O[C@H]3[C@H](O)[C@@H](O)C(O)O[C@@H]3CO)[C@@H]2O)O[C@H](CO)[C@@H](O[C@@H]2O[C@H](CO[C@]3(C(=O)O)C[C@H](O)[C@@H](NC(=O)CO)[C@H]([C@H](O)[C@H](O)CO)O3)[C@H](O)[C@H](O)[C@H]2O)[C@@H]1O	1	1	C37H62N2O30	0.0	CHEBI_153279
CC(=O)N[C@H]1[C@H](O[C@H]2[C@@H](O)[C@@H](CO)O[C@@H](O[C@H]3[C@H](O)[C@@H](O)[C@H](O)O[C@@H]3CO)[C@@H]2O)O[C@H](CO)[C@@H](O[C@@H]2O[C@H](CO)[C@H](O)[C@H](O[C@@H]3O[C@H](CO)[C@@H](O[C@@H]4O[C@H](CO[C@@H]5O[C@H](CO)[C@@H](O[C@@H]6O[C@H](CO)[C@H](O)[C@H](O[C@H]7O[C@H](CO)[C@H](O)[C@H](O)[C@H]7O)[C@H]6O[C@@H]6O[C@@H](C)[C@@H](O)[C@@H](O)[C@@H]6O)[C@H](O)[C@H]5NC(C)=O)[C@H](O)[C@H](O[C@@H]5O[C@H](CO)[C@@H](O[C@@H]6O[C@H](CO)[C@H](O)[C@H](O[C@@H]7O[C@H](CO)[C@@H](O[C@@H]8O[C@H](CO)[C@H](O)[C@H](O[C@H]9O[C@H](CO)[C@H](O)[C@H](O)[C@H]9O)[C@H]8O[C@@H]8O[C@@H](C)[C@@H](O)[C@@H](O)[C@@H]8O)[C@H](O)[C@H]7NC(C)=O)[C@H]6O)[C@H](O)[C@H]5NC(C)=O)[C@H]4O)[C@H](O)[C@H]3NC(C)=O)[C@H]2O)[C@@H]1O	1	1	C106H177N5O79	0.0	CHEBI_146461
CC(=O)N[C@H]1[C@H](O[C@H]2[C@@H](O)[C@@H](CO)O[C@@H](O[C@H]3[C@H](O)[C@@H](O)[C@H](O)O[C@@H]3CO)[C@@H]2O)O[C@H](CO)[C@@H](O[C@@H]2O[C@H](CO)[C@H](O)[C@H](O[C@]3(C(=O)O)C[C@H](O)[C@@H](NC(C)=O)[C@H]([C@H](O)[C@@H](CO)O[C@]4(C(=O)O)C[C@H](O)[C@@H](NC(C)=O)[C@H]([C@H](O)[C@H](O)COC(C)=O)O4)O3)[C@H]2O)[C@@H]1O	1	1	C50H81N3O38	0.0	CHEBI_151158
CC(=O)N[C@H]1[C@H](O[C@H]2[C@@H](O)[C@@H](CO)O[C@@H](O[C@H]3[C@H](O[C@@H]4O[C@@H](C)[C@@H](O)[C@@H](O)[C@@H]4O)[C@@H](NC(C)=O)[C@H](OC[C@H]4O[C@@H](O[C@H]5[C@H](O)[C@@H](O)C(O)O[C@@H]5CO)[C@H](O)[C@@H](O[C@@H]5O[C@H](CO)[C@@H](O)[C@H](O[C@@H]6O[C@H](CO)[C@H](O)[C@H](O)[C@H]6O)[C@H]5NC(C)=O)[C@H]4O)O[C@@H]3CO)[C@@H]2O)O[C@H](CO)[C@@H](O[C@@H]2O[C@H](CO)[C@H](O)[C@H](O)[C@H]2O)[C@@H]1O[C@@H]1O[C@@H](C)[C@@H](O)[C@@H](O)[C@@H]1O	1	1	C66H111N3O49	0.0	CHEBI_156812
CC(=O)N[C@H]1[C@H](O[C@H]2[C@@H](O)[C@@H](CO[C@]3(C(=O)O)C[C@H](O)[C@@H](NC(C)=O)[C@H]([C@H](O)[C@H](O)CO)O3)O[C@@H](O[C@H]3[C@H](O)[C@@H](O)C(O)O[C@@H]3CO)[C@@H]2O)O[C@H](CO)[C@@H](O)[C@@H]1O[C@@H]1O[C@H](CO)[C@H](O)[C@H](O[C@]2(C(=O)O)C[C@H](O)[C@@H](NC(C)=O)[C@H]([C@H](O)[C@H](O)CO)O2)[C@H]1O	1	1	C48H79N3O37	0.0	CHEBI_151867
CC(=O)N[C@H]1[C@H](O[C@H]2[C@H](O)[C@@H](CO)O[C@@H](OC[C@H]3OC(O)[C@H](NC(C)=O)[C@@H](O[C@@H]4O[C@H](CO)[C@H](O[C@@H]5O[C@H](CO)[C@H](O)[C@H](O)[C@H]5O)[C@H](O[C@]5(C(=O)O)C[C@H](O)[C@@H](NC(C)=O)[C@H]([C@H](O)[C@H](O)CO)O5)[C@H]4O)[C@H]3O)[C@@H]2NC(C)=O)O[C@H](CO)[C@@H](O)[C@@H]1O	1	1	C47H78N4O34	0.0	CHEBI_151397
CC(=O)N[C@H]1[C@H](O[C@H]2[C@H](O)[C@@H](NC(C)=O)C(O)O[C@@H]2C)O[C@H](CO)[C@@H](O[C@@H]2O[C@H](CO[C@H]3O[C@H](CO)[C@@H](O)[C@H](O)[C@@H]3O[C@H]3O[C@H](CO)[C@@H](O[C@@H]4O[C@H](CO)[C@H](O)[C@H](O)[C@H]4O)[C@H](O)[C@H]3NC(C)=O)[C@@H](O)[C@H](O[C@H]3O[C@H](CO)[C@@H](O)[C@H](O)[C@@H]3O[C@H]3O[C@H](CO)[C@@H](O[C@@H]4O[C@H](CO)[C@H](O)[C@H](O[C@]5(C(=O)O)C[C@H](O)[C@@H](NC(C)=O)[C@H]([C@H](O)[C@H](O)CO)O5)[C@H]4O)[C@H](O)[C@H]3NC(C)=O)[C@@H]2O)[C@@H]1O	1	1	C73H121N5O53	0.0	CHEBI_147225
CC(=O)N[C@H]1[C@H](O[C@H]2[C@H](O)[C@@H](NC(C)=O)C(O)O[C@@H]2CO)O[C@H](CO)[C@@H](O[C@@H]2O[C@H](CO[C@H]3O[C@H](CO)[C@@H](O)[C@H](O)[C@@H]3O)[C@@H](O)[C@H](O[C@H]3O[C@H](CO)[C@@H](O)[C@H](O)[C@@H]3O[C@H]3O[C@H](CO)[C@@H](O)[C@H](O)[C@@H]3O[C@H]3O[C@H](CO)[C@@H](O)[C@H](OC4O[C@H](CO)[C@@H](O)[C@H](OC5O[C@H](CO)[C@@H](O)[C@H](O)[C@H]5OC5O[C@H](CO)[C@@H](O)[C@H](O)[C@H]5O)[C@H]4O)[C@@H]3O)[C@@H]2O)[C@@H]1O	1	1	C64H108N2O51	0.0	CHEBI_151972
CC(=O)N[C@H]1[C@H](O[C@H]2[C@H](O)[C@@H](NC(C)=O)C(O)O[C@@H]2CO)O[C@H](CO)[C@@H](O[C@@H]2O[C@H](CO[C@H]3O[C@H](CO)[C@@H](O)[C@H](O)[C@@H]3O)[C@@H](O)[C@H](O[C@H]3O[C@H](CO)[C@@H](O)[C@H](O)[C@@H]3O[C@H]3O[C@H](CO)[C@@H](O)[C@H](O)[C@@H]3O[C@H]3O[C@H](CO)[C@@H](O)[C@H](O[C@H]4O[C@H](CO)[C@@H](O)[C@H](O[C@H]5O[C@H](CO)[C@@H](O)[C@H](O)[C@H]5O[C@H]5O[C@H](CO)[C@@H](O)[C@H](O)[C@H]5O)[C@H]4O)[C@@H]3O)[C@@H]2O)[C@@H]1O	1	1	C64H108N2O51	0.0	CHEBI_154771
CC(=O)N[C@H]1[C@H](O[C@H]2[C@H](O)[C@@H](NC(C)=O)C(O)O[C@@H]2CO)O[C@H](CO)[C@@H](O[C@@H]2O[C@H](CO[C@H]3O[C@H](CO)[C@@H](O)[C@H](O)[C@@H]3O)[C@@H](O)[C@H](O[C@H]3O[C@H](CO)[C@@H](O)[C@H](O)[C@@H]3O[C@H]3O[C@H](CO)[C@@H](O)[C@H](O)[C@@H]3O[C@H]3O[C@H](CO)[C@@H](O)[C@H](O[C@H]4O[C@H](CO)[C@@H](O)[C@H](O[C@H]5O[C@H](CO)[C@@H](O)[C@H](O)[C@H]5O[C@H]5O[C@H](CO)[C@@H](O)[C@H](O)[C@H]5O)[C@H]4O)[C@H]3O)[C@@H]2O)[C@@H]1O	1	1	C64H108N2O51	0.0	CHEBI_153963
CC(=O)N[C@H]1[C@H](O[C@H]2[C@H](O)[C@@H](NC(C)=O)C(O)O[C@@H]2CO)O[C@H](CO)[C@@H](O[C@@H]2O[C@H](CO[C@H]3O[C@H](CO)[C@@H](O)[C@H](O)[C@@H]3O[C@@H]3O[C@H](CO)[C@@H](O)[C@H](O)[C@H]3NC(C)=O)[C@@H](O)[C@H](O[C@H]3O[C@H](CO)[C@@H](O)[C@H](O)[C@@H]3O[C@@H]3O[C@H](CO)[C@@H](O)[C@H](O[C@@H]4O[C@H](CO)[C@H](O)[C@H](O)[C@H]4O)[C@H]3NC(C)=O)[C@@H]2O)[C@@H]1O	1	1	C56H94N4O41	0.0	CHEBI_87448
CC(=O)N[C@H]1[C@H](O[C@H]2[C@H](O)[C@@H](NC(C)=O)C(O)O[C@@H]2CO)O[C@H](CO)[C@@H](O[C@@H]2O[C@H](CO[C@H]3O[C@H](CO)[C@@H](O)[C@H](O)[C@@H]3O[C@@H]3O[C@H](CO)[C@@H](O)[C@H](O)[C@H]3NC(C)=O)[C@@H](O[C@@H]3O[C@H](CO)[C@@H](O)[C@H](O)[C@H]3NC(C)=O)[C@H](O[C@H]3O[C@H](CO)[C@@H](O[C@@H]4O[C@H](CO)[C@@H](O)[C@H](O)[C@H]4NC(C)=O)[C@H](O)[C@@H]3O[C@@H]3O[C@H](CO)[C@@H](O)[C@H](O)[C@H]3NC(C)=O)[C@@H]2O)[C@@H]1O	1	1	C66H110N6O46	0.0	CHEBI_87550
CC(=O)N[C@H]1[C@H](O[C@H]2[C@H](O)[C@@H](NC(C)=O)C(O)O[C@@H]2CO)O[C@H](CO)[C@@H](O[C@@H]2O[C@H](CO[C@H]3O[C@H](CO)[C@@H](O)[C@H](O)[C@@H]3O[C@@H]3O[C@H](CO)[C@@H](O[C@@H]4O[C@H](CO)[C@H](O)[C@H](O)[C@H]4O)[C@H](O[C@@H]4O[C@@H](C)[C@@H](O)[C@@H](O)[C@@H]4O)[C@H]3NC(C)=O)[C@@H](O)[C@H](O[C@H]3O[C@H](CO)[C@@H](O)[C@H](O)[C@@H]3O[C@@H]3O[C@H](CO)[C@@H](O[C@@H]4O[C@H](CO)[C@H](O)[C@H](O[C@]5(C(=O)O)C[C@H](O)[C@@H](NC(C)=O)[C@H]([C@H](O)[C@H](O)CO)O5)[C@H]4O)[C@H](O)[C@H]3NC(C)=O)[C@@H]2O)[C@@H]1O	1	1	C79H131N5O58	0.0	CHEBI_152701
CC(=O)N[C@H]1[C@H](O[C@H]2[C@H](O)[C@@H](NC(C)=O)C(O)O[C@@H]2CO)O[C@H](CO)[C@@H](O[C@@H]2O[C@H](CO[C@H]3O[C@H](CO)[C@@H](O)[C@H](O)[C@@H]3O[C@@H]3O[C@H](CO)[C@@H](O[C@@H]4O[C@H](CO)[C@H](O)[C@H](O)[C@H]4O)[C@H](O[C@@H]4O[C@@H](C)[C@@H](O)[C@@H](O)[C@@H]4O)[C@H]3NC(C)=O)[C@@H](O[C@@H]3O[C@H](CO)[C@@H](O)[C@H](O)[C@H]3NC(C)=O)[C@H](O[C@H]3O[C@H](CO)[C@@H](O)[C@H](O)[C@@H]3O[C@@H]3O[C@H](CO)[C@@H](O[C@@H]4O[C@H](CO)[C@H](O)[C@H](O)[C@H]4O)[C@H](O[C@@H]4O[C@@H](C)[C@@H](O)[C@@H](O)[C@@H]4O)[C@H]3NC(C)=O)[C@@H]2O)[C@@H]1O	1	1	C82H137N5O59	0.0	CHEBI_148345
CC(=O)N[C@H]1[C@H](O[C@H]2[C@H](O)[C@@H](NC(C)=O)C(O)O[C@@H]2CO)O[C@H](CO)[C@@H](O[C@@H]2O[C@H](CO[C@H]3O[C@H](CO)[C@@H](O)[C@H](O)[C@@H]3O[C@@H]3O[C@H](CO)[C@@H](O[C@@H]4O[C@H](CO)[C@H](O)[C@H](O[C@@H]5O[C@H](CO)[C@H](O)[C@H](O)[C@H]5O)[C@H]4O)[C@H](O)[C@H]3NC(C)=O)[C@@H](O)[C@H](O[C@H]3O[C@H](CO)[C@@H](O)[C@H](O)[C@@H]3O[C@@H]3O[C@H](CO)[C@@H](O[C@@H]4O[C@H](CO)[C@H](O)[C@H](O[C@@H]5O[C@H](CO)[C@H](O)[C@H](O)[C@H]5O)[C@H]4O)[C@H](O)[C@H]3NC(C)=O)[C@@H]2O)[C@@H]1O	1	1	C74H124N4O56	0.0	CHEBI_152186
CC(=O)N[C@H]1[C@H](O[C@H]2[C@H](O)[C@@H](NC(C)=O)C(O)O[C@@H]2CO)O[C@H](CO)[C@@H](O[C@@H]2O[C@H](CO[C@H]3O[C@H](CO)[C@@H](O)[C@H](O)[C@@H]3O[C@@H]3O[C@H](CO)[C@@H](O[C@@H]4O[C@H](CO)[C@H](O)[C@H](O[C@H]5O[C@H](CO)[C@H](O)[C@H](O)[C@H]5O)[C@H]4O)[C@H](O)[C@H]3NC(C)=O)[C@@H](O)[C@H](O[C@H]3O[C@H](CO)[C@@H](O)[C@H](O)[C@@H]3O[C@@H]3O[C@H](CO)[C@@H](O[C@@H]4O[C@H](CO)[C@H](O)[C@H](O[C@H]5O[C@H](CO)[C@H](O)[C@H](O)[C@H]5O)[C@H]4O)[C@H](O)[C@H]3NC(C)=O)[C@@H]2O)[C@@H]1O	1	1	C74H124N4O56	0.0	CHEBI_90198
CC(=O)N[C@H]1[C@H](O[C@H]2[C@H](O)[C@@H](NC(C)=O)C(O)O[C@@H]2CO)O[C@H](CO)[C@@H](O[C@@H]2O[C@H](CO[C@H]3O[C@H](CO)[C@@H](O)[C@H](O)[C@@H]3O[C@@H]3O[C@H](CO)[C@@H](O[C@@H]4O[C@H](CO)[C@H](O)[C@H](O[C@H]5O[C@H](CO)[C@H](O)[C@H](O)[C@H]5O)[C@H]4O)[C@H](O)[C@H]3NC(C)=O)[C@@H](O[C@@H]3O[C@H](CO)[C@@H](O)[C@H](O)[C@H]3NC(C)=O)[C@H](O[C@H]3O[C@H](CO)[C@@H](O)[C@H](O)[C@@H]3O[C@@H]3O[C@H](CO)[C@@H](O[C@@H]4O[C@H](CO)[C@H](O)[C@H](O[C@]5(C(=O)O)C[C@H](O)[C@@H](NC(C)=O)[C@H]([C@H](O)[C@H](O)CO)O5)[C@H]4O)[C@H](O)[C@H]3NC(C)=O)[C@@H]2O)[C@@H]1O	1	1	C87H144N6O64	0.0	CHEBI_148751
CC(=O)N[C@H]1[C@H](O[C@H]2[C@H](O)[C@@H](NC(C)=O)C(O)O[C@@H]2CO)O[C@H](CO)[C@@H](O[C@@H]2O[C@H](CO[C@H]3O[C@H](CO)[C@@H](O)[C@H](O)[C@@H]3O[C@@H]3O[C@H](CO)[C@@H](O[C@@H]4O[C@H](CO)[C@H](O)[C@H](O[C@]5(C(=O)O)C[C@H](O)[C@@H](NC(C)=O)[C@H]([C@H](O)[C@H](O)CO)O5)[C@H]4O)[C@H](O)[C@H]3NC(C)=O)[C@@H](O)[C@H](O[C@H]3O[C@H](CO[C@@H]4O[C@H](CO)[C@@H](O[C@@H]5O[C@H](CO)[C@H](O)[C@H](O[C@]6(C(=O)O)C[C@H](O)[C@@H](NC(C)=O)[C@H]([C@H](O)[C@H](O)CO)O6)[C@H]5O)[C@H](O)[C@H]4NC(C)=O)[C@@H](O)[C@H](O)[C@@H]3O[C@@H]3O[C@H](CO)[C@@H](O[C@@H]4O[C@H](CO)[C@H](O)[C@H](O[C@]5(C(=O)O)C[C@H](O)[C@@H](NC(C)=O)[C@H]([C@H](O)[C@H](O)CO)O5)[C@H]4O)[C@H](O)[C@H]3NC(C)=O)[C@@H]2O)[C@@H]1O	1	1	C109H178N8O80	0.0	CHEBI_155088
CC(=O)N[C@H]1[C@H](O[C@H]2[C@H](O)[C@@H](NC(C)=O)C(O)O[C@@H]2CO)O[C@H](CO)[C@@H](O[C@@H]2O[C@H](CO[C@H]3O[C@H](CO)[C@@H](O)[C@H](O)[C@@H]3O[C@@H]3O[C@H](CO)[C@@H](O[C@@H]4O[C@H](CO[C@]5(C(=O)O)C[C@H](O)[C@@H](NC(C)=O)[C@H]([C@H](O)[C@H](O)CO)O5)[C@H](O)[C@H](O)[C@H]4O)[C@H](O)[C@H]3NC(C)=O)[C@@H](O)[C@H](O[C@H]3O[C@H](CO[C@@H]4O[C@H](CO)[C@@H](O[C@@H]5O[C@H](CO)[C@H](O)[C@H](O[C@]6(C(=O)O)C[C@H](O)[C@@H](NC(C)=O)[C@H]([C@H](O)[C@H](O)CO)O6)[C@H]5O)[C@H](O)[C@H]4NC(C)=O)[C@@H](O)[C@H](O)[C@@H]3O[C@@H]3O[C@H](CO)[C@@H](O[C@@H]4O[C@H](CO[C@]5(C(=O)O)C[C@H](O)[C@@H](NC(C)=O)[C@H]([C@H](O)[C@H](O)CO)O5)[C@H](O)[C@H](O)[C@H]4O)[C@H](O)[C@H]3NC(C)=O)[C@@H]2O)[C@@H]1O	1	1	C109H178N8O80	0.0	CHEBI_148198
CC(=O)N[C@H]1[C@H](O[C@H]2[C@H](O)[C@@H](NC(C)=O)C(O)O[C@@H]2CO)O[C@H](CO)[C@@H](O[C@@H]2O[C@H](CO[C@H]3O[C@H](CO)[C@@H](O)[C@H](O[C@H]4O[C@H](CO[C@H]5O[C@H](CO)[C@@H](O)[C@H](O)[C@@H]5O)[C@@H](O)[C@H](O)[C@@H]4O)[C@@H]3O)[C@@H](O)[C@H](O[C@H]3O[C@H](CO)[C@@H](O)[C@H](O)[C@@H]3O[C@H]3O[C@H](CO)[C@@H](O)[C@H](O)[C@@H]3O)[C@@H]2O)[C@@H]1O	1	1	C52H88N2O41	0.0	CHEBI_155573
CC(=O)N[C@H]1[C@H](O[C@H]2[C@H](O)[C@@H](NC(C)=O)C(O)O[C@@H]2CO)O[C@H](CO)[C@@H](O[C@@H]2O[C@H](CO[C@H]3O[C@H](CO)[C@@H](OC4O[C@H](CO)[C@@H](O)[C@H](O)[C@H]4NC(C)=O)[C@H](O)[C@@H]3O)[C@@H](O)[C@H](O[C@H]3O[C@H](CO)[C@@H](O[C@H]4O[C@H](CO)[C@@H](O)[C@H](O)[C@@H]4O)[C@H](O)[C@@H]3O)[C@@H]2O)[C@@H]1O	1	1	C48H81N3O36	0.0	CHEBI_150445
CC(=O)N[C@H]1[C@H](O[C@H]2[C@H](O)[C@@H](NC(C)=O)C(O)O[C@@H]2CO)O[C@H](CO)[C@@H](O[C@@H]2O[C@H](CO[C@H]3O[C@H](CO)[C@@H](O[C@@H]4O[C@H](CO)[C@@H](O[C@@H]5O[C@H](CO)[C@H](O)[C@H](O[C@]6(C(=O)O)C[C@H](O)[C@@H](NC(C)=O)[C@H]([C@H](O)[C@H](O)CO)O6)[C@H]5O)[C@H](O)[C@H]4NC(C)=O)[C@H](O)[C@@H]3O[C@@H]3O[C@H](CO)[C@@H](O[C@@H]4O[C@H](CO)[C@H](O)[C@H](O[C@]5(C(=O)O)C[C@H](O)[C@@H](NC(C)=O)[C@H]([C@H](O)[C@H](O)CO)O5)[C@H]4O)[C@H](O)[C@H]3NC(C)=O)[C@@H](O)[C@H](O[C@H]3O[C@H](CO[C@@H]4O[C@H](CO)[C@@H](O[C@@H]5O[C@H](CO[C@]6(C(=O)O)C[C@H](O)[C@@H](NC(C)=O)[C@H]([C@H](O)[C@H](O)CO)O6)[C@H](O)[C@H](O)[C@H]5O)[C@H](O)[C@H]4NC(C)=O)[C@@H](O)[C@H](O)[C@@H]3O[C@@H]3O[C@H](CO)[C@@H](O[C@@H]4O[C@H](CO)[C@H](O)[C@H](O[C@]5(C(=O)O)C[C@H](O)[C@@H](NC(C)=O)[C@H]([C@H](O)[C@H](O)CO)O5)[C@H]4O)[C@H](O)[C@H]3NC(C)=O)[C@@H]2O)[C@@H]1O	1	1	C134H218N10O98	0.0	CHEBI_148415
CC(=O)N[C@H]1[C@H](O[C@H]2[C@H](O)[C@@H](NC(C)=O)C(O)O[C@@H]2CO)O[C@H](CO)[C@@H](O[C@@H]2O[C@H](CO[C@H]3O[C@H](CO)[C@@H](O[C@@H]4O[C@H](CO)[C@@H](O[C@@H]5O[C@H](CO)[C@H](O)[C@H](O[C@]6(C(=O)O)C[C@H](O)[C@@H](NC(C)=O)[C@H]([C@H](O)[C@H](O)CO)O6)[C@H]5O)[C@H](O)[C@H]4NC(C)=O)[C@H](O)[C@@H]3O[C@@H]3O[C@H](CO)[C@@H](O[C@@H]4O[C@H](CO[C@]5(C(=O)O)C[C@H](O)[C@@H](NC(C)=O)[C@H]([C@H](O)[C@H](O)CO)O5)[C@H](O)[C@H](O)[C@H]4O)[C@H](O)[C@H]3NC(C)=O)[C@@H](O)[C@H](O[C@H]3O[C@H](CO[C@@H]4O[C@H](CO)[C@@H](O[C@@H]5O[C@H](CO[C@]6(C(=O)O)C[C@H](O)[C@@H](NC(C)=O)[C@H]([C@H](O)[C@H](O)CO)O6)[C@H](O)[C@H](O)[C@H]5O)[C@H](O)[C@H]4NC(C)=O)[C@@H](O)[C@H](O)[C@@H]3O[C@@H]3O[C@H](CO)[C@@H](O[C@@H]4O[C@H](CO)[C@H](O)[C@H](O[C@]5(C(=O)O)C[C@H](O)[C@@H](NC(C)=O)[C@H]([C@H](O)[C@H](O)CO)O5)[C@H]4O)[C@H](O)[C@H]3NC(C)=O)[C@@H]2O)[C@@H]1O	1	1	C134H218N10O98	0.0	CHEBI_155680
CC(=O)N[C@H]1[C@H](O[C@H]2[C@H](O)[C@@H](NC(C)=O)C(O)O[C@@H]2CO)O[C@H](CO)[C@@H](O[C@@H]2O[C@H](CO[C@H]3O[C@H](CO)[C@@H](O[C@@H]4O[C@H](CO)[C@H](O)[C@H](O)[C@H]4O)[C@H](O)[C@@H]3O)[C@@H](O)[C@H](O[C@H]3O[C@H](CO)[C@@H](O[C@@H]4O[C@H](CO)[C@H](O)[C@H](O)[C@H]4O)[C@H](O)[C@@H]3O)[C@@H]2O)[C@@H]1O	1	1	C46H78N2O36	0.0	CHEBI_150506
CC(=O)N[C@H]1[C@H](O[C@H]2[C@H](O)[C@@H](NC(C)=O)C(O)O[C@@H]2CO)O[C@H](CO)[C@@H](O[C@@H]2O[C@H](CO[C@H]3O[C@H](CO[C@@H]4O[C@H](CO)[C@@H](O[C@@H]5O[C@H](CO)[C@H](O)[C@H](O)[C@H]5O)[C@@H](O)[C@H]4NC(C)=O)[C@@H](O)[C@H](O)[C@@H]3O[C@@H]3O[C@H](CO)[C@@H](O[C@@H]4O[C@H](CO)[C@H](O)[C@H](O)[C@H]4O)[C@H](O)[C@H]3NC(C)=O)[C@@H](O)[C@H](O[C@@H]3O[C@H](CO)[C@@H](O[C@@H]4O[C@H](CO)[C@@H](O[C@@H]5O[C@H](CO)[C@H](O)[C@H](O)[C@H]5O)[C@H](O[C@@H]5O[C@@H](C)[C@@H](O)[C@@H](O)[C@@H]5O)[C@H]4NC(C)=O)[C@H](O)[C@@H]3O[C@@H]3O[C@H](CO)[C@@H](O[C@@H]4O[C@H](CO)[C@H](O)[C@H](O)[C@H]4O)[C@H](O)[C@H]3NC(C)=O)[C@@H]2O)[C@@H]1O	1	1	C96H160N6O70	0.0	CHEBI_152190
CC(=O)N[C@H]1[C@H](O[C@H]2[C@H](O)[C@@H](NC(C)=O)C(O)O[C@@H]2CO)O[C@H](CO)[C@@H](O[C@@H]2O[C@H](CO[C@H]3O[C@H](CO[C@@H]4O[C@H](CO)[C@@H](O[C@@H]5O[C@H](CO)[C@H](O)[C@H](O)[C@H]5O)[C@@H](O)[C@H]4NC(C)=O)[C@@H](O)[C@H](O)[C@@H]3O[C@@H]3O[C@H](CO)[C@@H](O[C@@H]4O[C@H](CO)[C@H](O)[C@H](O)[C@H]4O)[C@H](O)[C@H]3NC(C)=O)[C@@H](O)[C@H](O[C@H]3O[C@H](CO)[C@@H](O[C@@H]4O[C@H](CO)[C@@H](O[C@@H]5O[C@H](CO)[C@H](O)[C@H](O)[C@H]5O)[C@H](O[C@@H]5O[C@@H](C)[C@@H](O)[C@@H](O)[C@@H]5O)[C@H]4NC(C)=O)[C@H](O)[C@@H]3O[C@H]3O[C@H](CO)[C@@H](O[C@@H]4O[C@H](CO)[C@H](O)[C@H](O)[C@H]4O)[C@H](O)[C@H]3NC(C)=O)[C@@H]2O)[C@@H]1O	1	1	C96H160N6O70	0.0	CHEBI_154124
CC(=O)N[C@H]1[C@H](O[C@H]2[C@H](O)[C@@H](NC(C)=O)C(O)O[C@@H]2CO)O[C@H](CO)[C@@H](O[C@@H]2O[C@H](CO[C@H]3O[C@H](CO[C@@H]4O[C@H](CO)[C@@H](O[C@@H]5O[C@H](CO)[C@H](O)[C@H](O)[C@H]5O)[C@H](O)[C@H]4NC(C)=O)[C@@H](O)[C@H](O)[C@@H]3O[C@@H]3O[C@H](CO)[C@@H](O[C@@H]4O[C@H](CO)[C@H](O)[C@H](O)[C@H]4O)[C@H](O)[C@H]3NC(C)=O)[C@@H](O)[C@H](O[C@H]3O[C@H](CO)[C@@H](O[C@@H]4O[C@H](CO)[C@@H](O[C@@H]5O[C@H](CO)[C@H](O)[C@H](O)[C@H]5O)[C@H](O[C@@H]5O[C@@H](C)[C@@H](O)[C@@H](O)[C@@H]5O)[C@H]4NC(C)=O)[C@H](O)[C@@H]3O[C@@H]3O[C@H](CO)[C@@H](O[C@@H]4O[C@H](CO)[C@H](O)[C@H](O)[C@H]4O)[C@H](O)[C@H]3NC(C)=O)[C@@H]2O)[C@@H]1O	1	1	C96H160N6O70	0.0	CHEBI_147642
CC(=O)N[C@H]1[C@H](O[C@H]2[C@H](O)[C@@H](NC(C)=O)C(O)O[C@@H]2CO)O[C@H](CO)[C@@H](O[C@@H]2O[C@H](CO[C@H]3O[C@H](CO[C@@H]4O[C@H](CO)[C@@H](O[C@@H]5O[C@H](CO)[C@H](O)[C@H](O)[C@H]5O)[C@H](O)[C@H]4NC(C)=O)[C@@H](O)[C@H](O)[C@@H]3O[C@@H]3O[C@H](CO)[C@@H](O[C@@H]4O[C@H](CO)[C@H](O)[C@H](O)[C@H]4O)[C@H](O)[C@H]3NC(C)=O)[C@@H](O[C@@H]3O[C@H](CO)[C@@H](O)[C@H](O)[C@H]3NC(C)=O)[C@H](O[C@H]3O[C@H](CO)[C@@H](O)[C@H](O)[C@@H]3O[C@@H]3O[C@H](CO)[C@@H](O[C@@H]4O[C@H](CO)[C@H](O)[C@H](O)[C@H]4O)[C@H](O)[C@H]3NC(C)=O)[C@@H]2O)[C@@H]1O	1	1	C84H140N6O61	0.0	CHEBI_87573
CC(=O)N[C@H]1[C@H](O[C@H]2[C@H](O)[C@@H](NC(C)=O)C(O)O[C@@H]2CO)O[C@H](CO)[C@@H](O[C@@H]2O[C@H](CO[C@H]3O[C@H](CO[C@@H]4O[C@H](CO)[C@H](O[C@H]5O[C@H](CO)[C@@H](O)[C@H](O)[C@H]5O)[C@@H](O)[C@H]4NC(C)=O)[C@@H](O)[C@H](O)[C@@H]3O[C@@H]3O[C@H](CO)[C@@H](O[C@@H]4O[C@H](CO)[C@H](O)[C@H](O)[C@H]4O)[C@H](O)[C@H]3NC(C)=O)[C@@H](O)[C@H](O[C@H]3O[C@H](CO)[C@@H](O[C@@H]4O[C@H](CO)[C@@H](O[C@@H]5O[C@H](CO)[C@H](O)[C@H](O)[C@H]5O)[C@H](O[C@@H]5O[C@@H](C)[C@@H](O)[C@@H](O)[C@@H]5O)[C@H]4NC(C)=O)[C@H](O)[C@@H]3O[C@H]3O[C@H](CO)[C@@H](O[C@@H]4O[C@H](CO)[C@H](O)[C@H](O)[C@H]4O)[C@H](O)[C@H]3NC(C)=O)[C@@H]2O)[C@@H]1O	1	1	C96H160N6O70	0.0	CHEBI_154164
CC(=O)N[C@H]1[C@H](O[C@H]2[C@H](O)[C@@H](NC(C)=O)C(O)O[C@@H]2CO)O[C@H](CO)[C@@H](O[C@@H]2O[C@H](CO[C@H]3O[C@H](CO[C@H]4O[C@H](CO)[C@@H](O)[C@H](O)[C@@H]4O)[C@@H](O)[C@H](O[C@H]4O[C@H](CO)[C@@H](O)[C@H](O)[C@@H]4O)[C@@H]3O)[C@@H](O)[C@H](O)[C@@H]2O)[C@@H]1O	1	1	C40H68N2O31	0.0	CHEBI_151515
CC(=O)N[C@H]1[C@H](O[C@H]2[C@H](O)[C@@H](NC(C)=O)C(O)O[C@@H]2CO)O[C@H](CO)[C@@H](O[C@@H]2O[C@H](CO[C@H]3O[C@H](CO[C@H]4O[C@H](CO)[C@@H](O)[C@H](O)[C@@H]4O)[C@@H](O)[C@H](O[C@H]4O[C@H](CO)[C@@H](O)[C@H](O)[C@@H]4O)[C@@H]3O)[C@@H](O)[C@H](O[C@H]3O[C@H](CO[C@H]4O[C@H](CO)[C@@H](O)[C@H](O)[C@@H]4O[C@H]4O[C@H](CO)[C@@H](O)[C@H](O[C@H]5O[C@H](CO)[C@@H](O)[C@H](O)[C@@H]5O)[C@@H]4O)[C@@H](O)[C@H](O)[C@@H]3O[C@H]3O[C@H](CO)[C@@H](O)[C@H](O)[C@@H]3O[C@H]3O[C@H](CO)[C@@H](O)[C@H](O[C@H]4O[C@H](CO)[C@@H](O)[C@H](O)[C@@H]4O)[C@@H]3O)[C@@H]2O)[C@@H]1O	1	1	C82H138N2O66	0.0	CHEBI_151917
CC(=O)N[C@H]1[C@H](O[C@H]2[C@H](O)[C@@H](NC(C)=O)C(O)O[C@@H]2CO)O[C@H](CO)[C@@H](O[C@@H]2O[C@H](CO[C@H]3O[C@H](CO[C@H]4O[C@H](CO)[C@@H](O)[C@H](O)[C@@H]4O)[C@@H](O)[C@H](O[C@H]4O[C@H](CO)[C@@H](O)[C@H](O)[C@@H]4O)[C@@H]3O)[C@@H](OC3O[C@H](CO)[C@@H](O)[C@H](O)[C@H]3NC(C)=O)[C@H](O[C@H]3O[C@H](CO[C@H]4O[C@H](CO)[C@@H](O)[C@H](O)[C@@H]4O)[C@@H](O)[C@H](OC4O[C@H](CO)[C@@H](O)[C@H](O)[C@H]4NC(C)=O)[C@@H]3O)[C@@H]2O)[C@@H]1O	1	1	C68H114N4O51	0.0	CHEBI_147185
CC(=O)N[C@H]1[C@H](O[C@H]2[C@H](O)[C@@H](NC(C)=O)C(O)O[C@@H]2CO)O[C@H](CO)[C@@H](O[C@@H]2O[C@H](CO[C@H]3O[C@H](CO[C@H]4O[C@H](CO)[C@@H](O)[C@H](O)[C@@H]4O[C@H]4O[C@H](CO)[C@@H](O)[C@H](O)[C@@H]4O)[C@@H](O)[C@H](O[C@H]4O[C@H](CO)[C@@H](O)[C@H](O)[C@@H]4O)[C@@H]3O)[C@@H](O)[C@H](O[C@H]3O[C@H](CO[C@H]4O[C@H](CO[C@H]5O[C@H](CO)[C@@H](O)[C@H](O)[C@@H]5O)[C@@H](O)[C@H](O)[C@@H]4O[C@H]4O[C@H](CO)[C@@H](O)[C@H](O)[C@@H]4O)[C@@H](O)[C@H](O)[C@@H]3O[C@H]3O[C@H](CO)[C@@H](O)[C@H](O)[C@@H]3O[C@H]3O[C@H](CO)[C@@H](O)[C@H](O)[C@@H]3O)[C@@H]2O)[C@@H]1O	1	1	C82H138N2O66	0.0	CHEBI_155110
CC(=O)N[C@H]1[C@H](O[C@H]2[C@H](O)[C@@H](NC(C)=O)C(O)O[C@@H]2CO)O[C@H](CO)[C@@H](O[C@@H]2O[C@H](CO[C@H]3O[C@H](CO[C@H]4O[C@H](CO)[C@@H](O)[C@H](O)[C@@H]4O[C@H]4O[C@H](CO)[C@@H](O)[C@H](O)[C@@H]4O)[C@@H](O)[C@H](O[C@H]4O[C@H](CO)[C@@H](O)[C@H](O)[C@@H]4O[C@H]4O[C@H](CO)[C@@H](O)[C@H](O)[C@@H]4O[C@H]4O[C@H](CO)[C@H](O)[C@H](O)[C@H]4O)[C@@H]3O)[C@@H](O)[C@H](O[C@H]3O[C@H](CO)[C@@H](O)[C@H](O)[C@@H]3O[C@H]3O[C@H](CO)[C@@H](O)[C@H](O)[C@@H]3O[C@H]3O[C@H](CO)[C@@H](O)[C@H](O)[C@@H]3O)[C@@H]2O)[C@@H]1O	1	1	C76H128N2O61	0.0	CHEBI_152030
CC(=O)N[C@H]1[C@H](O[C@H]2[C@H](O)[C@@H](NC(C)=O)C(O)O[C@@H]2CO)O[C@H](CO)[C@@H](O[C@H]2O[C@H](CO[C@H]3O[C@H](CO[C@H]4O[C@H](CO)[C@@H](O)[C@H](O)[C@@H]4O[C@H]4O[C@H](CO)[C@@H](O)[C@H](O)[C@@H]4O)[C@@H](O)[C@H](O[C@H]4O[C@H](CO)[C@@H](O)[C@H](O)[C@@H]4O[C@H]4O[C@H](CO)[C@@H](O)[C@H](O)[C@@H]4O[C@H]4O[C@H](CO)[C@@H](O)[C@H](O)[C@@H]4O)[C@@H]3O)[C@@H](O)[C@H](O[C@H]3O[C@H](CO)[C@@H](O)[C@H](O)[C@@H]3O[C@H]3O[C@H](CO)[C@@H](O)[C@H](O)[C@@H]3O[C@H]3O[C@H](CO)[C@@H](O)[C@H](O)[C@@H]3O)[C@@H]2O)[C@@H]1O	1	1	C76H128N2O61	0.0	CHEBI_147647
CC(=O)N[C@H]1[C@H](O[C@H]2[C@H](O)[C@@H](NC(C)=O)C(O)O[C@@H]2CO[C@@H]2O[C@@H](C)[C@@H](O)[C@@H](O)[C@@H]2O)O[C@H](CO)[C@@H](O[C@@H]2O[C@H](CO[C@H]3O[C@H](CO)[C@@H](O)[C@H](O)[C@@H]3O)[C@@H](O)[C@H](O[C@H]3O[C@H](CO)[C@@H](O)[C@H](O)[C@@H]3O[C@@H]3O[C@H](CO)[C@@H](O[C@@H]4O[C@H](CO)[C@H](O)[C@H](O[C@H]5O[C@H](CO)[C@H](O)[C@H](O)[C@H]5O)[C@H]4O)[C@H](O)[C@H]3NC(C)=O)[C@@H]2O)[C@@H]1O	1	1	C60H101N3O45	0.0	CHEBI_154809
CC(=O)N[C@H]1[C@H](O[C@H]2[C@H](O)[C@@H](NC(C)=O)C(O)O[C@@H]2CO[C@@H]2O[C@@H](C)[C@@H](O)[C@@H](O)[C@@H]2O)O[C@H](CO)[C@@H](O[C@@H]2O[C@H](CO[C@H]3O[C@H](CO)[C@@H](O)[C@H](O)[C@@H]3O[C@@H]3O[C@H](CO)[C@@H](O[C@@H]4O[C@H](CO)[C@H](O[C@@H]5O[C@H](CO)[C@H](O)[C@H](O[C@H]6O[C@H](CO)[C@H](O)[C@H](O)[C@H]6O)[C@H]5O)[C@H](O)[C@H]4O)[C@H](O)[C@H]3NC(C)=O)[C@@H](O)[C@H](O[C@H]3O[C@H](CO)[C@@H](O)[C@H](O)[C@@H]3O[C@@H]3O[C@H](CO)[C@@H](O[C@@H]4O[C@H](CO)[C@H](O[C@@H]5O[C@H](CO)[C@H](O)[C@H](O[C@H]6O[C@H](CO)[C@H](O)[C@H](O)[C@H]6O)[C@H]5O)[C@H](O)[C@H]4O)[C@H](O)[C@H]3NC(C)=O)[C@@H]2O)[C@@H]1O	1	1	C92H154N4O70	0.0	CHEBI_148193
CC(=O)N[C@H]1[C@H](O[C@H]2[C@H](O)[C@@H](NC(C)=O)C(O)O[C@@H]2CO[C@@H]2O[C@@H](C)[C@@H](O)[C@@H](O)[C@@H]2O)O[C@H](CO)[C@@H](O[C@@H]2O[C@H](CO[C@H]3O[C@H](CO)[C@@H](O)[C@H](O[C@H]4O[C@H](CO)[C@@H](O)[C@H](O)[C@@H]4O[C@H]4O[C@H](CO)[C@@H](O)[C@H](O)[C@@H]4O)[C@@H]3O)[C@@H](O)[C@H](O[C@H]3O[C@H](CO)[C@@H](O)[C@H](O)[C@@H]3O[C@@H]3O[C@H](CO)[C@@H](O[C@@H]4O[C@H](CO[C@]5(C(=O)O)C[C@H](O)[C@@H](NC(C)=O)[C@H]([C@H](O)[C@H](O)CO)O5)[C@H](O)[C@H](O)[C@H]4O)[C@H](O)[C@H]3NC(C)=O)[C@@H]2O)[C@@H]1O	1	1	C77H128N4O58	0.0	CHEBI_148320
CC(=O)N[C@H]1[C@H](O[C@H]2[C@H](O)[C@@H](NC(C)=O)C(O)O[C@@H]2CO[C@@H]2O[C@@H](C)[C@@H](O)[C@@H](O)[C@@H]2O)O[C@H](CO)[C@@H](O[C@@H]2O[C@H](CO[C@H]3O[C@H](CO)[C@@H](O[C@@H]4O[C@H](CO)[C@@H](O[C@@H]5O[C@H](CO)[C@H](O)[C@H](O[C@]6(C(=O)O)C[C@H](O)[C@@H](NC(C)=O)[C@H]([C@H](O)[C@H](O)CO)O6)[C@H]5O)[C@H](O)[C@H]4NC(C)=O)[C@H](O)[C@@H]3O[C@@H]3O[C@H](CO)[C@@H](O[C@@H]4O[C@H](CO)[C@H](O)[C@H](O[C@]5(C(=O)O)C[C@H](O)[C@@H](NC(C)=O)[C@H]([C@H](O)[C@H](O)CO)O5)[C@H]4O)[C@H](O)[C@H]3NC(C)=O)[C@@H](O)[C@H](O[C@H]3O[C@H](CO)[C@@H](O)[C@H](O)[C@@H]3O[C@@H]3O[C@H](CO)[C@@H](O[C@@H]4O[C@H](CO[C@]5(C(=O)O)C[C@H](O)[C@@H](NC(C)=O)[C@H]([C@H](O)[C@H](O)CO)O5)[C@H](O)[C@H](O)[C@H]4O)[C@H](O)[C@H]3NC(C)=O)[C@@H]2O)[C@@H]1O	1	1	C115H188N8O84	0.0	CHEBI_146508
CC(=O)N[C@H]1[C@H](O[C@H]2[C@H](O)[C@@H](NC(C)=O)C(O)O[C@@H]2CO[C@@H]2O[C@@H](C)[C@@H](O)[C@@H](O)[C@@H]2O)O[C@H](CO)[C@@H](O[C@@H]2O[C@H](CO[C@H]3O[C@H](CO[C@@H]4O[C@H](CO)[C@@H](O)[C@H](O)[C@H]4NC(C)=O)[C@@H](O)[C@H](O)[C@@H]3O[C@@H]3O[C@H](CO)[C@@H](O)[C@H](O)[C@H]3NC(C)=O)[C@@H](O[C@@H]3O[C@H](CO)[C@@H](O)[C@H](O)[C@H]3NC(C)=O)[C@H](O[C@H]3O[C@H](CO)[C@@H](O[C@@H]4O[C@H](CO)[C@@H](O)[C@H](O[C@@H]5O[C@H](CO)[C@H](O)[C@H](O)[C@H]5O[C@@H]5O[C@@H](C)[C@@H](O)[C@@H](O)[C@@H]5O)[C@H]4NC(C)=O)[C@H](O)[C@@H]3O[C@@H]3O[C@H](CO)[C@@H](O)[C@H](O)[C@H]3NC(C)=O)[C@@H]2O)[C@@H]1O	1	1	C92H153N7O64	0.0	CHEBI_151713
CC(=O)N[C@H]1[C@H](O[C@H]2[C@H](O)[C@@H](NC(C)=O)C(O)O[C@@H]2CO[C@@H]2O[C@@H](C)[C@@H](O)[C@@H](O)[C@@H]2O)O[C@H](CO)[C@@H](O[C@@H]2O[C@H](CO[C@H]3O[C@H](CO[C@@H]4O[C@H](CO)[C@@H](O[C@@H]5O[C@H](CO)[C@H](O)[C@H](O)[C@H]5O)[C@@H](O)[C@H]4NC(C)=O)[C@@H](O)[C@H](O)[C@@H]3O[C@@H]3O[C@H](CO)[C@@H](O[C@@H]4O[C@H](CO)[C@H](O)[C@H](O)[C@H]4O)[C@H](O)[C@H]3NC(C)=O)[C@@H](O[C@@H]3O[C@H](CO)[C@@H](O)[C@H](O)[C@H]3NC(C)=O)[C@H](O[C@H]3O[C@H](CO)[C@@H](O[C@@H]4O[C@H](CO)[C@@H](O)[C@H](O)[C@H]4NC(C)=O)[C@H](O)[C@@H]3O[C@@H]3O[C@H](CO)[C@@H](O[C@@H]4O[C@H](CO)[C@H](O)[C@H](O)[C@H]4O)[C@H](O[C@@H]4O[C@@H](C)[C@@H](O)[C@@H](O)[C@@H]4O)[C@H]3NC(C)=O)[C@@H]2O)[C@@H]1O	1	1	C104H173N7O74	0.0	CHEBI_153405
CC(=O)N[C@H]1[C@H](O[C@H]2[C@H](O)[C@@H](NC(C)=O)C(O)O[C@@H]2CO[C@@H]2O[C@@H](C)[C@@H](O)[C@@H](O)[C@@H]2O)O[C@H](CO)[C@@H](O[C@@H]2O[C@H](CO[C@H]3O[C@H](CO[C@@H]4O[C@H](CO)[C@@H](O[C@@H]5O[C@H](CO)[C@H](O)[C@H](O)[C@H]5O)[C@H](O)[C@H]4NC(C)=O)[C@@H](O)[C@H](O)[C@@H]3O[C@@H]3O[C@H](CO)[C@@H](O[C@@H]4O[C@H](CO)[C@H](O)[C@H](O)[C@H]4NC(C)=O)[C@H](O)[C@H]3NC(C)=O)[C@@H](O)[C@H](O[C@H]3O[C@H](CO)[C@@H](O[C@@H]4O[C@H](CO)[C@@H](O[C@@H]5O[C@H](CO)[C@H](O)[C@H](O)[C@H]5O)[C@H](O)[C@H]4NC(C)=O)[C@H](O)[C@@H]3O[C@@H]3O[C@H](CO)[C@@H](O[C@@H]4O[C@H](CO)[C@H](O)[C@H](O)[C@H]4NC(C)=O)[C@H](O)[C@H]3NC(C)=O)[C@@H]2O)[C@@H]1O	1	1	C100H166N8O70	0.0	CHEBI_147802
CC(=O)N[C@H]1[C@H](O[C@H]2[C@H](O)[C@@H](NC(C)=O)C(O)O[C@@H]2CO[C@@H]2O[C@@H](C)[C@@H](O)[C@@H](O)[C@@H]2O)O[C@H](CO)[C@@H](O[C@@H]2O[C@H](CO[C@H]3O[C@H](CO[C@@H]4O[C@H](CO)[C@@H](O[C@@H]5O[C@H](CO)[C@H](O)[C@H](O)[C@H]5O)[C@H](O)[C@H]4NC(C)=O)[C@@H](O)[C@H](O)[C@@H]3O[C@@H]3O[C@H](CO)[C@@H](O[C@@H]4O[C@H](CO)[C@H](O)[C@H](O[C@@H]5O[C@H](CO)[C@@H](O[C@@H]6O[C@H](CO)[C@H](O)[C@H](O)[C@H]6O)[C@H](O)[C@H]5NC(C)=O)[C@H]4O)[C@H](O)[C@H]3NC(C)=O)[C@@H](O)[C@H](O[C@H]3O[C@H](CO)[C@@H](O[C@@H]4O[C@H](CO)[C@@H](O[C@@H]5O[C@H](CO)[C@H](O)[C@H](O)[C@H]5O)[C@H](O)[C@H]4NC(C)=O)[C@H](O)[C@@H]3O[C@@H]3O[C@H](CO)[C@@H](O[C@@H]4O[C@H](CO)[C@H](O)[C@H](O)[C@H]4O)[C@H](O[C@@H]4O[C@@H](C)[C@@H](O)[C@@H](O)[C@@H]4O)[C@H]3NC(C)=O)[C@@H]2O)[C@@H]1O	1	1	C116H193N7O84	0.0	CHEBI_148863
CC(=O)N[C@H]1[C@H](O[C@H]2[C@H](O)[C@@H](NC(C)=O)C(O)O[C@@H]2CO[C@@H]2O[C@@H](C)[C@@H](O)[C@@H](O)[C@@H]2O)O[C@H](CO)[C@@H](O[C@@H]2O[C@H](CO[C@H]3O[C@H](CO[C@@H]4O[C@H](CO)[C@@H](O[C@@H]5O[C@H](CO)[C@H](O)[C@H](O[C@H]6O[C@H](CO)[C@H](O)[C@H](O)[C@H]6O)[C@H]5O)[C@H](O)[C@H]4NC(C)=O)[C@@H](O)[C@H](O)[C@@H]3O[C@@H]3O[C@H](CO)[C@@H](O[C@@H]4O[C@H](CO)[C@H](O)[C@H](O)[C@H]4O)[C@H](O)[C@H]3NC(C)=O)[C@@H](O)[C@H](O[C@H]3O[C@H](CO)[C@@H](O[C@@H]4O[C@H](CO)[C@@H](O[C@@H]5O[C@H](CO)[C@H](O)[C@H](O)[C@H]5O)[C@H](O)[C@H]4NC(C)=O)[C@H](O)[C@@H]3O[C@@H]3O[C@H](CO)[C@@H](O[C@@H]4O[C@H](CO)[C@H](O)[C@H](O)[C@H]4O)[C@H](O)[C@H]3NC(C)=O)[C@@H]2O)[C@@H]1O	1	1	C102H170N6O75	0.0	CHEBI_151523
CC(=O)N[C@H]1[C@H](O[C@H]2[C@H](O)[C@@H](NC(C)=O)C(O)O[C@@H]2CO[C@@H]2O[C@@H](C)[C@@H](O)[C@@H](O)[C@@H]2O)O[C@H](CO)[C@@H](O[C@@H]2O[C@H](CO[C@H]3O[C@H](CO[C@@H]4O[C@H](CO)[C@@H](O[C@@H]5O[C@H](CO)[C@H](O)[C@H](O[C@]6(C(=O)O)C[C@H](O)[C@@H](NC(C)=O)[C@H]([C@H](O)[C@H](O)CO)O6)[C@H]5O)[C@H](O)[C@H]4NC(C)=O)[C@@H](O)[C@H](O)[C@@H]3O[C@@H]3O[C@H](CO)[C@@H](O)[C@H](O[C@@H]4O[C@H](CO)[C@H](O)[C@H](O[C@]5(C(=O)O)C[C@H](O)[C@@H](NC(C)=O)[C@H]([C@H](O)[C@H](O)CO)O5)[C@H]4O)[C@H]3NC(C)=O)[C@@H](O)[C@H](O[C@H]3O[C@H](CO)[C@@H](O[C@@H]4O[C@H](CO)[C@@H](O)[C@H](O[C@@H]5O[C@H](CO)[C@H](O)[C@H](O[C@]6(C(=O)O)C[C@H](O)[C@@H](NC(C)=O)[C@H]([C@H](O)[C@H](O)CO)O6)[C@H]5O)[C@H]4NC(C)=O)[C@H](O)[C@@H]3O[C@@H]3O[C@H](CO)[C@@H](O)[C@H](O[C@@H]4O[C@H](CO)[C@H](O)[C@H](O[C@]5(C(=O)O)C[C@H](O)[C@@H](NC(C)=O)[C@H]([C@H](O)[C@H](O)CO)O5)[C@H]4O)[C@H]3NC(C)=O)[C@@H]2O)[C@@H]1O	1	1	C140H228N10O102	0.0	CHEBI_147056
CC(=O)N[C@H]1[C@H](O[C@H]2[C@H](O)[C@@H](NC(C)=O)C(O)O[C@@H]2CO[C@@H]2O[C@@H](C)[C@@H](O)[C@@H](O)[C@@H]2O)O[C@H](CO)[C@@H](O[C@@H]2O[C@H](CO[C@H]3O[C@H](CO[C@@H]4O[C@H](CO)[C@@H](O[C@@H]5O[C@H](CO)[C@H](O)[C@H](O[C@]6(C(=O)O)C[C@H](O)[C@@H](NC(C)=O)[C@H]([C@H](O)[C@H](O)CO)O6)[C@H]5O)[C@H](O)[C@H]4NC(C)=O)[C@@H](O)[C@H](O)[C@@H]3O[C@@H]3O[C@H](CO)[C@@H](O[C@@H]4O[C@H](CO)[C@H](O)[C@H](O[C@]5(C(=O)O)C[C@H](O)[C@@H](NC(C)=O)[C@H]([C@H](O)[C@H](O)CO)O5)[C@H]4O)[C@H](O)[C@H]3NC(C)=O)[C@@H](O)[C@H](O[C@H]3O[C@H](CO)[C@@H](O)[C@H](O)[C@@H]3O[C@@H]3O[C@H](CO)[C@@H](O[C@@H]4O[C@H](CO)[C@H](O)[C@H](O[C@]5(C(=O)O)C[C@H](O)[C@@H](NC(C)=O)[C@H]([C@H](O)[C@H](O)CO)O5)[C@H]4O)[C@H](O)[C@H]3NC(C)=O)[C@@H]2O)[C@@H]1O	1	1	C115H188N8O84	0.0	CHEBI_148569
CC(=O)N[C@H]1[C@H](O[C@H]2[C@H](O)[C@@H](NC(C)=O)C(O)O[C@@H]2CO[C@@H]2O[C@@H](C)[C@@H](O)[C@@H](O)[C@@H]2O)O[C@H](CO)[C@@H](O[C@@H]2O[C@H](CO[C@H]3O[C@H](CO[C@@H]4O[C@H](CO)[C@@H](O[C@@H]5O[C@H](CO)[C@H](O)[C@H](O[C@]6(C(=O)O)C[C@H](O)[C@@H](NC(C)=O)[C@H]([C@H](O)[C@H](O)CO)O6)[C@H]5O)[C@H](O)[C@H]4NC(C)=O)[C@@H](O)[C@H](O)[C@@H]3O[C@@H]3O[C@H](CO)[C@@H](O[C@@H]4O[C@H](CO[C@]5(C(=O)O)C[C@H](O)[C@@H](NC(C)=O)[C@H]([C@H](O)[C@H](O)CO)O5)[C@H](O)[C@H](O)[C@H]4O)[C@H](O)[C@H]3NC(C)=O)[C@@H](O[C@@H]3O[C@H](CO)[C@@H](O)[C@H](O)[C@H]3NC(C)=O)[C@H](O[C@H]3O[C@H](CO)[C@@H](O)[C@H](O)[C@@H]3O[C@@H]3O[C@H](CO)[C@@H](O[C@@H]4O[C@H](CO[C@]5(C(=O)O)C[C@H](O)[C@@H](NC(C)=O)[C@H]([C@H](O)[C@H](O)CO)O5)[C@H](O)[C@H](O)[C@H]4O)[C@H](O)[C@H]3NC(C)=O)[C@@H]2O)[C@@H]1O	1	1	C123H201N9O89	0.0	CHEBI_146905
CC(=O)N[C@H]1[C@H](O[C@H]2[C@H](O)[C@@H](NC(C)=O)C(OP(=O)(O)OP(=O)(O)OCCC(C)CC/C=C(/C)CC/C=C(\C)CC/C=C(\C)CCC=C(C)C)O[C@@H]2CO)O[C@H](CO)[C@@H](O[C@@H]2O[C@H](CO[C@H]3O[C@H](CO)[C@@H](O)[C@H](O)[C@@H]3O)[C@@H](O)[C@H](O[C@H]3O[C@H](CO)[C@@H](O)[C@H](O)[C@@H]3O)[C@@H]2O)[C@@H]1O	1	1	C59H102N2O32P2	0.0	CHEBI_61900
CC(=O)N[C@H]1[C@H](O[C@H]2[C@H](O)[C@@H](NC(C)=O)C(OP(=O)([O-])OP(=O)([O-])OCCC(C)CC/C=C(/C)CC/C=C(\C)CC/C=C(\C)CCC=C(C)C)O[C@@H]2CO)O[C@H](CO)[C@@H](O[C@@H]2O[C@H](CO[C@H]3O[C@H](CO)[C@@H](O)[C@H](O)[C@@H]3O)[C@@H](O)[C@H](O[C@H]3O[C@H](CO)[C@@H](O)[C@H](O)[C@@H]3O)[C@@H]2O)[C@@H]1O	1	1	C59H100N2O32P2-2	-2.0	CHEBI_61937
CC(=O)N[C@H]1[C@H](O[C@H]2[C@H](O)[C@@H](NC(C)=O)[C@@H](OP(=O)(O)OP(=O)(O)OCCC(C)CC/C=C(/C)CC/C=C(\C)CC/C=C(\C)CCC=C(C)C)O[C@@H]2CO)O[C@H](CO)[C@@H](O[C@@H]2O[C@H](CO[C@H]3O[C@H](CO)[C@@H](O)[C@H](O)[C@@H]3O)[C@@H](O)[C@H](O[C@H]3O[C@H](CO)[C@@H](O)[C@H](O)[C@@H]3O)[C@@H]2O)[C@@H]1O	1	1	C59H102N2O32P2	0.0	CHEBI_133912
CC(=O)N[C@H]1[C@H](O[C@H]2[C@H](O)[C@@H](NC(C)=O)[C@@H](OP(=O)(O)OP(=O)(O)OCCC(C)CC/C=C(\C)CC/C=C(\C)CC/C=C(\C)CCC=C(C)C)O[C@@H]2CO)O[C@H](CO)[C@@H](O[C@@H]2O[C@H](CO[C@H]3O[C@H](CO)[C@@H](O)[C@H](O)[C@@H]3O)[C@@H](O)[C@H](O[C@H]3O[C@H](CO)[C@@H](O)[C@H](O)[C@@H]3O)[C@@H]2O)[C@@H]1O	1	1	C59H102N2O32P2	0.0	CHEBI_53742
CC(=O)N[C@H]1[C@H](O[C@H]2[C@H](O)[C@@H](NC(C)=O)[C@@H](OP(=O)([O-])OP(=O)([O-])OCCC(C)CC/C=C(/C)CC/C=C(\C)CC/C=C(\C)CCC=C(C)C)O[C@@H]2CO)O[C@H](CO)[C@@H](O[C@@H]2O[C@H](CO[C@H]3O[C@H](CO)[C@@H](O)[C@H](O)[C@@H]3O)[C@@H](O)[C@H](O[C@H]3O[C@H](CO)[C@@H](O)[C@H](O)[C@@H]3O)[C@@H]2O)[C@@H]1O	1	1	C59H100N2O32P2-2	-2.0	CHEBI_132511
CC(=O)N[C@H]1[C@H](O[C@H]2[C@H](O)[C@@H](O)[C@H](O[C@H]3[C@@H](O)[C@@H](CO)O[C@@H](O[C@H]4[C@@H](O)[C@@H](COS(=O)(=O)O)O[C@@H](O[C@H](CO)[C@H](O)[C@@H](O)CO)[C@@H]4O)[C@@H]3O)O[C@@H]2C(=O)O)O[C@H](CO)[C@H](O)[C@@H]1O[C@@H]1OC(C(=O)O)=C(O)[C@H](O)[C@H]1O	1	1	C37H59NO35S	0.0	CHEBI_150996
CC(=O)N[C@H]1[C@H](O[C@H]2[C@H](O)[C@@H](O)[C@H](O[C@H]3[C@H](O)[C@@H](CO)OC(O)[C@@H]3NC(C)=O)O[C@@H]2C(=O)O)O[C@H](CO)[C@@H](O)[C@@H]1O	1	1	C22H36N2O17	0.0	CHEBI_64025
CC(=O)N[C@H]1[C@H](O[C@H]2[C@H](O)[C@H](O)[C@@H](O)O[C@@H]2C)O[C@H](CO)[C@@H](O)[C@@H]1O	1	1	C14H25NO10	0.0	CHEBI_62066
CC(=O)N[C@H]1[C@H](O[C@H]2[C@H](O[C@@H]3O[C@@H](C)[C@@H](O)[C@@H](O)[C@@H]3O)[C@@H](NC(C)=O)C(O)O[C@@H]2CO[C@@H]2O[C@@H](C)[C@@H](O)[C@@H](O)[C@@H]2O)O[C@H](CO)[C@@H](O[C@@H]2O[C@H](CO[C@H]3O[C@H](CO)[C@@H](O)[C@H](O)[C@@H]3O)[C@@H](O)[C@H](O[C@H]3O[C@H](CO)[C@@H](O)[C@H](O)[C@@H]3O)[C@@H]2O)[C@@H]1O	1	1	C46H78N2O34	0.0	CHEBI_153770
CC(=O)N[C@H]1[C@H](O[C@H]2[C@H](O[C@H]3O[C@H](CO)[C@@H](O)[C@H](O)[C@@H]3O[C@H]3O[C@H](CO)[C@@H](O)[C@H](O)[C@@H]3O[C@H]3O[C@H](CO)[C@@H](O)[C@H](O)[C@@H]3O)[C@H](O)[C@H](O[C@H]3[C@H](O)[C@@H](NC(C)=O)C(O)O[C@@H]3CO)O[C@@H]2CO[C@H]2O[C@H](CO[C@H]3O[C@H](CO)[C@@H](O)[C@H](O)[C@@H]3O[C@H]3O[C@H](CO)[C@@H](O)[C@H](O)[C@@H]3O)[C@@H](O)[C@H](O[C@H]3O[C@H](CO)[C@@H](O)[C@H](O)[C@@H]3O[C@H]3O[C@H](CO)[C@@H](O)[C@H](O)[C@@H]3O)[C@@H]2O)O[C@H](CO)[C@@H](O)[C@@H]1O	1	1	C70H118N2O56	0.0	CHEBI_153094
CC(=O)N[C@H]1[C@H]([C@H](O)[C@H](O)CO)O[C@@](O[C@H](COC(C)=O)[C@@H](O)[C@@H]2O[C@@](O[C@H]3[C@@H](O)[C@@H](CO)O[C@@H](O[C@H]4[C@H](O)[C@@H](O)[C@H](O)O[C@@H]4CO)[C@@H]3O)(C(=O)O)C[C@H](O)[C@H]2NC(C)=O)(C(=O)O)C[C@@H]1O	1	1	C36H58N2O28	0.0	CHEBI_149130
CC(=O)Nc1c(C#N)c2nc3cc(CO)ccc3oc-2cc1=O	1	1	C16H11N3O4	0.0	CHEBI_203272
CC(=O)Nc1cc(=N)c2ncc3cc(C(=O)CCO)[nH]c1c32	1	1	C15H14N4O3	0.0	CHEBI_198304
CC(=O)Nc1ccc(C(=O)Nc2cc(-c3cccs3)ccc2N)cc1	1	1	C19H17N3O2S	0.0	CHEBI_95226
CC(=O)Nc1ccc(S(=O)(=O)C(C#N)c2nc3ccccc3nc2NCCN2CCOCC2)cc1	1	1	C24H26N6O4S	0.0	CHEBI_105030
CC(=O)Nc1ccc(S(=O)(=O)c2ccc(NC(C)=O)cc2)cc1	1	1	C16H16N2O4S	0.0	CHEBI_139474
CC(=O)Nc1nc2ccccc2n1CCOc1ccccc1Cl	1	1	C17H16ClN3O2	0.0	CHEBI_114625
CC(=O)OC(C(=O)O)C(OC(=O)/C=C/c1ccc(O)cc1)C(=O)O	1	1	C15H14O9	0.0	CHEBI_140766
CC(=O)OC(C)(C)/C=C/C(=O)C(C)(O)C1C(O)CC2(C)C3CC=C(C(C)(C)C(=O)O)C(CC(=O)O)C3(C)C(=O)CC12C	1	1	C32H46O10	0.0	CHEBI_183867
CC(=O)OC(C)OC(=O)C(C)c1ccc(-c2ccccc2)c(F)c1	1	1	C19H19FO4	0.0	CHEBI_31627
CC(=O)OC/C(C#C[C@@H]1CO1)=C1\C=CC(=O)O1	1	1	C12H10O5	0.0	CHEBI_203209
CC(=O)OC/C(C)=C/CC[C@@](C)(O)[C@@H]1CC[C@@](C)(O)[C@H]1C	1	1	C17H30O4	0.0	CHEBI_209448
CC(=O)OC/C(C)=C\CCC(C)(O)[C@H]1CC[C@](C)(O)[C@@H]1C	1	1	C17H30O4	0.0	CHEBI_208227
CC(=O)OC/C=C(\C)CC/C=C(\C)C(=O)OC/C=C(\C)CC/C=C(\C)C(=O)O	1	1	C22H32O6	0.0	CHEBI_67351
CC(=O)OC1(C)C(=O)c2cc3cc(C)c(cc4nc(cc5[nH]c(cc1n2)cc5C)C(=O)C4(C)O)[nH]3	1	1	C26H24N4O5	0.0	CHEBI_205889
CC(=O)OC1C(OC(=O)/C=C/c2ccccc2)CC(C)C23CC(CC(OC(=O)/C=C/c4ccccc4)C12C)C(C)(C)O3	1	1	C35H40O7	0.0	CHEBI_229075
CC(=O)OC1CC(C)(O)C2CC=C(C)C2C2OC(=O)C(C)C12	1	1	C17H24O5	0.0	CHEBI_174948
CC(=O)OC1CC(C)Cc2ccc(C)c(/C=C/C3CC(O)CC(=O)O3)c21	1	1	C21H26O5	0.0	CHEBI_199124
CC(=O)OC1CC(O)CC2=CCC3C4CCC(C(C)(O)C5CC(C)=C(C)C(=O)O5)C4(C)CCC3C21C	1	1	C30H44O6	0.0	CHEBI_168104
CC(=O)OC1CC(OC2OC(CO)C(O)C(O)C2O)CC2=CCC3C(CCC4(C)C(C(C)(O)C5CC(C)=C(C)C(=O)O5)CCC34O)C21C	1	1	C36H54O12	0.0	CHEBI_168690
CC(=O)OC1CC2(C)C3(CO3)C1OC1C=C(C)C(=O)C(O)C12CO	1	1	C17H22O7	0.0	CHEBI_175302
CC(=O)OC1CCC2(C)C(COc3ccc4ccc(=O)oc4c3)C(O)(CO)CCC2C1(C)C	1	1	C26H34O7	0.0	CHEBI_193245
CC(=O)OC1CCCOC1C=O	1	1	C8H12O4	0.0	CHEBI_147315
CC(=O)OC1[C@H]2C(=C[C@H]3[C@@H](O)C(C)=C(C)[C@H]4[C@H](Cc5ccccc5)NC(=O)[C@@]134)C[C@H](C)[C@@](O)(C(C)=O)[C@@H]2O	1	1	C30H37NO7	0.0	CHEBI_227003
CC(=O)OCC(=O)C1(O)CCC2C3CCC4=CC(=O)CCC4(C)C3C(O)CC21C	1	1	C23H32O6	0.0	CHEBI_230865
CC(=O)OCC(=O)[C@@]1(O)[C@@H](C)C[C@H]2[C@@H]3CCC4=CC(=O)C=C[C@]4(C)[C@@]3(F)[C@@H](O)C[C@@]21C	1	1	C24H31FO6	0.0	CHEBI_31275
CC(=O)OCC(=O)[C@@]1(O)[C@H](C)C[C@H]2[C@@H]3CCC4=CC(=O)C=C[C@]4(C)[C@@]3(F)[C@@H](O)C[C@@]21C	1	1	C24H31FO6	0.0	CHEBI_4463
CC(=O)OCC1(C)CCCC2(C)C1CCC13CC(CCC12)C(C)(O)C3	1	1	C22H36O3	0.0	CHEBI_171876
CC(=O)OCC1CCCO1	1	1	C7H12O3	0.0	CHEBI_169190
CC(=O)OCC1NC(=O)C(CCc2ccc(O)cc2)N(C)C(=O)C(CCc2ccc(O)cc2)NC(=O)C(C(C)C)NC(=O)C(NC(=O)NC(Cc2ccccc2)C(=O)O)CCCCNC1=O	1	1	C47H61N7O12	0.0	CHEBI_222021
CC(=O)OCC1OC(Oc2c(-c3ccc(O)cc3)oc3cc(O)cc(O)c3c2=O)C(O)C(O)C1O	1	1	C23H22O12	0.0	CHEBI_197087
CC(=O)OCC1O[C@@H](c2c(O)c([C@@H]3OC[C@@H](O)[C@H](O)C3O)c(O)c3c(=O)cc(-c4ccc(O)cc4)oc23)C(O)[C@@H](O)[C@@H]1O	1	1	C28H30O15	0.0	CHEBI_169520
CC(=O)OCCN1CCN(CCCN2c3ccccc3Sc3ccc(Cl)cc32)CC1	1	1	C23H28ClN3O2S	0.0	CHEBI_59119
CC(=O)OC[C@@](C)(O)[C@@H]1Cc2cc(C(=O)O)ccc2O1	1	1	C14H16O6	0.0	CHEBI_216999
CC(=O)OC[C@@]1(O)CC[C@]23[C@@H](CC[C@H]4[C@](C)(CO)[C@H](O)CC[C@@]42C)C[C@@H]1[C@@H]3O	1	1	C22H36O6	0.0	CHEBI_224763
CC(=O)OC[C@@]12CC[C@@]3(C)[C@H]4C(=CC[C@]3(C)[C@H]1[C@H](O)C[C@H]2C(C)C)[C@@]1(C)C[C@@H](OC(C)=O)[C@H](O[C@@H]2O[C@H](CO[C@@H]3O[C@H](CO)[C@@H](O)[C@H](O)[C@H]3O)[C@@H](O)[C@H](O)[C@H]2O)C(C)(C)[C@@H]1C[C@@H]4O	1	1	C46H74O17	0.0	CHEBI_69509
CC(=O)OC[C@H]1CC[C@H]2[C@@H](C=C[C@@H]3CO[C@@](O)(C(C)=O)[C@@]32C)C1	1	1	C18H26O5	0.0	CHEBI_215820
CC(=O)OC[C@H]1O[C@@H](Oc2cc3oc(C)cc(=O)c3c(O)c2C)[C@H](OC(C)=O)[C@@H](O)[C@@H]1O	1	1	C21H24O11	0.0	CHEBI_144296
CC(=O)OC[C@]12[C@H](OC(C)=O)[C@H](OC(C)=O)[C@@H]3[C@@H](OC(C)=O)[C@@]14O[C@@]3(C)COC(=O)c1cccnc1C(C)C(C)C(=O)O[C@@H]([C@H](OC(=O)c1ccco1)[C@@H]2OC(C)=O)[C@]4(C)O	1	1	C41H47NO19	0.0	CHEBI_132390
CC(=O)OCc1c(O)c(C(=O)O)c(C)c2c1OC(=O)c1c(C)cc(O)c(CO)c1O2	1	1	C20H18O10	0.0	CHEBI_202228
CC(=O)OCc1cc(=O)occ1O	1	1	C8H8O5	0.0	CHEBI_208077
CC(=O)OCc1nc(C)c(C)nc1C	1	1	C10H14N2O2	0.0	CHEBI_222502
CC(=O)O[C@@H](c1ccccc1)c1cc(=O)c(C(N)=O)cn1CCO	1	1	C17H18N2O5	0.0	CHEBI_227827
CC(=O)O[C@@H]1C2=C(CC[C@H]3C(C)(C)C(=O)CC[C@]23C)[C@]2(C)CC[C@H]([C@H](C)CC/C=C(/C)C(=O)O)[C@@]2(C)[C@@H]1OC(C)=O	1	1	C34H50O7	0.0	CHEBI_207667
CC(=O)O[C@@H]1C=C[C@H](O)[C@H]2C(=O)C=CC3(Oc4cccc5cccc(c45)O3)[C@@H]21	1	1	C22H18O6	0.0	CHEBI_213601
CC(=O)O[C@@H]1C[C@@H]2C3=C(C(C)C)CC[C@]3(C)CC[C@@]2(C)[C@@H](O)C=C1CO	1	1	C22H34O4	0.0	CHEBI_194354
CC(=O)O[C@@H]1C[C@@H]2[C@@]3(C)CCCC(C)(C)[C@@H]3CC[C@@]2(C)[C@@H]2CC=C(C=O)[C@H](C=O)[C@@]12C	1	1	C27H40O4	0.0	CHEBI_144414
CC(=O)O[C@@H]1C[C@H]2C(C)(C)C(=O)C=C[C@]2(C)[C@H]2CC[C@@]3(C)C(=CC(=O)[C@H]3C3=CCOC3=O)[C@@]21C	1	1	C28H34O6	0.0	CHEBI_67290
CC(=O)O[C@@H]1C[C@H]2C(C)(C)C(=O)C=C[C@]2(C)[C@H]2CC[C@@]3(C)OC(=O)C=C3[C@@]21C	1	1	C23H30O5	0.0	CHEBI_67313
CC(=O)O[C@@H]1C[C@H]2C(C)(C)C(=O)C=C[C@]2(C)[C@H]2CC[C@]3(C)OC(=O)C=C3[C@@]21C	1	1	C23H30O5	0.0	CHEBI_67314
CC(=O)O[C@@H]1C[C@H]2O[C@@H]3C[C@@H](CO)CC[C@]3(C)[C@]1(C)[C@]21CO1	1	1	C17H26O5	0.0	CHEBI_223253
CC(=O)O[C@@H]1C[C@H]2O[C@@H]3C[C@H](CO)CC[C@]3(C)[C@]1(C)[C@]21CO1	1	1	C17H26O5	0.0	CHEBI_223246
CC(=O)O[C@@H]1C[C@]2(C)[C@@]3(CO)[C@H](O)C(=O)C(C)=C[C@H]3O[C@H]1[C@@]21CO1	1	1	C17H22O7	0.0	CHEBI_146195
CC(=O)O[C@@H]1O[C@@H]([C@@H]2c3cccc(O)c3C(=O)c3c(O)cc(C)cc32)[C@H](O)[C@@H](O)[C@H]1O	1	1	C22H22O9	0.0	CHEBI_65391
CC(=O)O[C@@H]1O[C@@H]([C@H]2c3cccc(O)c3C(=O)c3c(O)cc(C)cc32)[C@H](O)[C@@H](O)[C@H]1O	1	1	C22H22O9	0.0	CHEBI_65390
CC(=O)O[C@@H]1c2c(ccc3ccc(=O)oc23)OC(C)(C)[C@@H]1OC(=O)CC(C)C	1	1	C21H24O7	0.0	CHEBI_4583
CC(=O)O[C@@]12CO[C@@H]1CC[C@@]1(C)CCC3=C(C)CC[C@@H](C[C@@H]12)C3(C)C	1	1	C22H34O3	0.0	CHEBI_233991
CC(=O)O[C@H]1C/C(C)=C/[C@@H](O)[C@H](O)[C@H]2[C@H](O)O[C@]13[C@@H]2CC3(C)C	1	1	C17H26O6	0.0	CHEBI_209203
CC(=O)O[C@H]1C/C=C/[C@@H]2C[C@H](OC(=O)[C@H]3O[B-]45O[C@H](C(=O)O[C@H]6C[C@@H](/C=C/C[C@H](OC(C)=O)C(C)(C)[C@@H]7CC[C@@H](C)[C@]3(O7)O4)O[C@@H]6C)[C@@]3(O[C@@H](CC[C@H]3C)C1(C)C)O5)[C@@H](C)O2	1	1	C44H64BO16-	-1.0	CHEBI_223767
CC(=O)O[C@H]1C=CC(=O)[C@]1(O)CO	1	1	C8H10O5	0.0	CHEBI_225226
CC(=O)O[C@H]1CC[C@]2(C)C3=C([C@@H](O)C[C@H]2C1(C)C)[C@]1(C)C(=O)C[C@H]([C@H](C)CC(=O)CC(C)C(=O)O)[C@@]1(C)CC3=O	1	1	C32H46O8	0.0	CHEBI_203165
CC(=O)O[C@H]1CC[C@]2(C)C3=CC[C@]4(C)[C@@H]([C@@H](CCC=C(C)C)C(=O)O)CC[C@@]4(C)C3=CC[C@H]2C1(C)C	1	1	C32H48O4	0.0	CHEBI_218363
CC(=O)O[C@H]1C[C@@H]2[C@@]3(C)CCCC(C)(C)[C@@H]3CC[C@@]2(C)[C@@H]2CC=C(C=O)[C@H](C=O)[C@@]12C	1	1	C27H40O4	0.0	CHEBI_67731
CC(=O)O[C@H]1C[C@@]2(C)[C@@H](CC[C@H]3[C@@]4(C)CCC(=O)[C@@H](C)[C@@H]4[C@H](OC(C)=O)C(=O)[C@@]32C)/C1=C(\CCC=C(C)C)C(=O)O	1	1	C33H46O8	0.0	CHEBI_203143
CC(=O)O[C@H]1C[C@H]([C@@H](CCC=C(C)C)C(=O)O)[C@@]2(C)CCC3=C(CC[C@H]4C(C)(C)[C@@H](O)CC[C@]34C)[C@]12C	1	1	C32H50O5	0.0	CHEBI_220805
CC(=O)O[C@H]1C[C@H]2C[C@@H](O)C[C@@H](C[C@@H](C)/C=C/C=C\C[C@H]3O[C@H](C[C@H]3C)[C@H](O)C[C@H]3OC(=O)[C@@]1(O)[C@H]3O)O2	1	1	C28H42O10	0.0	CHEBI_221733
CC(=O)O[C@H]1C[C@]2(CO)[C@@H]([C@H](C)[C@H](CC=C(C)C)OC(C)=O)[C@@H](O)C[C@@]2(C)C2=C1[C@@]1(C)CC[C@H](OC(C)=O)C(C)(C)[C@@H]1C[C@H]2OC(C)=O	1	1	C38H58O10	0.0	CHEBI_225787
CC(=O)O[C@H]1[C@@H](C)[C@H](C)OC(=O)[C@H](Cc2ccccc2)N(C)C(=O)/C=C\[C@@H](C)[C@H](O)/C(C)=C\[C@@H]1C	1	1	C28H39NO6	0.0	CHEBI_208124
CC(=O)O[C@H]1[C@@H](O)CC2=CC(=O)C(O)=C[C@]2(C)[C@H]1C	1	1	C14H18O5	0.0	CHEBI_205986
CC(=O)O[C@H]1[C@@H]2CC(C)(C)C[C@@H]2[C@](C)(O)[C@@]23C[C@@]12COC3=O	1	1	C17H24O5	0.0	CHEBI_215833
CC(=O)O[C@H]1[C@]2(C)[C@@H]([C@H](C)CCC=C(C)C(=O)O)CC(=O)[C@@]2(C)C2=C3[C@]4(C)C(CC2=O)[C@@](C)(CO)C(=O)CC4[C@@]31O	1	1	C32H42O9	0.0	CHEBI_218091
CC(=O)O[C@H]1c2cc(C)cc(O)c2C(=O)[C@@]2(O)C(=O)[C@H]3C=C[C@@]12Cc1cc(O)c(C(=O)c2c(O)ccc(O)c2C(=O)O)c(O)c13	1	1	C32H24O13	0.0	CHEBI_223095
CC(=O)Oc1ccc2c(c1)oc(=O)c1c3ccc(OC(C)=O)cc3oc21	1	1	C19H12O7	0.0	CHEBI_79614
CC(=O)Oc1ccccc1C	1	1	C9H10O2	0.0	CHEBI_179656
CC(=O)SC(C)(C)C1CCC(C)CC1=O	1	1	C12H20O2S	0.0	CHEBI_157672
CC(=O)SC(C)(C)[C@H]1CC[C@H](C)CC1=O	1	1	C12H20O2S	0.0	CHEBI_177750
CC(=O)SCCCO	1	1	C5H10O2S	0.0	CHEBI_192554
CC(=O)SCCNC(=O)CCNC(=O)C(O)C(C)(C)COP(=O)(O)O	1	1	C13H25N2O8PS	0.0	CHEBI_28228
CC(=O)SCCNC(=O)CCNC(=O)C(O)C(C)(C)COP(=O)([O-])[O-]	1	1	C13H23N2O8PS-2	-2.0	CHEBI_58555
CC(=O)[C@@H](C)[C@H]1CC[C@H]2[C@@H]3CCC4=CC(=O)C=C[C@]4(C)[C@H]3C[C@H](O)[C@]12C	1	1	C23H32O3	0.0	CHEBI_216905
CC(=O)[C@@H](O)[C@H](O)COP(=O)(O)O	1	1	C5H11O7P	0.0	CHEBI_16493
CC(=O)[C@@]1(O)CC[C@H]2[C@@H]3C[C@H](F)C4=CC(=O)CC[C@]4(C)[C@H]3[C@@H](O)C[C@@]21C	1	1	C21H29FO4	0.0	CHEBI_79690
CC(=O)[C@@]12CC[C@@H]3[C@@H](CO[C@@]34c3c(O)ccc(O)c3C(=O)[C@@H]14)[C@@H]2O	1	1	C18H18O6	0.0	CHEBI_210184
CC(=O)[C@@]12OC(C)(c3ccccc3)O[C@@H]1C[C@H]1[C@@H]3CCC4=CC(=O)CC[C@]4(C)[C@H]3CC[C@@]12C	1	1	C29H36O4	0.0	CHEBI_34168
CC(=O)[C@@]12O[C@](C)(c3ccccc3)O[C@@H]1C[C@H]1[C@@H]3CCC4=CC(=O)CC[C@]4(C)[C@H]3CC[C@@]12C	1	1	C29H36O4	0.0	CHEBI_49327
CC(=O)[C@H]1CC[C@H]2[C@@H]3CC[C@H]4CC(=O)CC[C@]4(C)[C@H]3C(=O)C[C@]12C	1	1	C21H30O3	0.0	CHEBI_233589
CC(=O)[C@H]1CC[C@H]2[C@@H]3CC[C@]45O[C@H]4C(=O)CC[C@]5(C)[C@H]3CC[C@]12C	1	1	C21H30O3	0.0	CHEBI_79672
CC(=O)[C@H]1C[C@@H](O)[C@@]2(C)[C@]34O[C@H]3C[C@H]3C(C)(C)C(=O)CC[C@]3(C)C4=CC(=O)[C@]12C	1	1	C24H32O5	0.0	CHEBI_227379
CC(=O)[C@H]1C[C@H](O)[C@]2(C)[C@]1(C)C(=O)C=C1[C@@]3(C)CCC(=O)C(C)(C)[C@@H]3C[C@H]3O[C@@]132	1	1	C24H32O5	0.0	CHEBI_215159
CC(=O)[C@]1(O)Cc2c(O)c3c(c(O)c2[C@@H](OC2CC4NC(O)C(C)OC(CC(C)O)OC4C(C)O2)C1)C(=O)c1c(O)cccc1C3=O	1	1	C33H39NO13	0.0	CHEBI_222156
CC(=O)[C@]12CC[C@H]3[C@H](CO[C@]34c3c(O)ccc(O)c3C(=O)[C@H]14)[C@H]2O	1	1	C18H18O6	0.0	CHEBI_210181
CC(=O)c1c(O)cc(CCC(=O)O)oc1=O	1	1	C10H10O6	0.0	CHEBI_64497
CC(=O)c1c(O)cc(CCCCC(=O)O)oc1=O	1	1	C12H14O6	0.0	CHEBI_200244
CC(=O)c1c(O)cc(O)c(C2OC(CO)C(O)C(O)C2OC(=O)c2cc(O)c(O)c(O)c2)c1O	1	1	C21H22O13	0.0	CHEBI_168634
CC(=O)c1c(O[C@@H]2O[C@H](CO)[C@@H](O)[C@H](O)[C@H]2O)cc(O)c(-c2c(C)cc(O)c3c2C(=O)c2cccc(O)c2C3=O)c1O	1	1	C29H26O13	0.0	CHEBI_65741
CC(=O)c1c2c(c(C)n1-c1ccccc1C(=O)O)C(=O)c1c(O)cccc1C2=O	1	1	C22H15NO6	0.0	CHEBI_206451
CC(=O)c1cc(C)c(O)c(C)c1O	1	1	C10H12O3	0.0	CHEBI_188925
CC(=O)c1ccc(NC(=O)COC(=O)c2ccccc2Nc2ccccc2)cc1	1	1	C23H20N2O4	0.0	CHEBI_105662
CC(=O)c1ccc(NN=C(C(N)=O)C2=NC(C)(C)Cc3ccccc32)cc1	1	1	C21H22N4O2	0.0	CHEBI_125561
CC(=O)c1ccc2c(c1)[C@@H](O)[C@H](O)C(C)(C)O2	1	1	C13H16O4	0.0	CHEBI_200255
CC(=O)c1ccc2c(c1)[C@H](O)[C@H](O)C(C)(C)O2	1	1	C13H16O4	0.0	CHEBI_204653
CC(=O)c1ccc2ccc(NC[C@H](N)C(=O)O)cc2c1	1	1	C15H16N2O3	0.0	CHEBI_233032
CC(=O)c1cccc(Nc2nc(-c3sc(C)nc3C)cs2)c1	1	1	C16H15N3OS2	0.0	CHEBI_188649
CC(=O)c1ccccn1	1	1	C7H7NO	0.0	CHEBI_193619
CC(=O)c1cn(CC(=O)Nc2ccc(C)cc2C)c2ccccc12	1	1	C20H20N2O2	0.0	CHEBI_113121
CC(=O)c1oc(C)c2c1C(=O)c1cccc(O)c1C2=O	1	1	C15H10O5	0.0	CHEBI_200777
CC(=O)c1sc(NC(=O)C(C)C)nc1C	1	1	C10H14N2O2S	0.0	CHEBI_122005
CC(=O)n1ccc2c(C(=O)Oc3cncc(Cl)c3)cccc21	1	1	C16H11ClN2O3	0.0	CHEBI_149971
CC(C)(C)CCCCC(=O)O	1	1	C9H18O2	0.0	CHEBI_179894
CC(C)(C)NC(=O)C(c1cccnc1)N(C(=O)c1cnc[nH]1)c1ccc(C(C)(C)C)cc1	1	1	C25H31N5O2	0.0	CHEBI_91777
CC(C)(C)NCC(O)COc1ccccc1OCC1CCCO1	1	1	C18H29NO4	0.0	CHEBI_135376
CC(C)(C)OC(=O)N[C@@H]1CCCC[C@H]1N	1	1	C11H22N2O2	0.0	CHEBI_192567
CC(C)(C)OC(=O)N[C@](C)(C#N)C(=O)O	1	1	C9H14N2O4	0.0	CHEBI_183829
CC(C)(C)[S@@](=O)N1Cc2cc(C(=O)NCCN3CCCCC3)nc(-c3cccc(-c4cccc(C#N)c4)c3)c2[C@H]1CCO	1	1	C34H41N5O3S	0.0	CHEBI_100440
CC(C)(C)[S@](=O)N1Cc2cc(C(=O)NCCN3CCCCC3)nc(-c3cccc(-c4cccc(C#N)c4)c3)c2[C@@H]1CCO	1	1	C34H41N5O3S	0.0	CHEBI_99325
CC(C)(C)c1cc(C=C(C#N)C#N)cc(Br)c1O	1	1	C14H13BrN2O	0.0	CHEBI_93757
CC(C)(C)c1cc2nc[nH]c(=O)c2s1	1	1	C10H12N2OS	0.0	CHEBI_190575
CC(C)(C)c1ccc(OCCNC(=O)Cc2ccc(F)cc2)cc1	1	1	C20H24FNO2	0.0	CHEBI_109106
CC(C)(C)c1ccc2oc(-c3ccc(-c4nc5cc(C(C)(C)C)ccc5o4)s3)nc2c1	1	1	C26H26N2O2S	0.0	CHEBI_211245
CC(C)(C)c1n[nH]c(=O)n(N)c1=O	1	1	C7H12N4O2	0.0	CHEBI_83448
CC(C)(CC[C@H]([NH3+])C(=O)[O-])C(=O)C(=O)[O-]	1	1	C9H14NO5-	-1.0	CHEBI_193109
CC(C)(CO)C(O)C(=O)NCCC(N)=O	1	1	C9H18N2O4	0.0	CHEBI_178678
CC(C)(COP(=O)(O)OP(=O)(O)OC[C@H]1O[C@@H](n2cnc3c(N)ncnc32)[C@H](O)[C@@H]1OP(=O)(O)O)[C@@H](O)C(=O)NCCC(=O)NCCSC(=O)CC(O)c1ccccc1	1	1	C30H44N7O18P3S	0.0	CHEBI_71290
CC(C)(COP(=O)(O)OP(=O)(O)OC[C@H]1O[C@@H](n2cnc3c(N)ncnc32)[C@H](O)[C@@H]1OP(=O)(O)O)[C@@H](O)C(=O)NCCC(=O)NCCSC(=O)CCCCO	1	1	C26H44N7O18P3S	0.0	CHEBI_15501
CC(C)(COP(=O)(O)OP(=O)(O)OC[C@H]1O[C@@H](n2cnc3c(N)ncnc32)[C@H](O)[C@@H]1OP(=O)(O)O)[C@@H](O)C(=O)NCCC(=O)NCCSC(=O)CC[C@@H]1[C@H](O)CC[C@]2(C)C(=O)CC[C@@H]12	1	1	C34H54N7O19P3S	0.0	CHEBI_84601
CC(C)(COP(=O)(O)OP(=O)(O)OC[C@H]1O[C@@H](n2cnc3c(N)ncnc32)[C@H](O)[C@@H]1OP(=O)(O)O)[C@@H](O)C(=O)NCCC(=O)NCCSC(=O)c1cccs1	1	1	C26H38N7O17P3S2	0.0	CHEBI_15542
CC(C)(COP(=O)([O-])OP(=O)([O-])OC[C@H]1O[C@@H](n2cnc3c(N)ncnc32)[C@H](O)[C@@H]1OP(=O)([O-])[O-])[C@@H](O)C(=O)NCCC(=O)NCCSC(=O)C1=C2CCC(=O)[C@@]2(C)CC[C@H]1O	1	1	C32H44N7O19P3S-4	-4.0	CHEBI_167096
CC(C)(COP(=O)([O-])OP(=O)([O-])OC[C@H]1O[C@@H](n2cnc3c(N)ncnc32)[C@H](O)[C@@H]1OP(=O)([O-])[O-])[C@@H](O)C(=O)NCCC(=O)NCCSC(=O)CC[C@@H]1[C@H](O)CC[C@]2(C)C(=O)CC[C@@H]12	1	1	C34H50N7O19P3S-4	-4.0	CHEBI_83738
CC(C)(COP(=O)([O-])OP(=O)([O-])OC[C@H]1O[C@@H](n2cnc3c(N)ncnc32)[C@H](O)[C@@H]1OP(=O)([O-])[O-])[C@@H](O)C(=O)NCCC(=O)NCCSC(=O)c1cccc(C(=O)[O-])c1	1	1	C29H35N7O19P3S-5	-5.0	CHEBI_143791
CC(C)(COP(=O)([O-])OP(=O)([O-])OC[C@H]1O[C@@H](n2cnc3c(N)ncnc32)[C@H](O)[C@@H]1OP(=O)([O-])[O-])[C@@H](O)C(=O)NCCC(=O)NCCSC(=O)c1cccs1	1	1	C26H34N7O17P3S2-4	-4.0	CHEBI_57395
CC(C)(N)C(=O)N[C@H](Cc1c[nH]c2ccccc12)C(=O)O	1	1	C15H19N3O3	0.0	CHEBI_51223
CC(C)(O)/C=C/C(=O)[C@](C)(O)[C@H]1[C@H](O)C[C@@]2(C)[C@@H]3CC=C4[C@@H](C[C@@H](O)[C@@H](O)C4(C)C)[C@]3(C)C(=O)C[C@]12C	1	1	C30H46O7	0.0	CHEBI_3950
CC(C)(O)/C=C/C(=O)[C@](C)(O)[C@H]1[C@H](O)C[C@@]2(C)[C@@H]3CC=C4[C@@H](C[C@H](O)[C@@H](O)C4(C)C)[C@]3(C)C(=O)C[C@]12C	1	1	C30H46O7	0.0	CHEBI_3945
CC(C)(O)C(O)Cc1c(O)ccc(C(=O)CCc2ccc(O)cc2)c1O	1	1	C20H24O6	0.0	CHEBI_185741
CC(C)(O)C(O)Cc1c(O)ccc2c(=O)cc(-c3ccc(O)cc3)oc12	1	1	C20H20O6	0.0	CHEBI_187391
CC(C)(O)C1Oc2cc3oc(=O)ccc3cc2C1O	1	1	C14H14O5	0.0	CHEBI_168322
CC(C)(O)CC[C@@H](O)[C@](C)(O)[C@H]1CC=C2C3=C(CC[C@@]21C)[C@@]1(C)C[C@H](O)[C@H](O)C[C@H]1C(=O)C3	1	1	C27H42O6	0.0	CHEBI_28688
CC(C)(O)CCc1c(-c2ccc(O)cc2O)oc2c3c(cc(O)c2c1=O)OC(C)(C)C=C3	1	1	C25H26O7	0.0	CHEBI_175531
CC(C)(O)[C@H]1O[C@@]2(O)CC[C@@]3(C)C(=CC[C@H]4Cc5c([nH]c6ccccc56)[C@@]43C)C2=CC1=O	1	1	C27H31NO4	0.0	CHEBI_224312
CC(C)(O)[C@H]1O[C@H]2CC[C@@]3(C)[C@@](O)(CC[C@H]4Cc5c([nH]c6ccccc56)[C@@]43C)C2=CC1=O	1	1	C27H33NO4	0.0	CHEBI_34907
CC(C)(O)[C@H]1O[C@H]2CC[C@@]3(C)[C@@](O)(CC[C@H]4Cc5c([nH]c6ccccc56)[C@@]43C)[C@]23O[C@@H]3[C@@H]1O	1	1	C27H35NO5	0.0	CHEBI_144412
CC(C)(O)[C@]12O[C@H]1[C@@H]1O[C@]13[C@]1(O[C@H]1C[C@H]1C4=C(CC[C@@]13C)C(=O)OC4)[C@@H]2O	1	1	C20H24O7	0.0	CHEBI_132333
CC(C)(O)c1ccc2c(c1)C(O)C[C@H]1[C@](C)(C(=O)O)CCC[C@]21C	1	1	C20H28O4	0.0	CHEBI_182646
CC(C)(O[C@@H]1O[C@H](CO)[C@@H](O)[C@H](O)[C@H]1O)[C@H]1Oc2ccc3ccc(=O)oc3c2[C@H]1O	1	1	C20H24O10	0.0	CHEBI_176055
CC(C)(c1ccc(OC[C@H](O)CNc2ccccc2C(=O)O)cc1)c1ccc(OC[C@H](O)CNc2ccccc2C(=O)O)cc1	1	1	C35H38N2O8	0.0	CHEBI_214994
CC(C)/C=C/C=C/C=C/C(O)=C/C(=O)C(Cl)(Cl)Cl	1	1	C13H15Cl3O2	0.0	CHEBI_211499
CC(C)=C(C)CC/C(C)=C/Cc1cc(C(N)=O)ccc1N	1	1	C18H26N2O	0.0	CHEBI_203458
CC(C)=C/C=C/C(C)=C/C=C/C(C)=C/C=C/C(C)=C/C=C/C=C(C)/C=C/C=C(C)/C=C/C1=C(C)CCCC1(C)C	1	1	C40H54	0.0	CHEBI_9638
CC(C)=C1CC[C@]2(C)O[C@@H]2C1=O	1	1	C10H14O2	0.0	CHEBI_8900
CC(C)=C1C[C@@]2(C)C(=CC1=O)CC[C@H](O)[C@@H]2CO	1	1	C15H22O3	0.0	CHEBI_219934
CC(C)=CC(=O)N(C)[C@@H]1CC[C@@]2(C)[C@@H](CC[C@@H]3[C@@H]2CC[C@]2(C)[C@@H]([C@H](C)N(C)C)CC[C@@H]32)C1	1	1	C29H50N2O	0.0	CHEBI_229189
CC(C)=CC(=O)NCC(O)C1=CC(=O)c2nccc3c2c1nc1ccccc13	1	1	C22H19N3O3	0.0	CHEBI_65710
CC(C)=CC1C(COP(=O)(O)OP(=O)(O)O)C1(C)C	1	1	C10H20O7P2	0.0	CHEBI_50272
CC(C)=CC1CC(C)(OC2OC(C)C(O)C(O)C2O)C2C3CCC4C5(C)CCC(OC6OC(CO)C(O)C(O)C6O)C(C)(C)C5CCC4(C)C34COC2(C4)O1	1	1	C42H68O13	0.0	CHEBI_189971
CC(C)=CCC/C(C)=C/C/C=C(\CC(=O)c1cc(O)ccc1O)C(=O)O	1	1	C21H26O5	0.0	CHEBI_210758
CC(C)=CCC/C(C)=C/C=C/C(C)=C/C=C/C(C)=C/C=C/C=C(C)/C=C/C=C(C)/C=C/C1=C(C)C[C@@H](O)CC1(C)C	1	1	C40H56O	0.0	CHEBI_8907
CC(C)=CCC/C(C)=C/C=C/C(C)=C\C=C/C(C)=C/C=C\C=C(C)\C=C\C=C(C)/C=C/C1=C(C)CC(O)CC1(C)C	1	1	C40H56O	0.0	CHEBI_176035
CC(C)=CCC/C(C)=C/CC/C(C)=C/CC/C(C)=C/CC/C(C)=C/CC/C(C)=C/CC/C(C)=C/CC/C(C)=C/CC/C(C)=C/CO	1	1	C45H74O	0.0	CHEBI_26718
CC(C)=CCC/C(C)=C/CC/C(C)=C/CC/C(C)=C/COC[C@H](COP(=O)([O-])OCC[N+](C)(C)C)OC/C=C(\C)CC/C=C(\C)CC/C=C(\C)CCC=C(C)C	1	1	C48H84NO6P	0.0	CHEBI_183182
CC(C)=CCC/C(C)=C/CC/C(C)=C/CC/C(C)=C\CC/C(C)=C\CC/C(C)=C\CC/C(C)=C\CC/C(C)=C\CC/C(C)=C\CC/C(C)=C\CC/C(C)=C\COP(=O)([O-])OP(=O)([O-])O[C@H]1O[C@H](CO)[C@H](O)[C@H](O[C@H]2O[C@H](CO)[C@@H](O)[C@H](O)[C@@H]2O[C@H]2O[C@H](CO)[C@@H](O)[C@H](O)[C@@H]2O[C@@H]2O[C@@H](C)[C@H](O)[C@@H](O)[C@H]2O)[C@H]1O	1	1	C79H130O26P2-2	-2.0	CHEBI_167472
CC(C)=CCC/C(C)=C/CC/C(C)=C/CC/C(C)=C\CCC(C)CC=O	1	1	C25H42O	0.0	CHEBI_231637
CC(C)=CCC/C(C)=C/CC/C(C)=C/CC/C(C)=C\CCC(C)CCOP(=O)(O)O[C@@H]1O[C@H](CO)[C@@H](O)[C@H](O)[C@@H]1O	1	1	C31H55O9P	0.0	CHEBI_17624
CC(C)=CCC/C(C)=C/CC/C(C)=C/CC/C(C)=C\CCC(C)CCOP(=O)([O-])OC1O[C@H](CO)[C@@H](O)[C@H](O)[C@@H]1O	1	1	C31H54O9P-	-1.0	CHEBI_57523
CC(C)=CCC/C(C)=C/CC/C(C)=C/CC/C(C)=C\CCC(C)CCOP(=O)([O-])O[C@@H]1O[C@H](CO)[C@@H](O)[C@H](O)[C@@H]1O	1	1	C31H54O9P-	-1.0	CHEBI_58211
CC(C)=CCC/C(C)=C/CC/C(C)=C/CC/C(C)=C\CCC(C)CCOP(=O)([O-])O[C@@H]1O[C@H](CO)[C@@H](O)[C@H](O)[C@H]1O	1	1	C31H54O9P-	-1.0	CHEBI_57525
CC(C)=CCC/C(C)=C/CC/C(C)=C/CC1=C(O)C(=O)C=C(O)C1=O	1	1	C21H28O4	0.0	CHEBI_174652
CC(C)=CCC/C(C)=C/CC/C(C)=C/CCC(O[C@@H]1O[C@H](CO)[C@@H](O)[C@H](O)[C@@H]1O)C(C)(O)CC/C=C(\C)CCC=C(C)C	1	1	C36H62O7	0.0	CHEBI_208836
CC(C)=CCC/C(C)=C/CC/C(C)=C/COP(=O)(O)O	1	1	C15H27O4P	0.0	CHEBI_90236
CC(C)=CCC/C(C)=C/CC/C(C)=C/COP(=O)([O-])[O-]	1	1	C15H25O4P-2	-2.0	CHEBI_88226
CC(C)=CCC/C(C)=C/CN1c2ccccc2N=c2c1c/c(=C(/C#N)c1ccccc1)c(O)c2C(=O)O	1	1	C31H29N3O3	0.0	CHEBI_212061
CC(C)=CCC/C(C)=C/Cc1c(O)c(O)cc(O)c1C(=O)O	1	1	C17H22O5	0.0	CHEBI_193527
CC(C)=CCC/C(C)=C/Cc1cc(/C=C/C(=O)c2ccc(O)c(C/C=C(\C)CCC=C(C)C)c2O)cc(O)c1O	1	1	C35H44O5	0.0	CHEBI_166603
CC(C)=CCC/C(C)=C/Cc1cc([C@@H]2CC(=O)c3c(O)cc(O)cc3O2)cc(O)c1O	1	1	C25H28O6	0.0	CHEBI_66096
CC(C)=CCC/C(C)=C1/CC[C@@]2(C)[C@H]1CC[C@H]1[C@@]3(C)C=C[C@H](O)C(C)(C)[C@@H]3CC[C@@]12C	1	1	C30H48O	0.0	CHEBI_208441
CC(C)=CCC/C(C)=C\Cc1c(-c2ccc(OC3OC(C(=O)O)C(O)C(O)C3O)cc2O)oc2cc(O)c(C/C=C(\C)CO)c(O)c2c1=O	1	1	C36H42O13	0.0	CHEBI_169024
CC(C)=CCCC(C)(O)C(O)CC/C(C)=C/COC[C@H]1O[C@@H](N2CCC(=O)NC2=O)[C@H](O)[C@@H]1O	1	1	C24H40N2O8	0.0	CHEBI_189191
CC(C)=CCCC(C)=CCCC(C)=C(O)CP(=O)(O)O	1	1	C15H27O4P	0.0	CHEBI_229995
CC(C)=CCCC(C)[C@H]1CC[C@@]2(C)C3=C(CC[C@]12C)[C@@]1(C)[C@H](O)C[C@@H](O)C(C)(C(=O)O)[C@@H]1CC3=O	1	1	C30H46O5	0.0	CHEBI_212270
CC(C)=CCCC(C)[C@H]1CC[C@@]2(C)C3=C(CC[C@]12C)[C@@]1(C)[C@H](O)C[C@H](O)C(C)(C(=O)O)[C@@H]1CC3=O	1	1	C30H46O5	0.0	CHEBI_206130
CC(C)=CCC[C@@H](C(=O)O)[C@H]1CC[C@@]2(C)C3=C(CC[C@]12C)[C@@]1(C)CC[C@@H](OC(=O)C[C@@](C)(O)CC(=O)O)C(C)(C)[C@@H]1CC3	1	1	C36H56O7	0.0	CHEBI_206974
CC(C)=CCC[C@@H](C)[C@H]1CC[C@@]2(C)C3=C(CC(=O)[C@]12C)[C@@]1(C)CCC(=O)C(C)(C)[C@@H]1CC3	1	1	C30H46O2	0.0	CHEBI_217514
CC(C)=CCC[C@@H](C)[C@H]1CC[C@]2(C)C[C@H]3[C@@H]4/C(=C\C[C@@H]12)CO[C@]4(O)C[C@@]3(C)O	1	1	C25H40O3	0.0	CHEBI_225433
CC(C)=CCC[C@@H](C)[C@H]1CC[C@]2(C)C[C@H]3[C@H]4/C(=C\C[C@@H]12)CO[C@@]4(O)C[C@@]3(C)O	1	1	C25H40O3	0.0	CHEBI_225428
CC(C)=CCC[C@](C)(O)[C@H]1CC[C@]2(C)[C@@H]1[C@H](O)C[C@@H]1[C@@]3(C)CC[C@H](O)C(C)(C)[C@@H]3[C@@H](O[C@@H]3O[C@H](CO)[C@@H](O)[C@H](O)[C@H]3O[C@@H]3O[C@@H](C)[C@H](O)[C@@H](O)[C@H]3O)C[C@]12C	1	1	C42H72O13	0.0	CHEBI_77151
CC(C)=CCC[C@]1(C)OC2=CC(=O)c3c(O)cc(O)cc3[C@@]23CC(=C(C)C)C[C@@H]13	1	1	C25H30O4	0.0	CHEBI_226803
CC(C)=CCC[C@]1(C)Oc2cc3c(c4c2[C@H]2[C@@H](O4)[C@@](C)(O)CC[C@H]21)CN(CCO)C3=O	1	1	C25H33NO5	0.0	CHEBI_216452
CC(C)=CCC[C@]1(C)Oc2cc3c(c4occ(c24)[C@H]1CC[C@H](C)O)C(=O)OC3	1	1	C23H28O5	0.0	CHEBI_218550
CC(C)=CCOc1ccc(C(O)CNC(=O)/C=C\c2ccccc2)cc1	1	1	C22H25NO3	0.0	CHEBI_175495
CC(C)=CCOc1ccc(C2=C(CC(C)C)C(=O)NC2=O)cc1	1	1	C19H23NO3	0.0	CHEBI_209031
CC(C)=CCOc1ccc(C[C@@H]2NC(=O)[C@@H]3CCCN3C(=O)[C@H](CO)NC(=O)[C@H](CC(C)C)NC(=O)[C@H](CC(N)=O)NC(=O)[C@H](CC(C)C)NC(=O)[C@H](CCCCN)NC(=O)[C@H](CC(=O)O)NC(=O)[C@H](CC(=O)O)NC2=O)cc1	1	1	C52H79N11O16	0.0	CHEBI_221774
CC(C)=CC[C@H]1CC(CO)=C(O)CC1=O	1	1	C12H18O3	0.0	CHEBI_203613
CC(C)=CC[C@]12O[C@@]1(C/C=C(\C)CC/C=C(\C)C(=O)O)C(=O)c1cc(O)cc(O)c1C2=O	1	1	C25H28O7	0.0	CHEBI_207781
CC(C)=CCc1c(-c2ccc(O)cc2O)oc2c(C3C=C(C)CC(c4ccc(O)cc4O)C3C(=O)c3ccc(O)cc3O)c(O)cc(O)c2c1=O	1	1	C40H36O11	0.0	CHEBI_185608
CC(C)=CCc1c(-c2ccc(O)cc2O)oc2c([C@H]3C=C(C)C[C@@H](c4ccc(O)cc4O)[C@@H]3C(=O)c3ccc(O)cc3O)c(O)cc(O)c2c1=O	1	1	C40H36O11	0.0	CHEBI_6146
CC(C)=CCc1c(C)cc(O)c(CC=C(C)C)c1Oc1cc(C)cc(O)c1	1	1	C24H30O3	0.0	CHEBI_220733
CC(C)=CCc1c(O)cc(OC2OC(C(=O)O)C(O)C(O)C2O)c(CC(=O)O)c1O	1	1	C19H24O11	0.0	CHEBI_169138
CC(C)=CCc1c(O)cc2oc(-c3ccc(O)c(O)c3)cc(=O)c2c1O	1	1	C20H18O6	0.0	CHEBI_175547
CC(C)=CCc1c(O)ccc2cc(-c3cc(O)c(C4C=C(C)CC(c5cc(O)c(O)cc5O)C4C(=O)O)c(O)c3)oc12	1	1	C33H32O9	0.0	CHEBI_186473
CC(C)=CCc1c(OC2OC(C(=O)O)C(O)C(O)C2O)ccc2cc(-c3cc(O)c(C4C=C(C)CC(c5ccc(O)cc5O)C4C(=O)O)c(O)c3)oc12	1	1	C39H40O14	0.0	CHEBI_190802
CC(C)=CCc1c(O[C@@H]2OC(CO)[C@@H](O)[C@H](O)C2O)cc(O)c2c(=O)c(O[C@@H]3OC(C)[C@H](O)C(O)[C@@H]3O[C@@H]3OC(C)[C@H](O)C(O)[C@@H]3O)c(-c3ccc(O)cc3)oc12	1	1	C38H48O19	0.0	CHEBI_168666
CC(C)=CCc1c(O[C@@H]2OC(CO)[C@@H](O)[C@H](O)C2O[C@@H]2OC(CO)[C@@H](O)C(O)C2O)cc(O)c2c(=O)c(O[C@@H]3OC(C)[C@H](O)[C@H](O)C3O[C@@H]3OC(CO)[C@@H](O)C(O)C3O)c(-c3ccc(O)cc3)oc12	1	1	C44H58O25	0.0	CHEBI_186554
CC(C)=CCc1cc(C2CC(=O)c3c(O)cc(O)c(CC=C(C)C)c3O2)cc(CC=C(C)C)c1O	1	1	C30H36O5	0.0	CHEBI_185708
CC(C)=CCc1cc2cc(-c3ccc(O)c4c3OC(C)(C)C=C4)oc2cc1O	1	1	C24H24O4	0.0	CHEBI_175838
CC(C)=CCc1ccc(O)c([C@H]2OC(=O)c3c(O)cc(C)cc32)c1O	1	1	C20H20O5	0.0	CHEBI_211273
CC(C)=CCc1ccc2c(=O)c3c(O)cccc3oc2c1O	1	1	C18H16O4	0.0	CHEBI_3327
CC(C)=CCc1ccc2c(C(=O)O[C@@H]3OC(C(=O)O)=C[C@H](O)[C@H]3O)c[nH]c2c1	1	1	C20H21NO7	0.0	CHEBI_156389
CC(C)=CCc1cccc2c(C3=C(O)C(=O)C(c4c[nH]c5c(CC=C(C)C)cccc45)=C(O)C3=O)c[nH]c12	1	1	C32H30N2O4	0.0	CHEBI_199432
CC(C)=C[C@@H]1O[C@H]2C[C@H]3[C@@H]4CC[C@@H]5C[C@@H](O[C@@H]6O[C@H](CO)[C@@H](O)[C@H](O)[C@H]6O[C@@H]6O[C@H](CO)[C@@H](O)[C@H](O)[C@H]6O[C@@H]6O[C@@H](C)[C@H](O)[C@@H](O)[C@H]6O)CC[C@]5(C)[C@H]4CC[C@]3(C)[C@H]2[C@H](C)[C@H]1O	1	1	C45H74O17	0.0	CHEBI_65855
CC(C)=C[C@@H]1[C@@H](COP(=O)(O)OP(=O)(O)O)C1(C)C	1	1	C10H20O7P2	0.0	CHEBI_50273
CC(C)=C[C@@H]1[C@@H](COP(=O)([O-])OP(=O)([O-])[O-])C1(C)C	1	1	C10H17O7P2-3	-3.0	CHEBI_58819
CC(C)=C[C@H]1C[C@H](C)[C@]2(CC[C@]3(C)C[C@@H]4C(C)=CC(=O)[C@H]4[C@H](CO)CC[C@H]32)O1	1	1	C25H38O3	0.0	CHEBI_212343
CC(C)=C[C@H]1C[C@H](C)[C@]2(CC[C@]3(C)C[C@H]4[C@@H]5/C(=C\C[C@H]32)C(=O)OC5(O)C[C@@]4(C)O)O1	1	1	C25H36O5	0.0	CHEBI_211998
CC(C)=C[C@H]1C[C@H](C)[C@]2(CC[C@]3(C)C[C@H]4[C@H]5/C(=C\C[C@H]32)C(=O)OC5(O)C[C@@]4(C)O)O1	1	1	C25H36O5	0.0	CHEBI_200033
CC(C)=Cc1nc(N2C(=O)C[C@H](O)[C@@H]2C)cc(=O)o1	1	1	C13H16N2O4	0.0	CHEBI_227351
CC(C)=NNc1nncc2ccccc12	1	1	C11H12N4	0.0	CHEBI_172081
CC(C)C(=O)Cc1c(OCC(O)C(C)(C)Cl)ccc2ccc(=O)oc12	1	1	C19H23ClO5	0.0	CHEBI_190063
CC(C)C(=O)SCCNC(=O)CCNC(=O)[C@H](O)C(C)(C)COP(=O)(O)OP(=O)(O)OC[C@H]1O[C@@H](n2cnc3c(N)ncnc32)[C@H](O)[C@@H]1OP(=O)(O)O	1	1	C25H42N7O17P3S	0.0	CHEBI_15479
CC(C)C(C)C=C[C@@H](C)[C@H]1CC[C@H]2C3=CCC4CC(=O)CC[C@]4(C)[C@H]3CC[C@]12C	1	1	C28H44O	0.0	CHEBI_203009
CC(C)C(NC(=O)CCC(N)C(=O)O)C(=O)O	1	1	C10H18N2O5	0.0	CHEBI_166843
CC(C)C(O)C(=O)OC(C(N)=O)C(C)C	1	1	C10H19NO4	0.0	CHEBI_225437
CC(C)C/C=C/C=C/C=C/C(=O)NC1=C[C@@](O)(/C=C/C=C/C=C/C=C/C(=O)NC2=C(O)CCC2=O)C2OC2C1=O	1	1	C31H34N2O7	0.0	CHEBI_219547
CC(C)C/C=C/[C@@H](C)[C@H]1CCC2=C3C=CC4=CC(=O)CC[C@]4(C)[C@H]3CC[C@@]21C	1	1	C27H38O	0.0	CHEBI_185963
CC(C)C/C=C/[C@@H](C)[C@H]1CC[C@H]2[C@@H]3CCC4=CC(=O)C=C[C@]4(C)[C@H]3CC[C@]12C	1	1	C27H40O	0.0	CHEBI_68398
CC(C)C1/C=C\C(=O)NCCCCC(NC(=O)C(NC(=O)NC(C(=O)O)C(C)C)C(C)C)C(=O)N1	1	1	C24H41N5O6	0.0	CHEBI_213630
CC(C)C1=C2C3=CC=C(C=O)C[C@H](O)[C@]3(C)CC[C@@]2(C(=O)O)CC1	1	1	C20H26O4	0.0	CHEBI_201371
CC(C)C1=C2[C@H]3C[C@H]4O[C@](O)([C@H](O)[C@@H]4C4O[C@@H](C)[C@@H](C)O4)[C@]3(C)CC[C@@]2(C)CC1	1	1	C24H38O5	0.0	CHEBI_224114
CC(C)C1=N[C@](C)(C2=N[C@](C)(C3=N[C@](C)(c4nccs4)CS3)CS2)CS1	1	1	C18H24N4S4	0.0	CHEBI_214609
CC(C)C1C=CC(=O)CC1	1	1	C9H14O	0.0	CHEBI_229380
CC(C)C1CC=C(C=O)CC1	1	1	C10H16O	0.0	CHEBI_167401
CC(C)CC#Cc1ccc2c(c1)O[C@@H](CN(C)C(=O)c1cnccn1)[C@@H](C)CN([C@@H](C)CO)S2(=O)=O	1	1	C26H34N4O5S	0.0	CHEBI_96697
CC(C)CC#Cc1ccc2c(c1)O[C@@H](CN(C)C(=O)c1cnccn1)[C@@H](C)CN([C@H](C)CO)S2(=O)=O	1	1	C26H34N4O5S	0.0	CHEBI_96462
CC(C)CC#Cc1ccc2c(c1)O[C@@H](CN(C)C(=O)c1cnccn1)[C@H](C)CN([C@@H](C)CO)S2(=O)=O	1	1	C26H34N4O5S	0.0	CHEBI_96099
CC(C)CC#Cc1ccc2c(c1)O[C@@H](CN(C)C(=O)c1cnccn1)[C@H](C)CN([C@H](C)CO)S2(=O)=O	1	1	C26H34N4O5S	0.0	CHEBI_95673
CC(C)CC#Cc1ccc2c(c1)O[C@H](CN(C)C(=O)c1cnccn1)[C@@H](C)CN([C@@H](C)CO)S2(=O)=O	1	1	C26H34N4O5S	0.0	CHEBI_95928
CC(C)CC#Cc1ccc2c(c1)O[C@H](CN(C)C(=O)c1cnccn1)[C@@H](C)CN([C@H](C)CO)S2(=O)=O	1	1	C26H34N4O5S	0.0	CHEBI_96283
CC(C)CC#Cc1ccc2c(c1)O[C@H](CN(C)C(=O)c1cnccn1)[C@H](C)CN([C@@H](C)CO)S2(=O)=O	1	1	C26H34N4O5S	0.0	CHEBI_95743
CC(C)CC#Cc1ccc2c(c1)O[C@H](CN(C)C(=O)c1cnccn1)[C@H](C)CN([C@H](C)CO)S2(=O)=O	1	1	C26H34N4O5S	0.0	CHEBI_96719
CC(C)CC(=O)N[C@@H](Cc1ccccc1)C(=O)O	1	1	C14H19NO3	0.0	CHEBI_233908
CC(C)CC(=O)N[C@@H]1C(=O)N[C@@H](C)C(=O)N[C@@H](CC(C)C)C(=O)N[C@H](CC(C)C)C(=O)N[C@H](CC(C)C)C(=O)N[C@@H](CC(C)C)C(=O)N[C@@H](C)C(=O)O[C@@H]1C	1	1	C39H69N7O9	0.0	CHEBI_220073
CC(C)CC(=O)OC(COc1c2occc2cc2ccc(=O)oc12)C(C)(C)O	1	1	C21H24O7	0.0	CHEBI_175937
CC(C)CC(=O)OC1OC=C(COC2OC(COC3OC(CO)C(O)C(O)C3O)C(O)C(O)C2O)C2CC(O)C(CO)C12	1	1	C27H44O16	0.0	CHEBI_185092
CC(C)CC(=O)O[C@@H]1CC2C[C@@H](O)C(C1)N2C	1	1	C13H23NO3	0.0	CHEBI_9923
CC(C)CC(=O)O[C@@H]1OC=C(CO[C@@H]2O[C@H](CO[C@@H]3O[C@H](CO)[C@@H](O)[C@H](O)[C@H]3O)[C@@H](O)[C@H](O)[C@H]2O)[C@H]2C[C@H](O)[C@@H](CO)[C@@H]12	1	1	C27H44O16	0.0	CHEBI_81084
CC(C)CC(=O)[C@@H](C)OC(=O)c1ccccc1N	1	1	C14H19NO3	0.0	CHEBI_227309
CC(C)CC(C(=O)N1CCCC1c1nccs1)N(C)C(=O)CC(C)C(Cl)Cl	1	1	C19H29Cl2N3O2S	0.0	CHEBI_213034
CC(C)CC(NC(=O)C(N)C(C)C)C(=O)NC(CCCCN)C(=O)O	1	1	C17H34N4O4	0.0	CHEBI_228514
CC(C)CC(O)CO	1	1	C6H14O2	0.0	CHEBI_179532
CC(C)CC/C=C/C(=O)NC1CCCNC(=O)C(C(C)C)NC(=O)C(=O)C(C)NC1=O	1	1	C22H36N4O5	0.0	CHEBI_200900
CC(C)CC/C=C/C=C/C=C/C(=O)NC1=C[C@@](O)(/C=C/C=C/C=C/C(=O)NC2=C(O)CCC2=O)[C@H](O)CC1=O	1	1	C30H36N2O7	0.0	CHEBI_203662
CC(C)CC1NC(=O)CNC(=O)C(CO)NC(=O)C2CCCN2C(=O)C(CC(C)C)NC(=O)C(C(C)C)NC1=O	1	1	C27H46N6O7	0.0	CHEBI_230297
CC(C)CCC(C)CCCC(C)CCCCCOC(=O)CC(C)C	1	1	C22H44O2	0.0	CHEBI_196299
CC(C)CCCC(=O)CCCCCCCCC(=O)O	1	1	C16H30O3	0.0	CHEBI_196128
CC(C)CCCC(C)CCOC=O	1	1	C11H22O2	0.0	CHEBI_179390
CC(C)CCCC(C)[C@H]1CCC2C3CC[C@@H]4[C@H](C)[C@@H](O)CC[C@]4(C)C3CC[C@@]21C	1	1	C28H50O	0.0	CHEBI_172967
CC(C)CCCC1CC(=O)NC(CO)C(=O)NC(C(O)C(N)=O)C(=O)NC(CO)C(=O)NCCC(=O)N(C)C(Cc2ccccc2)C(=O)NC(CC(C)C)C(=O)NC(CCCN)C(=O)NC(CCC(=O)O)C(=O)NC(CC(N)=O)C(=O)NC(Cc2c[nH]c3ccccc23)C(=O)NC(CCCN)C(=O)N(C)C(C(C)C)C(=O)O1	1	1	C74H113N17O21	0.0	CHEBI_200904
CC(C)CCCCCCCCCCC(=O)SCCNC(=O)CCNC(=O)[C@H](O)C(C)(C)COP(=O)(O)OP(=O)(O)OC[C@H]1O[C@@H](n2cnc3c(N)ncnc32)[C@H](O)[C@@H]1OP(=O)(O)O	1	1	C35H62N7O17P3S	0.0	CHEBI_85077
CC(C)CCCCCCCCCCC(=O)SCCNC(=O)CCNC(=O)[C@H](O)C(C)(C)COP(=O)([O-])OP(=O)([O-])OC[C@H]1O[C@@H](n2cnc3c(N)ncnc32)[C@H](O)[C@@H]1OP(=O)([O-])[O-]	1	1	C35H58N7O17P3S-4	-4.0	CHEBI_84195
CC(C)CCCCCCCCCCCC(=O)[C@@H]([NH3+])CS(=O)(=O)[O-]	1	1	C17H35NO4S	0.0	CHEBI_231947
CC(C)CCCCCCCCCCCCCCCCC(=O)SCCNC(=O)CCNC(=O)[C@H](O)C(C)(C)COP(=O)([O-])OP(=O)([O-])OC[C@H]1O[C@@H](n2cnc3c(N)ncnc32)[C@H](O)[C@@H]1OP(=O)([O-])[O-]	1	1	C41H70N7O17P3S-4	-4.0	CHEBI_231999
CC(C)CCCCCCCCCCCCCCCCCCCCC(=O)SCCNC(=O)CCNC(=O)[C@H](O)C(C)(C)COP(=O)([O-])OP(=O)([O-])OC[C@H]1O[C@@H](n2cnc3c(N)ncnc32)[C@H](O)[C@@H]1OP(=O)([O-])[O-]	1	1	C45H78N7O17P3S-4	-4.0	CHEBI_232001
CC(C)CCC[C@@H](C)CCC[C@@H](C)CCCC(=O)O	1	1	C17H34O2	0.0	CHEBI_179972
CC(C)CCC[C@@H](C)CCC[C@@H](C)CCC[C@@H](C)CCOC[C@@H](COP(=O)([O-])OC[C@H](O)CO)OCC[C@H](C)CCC[C@H](C)CCC[C@H](C)CCCC(C)C	1	1	C46H94O8P-	-1.0	CHEBI_193565
CC(C)CCC[C@@H](C)[C@H](O)CC(=O)SCCNC(=O)CCNC(=O)[C@@H](O)C(C)(C)COP(=O)(O)OP(=O)(O)OC[C@@H]1O[C@H](n2cnc3c(N)ncnc32)[C@H](O)[C@@H]1OP(=O)(O)O	1	1	C32H56N7O18P3S	0.0	CHEBI_185039
CC(C)CCC[C@@H](C)[C@H]1CC[C@@]2(O)C3=CC(=O)[C@@H]4CC(=O)CC[C@]4(C)[C@H]3CC[C@]12C	1	1	C27H42O3	0.0	CHEBI_80541
CC(C)CCC[C@@H](C)[C@H]1CC[C@H]2C3=CC(=O)[C@@]4(O)C[C@@H](O)CC[C@]4(C)C3=CC[C@]12C	1	1	C27H42O3	0.0	CHEBI_193354
CC(C)CCC[C@@H](C)[C@H]1CC[C@H]2C3=CCC4CCCC[C@]4(C)[C@H]3CC[C@]12C	1	1	C27H46	0.0	CHEBI_23178
CC(C)CCC[C@@H](C)[C@H]1CC[C@H]2C3=CC[C@@H]4CCCC[C@]4(C)[C@H]3CC[C@]12C	1	1	C27H46	0.0	CHEBI_35866
CC(C)CCC[C@@H](C)[C@H]1CC[C@H]2C3=CC[C@H]4CCCC[C@]4(C)[C@H]3CC[C@]12C	1	1	C27H46	0.0	CHEBI_35865
CC(C)CCC[C@@H](C)[C@H]1CC[C@H]2[C@@H]3CCC4=CC(=O)C=C[C@]4(C)[C@H]3CC[C@]12C	1	1	C27H42O	0.0	CHEBI_157654
CC(C)CCC[C@@H](C)[C@H]1CC[C@H]2[C@@H]3CC[C@H]4[C@H](C)[C@@H](O)CC[C@]4(C)[C@H]3CC[C@]12C	1	1	C28H50O	0.0	CHEBI_172966
CC(C)CCC[C@@H](C)[C@H]1CC[C@H]2[C@@H]3[C@H](O)C[C@@H]4C[C@H](O)CC[C@]4(C)[C@H]3CC[C@]12C	1	1	C27H48O2	0.0	CHEBI_28047
CC(C)CNC(=O)/C=C/C=C/Cc1ccccc1	1	1	C16H21NO	0.0	CHEBI_5990
CC(C)CON=O	1	1	C4H9NO2	0.0	CHEBI_46643
CC(C)C[C@@H](NC(=O)[C@@H](C)CNC(=O)[C@@H](NC(=O)[C@@H](NC(=O)[C@H](NC(=O)[C@@H](N)Cc1c[nH]c2ccccc12)C(C)C)C(C)C)[C@@H](C)O)C(=O)N[C@H](C(=O)N[C@H](C)C(=O)N[C@H](C(=O)N[C@H](C)C(=O)O)C(C)C)C(C)C	1	1	C51H83N11O12	0.0	CHEBI_210587
CC(C)C[C@@H]1NC(=O)[C@@H](CC(C)C)NC(=O)[C@H](CCCCN)NC(=O)[C@H](C(C)O)NC(=O)[C@H](Cc2ccc(OS(=O)(=O)O)cc2)NC(=O)[C@H](C(C)O)NC(=O)[C@H](CCC(=O)O)NC(=O)[C@H](CO)NC1=O	1	1	C43H69N9O17S	0.0	CHEBI_137928
CC(C)C[C@@H]1NC(=O)[C@@H](NC(=O)[C@@H](NC(=O)[C@H](C)NC(=O)[C@H](CCCc2ccc(O)cc2)NC(=O)[C@H](O)CO)C(C)C)[C@@H](C)OC(=O)[C@H](C(C)C)NC(=O)[C@H](Cc2ccc(O)c(Br)c2)N(C)C(=O)[C@@H]2[C@H](C)O[C@@H]3CC[C@H](NC1=O)C(=O)N23	1	1	C56H80BrN9O16	0.0	CHEBI_221717
CC(C)C[C@@H]1NC(=O)[C@@H]2CSSC[C@H](NC(=O)CNC(=O)[C@H](CC(C)C)NC(=O)[C@@H]([C@@H](C)O)NC(=O)[C@@H]3CCCN3C(=O)[C@H](CC(C)C)NC(=O)CNC1=O)C(=O)N[C@@H](CCS(C)=O)C(=O)N[C@@H](CC(N)=O)C(=O)NCC(=O)N[C@@H]([C@@H](C)O)C(=O)N[C@@H](CCC(=O)O)C(=O)N[C@@H](CCCNC(=N)N)C(=O)N2	1	1	C63H105N19O21S3	0.0	CHEBI_221941
CC(C)C[C@@H]1NC(=O)[C@H](Cc2c[nH]c3ccccc23)NC(=O)[C@H]2CCCN2C(=O)[C@H]([C@H](C)O)NC(=O)[C@H](CO)NC(=O)[C@H](Cc2c[nH]c3ccccc23)NC(=O)[C@H](CC(N)=O)NC(=O)[C@H](CC(N)=O)NC(=O)[C@H](CC(=O)O)NC(=O)CNC(=O)[C@H](CC(N)=O)NC1=O	1	1	C58H76N16O18	0.0	CHEBI_199021
CC(C)C[C@@H]1NC(=O)[C@H](Cc2ccoc2)N(C)C(=O)[C@H](C(C)C)NC(=O)[C@H](Cc2ccoc2)N(C)C1=O	1	1	C27H38N4O6	0.0	CHEBI_216201
CC(C)C[C@@H]1NC(=O)[C@H]([C@@H](C)O)NC(=O)[C@H](CC(C)C)NC(=O)[C@@H]2CCCN2C(=O)CNC(=O)[C@H](Cc2ccccc2)NC1=O	1	1	C32H48N6O7	0.0	CHEBI_188874
CC(C)C[C@H](N)C(=O)NCC(=O)N[C@@H](CCCCN)C(=O)O	1	1	C14H28N4O4	0.0	CHEBI_159211
CC(C)C[C@H](N)C(=O)N[C@@H](CO)C(=O)N[C@@H](CCC(N)=O)C(=O)O	1	1	C14H26N4O6	0.0	CHEBI_159491
CC(C)C[C@H](N)C(=O)N[C@@H](CO)C(=O)N[C@@H](CCCCN)C(=O)O	1	1	C15H30N4O5	0.0	CHEBI_159503
CC(C)C[C@H](N)C(=O)N[C@@H](CO)C(=O)N[C@@H](Cc1cnc[nH]1)C(=O)O	1	1	C15H25N5O5	0.0	CHEBI_159497
CC(C)C[C@H](N)C(=O)N[C@@H](Cc1ccccc1)C(=O)N[C@@H](CCC(=O)O)C(=O)O	1	1	C20H29N3O6	0.0	CHEBI_159414
CC(C)C[C@H](N)C(=O)N[C@@H](Cc1cnc[nH]1)C(=O)N[C@@H](Cc1cnc[nH]1)C(=O)O	1	1	C18H27N7O4	0.0	CHEBI_159240
CC(C)C[C@H](N)C(=O)N[C@H](C(=O)NCC(=O)O)C(C)C	1	1	C13H25N3O4	0.0	CHEBI_73577
CC(C)C[C@H](N)C(=O)N[C@H](C(=O)N[C@@H](CC(N)=O)C(=O)O)[C@@H](C)O	1	1	C14H26N4O6	0.0	CHEBI_159522
CC(C)C[C@H](N)C(=O)N[C@H](C(=O)N[C@@H](CCC(=O)O)C(=O)O)C(C)C	1	1	C16H29N3O6	0.0	CHEBI_159641
CC(C)C[C@H](N)C(=O)N[C@H](C(=O)N[C@H](C(=O)O)C(C)C)[C@@H](C)O	1	1	C15H29N3O5	0.0	CHEBI_159548
CC(C)C[C@H](NC(=O)CN)C(=O)N[C@@H](Cc1ccc(O)cc1)C(=O)O	1	1	C17H25N3O5	0.0	CHEBI_163824
CC(C)C[C@H](NC(=O)CNC(=O)[C@@H](N)Cc1ccccc1)C(=O)O	1	1	C17H25N3O4	0.0	CHEBI_161532
CC(C)C[C@H](NC(=O)N[C@@H]1CCCCNC(=O)[C@@H](Cc2ccccc2)NC(=O)[C@@H](C)N(C)C(=O)[C@@H](Cc2c[nH]c3ccccc23)NC(=O)[C@@H](CC(C)C)NC1=O)C(=O)O	1	1	C43H60N8O8	0.0	CHEBI_221426
CC(C)C[C@H](NC(=O)[C@@H](N)C(C)C)C(=O)N[C@@H](CC(=O)O)C(=O)O	1	1	C15H27N3O6	0.0	CHEBI_166257
CC(C)C[C@H](NC(=O)[C@@H](N)C(C)C)C(=O)N[C@@H](CCCCN)C(=O)O	1	1	C17H34N4O4	0.0	CHEBI_166265
CC(C)C[C@H](NC(=O)[C@@H](N)CC(=O)O)C(=O)N[C@@H](CS)C(=O)O	1	1	C13H23N3O6S	0.0	CHEBI_160677
CC(C)C[C@H](NC(=O)[C@@H](N)CC(N)=O)C(=O)N[C@@H](CC(=O)O)C(=O)N[C@@H](CC(=O)O)C(=O)O	1	1	C18H29N5O10	0.0	CHEBI_73408
CC(C)C[C@H](NC(=O)[C@@H](N)CS)C(=O)N[C@@H](CCCN=C(N)N)C(=O)O	1	1	C15H30N6O4S	0.0	CHEBI_161463
CC(C)C[C@H](NC(=O)[C@@H](N)Cc1c[nH]c2ccccc12)C(=O)N[C@@H](CCCN=C(N)N)C(=O)O	1	1	C23H35N7O4	0.0	CHEBI_164734
CC(C)C[C@H](NC(=O)[C@@H](N)Cc1cnc[nH]1)C(=O)NCC(=O)O	1	1	C14H23N5O4	0.0	CHEBI_164603
CC(C)C[C@H](NC(=O)[C@@H](N)[C@@H](C)O)C(=O)N[C@@H](CCCN=C(N)N)C(=O)O	1	1	C16H32N6O5	0.0	CHEBI_164010
CC(C)C[C@H](NC(=O)[C@@H](O)[C@H]1O[C@](C)(O)[C@H](C)N[C@H]1CC(=O)O)[C@@H]1Cc2cccc(O)c2C(=O)O1	1	1	C24H34N2O9	0.0	CHEBI_197745
CC(C)C[C@H](NC(=O)[C@@H]1CCCN1C(=O)[C@H](C)N)C(=O)O	1	1	C14H25N3O4	0.0	CHEBI_158462
CC(C)C[C@H](NC(=O)[C@H](CC(C)C)NC(=O)[C@@H](N)CCCCN)C(=O)O	1	1	C18H36N4O4	0.0	CHEBI_160080
CC(C)C[C@H](NC(=O)[C@H](CC(N)=O)NC(=O)[C@@H](N)CCC(N)=O)C(=O)O	1	1	C15H27N5O6	0.0	CHEBI_161962
CC(C)C[C@H](NC(=O)[C@H](CC(N)=O)NC(=O)[C@@H](N)Cc1c[nH]c2ccccc12)C(=O)O	1	1	C21H29N5O5	0.0	CHEBI_164495
CC(C)C[C@H](NC(=O)[C@H](CC(N)=O)NC(=O)[C@@H]1CCCN1)C(=O)O	1	1	C15H26N4O5	0.0	CHEBI_162118
CC(C)C[C@H](NC(=O)[C@H](CCCCN)NC(=O)[C@@H](NC(=O)[C@H](Cc1ccccc1)NC(=O)[C@H](Cc1c[nH]c2ccccc12)NC(=O)[C@H](C)NC(=O)[C@@H]1CCCN1C(=O)[C@@H](N)Cc1ccccc1)C(C)O)C(=O)N[C@@H](Cc1ccc(O)cc1)C(=O)N1CCC[C@H]1C(=O)N[C@@H](CCCNC(=N)N)C(=O)N[C@H](C(=O)O)C(C)O	1	1	C77H107N17O16	0.0	CHEBI_90916
CC(C)C[C@H](NC(=O)[C@H](CCCN=C(N)N)NC(=O)[C@@H](N)Cc1ccc(O)cc1)C(=O)O	1	1	C21H34N6O5	0.0	CHEBI_164962
CC(C)C[C@H](NC(=O)[C@H](CCCN=C(N)N)NC(=O)[C@@H](N)Cc1ccccc1)C(=O)O	1	1	C21H34N6O4	0.0	CHEBI_161298
CC(C)C[C@H](NC(=O)[C@H](CO)NC(=O)[C@@H](N)[C@@H](C)O)C(=O)O	1	1	C13H25N3O6	0.0	CHEBI_164225
CC(C)C[C@H](NC(=O)[C@H](Cc1c[nH]c2ccccc12)NC(=O)[C@@H](N)Cc1ccccc1)C(=O)O	1	1	C26H32N4O4	0.0	CHEBI_161925
CC(C)C[C@H](NC(=O)[C@H](NC(=O)[C@@H](CCCCN)NC(=O)[C@H](Cc1ccccc1)NC(=O)[C@@H](CC(C)C)NC(=O)[C@H](N)[C@@H](C)O)[C@@H](C)O)C(=O)N[C@H](CC(C)C)C(=O)N[C@@H](CCC(=O)O)C(=O)N[C@@H](CCCCN)C(=O)O	1	1	C52H89N11O14	0.0	CHEBI_226503
CC(C)C[C@H](NC(=O)[C@H]1O[C@@H]1C(=O)O)C(=O)NCCCc1c[nH]c(N)n1	1	1	C16H25N5O5	0.0	CHEBI_66323
CC(C)Cc1ccc(C(C)C(=O)OCc2ccccn2)cc1	1	1	C19H23NO2	0.0	CHEBI_31685
CC(C)Cc1ccc(C(C)C(=O)O[C@@H]2O[C@H](C(=O)O)[C@@H](O)[C@H](O)[C@H]2O)cc1	1	1	C19H26O8	0.0	CHEBI_88735
CC(C)Cc1nc(N2CCN(C(=O)c3ccccc3)CC2)c(C#N)c2c1CCC2	1	1	C24H28N4O	0.0	CHEBI_116215
CC(C)Cn1c(N)c(C(=O)COC(=O)c2cc(-c3ccco3)nc3ccccc23)c(=O)n(C)c1=O	1	1	C25H24N4O6	0.0	CHEBI_107150
CC(C)N(C(=O)c1cc(F)ccc1Oc1cncnc1N1CC2(CCN(CC3CCC(NS(C)(=O)=O)CC3)CC2)C1)C(C)C	1	1	C32H47FN6O4S	0.0	CHEBI_232861
CC(C)N1CC(C(=O)Nc2ccc(Br)c(Cl)c2)CC1=O	1	1	C14H16BrClN2O2	0.0	CHEBI_114753
CC(C)N1CCN(c2ccc(N3CCN(c4ccc(OC[C@H]5OC[C@](Cn6cncn6)(c6ccc(F)cc6F)O5)cc4)CC3)cc2)C1=O	1	1	C35H39F2N7O4	0.0	CHEBI_188777
CC(C)NC(=O)N1[C@H](CN(C)C(=O)c2ccccc2)[C@@H](c2ccccc2)[C@@H]1CO	1	1	C23H29N3O3	0.0	CHEBI_127131
CC(C)NC(=O)Nc1ccc2c(c1)C(=O)N([C@@H](C)CO)C[C@@H](C)[C@@H](CN(C)C(=O)CCCN(C)C)OCCCC[C@@H](C)O2	1	1	C32H55N5O6	0.0	CHEBI_103359
CC(C)NC(=O)Nc1ccc2c(c1)C(=O)N([C@@H](C)CO)C[C@@H](C)[C@@H](CN(C)C(=O)CCCN(C)C)OCCCC[C@H](C)O2	1	1	C32H55N5O6	0.0	CHEBI_105483
CC(C)NC(=O)Nc1ccc2c(c1)C(=O)N([C@@H](C)CO)C[C@@H](C)[C@H](CN(C)C(=O)CCCN(C)C)OCCCC[C@@H](C)O2	1	1	C32H55N5O6	0.0	CHEBI_103551
CC(C)NC(=O)Nc1ccc2c(c1)C(=O)N([C@@H](C)CO)C[C@@H](C)[C@H](CN(C)C(=O)CCCN(C)C)OCCCC[C@H](C)O2	1	1	C32H55N5O6	0.0	CHEBI_103605
CC(C)NC(=O)Nc1ccc2c(c1)C(=O)N([C@@H](C)CO)C[C@H](C)[C@@H](CN(C)C(=O)CCCN(C)C)OCCCC[C@@H](C)O2	1	1	C32H55N5O6	0.0	CHEBI_103665
CC(C)NC(=O)Nc1ccc2c(c1)C(=O)N([C@@H](C)CO)C[C@H](C)[C@@H](CN(C)C(=O)CCCN(C)C)OCCCC[C@H](C)O2	1	1	C32H55N5O6	0.0	CHEBI_103610
CC(C)NC(=O)Nc1ccc2c(c1)C(=O)N([C@@H](C)CO)C[C@H](C)[C@H](CN(C)C(=O)CCCN(C)C)OCCCC[C@H](C)O2	1	1	C32H55N5O6	0.0	CHEBI_103541
CC(C)NC(=O)Nc1ccc2c(c1)C(=O)N([C@H](C)CO)C[C@@H](C)[C@@H](CN(C)C(=O)CCCN(C)C)OCCCC[C@@H](C)O2	1	1	C32H55N5O6	0.0	CHEBI_103448
CC(C)NC(=O)Nc1ccc2c(c1)C(=O)N([C@H](C)CO)C[C@@H](C)[C@H](CN(C)C(=O)CCCN(C)C)OCCCC[C@@H](C)O2	1	1	C32H55N5O6	0.0	CHEBI_103628
CC(C)NC(=O)Nc1ccc2c(c1)C(=O)N([C@H](C)CO)C[C@H](C)[C@@H](CN(C)C(=O)CCCN(C)C)OCCCC[C@@H](C)O2	1	1	C32H55N5O6	0.0	CHEBI_103523
CC(C)NC(=O)Nc1ccc2c(c1)C(=O)N([C@H](C)CO)C[C@H](C)[C@@H](CN(C)C(=O)CCCN(C)C)OCCCC[C@H](C)O2	1	1	C32H55N5O6	0.0	CHEBI_103406
CC(C)NC(=O)Nc1ccc2c(c1)C(=O)N([C@H](C)CO)C[C@H](C)[C@H](CN(C)C(=O)CCCN(C)C)OCCCC[C@@H](C)O2	1	1	C32H55N5O6	0.0	CHEBI_105482
CC(C)NC(=O)Nc1ccc2c(c1)C(=O)N([C@H](C)CO)C[C@H](C)[C@H](CN(C)C(=O)CCCN(C)C)OCCCC[C@H](C)O2	1	1	C32H55N5O6	0.0	CHEBI_103629
CC(C)NC[C@H](O)COc1ccc(O)cc1	1	1	C12H19NO3	0.0	CHEBI_8391
CC(C)OC(=O)c1cccnc1N1CCN(c2cccc(Cl)c2)CC1	1	1	C19H22ClN3O2	0.0	CHEBI_112403
CC(C)OC1OC(COC2OCC(O)(CO)C2O)C(O)C(O)C1O	1	1	C14H26O10	0.0	CHEBI_168053
CC(C)Sc1ncnc2nc[nH]c12	1	1	C8H10N4S	0.0	CHEBI_79849
CC(C)[C@@H](C(=O)O)N(C)C	1	1	C7H15NO2	0.0	CHEBI_173190
CC(C)[C@@H](C)/C=C/[C@@H](C)[C@H]1CC(=O)[C@@H]2C3=C(CC[C@@]21C)[C@@]1(C)CC[C@H](O)C[C@@]1(O)[C@@H](O)[C@@H]3O	1	1	C28H44O5	0.0	CHEBI_199340
CC(C)[C@@H](C)/C=C/[C@@H](C)[C@H]1CCC2=C3[C@@]4(C)O[C@@]56C[C@@H](O)CC[C@]5(C)[C@]3(CC[C@@]21C)OC4O6	1	1	C29H44O4	0.0	CHEBI_202419
CC(C)[C@@H](C)/C=C/[C@@H](C)[C@H]1CC[C@@H]2[C@]1(C)CC[C@H]1[C@]23O[C@H]3C(=O)C2=CC(=O)CC[C@@]21C	1	1	C28H40O3	0.0	CHEBI_212609
CC(C)[C@@H](C)/C=C/[C@@H](C)[C@H]1CC[C@H]2C3=CC(=O)[C@H]4CC(=O)CC[C@]4(C)[C@H]3CC[C@]12C	1	1	C28H42O2	0.0	CHEBI_70016
CC(C)[C@@H](C)CC(=O)Oc1c(O)c(-c2ccc(O)cc2)c(OC(=O)Cc2ccccc2)c(O)c1-c1ccc(O)cc1	1	1	C33H32O8	0.0	CHEBI_206756
CC(C)[C@@H](O)C(=O)N(C)[C@H](Cc1ccccc1)C(=O)O	1	1	C15H21NO4	0.0	CHEBI_216578
CC(C)[C@@H]1CC[C@@]2(C)[C@H]1[C@H]1[C@@H]3C[C@]3(C)[C@H](O)C[C@]1(C)C[C@@H]2O	1	1	C20H34O2	0.0	CHEBI_205106
CC(C)[C@@H]1CC[C@H]2CCC[C@H](C)[C@@]2(C)C1	1	1	C15H28	0.0	CHEBI_36521
CC(C)[C@@H]1COCn2nncc2CC[C@H](Cc2ccccc2)C(=O)N1	1	1	C19H26N4O2	0.0	CHEBI_126682
CC(C)[C@@H]1NC(=O)CNC(=O)c2csc(n2)[C@H](C(C)(C)O)OC(=O)C(C)(C)[C@H](CCCC(C)(Cl)Cl)OC(=O)c2csc1n2	1	1	C28H38Cl2N4O7S2	0.0	CHEBI_198635
CC(C)[C@@H]1NC(=O)[C@H](Cc2ccoc2)N(C)C(=O)[C@H](Cc2ccccc2)NC(=O)[C@H](Cc2ccoc2)N(C)C1=O	1	1	C30H36N4O6	0.0	CHEBI_206078
CC(C)[C@@H]1NC(=O)[C@H](NC(=O)N[C@@H](Cc2ccccc2)C(=O)O)CCCCNC(=O)[C@H](CCc2ccc(O)cc2)NC(=O)CN(C)C(=O)[C@H](CCc2ccc(O)cc2)NC1=O	1	1	C44H57N7O10	0.0	CHEBI_222058
CC(C)[C@@H]1N[C@@H](C(C)(O)C[C@@H]2C(=O)N[C@@](C)(O)c3nc4ccccc4c(=O)n32)N(c2ccccc2)C1=O	1	1	C27H31N5O5	0.0	CHEBI_225379
CC(C)[C@@]1(OO)C[C@@]2(C)[C@H](CC1=O)C(=O)CC[C@@H]2C	1	1	C15H24O4	0.0	CHEBI_208113
CC(C)[C@H](N)C(=O)N[C@@H](CCC(=O)O)C(=O)N[C@@H](CS)C(=O)O	1	1	C13H23N3O6S	0.0	CHEBI_166177
CC(C)[C@H](N)C(=O)N[C@@H](CCC(N)=O)C(=O)N1CCC[C@@H]1C(=O)O	1	1	C15H26N4O5	0.0	CHEBI_166167
CC(C)[C@H](N)C(=O)N[C@@H](CCC(N)=O)C(=O)N[C@@H](Cc1ccc(O)cc1)C(=O)O	1	1	C19H28N4O6	0.0	CHEBI_166171
CC(C)[C@H](N)C(=O)N[C@@H](CO)C(=O)N[C@@H](CCCN=C(N)N)C(=O)O	1	1	C14H28N6O5	0.0	CHEBI_166354
CC(C)[C@H](N)C(=O)N[C@@H](Cc1ccccc1)C(=O)N[C@@H](Cc1ccc(O)cc1)C(=O)O	1	1	C23H29N3O5	0.0	CHEBI_166333
CC(C)[C@H](N)C(=O)N[C@H](C(=O)NCC(=O)O)C(C)C	1	1	C12H23N3O4	0.0	CHEBI_166439
CC(C)[C@H](N)C(=O)N[C@H](C(=O)N[C@@H](CCCCN)C(=O)O)C(C)C	1	1	C16H32N4O4	0.0	CHEBI_166443
CC(C)[C@H](NC(=O)CC[C@H](N)C(=O)O)C(=O)O	1	1	C10H18N2O5	0.0	CHEBI_68848
CC(C)[C@H](NC(=O)CC[C@H]([NH3+])C(=O)[O-])C(=O)[O-]	1	1	C10H17N2O5-	-1.0	CHEBI_133642
CC(C)[C@H](NC(=O)CN)C(=O)N[C@H](C(=O)O)[C@@H](C)O	1	1	C11H21N3O5	0.0	CHEBI_164179
CC(C)[C@H](NC(=O)[C@@H](N)CC(N)=O)C(=O)N[C@@H](CS)C(=O)O	1	1	C12H22N4O5S	0.0	CHEBI_160245
CC(C)[C@H](NC(=O)[C@@H](N)CO)C(=O)N1CCC[C@@H]1C(=O)O	1	1	C13H23N3O5	0.0	CHEBI_163604
CC(C)[C@H](NC(=O)[C@@H](N)Cc1ccc(O)cc1)C(=O)N[C@@H](CC(N)=O)C(=O)O	1	1	C18H26N4O6	0.0	CHEBI_166037
CC(C)[C@H](NC(=O)[C@@H](N)Cc1ccc(O)cc1)C(=O)N[C@H](C(=O)O)[C@@H](C)O	1	1	C18H27N3O6	0.0	CHEBI_166051
CC(C)[C@H](NC(=O)[C@@H](N)[C@@H](C)O)C(=O)NCC(=O)O	1	1	C11H21N3O5	0.0	CHEBI_164372
CC(C)[C@H](NC(=O)[C@@H](NC(=O)[C@@H](N)CS)C(C)C)C(=O)O	1	1	C13H25N3O4S	0.0	CHEBI_161858
CC(C)[C@H](NC(=O)[C@@H](NC(=O)[C@@H](N)Cc1ccccc1)C(C)C)C(=O)O	1	1	C19H29N3O4	0.0	CHEBI_162018
CC(C)[C@H](NC(=O)[C@H](C)N)C(=O)N1CCC[C@H]1C(=O)N1CCC[C@H]1C(=O)O	1	1	C18H30N4O5	0.0	CHEBI_73392
CC(C)[C@H](NC(=O)[C@H](CC(N)=O)NC(=O)[C@@H]1CCCN1)C(=O)O	1	1	C14H24N4O5	0.0	CHEBI_162136
CC(C)[C@H](NC(=O)[C@H](Cc1ccc(O)cc1)NC(=O)[C@@H](NC(=O)[C@@H](NC(=O)C=NOCCO[C@H]1O[C@H](CO[C@H]2O[C@H](CO[C@H]3O[C@H](CO)[C@@H](O)[C@@H]3O[C@@H]3O[C@H](CO)[C@@H](O)[C@@H]3O)[C@@H](O[C@H]3O[C@H](CO)[C@@H](O)[C@@H]3O[C@@H]3O[C@H](CO)[C@@H](O)[C@@H]3O)[C@@H]2O)[C@@H](O)[C@@H]1O)[C@@H](C)O)[C@@H](C)O)C(=O)N[C@H](C(=O)N[C@@H](CC(N)=O)C(=O)N1CCC[C@H]1C(N)=O)C(C)C	1	1	C70H110N10O38	0.0	CHEBI_139525
CC(C)[C@H](NC(=O)[C@H](Cc1cnc[nH]1)NC(=O)CN)C(=O)O	1	1	C13H21N5O4	0.0	CHEBI_163746
CC(C)[C@H](NC(=O)c1nn(Cc2ccc(F)cc2)c2ccccc12)C(N)=O	1	1	C20H21FN4O2	0.0	CHEBI_230826
CC(C)[C@H]1C(=O)N[C@@H](CCCN=C(N)N)C(=O)NCC(=O)N[C@@H](CC(=O)O)C(=O)N[C@H](Cc2ccccc2)C(=O)N1C	1	1	C27H40N8O7	0.0	CHEBI_177833
CC(C)[C@H]1CCC(CO)=C2CC[C@](C)(O)C[C@@H]21	1	1	C15H26O2	0.0	CHEBI_65776
CC(C)[C@H]1CC[C@H]2[C@@H]3C=C[C@](C)(O)[C@](C)(O)C[C@]3(C)CC[C@]12C(=O)O	1	1	C21H34O4	0.0	CHEBI_186126
CC(C)[C@H]1COCn2nncc2CC[C@@H](Cc2ccccc2)C(=O)N1	1	1	C19H26N4O2	0.0	CHEBI_129410
CC(C)[C@H]1NC(=O)[C@H](Cc2ccccc2)NC(=O)[C@@H](C(C)C)NC(=O)[C@@H](C)NC(=O)[C@H](C)NC(=O)[C@@H](Cc2c[nH]c3ccccc23)NC(=O)[C@@H](CO)NC1=O	1	1	C39H52N8O8	0.0	CHEBI_210971
CC(C)[C@H]1[C@@H](O)C(=O)C2=C3NC(=O)C4=C3[C@@](C)(CC[C@@H]4O)CC[C@@]21C	1	1	C20H27NO4	0.0	CHEBI_213268
CC(C)[C@H]1[C@@H](O)[C@@H](O)[C@@H]2[C@H]3OC(=O)C4=C3[C@@](C)(CC[C@@H]4O)CC[C@@]21C	1	1	C20H30O5	0.0	CHEBI_207014
CC(C)[C@]1(OO)C[C@@]2(C)[C@H](CC1=O)C(=O)CC[C@@H]2C	1	1	C15H24O4	0.0	CHEBI_208119
CC(C)c1cc(C(C)C)c(-c2cc3ccccc3c3c2OP(=O)(O)Oc2c(-c4c(C(C)C)cc(C(C)C)cc4C(C)C)cc4ccccc4c2-3)c(C(C)C)c1	1	1	C50H57O4P	0.0	CHEBI_188812
CC(C)c1cc(Oc2ccccc2)cc(C(C)C)c1N=C=NC(C)(C)C	1	1	C23H30N2O	0.0	CHEBI_141491
CC(C)c1cc2ccc3c(c2cc1O)C(=O)CCC3(C)C	1	1	C19H22O2	0.0	CHEBI_70570
CC(C)c1ccc(N2C(=O)NC(=O)C(=Cc3cnc(-c4ccccc4)nc3)C2=O)cc1	1	1	C24H20N4O3	0.0	CHEBI_116186
CC(C)c1ccc(NC(N)=O)cc1	1	1	C10H14N2O	0.0	CHEBI_83514
CC(C)c1ccc(O)c2c1CC[C@H]1[C@@](C)(C(=O)O)CCC[C@]21C	1	1	C20H28O3	0.0	CHEBI_68292
CC(C)c1ccc(OCC(=O)NNC(=S)NC(=O)c2ccco2)c(Br)c1	1	1	C17H18BrN3O4S	0.0	CHEBI_116345
CC(C)c1ccco1	1	1	C7H10O	0.0	CHEBI_184504
CC(C)c1cn(CC[C@@H]2CC[C@H](N)[C@@H](CO)O2)nn1	1	1	C13H24N4O2	0.0	CHEBI_118967
CC(C)c1cn(CC[C@H]2CC[C@H](N)[C@@H](CO)O2)nn1	1	1	C13H24N4O2	0.0	CHEBI_118945
CC(C)n1nc(CC(=O)O)nc1-c1ccc(Cl)cc1	1	1	C13H14ClN3O2	0.0	CHEBI_73166
CC(C=CC1=C(C)C(=O)CC(O)[C@]1(C)CO)=CCO	1	1	C15H22O4	0.0	CHEBI_214540
CC(C=CC1=C(C)CCCC1(C)C)=CC=CC(C)=CC(=O)Nc1ccc(O)cc1	1	1	C26H33NO2	0.0	CHEBI_92493
CC(C=O)(SCC(NC(=O)CCC(N)C(=O)O)C(=O)NCC(=O)O)C(O)c1ccccc1	1	1	C20H27N3O8S	0.0	CHEBI_190908
CC(CC(=O)CC(C)(O)C1=C[C@@H](O)[C@]2(C)[C@]1(C)C(=O)C=C1[C@]23O[C@H]3CC2C(C)(C)[C@@H](O)CC[C@]12C)C(=O)O	1	1	C30H42O8	0.0	CHEBI_212435
CC(CC(=O)CC(C)(O)[C@H]1CC(=O)[C@@]2(C)[C@]34O[C@H]3C[C@H]3C(C)(C)[C@@H](O)CC[C@]3(C)C4=CC(=O)[C@]12C)C(=O)O	1	1	C30H42O8	0.0	CHEBI_215176
CC(CC(=O)C[C@@H](C)[C@H]1CC(=O)[C@@]2(C)C3=C4[C@]5(C)[C@@H](C[C@@H]3O)C(C)(C)C(=O)C[C@@H]5[C@]4(O)C[C@]12C)C(=O)O	1	1	C30H42O7	0.0	CHEBI_216825
CC(CC(=O)Nc1cc(C)ccn1)=NNC(=O)c1cccc(C)c1	1	1	C18H20N4O2	0.0	CHEBI_108354
CC(CC1c2ccccc2CCc2ccccc21)CN(C)C	1	1	C21H27N	0.0	CHEBI_135227
CC(CCC(O)(CO)C(C)C)C1C(O)CC2(C)C3CCC4C(C)(C(=O)OC5OC(CO)C(O)C(O)C5O)C(O)CC(O)C45CC35CCC12C	1	1	C37H62O12	0.0	CHEBI_176295
CC(CC[C@@H](O)[C@@H](O)[C@@H](O)COC1[C@H](N)[C@@H](O)[C@H](O)[C@@]1(O)CO)[C@H]1CC[C@@]2(C)C1CC[C@]1(C)C2CCC2[C@@]3(C)CCCC(C)(C)C3CC[C@]21C	1	1	C41H73NO8	0.0	CHEBI_210761
CC(CC[C@H](N)C(=O)O)NC(=N)N	1	1	C7H16N4O2	0.0	CHEBI_20604
CC(CO)CCCCCCCCCCCCCC(=O)O	1	1	C17H34O3	0.0	CHEBI_84939
CC(CO)CCCCCCCCCCCCCC(=O)[O-]	1	1	C17H33O3-	-1.0	CHEBI_83914
CC(COCO)C(C)C(O)C1C(C)CCC2C3CCC(O)C(CN)C3C(=O)CC21	1	1	C23H41NO5	0.0	CHEBI_206496
CC(N)C(=O)NC(Cc1ccc(O)cc1)C(=O)O	1	1	C12H16N2O4	0.0	CHEBI_174328
CC(N)CCC(=O)O	1	1	C5H11NO2	0.0	CHEBI_178408
CC(N)CN	1	1	C3H10N2	0.0	CHEBI_30630
CC(N)Cc1c[nH]c2ccc(OCc3cccs3)cc12	1	1	C16H18N2OS	0.0	CHEBI_91556
CC(N/C(=N/c1ccncc1)NC#N)C(C)(C)C.O	1	1	C13H21N5O	0.0	CHEBI_34923
CC(NC(=O)C(CCC(N)=O)NC(=O)C(N)CCCCN)C(=O)NCC(=O)NC(CC(=O)O)C(=O)NC(C(=O)O)C(C)C	1	1	C25H44N8O10	0.0	CHEBI_177110
CC(NC(=O)C(N)CC(=O)O)NC(=O)N(C)C(C)(C)C	1	1	C12H24N4O4	0.0	CHEBI_185674
CC(NC(C)(C)CO)C(=O)c1cccc(Cl)c1	1	1	C13H18ClNO2	0.0	CHEBI_166487
CC(NNC(=O)c1ccc(CN2CCc3ccccc3C2)cc1)=C1C=CC=CC1=O	1	1	C25H25N3O2	0.0	CHEBI_121771
CC(O)C(=O)/C=C/C=C/C(=O)O[C@@H]1C=C2COC(=O)[C@]2(O)[C@@]2(C)CCCC(C)(C)[C@H]12	1	1	C23H30O7	0.0	CHEBI_200680
CC(O)C(C)(O)C(=O)O	1	1	C5H10O4	0.0	CHEBI_173559
CC(O)C(C)C(=O)C(O)(CC(=O)[O-])C[N+](C)(C)C	1	1	C12H23NO5	0.0	CHEBI_233719
CC(O)C(C)CCCCCC1C=CC(=O)O1	1	1	C13H22O3	0.0	CHEBI_181285
CC(O)C(C)CCCCC[C@H]1C=CC(=O)O1	1	1	C13H22O3	0.0	CHEBI_188663
CC(O)C(NC(=O)C(N)CCCN(O)C(=O)CCNC(=O)C(N)CCCN(O)C=O)C(=O)N(O)CCCC(N)C(=O)O	1	1	C23H44N8O11	0.0	CHEBI_197790
CC(O)C1(O)C(=O)OCC1C	1	1	C7H12O4	0.0	CHEBI_137838
CC(O)C1C(=O)C(=C(O)[C@H]2[C@@H]3CCCC[C@H]3C=C[C@H]2C)C(=O)N1C	1	1	C19H27NO4	0.0	CHEBI_219498
CC(O)C1C(=O)N2C(C(=O)O)=C(c3ccc(-c4ccccc4)cc3)CC12	1	1	C21H19NO4	0.0	CHEBI_29470
CC(O)CC1OC(=O)CC2C[C@H](O)C1O2	1	1	C10H16O5	0.0	CHEBI_221274
CC(O)CCC(O)c1ccoc1	1	1	C9H14O3	0.0	CHEBI_166532
CC(O)CCCCCC(CCCCCCCCCCCCCC1CC(=O)OCC2OC(OC(CCCCCCCCCCCC(CCCCCC(C)O)OC3OC(CO)C(O)C(O)C3O)CC(=O)OCC3OC(O1)C(O)C(O)C3O)C(O)C(O)C2O)OC1OC(CO)C(O)C(O)C1O	1	1	C70H128O28	0.0	CHEBI_200897
CC(O)CCCCC[C@@H]1C[C@H](O)[C@H](Cc2ccccc2)N1C	1	1	C19H31NO2	0.0	CHEBI_208283
CC(O)CCOCCC(C)O	1	1	C8H18O3	0.0	CHEBI_134793
CC(O)COC1OC(CO)C(O)C(O)C1O	1	1	C9H18O7	0.0	CHEBI_174234
CC(O)Cc1cc(=O)c2c(CCCCCCC(=O)C(O)CCCCCC(C)(C)O)cc(O)cc2o1	1	1	C28H42O7	0.0	CHEBI_227126
CC(OS(=O)(=O)c1ccc([N+](=O)[O-])cc1)C1CC(C)(C)OC1=O	1	1	C14H17NO7S	0.0	CHEBI_61549
CC(Oc1ccc(Oc2cnc3cc(Cl)ccc3n2)cc1)C(=O)O	1	1	C17H13ClN2O4	0.0	CHEBI_137509
CC(Oc1ccc(Oc2nc3ccc(Cl)cc3o2)cc1)C(=O)N(C)c1ccccc1F	1	1	C23H18ClFN2O4	0.0	CHEBI_145482
CC(Oc1ccc(Oc2ncc(Cl)cc2Cl)cc1)C(=O)N1CCCO1	1	1	C17H16Cl2N2O4	0.0	CHEBI_82198
CC([NH3+])CCO	1	1	C4H12NO+	1.0	CHEBI_195441
CC/C(=C\c1ccc(Cl)cc1)c1ccncc1	1	1	C15H14ClN	0.0	CHEBI_79565
CC/C=C(C)/C=C/c1cc(=O)cc(C(Cl)Cl)o1	1	1	C13H14Cl2O2	0.0	CHEBI_202106
CC/C=C/C/C=C/C/C=C/CCCCCCCCC(=O)OC(CC(=O)O)C[N+](C)(C)C	1	1	C26H46NO4+	1.0	CHEBI_190601
CC/C=C/C/C=C/C/C=C\CCCCCCCCCC(=O)O	1	1	C20H34O2	0.0	CHEBI_183324
CC/C=C/CC/C=C/CO	1	1	C9H16O	0.0	CHEBI_195701
CC/C=C/CC1=CCOC2C(CCOC(=O)c3ccccc3)CC(C(=O)OC)CC12	1	1	C25H32O5	0.0	CHEBI_206777
CC/C=C/CCCCCCCCCCCCCCCC	1	1	C20H40	0.0	CHEBI_151023
CC/C=C/CCOC(=O)CC(C)C	1	1	C11H20O2	0.0	CHEBI_194238
CC/C=C/[C@@H]1CC[C@]2(C[C@H]3CC[C@H]4[C@@H](C(=O)OC(CC)CCCCCCCCCCCCC[C@@H]5O[C@](O)(CCN)[C@H](O)N(CCCN)C5=O)[C@@]5(CCC[C@H](C)O5)NC(=[N+]34)N2)O1.O=C([O-])C(F)(F)F	1	1	C49H83F3N6O10	0.0	CHEBI_69398
CC/C=C\C/C=C/C/C=C\C[C@@H](O)/C=C/[C@@H]1C(=O)C=C[C@@H]1CCC(=O)O	1	1	C22H30O4	0.0	CHEBI_193422
CC/C=C\C/C=C\C/C=C\C/C=C\C/C=C\C/C=C\CCC(=O)OC[C@@H](COC(=O)CCCCCCCCCCCCCCCCC)OC(=O)CCCCCCCCC/C=C\CCCCCCCC	1	1	C63H108O6	0.0	CHEBI_172297
CC/C=C\C/C=C\C/C=C\C/C=C\C/C=C\C/C=C\CCC(=O)OC[C@H](COP(=O)(O)OC[C@@H](O)COP(=O)(O)O)OC(=O)CCCCCCCCC/C=C\C/C=C\CCCCC	1	1	C48H80O13P2	0.0	CHEBI_184672
CC/C=C\C/C=C\C/C=C\C/C=C\C/C=C\C/C=C\CCC(=O)OC[C@H](COP(=O)([O-])OCC[N+](C)(C)C)OC(=O)CCCCCCCCCCCCCCCCC	1	1	C48H84NO8P	0.0	CHEBI_176694
CC/C=C\C/C=C\C/C=C\C/C=C\C/C=C\C/C=C\CCC(=O)O[C@H](COC(=O)CCCCC/C=C\C/C=C\C/C=C\C/C=C\CCCCC)COP(=O)(O)OCCN	1	1	C49H78NO8P	0.0	CHEBI_191362
CC/C=C\C/C=C\C/C=C\C/C=C\C/C=C\C/C=C\CCC(=O)O[C@H](COC(=O)CCCCCCC/C=C\C/C=C\CCCC)COP(=O)(O)OC1C(O)C(O)C(O)[C@@H](O)C1O	1	1	C48H77O13P	0.0	CHEBI_187536
CC/C=C\C/C=C\C/C=C\C/C=C\C/C=C\C/C=C\CCC(=O)O[C@H](COC(=O)CCCCCCCCCCCCCCCCCCCCC)COP(=O)(O)O	1	1	C47H81O8P	0.0	CHEBI_187837
CC/C=C\C/C=C\C/C=C\C/C=C\C/C=C\C/C=C\CCC(=O)O[C@H](COCCCCCCCCCCCCCCCCCC)COP(=O)(O)OC[C@H](N)C(=O)O	1	1	C46H80NO9P	0.0	CHEBI_186662
CC/C=C\C/C=C\C/C=C\C/C=C\C/C=C\C=C/C(O)CCC(=O)OC[C@H](COP(=O)(O)OC[C@@H](O)CO)OC(=O)CCCCCCCCCCCCCCCCCCC(C)C	1	1	C50H87O11P	0.0	CHEBI_230982
CC/C=C\C/C=C\C/C=C\C/C=C\C/C=C\CC(O)C(O)CCC(=O)O	1	1	C22H34O4	0.0	CHEBI_165251
CC/C=C\C/C=C\C/C=C\C/C=C\C/C=C\CCCC(=O)OC[C@@H](COC(=O)CCCCCCC/C=C\C/C=C\C/C=C\CC)OC(=O)CCCCCCCCCCCCCCCCCC	1	1	C60H100O6	0.0	CHEBI_186638
CC/C=C\C/C=C\C/C=C\C/C=C\C/C=C\CCCC(=O)OC[C@H](COP(=O)(O)OC[C@H](N)C(=O)O)OC(=O)CCCCCC[C@@H]1[C@@H](/C=C/[C@@H](O)CCCCC)[C@H](O)C[C@@H]1O	1	1	C46H76NO13P	0.0	CHEBI_230042
CC/C=C\C/C=C\C/C=C\C/C=C\C/C=C\CCCC(=O)O[C@@H](CO)COC(=O)CCCC/C=C\C/C=C\C/C=C\C/C=C\CC	1	1	C41H62O5	0.0	CHEBI_172779
CC/C=C\C/C=C\C/C=C\C/C=C\C/C=C\CCCC(=O)O[C@H](COC(=O)CCCCCCC/C=C\C/C=C\CCCCC)COP(=O)(O)OCCN	1	1	C43H72NO8P	0.0	CHEBI_234240
CC/C=C\C/C=C\C/C=C\C/C=C\C/C=C\CCCC(=O)O[C@H](COC(=O)CCCCCCC/C=C\CCCCCCCC)COP(=O)(O)OCCN	1	1	C43H74NO8P	0.0	CHEBI_184276
CC/C=C\C/C=C\C/C=C\C/C=C\C/C=C\CCCCCC(=O)O[C@@H](CO)COC(=O)CCCCCCC/C=C\CCCCCCC	1	1	C42H70O5	0.0	CHEBI_196762
CC/C=C\C/C=C\C/C=C\C/C=C\C/C=C\CCCCCC(=O)O[C@H](COC(=O)CCC/C=C\C/C=C\C/C=C\CCCCCCCC)COC(=O)CCCCCCCCCCCCCC	1	1	C60H100O6	0.0	CHEBI_184575
CC/C=C\C/C=C\C/C=C\C/C=C\C/C=C\CCCCCCCCC/C=C/C(=O)SCCNC(=O)CCNC(=O)[C@H](O)C(C)(C)COP(=O)(O)OP(=O)(O)OC[C@H]1O[C@@H](n2cnc3c(N)ncnc32)[C@H](O)[C@@H]1OP(=O)(O)O	1	1	C49H78N7O17P3S	0.0	CHEBI_76653
CC/C=C\C/C=C\C/C=C\C/C=C\C/C=C\CCCCCCCCC/C=C/C(=O)SCCNC(=O)CCNC(=O)[C@H](O)C(C)(C)COP(=O)([O-])OP(=O)([O-])OC[C@H]1O[C@@H](n2cnc3c(N)ncnc32)[C@H](O)[C@@H]1OP(=O)([O-])[O-]	1	1	C49H74N7O17P3S-4	-4.0	CHEBI_76469
CC/C=C\C/C=C\C/C=C\C/C=C\CCCCC(=O)OC[C@@H](O)COP(=O)(O)O	1	1	C21H35O7P	0.0	CHEBI_176072
CC/C=C\C/C=C\C/C=C\C/C=C\CCCCC(=O)OC[C@H](COC(=O)CCCCCCCCC/C=C\CCCCCC)OC(=O)CCCCCCCCCCCCCCC	1	1	C55H96O6	0.0	CHEBI_171153
CC/C=C\C/C=C\C/C=C\C/C=C\CCCCC(=O)OC[C@H](COC(=O)CCCCCCCCCCCCC/C=C\CCCCCCCC)OC(=O)CCCCCCCCCCCCC	1	1	C59H104O6	0.0	CHEBI_171297
CC/C=C\C/C=C\C/C=C\C/C=C\CCCCC(=O)OC[C@H](COC(=O)CCCCCCCCCCCCCCCCCCCCCCC)OC(=O)CCCC/C=C\C/C=C\C/C=C\CCCCC	1	1	C63H108O6	0.0	CHEBI_172176
CC/C=C\C/C=C\C/C=C\C/C=C\CCCCC(=O)OC[C@H](COP(=O)(O)O)OC(=O)CCC/C=C\C/C=C\C/C=C\C/C=C\CCCCC	1	1	C41H65O8P	0.0	CHEBI_186104
CC/C=C\C/C=C\C/C=C\C/C=C\CCCCC(=O)OC[C@H](COP(=O)(O)OC[C@@H](O)CO)OC(=O)CCCCCCCCC/C=C\CCCCCCCCCC	1	1	C46H81O10P	0.0	CHEBI_197118
CC/C=C\C/C=C\C/C=C\C/C=C\CCCCC(=O)O[C@@H](CO)COC(=O)CCCCCCCCCCCCC	1	1	C35H60O5	0.0	CHEBI_172743
CC/C=C\C/C=C\C/C=C\C/C=C\CCCCC(=O)O[C@H](COC(=O)CCCCCCC/C=C\C/C=C\CCCCC)COP(=O)([O-])OCC[N+](C)(C)C	1	1	C44H76NO8P	0.0	CHEBI_89576
CC/C=C\C/C=C\C/C=C\C/C=C\CCCCCCC(=O)OCC(COP(=O)(O)OCCNC)OC(=O)CCCCCCCCCCCCCCCCC	1	1	C44H80NO8P	0.0	CHEBI_171045
CC/C=C\C/C=C\C/C=C\C/C=C\CCCCCCC(=O)OC[C@H](COP(=O)(O)OCCN)OC(=O)CCCCCCCCC/C=C\C/C=C\CCCCC	1	1	C45H78NO8P	0.0	CHEBI_170741
CC/C=C\C/C=C\C/C=C\C/C=C\CCCCCCC(=O)OC[C@H](COP(=O)([O-])OCC[N+](C)(C)C)OC(=O)CCCCCCCCC/C=C\CCCCCC	1	1	C46H82NO8P	0.0	CHEBI_88914
CC/C=C\C/C=C\C/C=C\C/C=C\CCCCCCCCC(=O)OC[C@H](COP(=O)(O)O[C@H]1C(O)C(O)C(O)[C@@H](O)C1O)OC(=O)CCCCCCCCCCCCCCCCC	1	1	C49H87O13P	0.0	CHEBI_89297
CC/C=C\C/C=C\C/C=C\CCCCCC(=O)SCCNC(=O)CCNC(=O)[C@H](O)C(C)(C)COP(=O)([O-])OP(=O)([O-])OC[C@H]1O[C@@H](n2cnc3c(N)ncnc32)[C@H](O)[C@@H]1OP(=O)([O-])[O-]	1	1	C37H56N7O17P3S-4	-4.0	CHEBI_177091
CC/C=C\C/C=C\C/C=C\CCCCCCCC(=O)OC[C@@H](COC(=O)CCCCCCC/C=C\CCCC)OC(=O)CCCCCCCCCCCCCCCCC	1	1	C53H94O6	0.0	CHEBI_171378
CC/C=C\C/C=C\C/C=C\CCCCCCCC(=O)OC[C@@H](COC(=O)CCCCCCC/C=C\CCCCCCCC)OC(=O)CCCCCCCCCCCCCCC	1	1	C55H98O6	0.0	CHEBI_88976
CC/C=C\C/C=C\C/C=C\CCCCCCCC(=O)OC[C@@H](COC(=O)CCCCCCC/C=C\CCCCCCCC)OC(=O)CCCCCCCCCCCCCCCCC	1	1	C57H102O6	0.0	CHEBI_88971
CC/C=C\C/C=C\C/C=C\CCCCCCCC(=O)OC[C@@H](COC(=O)CCCCCCCCCCCCCC)OC(=O)CCCCCCC/C=C\CCCCCCCC	1	1	C54H96O6	0.0	CHEBI_145229
CC/C=C\C/C=C\C/C=C\CCCCCCCC(=O)OC[C@H](COC(=O)CCCCCCCCC/C=C\C/C=C\CCCCC)OC(=O)CCCCCCCCCCCCCCCCC	1	1	C59H104O6	0.0	CHEBI_171287
CC/C=C\C/C=C\C/C=C\CCCCCCCC(=O)OC[C@H](COP(=O)([O-])OCC[N+](C)(C)C)OC(=O)CCCCCCCCC/C=C\CCCCCC	1	1	C44H80NO8P	0.0	CHEBI_89437
CC/C=C\C/C=C\C/C=C\CCCCCCCC(=O)OC[C@H](O)COC(=O)CCC/C=C\C/C=C\C/C=C\C/C=C\CCCCC	1	1	C41H66O5	0.0	CHEBI_196697
CC/C=C\C/C=C\C/C=C\CCCCCCCC(=O)O[C@H](CO/C=C\CCCCCC/C=C\CCCCCCCC)COP(=O)([O-])OCC[N+](C)(C)C	1	1	C44H80NO7P	0.0	CHEBI_89458
CC/C=C\C/C=C\C/C=C\CCCCCCCC(=O)O[C@H](COC(=O)CCCCCCCCC/C=C\CCCCCC)COC(=O)CCCCCCCCCCCCC	1	1	C53H94O6	0.0	CHEBI_171412
CC/C=C\C/C=C\C/C=C\CCCCCCCC(=O)O[C@H](COC(=O)CCCCCCCCCCCCC)COP(=O)([O-])OCC[N+](C)(C)C	1	1	C40H74NO8P	0.0	CHEBI_86095
CC/C=C\C/C=C\C/C=C\CCCCCCCC(=O)O[C@H](COCCCCCCCCCCCCCCCCCCCC)COP(=O)([O-])OCC[N+](C)(C)C	1	1	C46H88NO7P	0.0	CHEBI_89852
CC/C=C\C/C=C\C/C=C\CCCCCCCC(=O)c1c(O)cc(O)cc1O	1	1	C24H34O4	0.0	CHEBI_210434
CC/C=C\C/C=C\C/C=C\CCCCCCCCCC(=O)O	1	1	C20H34O2	0.0	CHEBI_53460
CC/C=C\C/C=C\C/C=C\CCCCCCCCCCCCCCC	1	1	C25H46	0.0	CHEBI_165739
CC/C=C\C/C=C\C/C=C\CCCCCCCCCCOC(=O)CCC(C)C	1	1	C26H46O2	0.0	CHEBI_187175
CC/C=C\C/C=C\C/C=C\CCCCCCCCOC(=O)CCCCCCC/C=C\CCCCCCCC	1	1	C36H64O2	0.0	CHEBI_165662
CC/C=C\C/C=C\C=C\C(=O)C/C=C\C/C=C\CCCCCC(=O)O	1	1	C22H32O3	0.0	CHEBI_140205
CC/C=C\C/C=C\C=C\C(=O)C/C=C\C/C=C\CCCCCC(=O)[O-]	1	1	C22H31O3-	-1.0	CHEBI_140237
CC/C=C\C/C=C\C=C\C(=O)CCCCCCCC(=O)O	1	1	C18H28O3	0.0	CHEBI_142251
CC/C=C\C/C=C\C[C@H](O)[C@H](O)/C=C/C=C/C=C\C/C=C\CCC(=O)O	1	1	C22H32O4	0.0	CHEBI_138248
CC/C=C\CC(O)/C=C/C(O)C(O)CCCCCCCC(=O)O	1	1	C18H32O5	0.0	CHEBI_183718
CC/C=C\CC/C=C/CO	1	1	C9H16O	0.0	CHEBI_142615
CC/C=C\CCC(=O)/C=C/C(O)CCCCCCCC(=O)O	1	1	C18H30O4	0.0	CHEBI_182960
CC/C=C\CCCCCCCCCCCCCC(=O)OC[C@H](COP(=O)([O-])OCC[N+](C)(C)C)OC(=O)CCCCCCCCCCCCC/C=C\CC	1	1	C44H84NO8P	0.0	CHEBI_187957
CC/C=C\CCOC(=O)CC(C)C	1	1	C11H20O2	0.0	CHEBI_172060
CC/C=C\C[C@@H](/C=C/C=C\C=C/C(C/C=C\C/C=C\CCC(=O)O)OO)OO	1	1	C22H32O6	0.0	CHEBI_136587
CC/C=C\C[C@@H](/C=C/C=C\C=C/C(C/C=C\C/C=C\CCC(=O)[O-])OO)OO	1	1	C22H31O6-	-1.0	CHEBI_133948
CC/C=C\C[C@@H](O)/C=C/[C@@H]1O[C@@H]([C@@H](O)C/C=C\C/C=C\CCC(=O)O)C[C@@H]1O	1	1	C22H34O6	0.0	CHEBI_186071
CC/C=C\C[C@@H]1C(=O)CC[C@@H]1CCCC(=O)CC(=O)SCCNC(=O)CCNC(=O)C(O)C(C)(C)COP(=O)(O)OP(=O)(O)OC[C@H]1O[C@@H](n2cnc3c(N)ncnc32)[C@H](O)[C@@H]1OP(=O)(O)O	1	1	C37H58N7O19P3S	0.0	CHEBI_80455
CC/C=C\C[C@H](O)/C=C/[C@H]1C(=O)C[C@H](O)[C@@H]1C/C=C\CCCC(=O)O	1	1	C20H30O5	0.0	CHEBI_34939
CC/C=C\C[C@H](O)/C=C/[C@H]1C(=O)C[C@H](O)[C@@H]1C/C=C\CCCC(=O)[O-]	1	1	C20H29O5-	-1.0	CHEBI_132149
CC/N=C1\C=CC(=C(c2ccc(N(CC)CC)cc2)c2ccc(N(CC)CC)cc2)c2ccccc21	1	1	C33H39N3	0.0	CHEBI_233139
CC1(C)C(=O)N=C2c3ccccc3C(=O)C(=O)C21	1	1	C14H11NO3	0.0	CHEBI_91587
CC1(C)C(=O)[C@@H](O)C[C@@H]2C1=CC[C@@H]1[C@@]2(C)C(=O)C[C@]2(C)[C@@H]([C@@](C)(O)C(=O)CC(O)C(C)(C)O)[C@H](O)C[C@@]12C	1	1	C30H46O8	0.0	CHEBI_3946
CC1(C)C2CCC1(C)C(OC(=O)/C=C/c1ccccc1)C2	1	1	C19H24O2	0.0	CHEBI_157733
CC1(C)C2CCC1(C)C(OC(=O)C=Cc1ccccc1)C2	1	1	C19H24O2	0.0	CHEBI_157711
CC1(C)C=C(C(N)=O)C(C)(C)N1	1	1	C9H16N2O	0.0	CHEBI_183706
CC1(C)C=CC2(CCC(C)(C)O2)O1	1	1	C11H18O2	0.0	CHEBI_195883
CC1(C)C=Cc2c(ccc(-c3cc4ccc(O)cc4o3)c2O)O1	1	1	C19H16O4	0.0	CHEBI_85109
CC1(C)C=Cc2c(ccc3c2NC(=O)C(C)(C)/C=C\N2C(=O)C4=CCCN4C(=O)[C@@H]2CC3=O)O1	1	1	C26H27N3O5	0.0	CHEBI_215681
CC1(C)C=Cc2c(ccc3c2[N+]([O-])=C2C3=CC34NC(=O)C5(CCCN5C3=O)C[C@H]4C2(C)C)O1	1	1	C26H27N3O4	0.0	CHEBI_208798
CC1(C)C=Cc2c(ccc3c2[N+]([O-])=C2C3=C[C@@]34NC(=O)[C@]5(CCCN5C3=O)C[C@H]4C2(C)C)O1	1	1	C26H27N3O4	0.0	CHEBI_131140
CC1(C)C=Cc2cc(-c3coc4c5c(cc(O)c4c3=O)OC(C)(C)C=C5)ccc2O1	1	1	C25H22O5	0.0	CHEBI_185909
CC1(C)CC(=O)C[C@]1(C)C1=C(O)C(=O)C=CC1=O	1	1	C14H16O4	0.0	CHEBI_222826
CC1(C)CC(=O)[C@]2(C)CC[C@]3(C)C(=CC[C@@H]4[C@@]5(C)CCC(=O)[C@](C)(CO)[C@@H]5CC[C@]43C)[C@@H]2C1	1	1	C30H46O3	0.0	CHEBI_212470
CC1(C)CC(=O)c2c(O)ccc(O)c2O1	1	1	C11H12O4	0.0	CHEBI_218118
CC1(C)CCC(C)(C)c2cc(C(O)C(=O)Nc3ccc(C(=O)O)cc3F)ccc21	1	1	C23H26FNO4	0.0	CHEBI_230491
CC1(C)CCC2(C(=O)O)C(O)CC3(C)C(=CCC4C5(C)CCC(OC6OC(C(=O)O)C(O)C(O)C6O)C(C)(C)C5CCC43C)C2C1	1	1	C36H56O10	0.0	CHEBI_176273
CC1(C)CCC2(C(=O)OC3OC(CO)C(O)C(O)C3O)C(O)CC3(C)C(=CCC4C5(C)CCC(OC6OCC(O)C(OC7OC(CO)C(O)C(OC8OC(CO)C(O)C(O)C8O)C7O)C6O)C(C)(C)C5CCC43C)C2C1	1	1	C53H86O23	0.0	CHEBI_230845
CC1(C)CCCC2(C)C(C(=O)O)=CCC12	1	1	C13H20O2	0.0	CHEBI_181057
CC1(C)CCC[C@@]2(C)[C@H]1CC(=O)[C@]1(C(=O)O)O[C@@H]12	1	1	C14H20O4	0.0	CHEBI_202741
CC1(C)CCC[C@@]2(C)[C@H]1[C@@H](O)C=C(C=O)[C@]2(O)C=O	1	1	C15H22O4	0.0	CHEBI_7016
CC1(C)CCC[C@]2(C)[C@@H](CO)[C@@]3(C)O[C@H]3C(=O)[C@@H]12	1	1	C15H24O3	0.0	CHEBI_201314
CC1(C)CC[C@]2(C(=O)O)CC[C@]3(CO)C(=CC[C@@H]4[C@@]5(C)CC[C@H](O)C(C)(C)[C@@H]5CC[C@]43C)[C@@H]2C1	1	1	C30H48O4	0.0	CHEBI_71171
CC1(C)CC[C@]2(C(=O)O[C@@H]3O[C@H](CO)[C@@H](O)[C@H](O)[C@H]3O)CC[C@]3(C)C(=CC[C@@H]4[C@@]5(C)CC[C@H](O)[C@@](C)(CO)[C@@H]5[C@H](O)C[C@]43C)[C@@H]2C1	1	1	C36H58O10	0.0	CHEBI_69365
CC1(C)CC[C@]2(C(=O)O[C@@H]3O[C@H](CO[C@@H]4O[C@H](COC(=O)C[C@@](C)(O)CC(=O)O)[C@@H](O)[C@H](O)[C@H]4O[C@@H]4O[C@H](CO)[C@@H](O)[C@H](O)[C@H]4O)[C@@H](O)[C@H](O[C@@H]4O[C@H](CO)[C@@H](O)[C@H](O)[C@H]4O)[C@H]3O)CC[C@]3(C)C(=CC[C@@H]4[C@@]5(C)CC[C@H](O)[C@@](C)(C(=O)O[C@@H]6O[C@H](CO)[C@@H](O)[C@H](O)[C@H]6O)[C@@H]5CC[C@]43C)[C@@H]2C1	1	1	C66H104O34	0.0	CHEBI_65757
CC1(C)C[C@@H]2C(=O)[C@@]3(C)CCC(C(=O)O)=C3[C@@H]2C1	1	1	C15H20O3	0.0	CHEBI_225835
CC1(C)C[C@@H]2C[C@@]3(O)CC(=O)C(CO)=C3[C@@H]2C1	1	1	C14H20O3	0.0	CHEBI_199092
CC1(C)C[C@H]2[C@@]1(O)[C@@H](O)C[C@]1(C)C(=O)C=C[C@]21CO	1	1	C15H22O4	0.0	CHEBI_203690
CC1(C)C[C@](C)(O)C(=O)c2ccc(CO)n21	1	1	C12H17NO3	0.0	CHEBI_228064
CC1(C)C[C@]2(O)O[C@@H]3C[C@@]4(C)[C@@H]5CC=C6[C@@H](C=C(O[C@@H]7O[C@H](CO)[C@@H](O)[C@H](O)[C@H]7O)C(=O)C6(C)C)[C@]5(C)C(=O)C[C@]4(C)[C@H]3[C@@](C)(O)[C@]2(O)O1	1	1	C36H52O13	0.0	CHEBI_68908
CC1(C)O[C@H]1C(=O)CC(C(=O)O)[C@@H]1CC[C@]2(C)C3=CC[C@H]4C(C)(C)C(=O)CC[C@]4(C)[C@H]3CC[C@@]12C	1	1	C30H44O5	0.0	CHEBI_69005
CC1(C)[C@@H](Br)CC=C(C(Cl)CCl)[C@@H]1Cl	1	1	C10H14BrCl3	0.0	CHEBI_203870
CC1(C)[C@@H](Br)CC[C@@]2(C)Oc3cc(Br)c(O)cc3C[C@@H]12	1	1	C16H20Br2O2	0.0	CHEBI_225147
CC1(C)[C@@H](O)CC[C@]2(C)C3=CC[C@@](C)([C@H](O)CO)C[C@@H]3[C@@H](O)C[C@@H]12	1	1	C20H34O4	0.0	CHEBI_207390
CC1(C)[C@@H](O)CC[C@]2(C)[C@H]3CC[C@]45OC[C@@]6(CC[C@](C)(CO)C[C@H]64)[C@H](O)C[C@@]5(C)[C@]3(C)CC[C@@H]12	1	1	C30H50O4	0.0	CHEBI_71262
CC1(C)[C@@H](O[C@@H]2O[C@H](C(=O)O)[C@@H](O)[C@H](O)[C@H]2O[C@@H]2O[C@H](C(=O)O)[C@@H](O)[C@H](O)[C@H]2O)CC[C@]2(C)[C@H]3C(=O)C=C4[C@@H]5C[C@]6(C)C[C@@H](OC6=O)[C@]5(C)CC[C@@]4(C)[C@]3(C)CC[C@@H]12	1	1	C42H60O16	0.0	CHEBI_192216
CC1(C)[C@@]2(Br)O[C@H]2[C@@H]2O[C@]2(C)[C@@]12C[C@@H](Br)[C@](C)(Cl)C[C@H]2O	1	1	C15H21Br2ClO3	0.0	CHEBI_138818
CC1(C)[C@H](O)CC[C@@]2(C)[C@H]1CC[C@@]1(O)COC(=O)[C@@H]12	1	1	C15H24O4	0.0	CHEBI_202302
CC1(C)[C@H](O)CC[C@]2(C)[C@H]3CC[C@@H]4[C@@H]([C@]5(C)CCC(=O)O5)CC[C@@]4(C)[C@]3(C)CC[C@@H]12	1	1	C27H44O3	0.0	CHEBI_70269
CC1(C)c2[nH]c3ccccc3c2C[C@H]2C(=O)N(Cc3cccc(F)c3)C(=O)N21	1	1	C22H20FN3O2	0.0	CHEBI_93090
CC1(C)c2cc(O)ccc2OC1N1CCOCC1	1	1	C14H19NO3	0.0	CHEBI_183469
CC1(C=O)CCCC2(C)C1CCC13CC(CO)C(CCC12)C3	1	1	C20H32O2	0.0	CHEBI_170114
CC1(O)CC23C=CC1CC2C1(C)CCC(=O)C(C)(C)C1CC3	1	1	C20H30O2	0.0	CHEBI_170105
CC1(O)CCC2C(C(=O)O)=COC(OC3OC(COC(=O)C=Cc4ccc(O)c(O)c4)C(O)C(O)C3O)C21	1	1	C25H30O13	0.0	CHEBI_181632
CC1(O)OC(=O)C=C1C1=COc2cc(O)ccc2C1	1	1	C14H12O5	0.0	CHEBI_168178
CC1(O)[C@H](O)[C@@H](O)C(O)[C@@H](O)[C@@H]1O	1	1	C7H14O6	0.0	CHEBI_173941
CC1(c2ccc3ccc4ccccc4c3c2)NC(=O)NC1=O	1	1	C18H14N2O2	0.0	CHEBI_135208
CC12C[C@@]34[C@@H]5CCCN3CC=C[C@]4(O)[C@@H]1C[C@H]5OC2=O	1	1	C16H21NO3	0.0	CHEBI_2743
CC1=C(/C=C/C(C)=C/C=C/C(C)=C/C(=O)Nc2ccc(O)cc2)C(C)(C)CCC1	1	1	C26H33NO2	0.0	CHEBI_42588
CC1=C(/C=C/C(C)=C/C=C/C(C)=C/C=C/C=C(C)/C=C/C=C(C)/C=C/C2=C(C)C[C@@H](OC3OC(COC(=O)CCCCCCCC(C)C)C(O)C(O)C3O)CC2(C)C)C(C)(C)CCC1	1	1	C57H86O7	0.0	CHEBI_200791
CC1=C(/C=C/C(C)=C/C=C/C(C)=C/C=C/C=C(C)/C=C/C=C(C)/C=C/C2=C(C)C[C@@H](OC3O[C@H](COC(=O)CCCCCCCC(C)C)[C@@H](O)[C@H](O)[C@H]3O)CC2(C)C)C(C)(C)CCC1	1	1	C57H86O7	0.0	CHEBI_80202
CC1=C(/C=C/CCCC[C@H](C)O)C(=O)OC1=O	1	1	C13H18O4	0.0	CHEBI_204871
CC1=C(C#C/C(C)=C/C=C/C(C)=C/C=C/C=C(C)/C=C/C=C(C)/C=C/C2=C(C)C(=O)[C@@H](O)CC2(C)C)C(C)(C)C[C@H](O)C1	1	1	C40H52O3	0.0	CHEBI_230678
CC1=C(C#N)C(C)(C)C(C#N)=C(C)N1	1	1	C11H13N3	0.0	CHEBI_173315
CC1=C(C(=O)Nc2ccccc2)S(=O)(=O)CCO1	1	1	C12H13NO4S	0.0	CHEBI_7858
CC1=C(C(=O)OCc2ccccc2)C(c2ccco2)C2C(=O)CC(C)(C)CC2=N1	1	1	C24H25NO4	0.0	CHEBI_114652
CC1=C(C)C2(C[C@@H](C)[C@H]3[C@@H](C[C@@]4(C)C5=C(CC[C@]34C)[C@@]3(C)CC[C@@H](O)[C@@](C)(C=O)C3CC5)O2)OC1=O	1	1	C31H44O5	0.0	CHEBI_221640
CC1=C(C)[C@H]2[C@H](Cc3ccccc3)NC(=O)[C@]23[C@H](O)/C=C\[C@@](C)(O)C(=O)[C@@H](C)C/C=C\[C@H]3[C@@H]1O	1	1	C28H35NO5	0.0	CHEBI_222831
CC1=C(CCC(C)C(=O)O)C(=O)c2ccccc2C1=O	1	1	C16H16O4	0.0	CHEBI_89486
CC1=C(CC[C@@H](C)CO[C@@H]2O[C@H](CO)[C@@H](O)[C@H](O)[C@H]2O)O[C@H]2C[C@H]3[C@@H]4CC(=O)[C@H]5C[C@@H](O[C@@H]6O[C@H](CO[C@H]7OC[C@@H](O)[C@@H](O)[C@@H]7O)[C@@H](O[C@@H]7OC[C@@H](O)[C@H](O)[C@H]7O)[C@H](O)[C@H]6O)CC[C@]5(C)[C@H]4CC[C@]3(C)[C@@H]12	1	1	C49H78O22	0.0	CHEBI_192190
CC1=C(Cn2c3cccc(=O)c-3nc3ccccc32)CCC(C)(C)C1	1	1	C22H24N2O	0.0	CHEBI_221771
CC1=C(O)C[C@@H](CCCC(C)C)OC1=O	1	1	C12H20O3	0.0	CHEBI_226700
CC1=C([O-])C(O)[C@@H]2O[C@@H]2C1=O	1	1	C7H7O4-	-1.0	CHEBI_233615
CC1=C/C(=C\CCCN2CCCC2=O)OC1=O	1	1	C13H17NO3	0.0	CHEBI_168430
CC1=C2C(=CO[C@H](C)[C@H]2C)C(=O)C(CC2=C(O)C(C)=C3C(=CO[C@H](C)[C@H]3C)C2=O)=C1O	1	1	C25H28O6	0.0	CHEBI_204673
CC1=C2C(=O)C[C@@]2(C)[C@@H]2C[C@@H]3CC[C@@H](C)[C@@]2(CC1)C3(C)C	1	1	C20H30O	0.0	CHEBI_219929
CC1=C2CC3(C)C(CCC(=O)C3C)CC2(O)OC1=O	1	1	C15H20O4	0.0	CHEBI_174485
CC1=C2CC[C@H](C)[C@@H]2[C@@H](O)[C@@]2(C)CC[C@]3(C)CCC(C)(C)C[C@H]3[C@@H]2CC1	1	1	C25H42O	0.0	CHEBI_204779
CC1=C2C[C@@](C)(CO)C[C@@]23O[C@@H]2O[C@@]4(C)C5=C(CC[C@@](C3=O)([C@@H]52)C12CC2)C(=O)C1=CC(C)(C)C[C@H]14	1	1	C30H36O5	0.0	CHEBI_227294
CC1=C2C[C@@]3(C)C(=CC(=O)C(O)=C3C)C=C2NC1=O	1	1	C15H15NO3	0.0	CHEBI_205863
CC1=C2C[C@@]3(C)C(=C[C@@H](O)[C@@H](O)[C@@H]3C)C=C2OC1=O	1	1	C15H18O4	0.0	CHEBI_227467
CC1=C2C[C@@]3(C)C(=C[C@H](O)[C@H](O)[C@@H]3C)C=C2OC1=O	1	1	C15H18O4	0.0	CHEBI_216756
CC1=C2C[C@@]3(C)[C@H](CCC[C@@H]3C)C[C@@H]2OC1=O	1	1	C15H22O2	0.0	CHEBI_4818
CC1=CC(=O)C(=C(O)C=Cc2cccc([N+](=O)[O-])c2)C(=O)O1	1	1	C15H11NO6	0.0	CHEBI_120826
CC1=CC(=O)C([C@@]2(C)CCCC2(C)C)=CC1=O	1	1	C15H20O2	0.0	CHEBI_216768
CC1=CC(=O)C2=C(C)C[C@H](O)[C@@H]3[C@H](OC(=O)[C@H]3C)[C@@H]12.O	1	1	C15H20O5	0.0	CHEBI_181228
CC1=CC(=O)C2C=C(O)C=CC2C1=O	1	1	C11H10O3	0.0	CHEBI_226368
CC1=CC(=O)CC(C)(C)[C@H]1/C=C/[C@@H](C)O[C@@H]1O[C@H](CO[C@@H]2O[C@@H](C)[C@H](O)[C@@H](O)[C@H]2O)[C@@H](O)[C@H](O)[C@H]1O	1	1	C25H40O11	0.0	CHEBI_138868
CC1=CC(=O)C[C@@H]2CC[C@H]3[C@@H]4CC[C@H](O)[C@@]4(C)CC[C@@H]3[C@@]12C	1	1	C20H30O2	0.0	CHEBI_135283
CC1=CC(=O)C[C@H](Cc2cc(C)c(C(=O)O)o2)O1	1	1	C13H14O5	0.0	CHEBI_228042
CC1=CC(=O)[C@@H](O)[C@]2(C)[C@H]3[C@@H](O)[C@H](O)[C@H](CO)[C@@H]4[C@@H](O)C(=O)O[C@H](C[C@@H]12)[C@@]43C	1	1	C20H28O8	0.0	CHEBI_68928
CC1=CC(=O)[C@@]2(O)c3cccc4c3[C@H]3[C@@H]1[C@@H]2CN3c1ccc2c3c(c5c(c-4c13)C=C[C@@H](O)[C@@H]5O)SC2=O	1	1	C30H21NO5S	0.0	CHEBI_220895
CC1=CC(=O)[C@H]2c3ccccc3[C@H]3[C@@H]1[C@@H]2CN3c1ccc2c3c(c4c(cc13)C=C[C@@H](O)[C@@H]4OS(=O)(=O)[O-])SC2=O	1	1	C30H22NO7S2-	-1.0	CHEBI_230533
CC1=CC(=O)[C@]2(C(=O)C1=O)[C@H](C)CC[C@@H]2C(C)C	1	1	C15H20O3	0.0	CHEBI_209690
CC1=CC(=O)[C@]23C[C@@H]4CN(C)CC[C@@H]4[C@H]2[C@@H](O)C[C@@H]3C1	1	1	C17H25NO2	0.0	CHEBI_6634
CC1=CC(C)C(C)C(C=O)C1.CC1=CC(C)C(C=O)C(C)C1	1	1	C20H32O2	0.0	CHEBI_171934
CC1=CC2C(O)CCCC2C(C)(C(O)=C2C(=O)CNC2=O)C1CCC(C)C(O)/C(C)=C/CC(O)/C=C/C(C)C(O)/C=C/CC(O)/C=C/CC(O)CC1CCCN1C(=N)N	1	1	C46H72N4O9	0.0	CHEBI_216884
CC1=CCC2(CC1=O)C(C)CC(O)C2C(C)C	1	1	C15H24O2	0.0	CHEBI_138759
CC1=CCC2C(C)(CO)CCCC2(C)C1CC12OC1C(O)C(CO)=CC2O	1	1	C22H34O5	0.0	CHEBI_182483
CC1=CCCC(C)(C)C1/C=C/C(C)=C/C=C/C(C)=C/C=C/C=C(C)/C=C/C=C(C)/C=C/C1=C(C)CCCC1(C)C	1	1	C40H56	0.0	CHEBI_28425
CC1=CCCC(C)(C)[C@@H]1/C=C/C(C)=C/C=C/C(C)=C/C=C/C=C(C)/C=C/C=C(C)/C=C/C1=C(C)CCCC1(C)C	1	1	C40H56	0.0	CHEBI_35148
CC1=CCCC(C)(C)[C@H]1/C=C/C(C)=C/C=C/C(C)=C/C=C/C=C(C)/C=C/C=C(C)/C=C/C1=C(C)CCCC1(C)C	1	1	C40H56	0.0	CHEBI_35147
CC1=CCC[C@@H](C)[C@]1(C)CC/C(C)=C/CO	1	1	C15H26O	0.0	CHEBI_217765
CC1=CCC[C@@]2(C)C[C@@]3(O)OC(=O)C(CO)=C3C[C@H]12	1	1	C15H20O4	0.0	CHEBI_226408
CC1=CCC[C@H](C)[C@@]12CC[C@H](C)[C@H]1C[C@@]3(C)CCC(C(C)C)=C3CC12	1	1	C25H40	0.0	CHEBI_231558
CC1=CCC[C@H]2[C@@]1(C)[C@@H](OC(=O)c1cccnc1)[C@H](O)[C@](C)(O)[C@]2(C)[C@H]1CC2=C(O1)C(=O)OC2	1	1	C26H31NO7	0.0	CHEBI_66448
CC1=CC[C@@H]([C@@H](C)[C@H]2CC[C@@]3(C)C4=C(CC[C@]23C)[C@]23CC[C@@H](OC2=O)C(C)(C)[C@@H]3CC4)OC1=O	1	1	C30H42O4	0.0	CHEBI_226728
CC1=CC[C@@H]2[C@@]3(C)CCC(=O)C(C)(C)[C@@H]3CC[C@@]2(C)[C@]12Cc1c(cc(-c3cccnc3)oc1=O)O2	1	1	C30H35NO4	0.0	CHEBI_225642
CC1=CC[C@H](O)C=C[C@H](C)[C@H](O)[C@@H](C)C=C(C)C(=O)c2c(O)c(C)cc3c2C(=O)C(SCC(=O)O)=C(NC(=O)C(C)=CC=CC=C[C@H](C)[C@@H](O)CC1=O)C3=O	1	1	C42H49NO11S	0.0	CHEBI_202748
CC1=CC[C@H]([C@@H](C)[C@H]2CC[C@@]3(C)C4=C(CC[C@]23C)[C@@]2(C)CC[C@H](O)C(C)(C)[C@@H]2CC4)OC1=O	1	1	C30H46O3	0.0	CHEBI_203419
CC1=CC[C@H]([C@@](C)(O)CO)CC1=O	1	1	C10H16O3	0.0	CHEBI_169542
CC1=CC[C@H]2[C@@](C)(CO)CCC[C@]2(C)[C@H]1C[C@@]12O[C@@H]1[C@H](O)C(CO)=C[C@H]2O	1	1	C22H34O5	0.0	CHEBI_211820
CC1=CC[C@H]2[C@H](C(O)=C3C(=O)N[C@@H](Cc4ccc(O)cc4)C3=O)[C@H](C)C=C[C@@H]2C1	1	1	C24H27NO4	0.0	CHEBI_218971
CC1=CC[C@H]2[C@H](C(O)=C3C(=O)N[C@H](Cc4ccc(O)cc4)C3=O)[C@H](C)C=C[C@@H]2C1	1	1	C24H27NO4	0.0	CHEBI_218944
CC1=CO[C@]2(C1=O)[C@H]1C(=O)O[C@]3(C[C@@H]2C)C(C)=CC(=O)O[C@]13O	1	1	C16H16O7	0.0	CHEBI_214503
CC1=C[C@@H]2/C=C(\C)C[C@H](CO)C[C@H](O)/C=C/C(=O)[C@]23C(=O)N[C@@H](CC(C)C)[C@@H]3[C@@H]1C	1	1	C25H37NO4	0.0	CHEBI_66748
CC1=C[C@@H]2O[C@@H](C/C=C(\C)C(=O)O)[C@@H](C)[C@@H]2CC1	1	1	C15H22O3	0.0	CHEBI_198772
CC1=C[C@@H]2O[C@]3(C)C[C@@H](O)C[C@]3(C)[C@@]2(C)CC1	1	1	C15H24O2	0.0	CHEBI_216388
CC1=C[C@@H]2[C@H]([C@H](O)C1)[C@@]2(C)CO	1	1	C10H16O2	0.0	CHEBI_218350
CC1=C[C@@]2(C)[C@H]3C(C)=C[C@@]4(C)C[C@@H](C)CC[C@@H]4[C@H]3C(=O)[C@]23C(=O)N[C@@](O)(Cc2ccc(O)cc2)[C@@H]3[C@H]1C	1	1	C32H41NO4	0.0	CHEBI_218126
CC1=C[C@H](C)C(=O)C[C@@H](O)C(C)=C[C@H](C)C[C@@H](C)CC[C@@H]([C@@H](C)C(=O)O)OC(=O)[C@@H](C)C1	1	1	C26H42O6	0.0	CHEBI_217202
CC1=C[C@H](C)[C@@H](O)C[C@@H](O)C(C)=C[C@H](C)C[C@@H](C)CC[C@@H]([C@@H](C)C(=O)O)OC(=O)[C@@H](C)C1	1	1	C26H44O6	0.0	CHEBI_217208
CC1=C[C@H](O)[C@@H]2[C@@]3(C)C=CC(=O)C(C)(C)[C@@H]3CC[C@@]2(C)[C@]12Cc1c(c(C)c(C)oc1=O)O2	1	1	C27H34O5	0.0	CHEBI_213882
CC1=C[C@H](c2c(O)cc(O)c(C(=O)/C=C/c3ccccc3)c2O)[C@@H](C(C)C)CC1	1	1	C25H28O4	0.0	CHEBI_197229
CC1=C[C@]2(C)[C@@H]3C(C)=C[C@]4(C)C[C@@H](C)CC[C@H]4[C@@H]3C(=O)[C@@]23C(=O)N[C@@](O)(Cc2ccc(O)cc2)[C@@H]3[C@@H]1C	1	1	C32H41NO4	0.0	CHEBI_199691
CC1=Cc2ccc3c(c2CO1)O[C@@](O)(C(C)C)C3=O	1	1	C15H16O4	0.0	CHEBI_215862
CC1=N/C(=C\c2[nH]c(C)c(C)c2C)C(C)=C1C	1	1	C15H20N2	0.0	CHEBI_209059
CC1C(=O)CC2OC3CC(C)(Cl)C(Br)CC31C2(C)C	1	1	C15H22BrClO2	0.0	CHEBI_200213
CC1C2C(CC3C4CC=C5CC(O)CCC5(C)C4CCC32C)OC12CCC(CO)(CO)O2	1	1	C27H42O5	0.0	CHEBI_175577
CC1C=CC=CC=CC=CC=CC=CC=CC(O[C@H]2OC(C)C(O)C(N)C2O)CC2OC(O)(CC(O)CC(O)C(O)CCC(O)CC(O)CC(=O)OC(C)C(C)C1O)CC(O)C2C(=O)O	1	1	C47H73NO17	0.0	CHEBI_95164
CC1CC(=O)OC(C)Cc2cc(O)cc(O)c2C(=O)OC(C)Cc2cc(O)cc(O)c2C(=O)OC(C)CC(=O)OC(C)CC(=O)O1	1	1	C32H38O14	0.0	CHEBI_202290
CC1CC(=O)c2c(O)cccc2C1=O	1	1	C11H10O3	0.0	CHEBI_173913
CC1CC(C)CN(c2oc(-c3ccco3)nc2C#N)C1	1	1	C15H17N3O2	0.0	CHEBI_120557
CC1CC2OC3C(CC2OC2CC4OC5C/C=C\CC6OC7C=CC8OC9C(CC8OC7C=CC6OC5CC(O)C4(C)OC2C1)OC1CC(=O)CC(CC(O)C(O)CO)OC1C9O)OC1C(C)C(C)C2(CC(O)CO2)OC1C(O)C3C	1	1	C60H88O21	0.0	CHEBI_230890
CC1CCC(=O)C1	1	1	C6H10O	0.0	CHEBI_195512
CC1CCC2(CC1=O)C(C)CC(=O)C2C(C)C	1	1	C15H24O2	0.0	CHEBI_173702
CC1CCC2(OC1)OC1CC3C4CC=C5CC(OC6OC(CO)C(O)C(OC7OC(C)C(O)C(O)C7O)C6OC6OC(CO)C(OC7OC(CO)C(O)C(O)C7O)C(O)C6O)CCC5(C)C4CCC3(C)C1C2C	1	1	C51H82O22	0.0	CHEBI_191453
CC1CCC2C(C)C3C(CC4C5CC=C6CC(OC7OC(CO)C(OC8OC(CO)C(O)C(OC9OCC(O)C(O)C9O)C8OC8OC(CO)C(O)C(O)C8O)C(O)C7O)CCC6(C)C5CCC43C)N2C1	1	1	C50H81NO20	0.0	CHEBI_191997
CC1CCC2C3(C)OC4(C)CC(OC(=O)[C@@H]5CCC(C)(C)CN5)C12CC4C3[NH2+]CCCCC[NH+](C)C	1	1	C30H55N3O3+2	2.0	CHEBI_194091
CC1CCCC(C)C1=O	1	1	C8H14O	0.0	CHEBI_234093
CC1CCOC(c2coc3ccccc3c2=O)O1	1	1	C14H14O4	0.0	CHEBI_121188
CC1CCc2c(sc(NS(=O)(=O)c3ccccc3)c2C(=O)OC(C)C)C1	1	1	C19H23NO4S2	0.0	CHEBI_121782
CC1CN(C2CCN(S(=O)(=O)c3ccc4ccccc4c3)CC2)CC(C)O1	1	1	C21H28N2O3S	0.0	CHEBI_115554
CC1CN=C(NC(=O)c2cccc([N+](=O)[O-])c2)S1	1	1	C11H11N3O3S	0.0	CHEBI_104066
CC1COC(=O)C1	1	1	C5H8O2	0.0	CHEBI_173338
CC1COC(C)(C)O1	1	1	C6H12O2	0.0	CHEBI_173426
CC1COC2(c3ccccc3Cl)c3cc(Cl)ccc3NC(=O)CN12	1	1	C18H16Cl2N2O2	0.0	CHEBI_31842
CC1OC(OC2C(OCC3OC(O)C(O)C(O)C3O)OC(C)C(O)C2OC2OC(C(=O)O)C(O)C(O)C2O)C(O)C(O)C1O	1	1	C24H40O20	0.0	CHEBI_193922
CC1OC(OCC2OC(OC3CCC4(C)C(CCC5(C)C4CC=C4C6CC(C)(C)CCC6(C(=O)OC6OC(CO)C(O)C(O)C6O)CCC45C)C3(C)CO)C(O)C(O)C2O)C(O)C(O)C1O	1	1	C48H78O18	0.0	CHEBI_181629
CC1OC(Oc2c(-c3cc(O)c(O)c(O)c3)oc3cc(O)cc(O)c3c2=O)C(O)C(OC(=O)c2cc(O)c(O)c(O)c2)C1O	1	1	C28H24O16	0.0	CHEBI_136620
CC1OC(Oc2c(-c3ccc(O)c(OS(=O)(=O)O)c3)oc3cc(O)cc(O)c3c2=O)C(O)C(O)C1O	1	1	C21H20O14S	0.0	CHEBI_185441
CC1OC(c2c(O)cc3oc(-c4ccc(OC5OC(C(=O)O)C(O)C(O)C5O)cc4)cc(=O)c3c2O)C(OC2OC(C)C(O)C(O)C2O)C(O)C1=O	1	1	C33H36O19	0.0	CHEBI_184855
CC1Oc2cc3c(cc2C1(C)C)CC(c1ccc(O)cc1O)CO3	1	1	C20H22O4	0.0	CHEBI_178215
CC=C(C)[C@@H]1C(C)=C[C@@H]2C[C@@H](O)C[C@H](C)[C@H]2[C@@H]1/C=C/C=C/C(=O)O	1	1	C21H30O3	0.0	CHEBI_224376
CC=C(C)[C@@H]1C(C)=C[C@@H]2C[C@H](O)C[C@H](C)[C@H]2[C@@H]1/C=C/C=C/C(=O)O	1	1	C21H30O3	0.0	CHEBI_224371
CC=C(C)c1c(Cl)c(OC)c(C)c2c1Oc1c(Cl)c(O)c(Cl)c(C)c1OC2=O	1	1	C20H17Cl3O5	0.0	CHEBI_201777
CC=C(NC(=O)N[C@@H](Cc1ccccc1)C(=O)O)C(=O)N[C@@H](CO)C(=O)NC(=CC)C(=O)N[C@@H](CCCN=C(N)N)C(=O)N1CCC[C@H]1c1nc(C(=O)N[C@@H](CCSC)C(=O)O[C@@H](CC(=O)O)[C@@H]2[C@H](OC(C)=O)CCN2C(=O)[C@@H](N)[C@@H](C)CC)cs1	1	1	C55H79N13O16S2	0.0	CHEBI_223128
CC=C1CN2CC[C@]34C(=C(C(=O)OC)[C@H]1C[C@H]23)Nc1ccccc14	1	1	C20H22N2O2	0.0	CHEBI_182508
CC=C1NC(=O)[C@@H](NC(=O)CCCCCCCCCCC)[C@H](O)CNC(=O)[C@H]([C@@H](O)CN)NC(=O)[C@H]([C@H](O)CN)NC(=O)[C@H](CCCN=C(N)N)NC(=O)[C@H](CC(C)C)NC(=O)[C@H](CCN)NC1=O	1	1	C44H82N14O11	0.0	CHEBI_225692
CC=CC=CC=C[C@H]1C[C@@H](O)C[C@H](O)[C@@H]1C	1	1	C14H22O2	0.0	CHEBI_214733
CC=CC=C[C@@H]1CC2=CC(=O)[C@@](C)(O)[C@@H](O)[C@@]2(O)[C@@H](O)O1	1	1	C15H20O6	0.0	CHEBI_216491
CC=CCCCCCCCCC	1	1	C12H24	0.0	CHEBI_167555
CC=C[C@@H](O)[C@](C)(O)c1cc(=O)c2c(CC(=O)O)cc3cc4c(c(O)c3c2o1)C(=O)CC[C@@H]4O	1	1	C25H24O9	0.0	CHEBI_209631
CCC#CCCCCCCCCCCCCCCCC	1	1	C20H38	0.0	CHEBI_231234
CCC(=C/C(C)C/C=C/C(C)=C/C(C)C(=O)C(C)C1OC(C)(CCO)CC1C)/C=C/C1OC(=O)C=CC1C	1	1	C33H50O5	0.0	CHEBI_197635
CCC(=C\c1sc2cc(C)c(C)cc2[n+]1CC)/C=C1/Sc2cc(/C=C/c3ccccc3)ccc2N1CC.[Cl-]	1	1	C33H35ClN2S2	0.0	CHEBI_149995
CCC(=O)C1(c2cccc(O)c2)CCN(C)CC1	1	1	C15H21NO2	0.0	CHEBI_6125
CCC(=O)CCCCCCCCCCCCCOP1(=O)OC[C@H]2COC(=O)C2=C(C)O1	1	1	C23H39O7P	0.0	CHEBI_197839
CCC(=O)CC[C@@H](C)[C@H]1CC[C@H]2[C@@H]3[C@H](O)C[C@@H]4C[C@H](O)CC[C@]4(C)[C@H]3C[C@H](O)[C@]12C	1	1	C26H44O4	0.0	CHEBI_185358
CCC(=O)Cc1c(OC)cc(=O)oc1C	1	1	C11H14O4	0.0	CHEBI_218265
CCC(=O)N1CCN(c2ccc(-n3c(=O)ccc4cnc5ccc(-c6cnc7ccccc7c6)cc5c43)cc2C(F)(F)F)CC1	1	1	C35H28F3N5O2	0.0	CHEBI_84327
CCC(=O)N[C@H]1[C@H]([C@H](O)[C@H](O)CO)O[C@@](O[C@H](CO)[C@@H](O)[C@@H]2O[C@@](O[C@H](CO)[C@@H](O)[C@@H]3O[C@@](O[C@H](CO)[C@@H](O)[C@@H]4O[C@@](O[C@H](CO)[C@@H](O)[C@@H]5O[C@@](O)(C(=O)O)C[C@H](O)[C@H]5NC(=O)CC)(C(=O)O)C[C@H](O)[C@H]4NC(=O)CC)(C(=O)O)C[C@H](O)[C@H]3NC(=O)CC)(C(=O)O)C[C@H](O)[C@H]2NC(=O)CC)(C(=O)O)C[C@@H]1O	1	1	C60H97N5O41	0.0	CHEBI_62019
CCC(=O)Nc1ccc(C(=O)NNC=C2C(C)=Nc3ccccc32)cc1	1	1	C20H20N4O2	0.0	CHEBI_105408
CCC(=O)Nc1ccc2c(c1)C(=O)N(C)C[C@@H](OC)[C@@H](C)CN(Cc1ccncc1)[C@@H](C)CO2	1	1	C26H36N4O4	0.0	CHEBI_97142
CCC(=O)Nc1ccc2c(c1)C(=O)N(C)C[C@@H](OC)[C@@H](C)CN(Cc1ccncc1)[C@H](C)CO2	1	1	C26H36N4O4	0.0	CHEBI_102317
CCC(=O)Nc1ccc2c(c1)C(=O)N(C)C[C@@H](OC)[C@H](C)CN(Cc1ccncc1)[C@@H](C)CO2	1	1	C26H36N4O4	0.0	CHEBI_101287
CCC(=O)Nc1ccc2c(c1)C(=O)N(C)C[C@@H](OC)[C@H](C)CN(Cc1ccncc1)[C@H](C)CO2	1	1	C26H36N4O4	0.0	CHEBI_102536
CCC(=O)Nc1ccc2c(c1)C(=O)N(C)C[C@H](OC)[C@@H](C)CN(Cc1ccncc1)[C@@H](C)CO2	1	1	C26H36N4O4	0.0	CHEBI_101438
CCC(=O)Nc1ccc2c(c1)C(=O)N(C)C[C@H](OC)[C@@H](C)CN(Cc1ccncc1)[C@H](C)CO2	1	1	C26H36N4O4	0.0	CHEBI_99032
CCC(=O)Nc1ccc2c(c1)C(=O)N(C)C[C@H](OC)[C@H](C)CN(Cc1ccncc1)[C@@H](C)CO2	1	1	C26H36N4O4	0.0	CHEBI_99484
CCC(=O)Nc1ccc2c(c1)C(=O)N(C)C[C@H](OC)[C@H](C)CN(Cc1ccncc1)[C@H](C)CO2	1	1	C26H36N4O4	0.0	CHEBI_98846
CCC(=O)Nc1ccc2c(c1)OC[C@@H](C)N(Cc1nccs1)C[C@@H](C)[C@@H](OC)CN(C)C2=O	1	1	C24H34N4O4S	0.0	CHEBI_122570
CCC(=O)Nc1ccc2c(c1)OC[C@@H](C)N(Cc1nccs1)C[C@H](C)[C@@H](OC)CN(C)C2=O	1	1	C24H34N4O4S	0.0	CHEBI_122772
CCC(=O)Nc1ccc2c(c1)OC[C@@H](C)N(Cc1nccs1)C[C@H](C)[C@H](OC)CN(C)C2=O	1	1	C24H34N4O4S	0.0	CHEBI_122674
CCC(=O)Nc1ccc2c(c1)OC[C@@H](C)NC[C@@H](C)[C@@H](OC)CN(C)C2=O	1	1	C20H31N3O4	0.0	CHEBI_115968
CCC(=O)Nc1ccc2c(c1)OC[C@@H](C)NC[C@@H](C)[C@H](OC)CN(C)C2=O	1	1	C20H31N3O4	0.0	CHEBI_115997
CCC(=O)Nc1ccc2c(c1)OC[C@@H](C)NC[C@H](C)[C@@H](OC)CN(C)C2=O	1	1	C20H31N3O4	0.0	CHEBI_115985
CCC(=O)Nc1ccc2c(c1)OC[C@@H](C)NC[C@H](C)[C@H](OC)CN(C)C2=O	1	1	C20H31N3O4	0.0	CHEBI_115760
CCC(=O)Nc1ccc2c(c1)OC[C@H](C)N(Cc1nccs1)C[C@@H](C)[C@@H](OC)CN(C)C2=O	1	1	C24H34N4O4S	0.0	CHEBI_122763
CCC(=O)Nc1ccc2c(c1)OC[C@H](C)N(Cc1nccs1)C[C@@H](C)[C@H](OC)CN(C)C2=O	1	1	C24H34N4O4S	0.0	CHEBI_122530
CCC(=O)Nc1ccc2c(c1)OC[C@H](C)N(Cc1nccs1)C[C@H](C)[C@@H](OC)CN(C)C2=O	1	1	C24H34N4O4S	0.0	CHEBI_122519
CCC(=O)Nc1ccc2c(c1)OC[C@H](C)NC[C@@H](C)[C@@H](OC)CN(C)C2=O	1	1	C20H31N3O4	0.0	CHEBI_116027
CCC(=O)Nc1ccc2c(c1)OC[C@H](C)NC[C@@H](C)[C@H](OC)CN(C)C2=O	1	1	C20H31N3O4	0.0	CHEBI_115932
CCC(=O)Nc1ccc2c(c1)OC[C@H](C)NC[C@H](C)[C@@H](OC)CN(C)C2=O	1	1	C20H31N3O4	0.0	CHEBI_115914
CCC(=O)Nc1ccc2c(c1)OC[C@H](C)NC[C@H](C)[C@H](OC)CN(C)C2=O	1	1	C20H31N3O4	0.0	CHEBI_115814
CCC(=O)OCC(O)CO	1	1	C6H12O4	0.0	CHEBI_173631
CCC(=O)OCCC(=O)N1C=Cc2ccccc2C1C#N	1	1	C16H16N2O3	0.0	CHEBI_190556
CCC(=O)O[C@@H]1C(=O)[C@@]2(C)[C@@H](CC[C@H]3/C(=C(\CCC=C(C)C)C(=O)O)[C@@H](OC(C)=O)C[C@@]32C)[C@@]2(C)CCC(=O)[C@@H](C)[C@H]12	1	1	C34H48O8	0.0	CHEBI_210162
CCC(=O)O[C@@H]1Cc2cc3c(c(O)c2-c2c(O)c4c(c(OC)c21)C(=O)c1c(O)cccc1C4=O)C(=O)OC(C)C3	1	1	C30H24O10	0.0	CHEBI_210399
CCC(=O)O[C@H]1CC[C@H]2[C@@H]3CCC4=C(SC(C)=O)C(=O)CC[C@]4(C)[C@H]3CC[C@]12C	1	1	C24H34O4S	0.0	CHEBI_79698
CCC(=O)O[C@H]1[C@@H](F)C[C@H]2[C@@H]3CCC4=CC(=O)CC[C@]4(C)[C@H]3CC[C@@]21C	1	1	C22H31FO3	0.0	CHEBI_79755
CCC(=O)O[C@H]1[C@H](C)O[C@@H](O[C@H]2[C@H](N(C)C)[C@@H](O)[C@H](O[C@H]3[C@@H](CC=O)C[C@@H](C)[C@@H](O)/C=C/C=C/C[C@@H](C)OC(=O)C[C@@H](OC(C)=O)[C@@H]3OC)O[C@@H]2C)C[C@@]1(C)O	1	1	C40H65NO15	0.0	CHEBI_34816
CCC(=O)O[C@H]1[C@H](F)C[C@H]2[C@@H]3CCC4=CC(=O)CC[C@]4(C)[C@H]3CC[C@@]21C	1	1	C22H31FO3	0.0	CHEBI_79945
CCC(=O)[C@@H]1CCCN1C(=O)[C@H](Cc1ccccc1)N(C)C(=O)[C@@H](CC(C)C)NC(=O)[C@@H]1CSC([C@@H]2C[C@H](C)CN2C(=O)[C@@H](Cc2ccc(O)c(Br)c2)N(C)C(=O)[C@H](C)NC(=O)C(C)(C)C)=N1	1	1	C50H70BrN7O8S	0.0	CHEBI_205407
CCC(=O)[C@H](C)C[C@@H](C)C[C@H](C)CC[C@@H](O)C[C@@H](O)[C@@H](CC(C)C)[C@@H](O)c1cc(O)cc(O)c1	1	1	C28H48O6	0.0	CHEBI_203859
CCC(=O)c1ccc(OC)c(C)c1OC	1	1	C12H16O3	0.0	CHEBI_167440
CCC(=O)c1ccc[nH]1	1	1	C7H9NO	0.0	CHEBI_173334
CCC(C(=O)NC(N)=O)c1ccccc1	1	1	C11H14N2O2	0.0	CHEBI_31989
CCC(C)(NC(=O)C(CCC(N)=O)NC(=O)C(C)(C)NC(=O)C(CC(C)C)NC(=O)C(C)NC(=O)C(CO)NC(=O)C(C)(C)NC(C)=O)C(=O)NC(C(=O)NC(C)(C)C(=O)NCC(=O)NC(C)(C)C(=O)NC(C)(C)C(=O)N1CCCC1C(=O)NC(CC(C)C)C(=O)NC(C)(C)C(=O)NC(C)(C)C(=O)NC(CCC(N)=O)C(=O)NC(CO)C(C)C)C(C)C	1	1	C80H140N20O22	0.0	CHEBI_214858
CCC(C)(O)C=CC1=CC2=C(Cl)C(=O)[C@@]3(C)O[C@]4(O)[C@H](C)[C@@H](C)OC(=O)[C@@H]4[C@H]3C2=CO1	1	1	C23H27ClO7	0.0	CHEBI_213769
CCC(C)(O)CCc1ccccc1	1	1	C12H18O	0.0	CHEBI_172003
CCC(C)/C=C(C)/C=C/C1=CC2=C(Cl)C(=O)C(C)(OC(C)=O)C(=O)C2(O)CO1	1	1	C21H25ClO6	0.0	CHEBI_209862
CCC(C)C(NC(=O)C1CCCN1C(=O)C(CCC(=O)O)NC(=O)C(NC(=O)C(Cc1ccccc1)NC(=O)C1CCCN1C(=O)C(N)Cc1ccc(O)cc1)C(C)C)C(=O)O	1	1	C44H61N7O11	0.0	CHEBI_172843
CCC(C)C(O)C(C)C(=O)OC1C=COC=C2C[C@@]34SS[C@]5(CC6=COC=C[C@H](OC(=O)C(C)C(O)C(C)CC)[C@H]6N5C3=O)C(=O)N4[C@@H]21	1	1	C34H44N2O10S2	0.0	CHEBI_223015
CCC(C)C1=C2C(=O)OC[C@H]2[C@@H](C)[C@H](C)O1	1	1	C13H20O3	0.0	CHEBI_215405
CCC(C)C1NC(=O)CNC(=O)C(CC(C)C)NC(=O)C2CSSCC3NC(=O)CNC(=O)C(C)NC(=O)C(Cc4ccccc4)NC(=O)C(CC(=O)N2)NC(=O)C(CC(N)=O)NC(=O)C(CSSCC(C(=O)NC(Cc2ccccc2)C(=O)NC(Cc2c[nH]c4ccccc24)C(=O)O)NC(=O)C(C(C)C)NC(=O)C(C(C)C)NC(=O)C(C)NC(=O)C(Cc2ccc(O)cc2)NC(=O)CNC3=O)NC(=O)C(CO)NC(=O)CNC1=O	1	1	C97H131N23O26S4	0.0	CHEBI_227813
CCC(C)C1OC(=O)C(C)(C)C(O)C(Cc2ccccc2)OC(=O)C(C)OC(=O)C(NC(=O)c2cccc(NC=O)c2O)C(C)OC1=O	1	1	C34H42N2O12	0.0	CHEBI_227411
CCC(C)CC(C)(C)C	1	1	C9H20	0.0	CHEBI_187668
CCC(C)CCCCC(O)CC(=O)NC(CC(N)=O)C(=O)NC(C(=O)NC(Cc1ccccc1)C(=O)NC(CC(N)=O)C(=O)NC(CC(N)=O)C(=O)NC(CCCCN)C(=O)NC(C(=O)NCC(=O)NC(Cc1c[nH]c2ccccc12)C(=O)NC(C(=O)O)C(C)CC)C(C)O)C(C)C	1	1	C66H101N15O17	0.0	CHEBI_202298
CCC(C)CCCCCCCCCCCCC(=O)OC	1	1	C18H36O2	0.0	CHEBI_196215
CCC(C)CCCCCCCCCCCCC(=O)O[C@@H](CO)COC(=O)CCCCCCCCCCC(C)CC	1	1	C35H68O5	0.0	CHEBI_170343
CCC(C)CCCCCCCCCCCCCCCCCCCCCCCCCCCCCCCO	1	1	C35H72O	0.0	CHEBI_84931
CCC(C)[C@@H]1NC(=O)[C@@H](CC(C)C)NC(=O)[C@H](CC(C)C)NC(=O)[C@H]2CCCN2C(=O)[C@@H](Cc2ccccc2)NC(=O)[C@H](CC(C)C)NC1=O	1	1	C38H60N6O6	0.0	CHEBI_207561
CCC(C)[C@@H]1NC(=O)[C@@H]2CCCN2C(=O)[C@@H](CC(C)CO)OC(=O)CCNC(=O)[C@H](C)N(C)C(=O)[C@H](C(C)C)NC1=O	1	1	C29H49N5O8	0.0	CHEBI_208402
CCC(C)[C@H](NC(=O)C(CC(C)C)NC(=O)C(CC(C)C)NC(=O)[C@@H](C)NC(=O)C(CC(C)C)NC(=O)C(O)CO)C(=O)N[C@H](CCCNC(=N)N)C(=O)NC(CC(C)C)C(=O)NC(CC(C)C)C(=O)N[C@@H](C(=O)NC(CCCCN)C(=O)NC(CC(C)C)C(=O)N[C@@H]1C(=O)NC(CC(C)C)C(=O)N[C@H](CO)C(=O)NC(CCCCN)C(=O)NC(CCCCN)C(=O)OC1C)C(C)C	1	1	C90H166N22O21	0.0	CHEBI_226904
CCC(C)[C@H](NC(=O)C(CC(C)C)NC(=O)C(CC(C)C)NC(=O)[C@@H](C)NC(=O)C(CC(C)C)NC(=O)C(O)CO)C(=O)N[C@H](CCCNC(=N)N)C(=O)NC(CC(C)C)C(=O)NC(CC(C)C)C(=O)N[C@@H](C(=O)NC(CCCCN)C(=O)NC(CC(C)C)C(=O)N[C@H](C(=O)NC(CC(C)C)C(=O)N[C@H](C(=O)NC(CCCCN)C(=O)NC(CCCCN)C(=O)O)C(C)O)C(C)O)C(C)C	1	1	C91H170N22O22	0.0	CHEBI_226917
CCC(C)[C@H](NC(=O)[C@H](CC(N)=O)NC(=O)[C@H](CCCCN)NC(=O)[C@H](Cc1ccccc1)NC(=O)[C@H](Cc1ccccc1)NC(=O)[C@H](C)NC(=O)[C@@H](NC(=O)[C@@H](NC(=O)[C@@H]1CCCN1C(=O)[C@H](CC(N)=O)NC(=O)[C@@H](N)CCC(N)=O)C(C)C)C(C)C)C(=O)N[C@H](C(=O)N[C@H](C(=O)N1CCC[C@H]1C(=O)N[C@@H](CCCNC(=N)N)C(=O)N[C@H](C(=O)N1CCC[C@H]1C(=O)O)C(C)O)C(C)O)C(C)C	1	1	C90H142N24O23	0.0	CHEBI_86310
CCC(C)[C@H](NC(=S)[C@H](C)NC(=O)[C@H](C)NC(=S)[C@H](CCSC)NC(=S)[C@@H](NC(=O)C(C)=O)C(C)C)C(=S)N[C@@H](C)C(=O)N[C@@H]1C(=O)N[C@@H](C(C)C)C(=O)N[C@@H](C)C(=O)N[C@@H](Cc2ccc(OC)cc2)C(=O)N[C@@H](C(O)c2c[n+](C)cn2C)C(=O)NC=CS[C@@H]1C	1	1	C60H93N14O11S6+	1.0	CHEBI_220175
CCC(C)[C@H]1NC(=O)[C@@H](C)NC(=O)c2ccccc2NC(=O)[C@@H]([C@@H](O)c2ccccc2)N(C)C1=O	1	1	C26H32N4O5	0.0	CHEBI_198724
CCC(C)[C@H]1O[C@@]2(C[C@@H]3C[C@@H](C/C=C(\C)[C@@H](O[C@H]4C[C@H](OC)[C@@H](O)[C@H](C)O4)[C@@H](C)/C=C/C=C4\CO[C@@H]5[C@H](O)C(C)=C[C@@H](C(=O)O3)[C@]45O)O2)C[C@H](O)[C@@H]1C	1	1	C41H62O12	0.0	CHEBI_29542
CCC(C)[C@H]1O[C@]2(C=C[C@@H]1C)C[C@@H]1C[C@@H](C/C=C(\C)[C@@H](O[C@H]3C[C@H](OC)[C@@H](O[C@H]4C[C@H](OC)[C@@H](O)[C@H](C)O4)[C@H](C)O3)[C@@H](C)/C=C/C=C3\CO[C@@H]4[C@H](OC)C(C)=C[C@@H](C(=O)O1)[C@]34O)O2	1	1	C49H74O14	0.0	CHEBI_29522
CCC(CC)CC	1	1	C7H16	0.0	CHEBI_165737
CCC(CO)NCCNC(CC)CO	1	1	C10H24N2O2	0.0	CHEBI_94436
CCC(NC(C)C)C(O)c1ccc(O)c2[nH]c(=O)ccc12.Cl	1	1	C16H23ClN2O3	0.0	CHEBI_32056
CCC(O)/C=C/C1OC(C(O)CCCCCCCC(=O)O)CC1O	1	1	C18H32O6	0.0	CHEBI_173186
CCC(O)/C=C\C=C/CC(O)/C=C/C=C/C=C/C(O)CCCC(=O)O	1	1	C20H30O5	0.0	CHEBI_165272
CCC(O)C(=O)O	1	1	C4H8O3	0.0	CHEBI_1148
CCC(O)C(=O)SCCNC(=O)CCNC(=O)[C@H](O)C(C)(C)COP(=O)(O)OP(=O)(O)OC[C@H]1O[C@@H](n2cnc3c(N)ncnc32)[C@H](O)[C@@H]1OP(=O)(O)O	1	1	C25H42N7O18P3S	0.0	CHEBI_139303
CCC(O)C(=O)SCCNC(=O)CCNC(=O)[C@H](O)C(C)(C)COP(=O)([O-])OP(=O)([O-])OC[C@H]1O[C@@H](n2cnc3c(N)ncnc32)[C@H](O)[C@@H]1OP(=O)([O-])[O-]	1	1	C25H38N7O18P3S-4	-4.0	CHEBI_138628
CCC(O)C(=O)[O-]	1	1	C4H7O3-	-1.0	CHEBI_64552
CCC(O)C(C)/C=C/C=C/C(O)CC1C=CC2CC(C)CC(C)C2C1(C)C(O)=C1C(=O)NC(O)C1=O	1	1	C29H43NO6	0.0	CHEBI_225280
CCC(O)CC(=O)C(=O)O	1	1	C6H10O4	0.0	CHEBI_27530
CCC(O)CC(=O)C(=O)[O-]	1	1	C6H9O4-	-1.0	CHEBI_53800
CCC(O)CC/C=C/C(=O)NCC(=O)O	1	1	C10H17NO4	0.0	CHEBI_193788
CCC(O)CCC(=O)O	1	1	C6H12O3	0.0	CHEBI_179643
CCC/C=C(/C)C(=O)O	1	1	C7H12O2	0.0	CHEBI_179471
CCC/C=C(\C)C(=O)O	1	1	C7H12O2	0.0	CHEBI_179470
CCC/C=C(\C)CC	1	1	C8H16	0.0	CHEBI_88857
CCC/C=C(\C)[C@@H](O)[C@H]1C(=O)O[C@@]2(C)[C@@H]1C1=CO[C@]3([C@]45OC4(C)CC=C[C@@H]5O)O[C@@H]3[C@@H]1C[C@@H]2O	1	1	C26H34O8	0.0	CHEBI_199768
CCC/C=C/C=C/C1CC=CC(=O)/C1=C\NC1=CC(C)OC1=O	1	1	C19H23NO3	0.0	CHEBI_204937
CCC/C=C/C=C/C[C@@H]1C[C@H](O)[C@H]2[C@@H]3/C(C)=C/[C@H]4C=C[C@@H](O)[C@@H](O)[C@@H]4/C(C)=C/C=C\[C@@H]3C(=O)N12	1	1	C29H39NO4	0.0	CHEBI_199505
CCC/C=C/C=C\C(=O)O[C@@H]1[C@@H](C)[C@]2(O)[C@@H]3C=C(C)C(=O)[C@@H]3CC(CO)=C[C@H]2[C@@H]2C(C)(C)[C@]12OC(C)=O	1	1	C30H40O7	0.0	CHEBI_743
CCC/C=C/CC1C/C=C/C=C(C)/C=C/C=C\C(O)C(O)/C=C(C)/C=C/C=C/C(=O)N1	1	1	C27H37NO3	0.0	CHEBI_206462
CCC/C=C/CCCCc1cccc(O)c1	1	1	C15H22O	0.0	CHEBI_214460
CCC/C=C/CCOC(C)=O	1	1	C9H16O2	0.0	CHEBI_171759
CCC/C=C\C/C=C\CCCCCCCC(=O)O[C@@H](CCC(=O)[O-])[N+](C)(C)C	1	1	C23H41NO4	0.0	CHEBI_89745
CCC/C=C\C/C=C\CCCCCCCCCC(=O)O	1	1	C18H32O2	0.0	CHEBI_196563
CCC/C=[N+](\[O-])CCCCCNC(=O)CCC(=O)N(O)CCCCCNC(=O)CCC(=O)N(O)CCCCCN	1	1	C27H52N6O7	0.0	CHEBI_200035
CCC1(c2ccccc2)C(=O)NC(=O)N(C)C1=O	1	1	C13H14N2O3	0.0	CHEBI_6758
CCC12CC3CC(C1)CC(C(=O)Nc1nn[nH]n1)(C3)C2	1	1	C14H21N5O	0.0	CHEBI_105250
CCC1=CCC[N@+]23CC[C@]4(C(=C(C(=O)OC)C2)Nc2ccccc24)[C@H]13	1	1	C21H25N2O2+	1.0	CHEBI_146235
CCC1=C[C@](/C=C/c2ccccc2)(CC)[C@@](CC)(C(=O)O)[C@H]2[C@H]1[C@@H](C)C(=O)[C@@H]2CC	1	1	C27H36O3	0.0	CHEBI_66520
CCC1C=CC=CCC(C)C(O)C(C)(O)C(=O)C(C)C(O)C(C)C(=O)C(C)C(O)C(C)C=CC(=O)OC2C(C)C(CC1)OC1(CCC(C)C(CC(C)O)O1)C2CC	1	1	C46H76O11	0.0	CHEBI_218997
CCC1C[C@H]2C[C@H]3[C@@H]4C/C=C\C(=O)NCC[C@H](O)[C@@H]5NC(=O)C(=C(O)/C=C/[C@H]4CC(=O)[C@@H]3[C@@]2(O)[C@@H]1C)C5=O	1	1	C29H38N2O7	0.0	CHEBI_209145
CCC1NC(=O)CC(c2ccccc2)NC(=O)C2C(Cl)C(Cl)CN2C(=O)C(CO)NC(=O)C(CO)NC1=O	1	1	C24H31Cl2N5O7	0.0	CHEBI_192211
CCC1NC(=O)c2cc(S(N)(=O)=O)c(Cl)cc2N1	1	1	C10H12ClN3O3S	0.0	CHEBI_8717
CCC1OC(OC(=O)CC(C)CC(=O)OC(CCCCCCCCC(C)C)CC(=O)OC2CN(C)C(C(O[C@H]3C[C@H](O)[C@@H](CN)O3)[C@H]3O[C@@H](n4ccc(=O)[nH]c4=O)C[C@@H]3O)C(=O)N(C)C2C(=O)O)C(OC)C(OC(=O)CCC(=O)O)C1OC	1	1	C55H87N5O23	0.0	CHEBI_222648
CCC=CCC=CCC=CCCCCCCCCCC(=O)O	1	1	C20H34O2	0.0	CHEBI_93118
CCC=CCCOC(=O)CC(C)C	1	1	C11H20O2	0.0	CHEBI_194237
CCCC#CCCCCCCCCC/C=C/C=C\C#CCCC(=O)O	1	1	C23H34O2	0.0	CHEBI_186116
CCCC#Cc1ccc2c(c1)O[C@@H](CN(C)Cc1ccccc1)[C@@H](C)CN([C@H](C)CO)S2(=O)=O	1	1	C27H36N2O4S	0.0	CHEBI_110153
CCCC#Cc1ccc2c(c1)O[C@@H](CN(C)Cc1ccccc1)[C@H](C)CN([C@@H](C)CO)S2(=O)=O	1	1	C27H36N2O4S	0.0	CHEBI_109876
CCCC#Cc1ccc2c(c1)O[C@@H](CN(C)Cc1ccccc1)[C@H](C)CN([C@H](C)CO)S2(=O)=O	1	1	C27H36N2O4S	0.0	CHEBI_110086
CCCC#Cc1ccc2c(c1)O[C@H](CN(C)Cc1ccccc1)[C@@H](C)CN([C@H](C)CO)S2(=O)=O	1	1	C27H36N2O4S	0.0	CHEBI_109878
CCCC#Cc1ccc2c(c1)O[C@H](CN(C)Cc1ccccc1)[C@H](C)CN([C@@H](C)CO)S2(=O)=O	1	1	C27H36N2O4S	0.0	CHEBI_110105
CCCC#Cc1ccc2c(c1)O[C@H](CN(C)Cc1ccccc1)[C@H](C)CN([C@H](C)CO)S2(=O)=O	1	1	C27H36N2O4S	0.0	CHEBI_109938
CCCC(=O)CCC(=O)O	1	1	C7H12O3	0.0	CHEBI_165433
CCCC(=O)CCCCCO	1	1	C9H18O2	0.0	CHEBI_179888
CCCC(=O)NC(=S)Nc1cccc(Cl)c1N1CCCC1	1	1	C15H20ClN3OS	0.0	CHEBI_121451
CCCC(=O)N[C@@H](Cc1ccc(O)cc1)C(=O)N1[C@H](C(=O)NC(CO)CCCN=C(N)N)C[C@@H]2CCC(O)C[C@@H]21	1	1	C28H44N6O6	0.0	CHEBI_213474
CCCC(=O)N[C@@H](Cc1ccccc1)C(=O)N[C@H](C(=O)N[C@H](CO)Cc1ccccc1)[C@@H](C)CC	1	1	C28H39N3O4	0.0	CHEBI_223093
CCCC(=O)N[C@H](C(=O)O)[C@@H](C)CC	1	1	C10H19NO3	0.0	CHEBI_233916
CCCC(=O)Nc1ccc2c(c1)C(=O)N(C)C[C@@H](OC)[C@@H](C)CN(C(C)=O)[C@@H](C)CO2	1	1	C23H35N3O5	0.0	CHEBI_115295
CCCC(=O)Nc1ccc2c(c1)C(=O)N(C)C[C@@H](OC)[C@@H](C)CN(C(C)=O)[C@H](C)CO2	1	1	C23H35N3O5	0.0	CHEBI_115164
CCCC(=O)Nc1ccc2c(c1)C(=O)N(C)C[C@@H](OC)[C@H](C)CN(C(C)=O)[C@@H](C)CO2	1	1	C23H35N3O5	0.0	CHEBI_115210
CCCC(=O)Nc1ccc2c(c1)C(=O)N(C)C[C@@H](OC)[C@H](C)CN(C(C)=O)[C@H](C)CO2	1	1	C23H35N3O5	0.0	CHEBI_115393
CCCC(=O)Nc1ccc2c(c1)C(=O)N(C)C[C@H](OC)[C@@H](C)CN(C(C)=O)[C@@H](C)CO2	1	1	C23H35N3O5	0.0	CHEBI_115398
CCCC(=O)Nc1ccc2c(c1)C(=O)N(C)C[C@H](OC)[C@@H](C)CN(C(C)=O)[C@H](C)CO2	1	1	C23H35N3O5	0.0	CHEBI_115147
CCCC(=O)Nc1ccc2c(c1)C(=O)N(C)C[C@H](OC)[C@H](C)CN(C(C)=O)[C@@H](C)CO2	1	1	C23H35N3O5	0.0	CHEBI_115283
CCCC(=O)Nc1ccc2c(c1)C(=O)N(C)C[C@H](OC)[C@H](C)CN(C(C)=O)[C@H](C)CO2	1	1	C23H35N3O5	0.0	CHEBI_115350
CCCC(=O)Nc1nc2ccc(OCC)cc2s1	1	1	C13H16N2O2S	0.0	CHEBI_108095
CCCC(=O)OC(C)Cc1ccccc1	1	1	C13H18O2	0.0	CHEBI_191459
CCCC(=O)O[C@]1(C)CC[C@H](O)[C@@](C)(O)C[C@H]2O[C@@H]1[C@H]1[C@@H]2C(C)=CC[C@@H]1C(C)C	1	1	C24H40O5	0.0	CHEBI_70344
CCCC(=O)c1c2c(c3oc(=O)cc(CCC)c3c1O)CC(C(C)(C)O)O2	1	1	C21H26O6	0.0	CHEBI_175812
CCCC(C(=O)c1ccc(OC)c(OC)c1)N1CCCC1	1	1	C17H25NO3	0.0	CHEBI_183772
CCCC(C)C	1	1	C6H14	0.0	CHEBI_88374
CCCC(C)CC(C)CCC(=O)O	1	1	C11H22O2	0.0	CHEBI_179384
CCCC(C)CCCC(C)CC(C)C(=O)OC	1	1	C15H30O2	0.0	CHEBI_196014
CCCC(C)CCCC(C)CCCC(C)C(=O)OC	1	1	C17H34O2	0.0	CHEBI_179968
CCCC(C)CCCCCCC(=O)O	1	1	C12H24O2	0.0	CHEBI_179759
CCCC(CCC)C(=O)[O-].[Na+]	1	1	C8H15NaO2	0.0	CHEBI_9925
CCCC(NC)C(=O)c1ccc(C)cc1	1	1	C13H19NO	0.0	CHEBI_228252
CCCC(O)C(=O)/C=C/C[C@@H]1OC(=O)C[C@H]1C	1	1	C13H20O4	0.0	CHEBI_189166
CCCC(O)CC(=O)OC	1	1	C7H14O3	0.0	CHEBI_173244
CCCC(O)CCCCCCCCCCCCO[P@]1(=O)OC[C@H]2COC(=O)C2=C(C)O1	1	1	C23H41O7P	0.0	CHEBI_220492
CCCC/C=C/C#CC#CCCCCCCCC(=O)O	1	1	C18H26O2	0.0	CHEBI_191240
CCCC/C=C/CCCCCCCC(=O)OC(CC(=O)O)C[N+](C)(C)C	1	1	C21H40NO4+	1.0	CHEBI_190622
CCCC/C=C/CCCCCCCC=O	1	1	C14H26O	0.0	CHEBI_179480
CCCC/C=C/CCCCCCCCC(=O)O	1	1	C15H28O2	0.0	CHEBI_75090
CCCC/C=C\C#CC#CCCCCCCCC(=O)O	1	1	C18H26O2	0.0	CHEBI_183017
CCCC/C=C\C/C=C\CCCCCCCC(=O)OC[C@H](COP(=O)(O)OCCN)OC(=O)CCCCCCCCCCCCCCCCCC	1	1	C41H78NO8P	0.0	CHEBI_178756
CCCC/C=C\C/C=C\CCCCCCCC(=O)O[C@H](COC(=O)CCCCCCCCCCCCCC)COP(=O)([O-])OCC[N+](C)(C)C	1	1	C40H76NO8P	0.0	CHEBI_178515
CCCC/C=C\CCCCCCCC(=O)OC(COC(=O)CCCCC/C=C\C/C=C\C/C=C\C/C=C\CCCCC)COP(=O)(O)OCCNC	1	1	C42H74NO8P	0.0	CHEBI_171211
CCCC/C=C\CCCCCCCC(=O)OC(COC(=O)CCCCCCCCCCC/C=C\CCCCCCCC)COP(=O)(O)OCCN(C)C	1	1	C43H82NO8P	0.0	CHEBI_171104
CCCC/C=C\CCCCCCCC(=O)OCC(COC(=O)CCCCCCC/C=C\CCCC)OC(=O)CCCCCCCCCCCCCCCCCCCCC	1	1	C53H98O6	0.0	CHEBI_170520
CCCC/C=C\CCCCCCCC(=O)OC[C@@H](COC(=O)CCCCCCC/C=C\CCCCCC)OC(=O)CCCCCCCCC/C=C\CCCCCCCC	1	1	C53H96O6	0.0	CHEBI_170618
CCCC/C=C\CCCCCCCC(=O)OC[C@@H](COCCCCCCCCCCCCCCCCCC)OC(=O)CCCCCCCCC/C=C\CCCCCC	1	1	C53H100O5	0.0	CHEBI_172836
CCCC/C=C\CCCCCCCC(=O)OC[C@@H](O)COP(=O)(O)OCCN	1	1	C19H38NO7P	0.0	CHEBI_145272
CCCC/C=C\CCCCCCCC(=O)OC[C@H](COC(=O)CCCCCCCCCCCCCCCCCCC)OC(=O)CCCCCCCCCCCCCCC	1	1	C53H100O6	0.0	CHEBI_171577
CCCC/C=C\CCCCCCCC(=O)OC[C@H](COP(=O)(O)OC[C@H](N)C(=O)O)OC(=O)CCC/C=C\C/C=C\C/C=C\C/C=C\CCCCC	1	1	C40H68NO10P	0.0	CHEBI_187628
CCCC/C=C\CCCCCCCC(=O)OC[C@H](COP(=O)([O-])OCC[N+](C)(C)C)OC(=O)CCCCCCCCCCCCCCC	1	1	C38H74NO8P	0.0	CHEBI_196729
CCCC/C=C\CCCCCCCC(=O)O[C@@H](CO)COC(=O)CCCCCCCCCCCCCCCCCCCCC	1	1	C39H74O5	0.0	CHEBI_90071
CCCC/C=C\CCCCCCCC(=O)O[C@@H](COC(=O)CCCCCCCCCCCCCCC)COC(=O)CCCCCCCCCCCCCCCCCCCCC	1	1	C55H104O6	0.0	CHEBI_171551
CCCC/C=C\CCCCCCCC(=O)O[C@H](CC(=O)[O-])C[N+](C)(C)C	1	1	C21H39NO4	0.0	CHEBI_84647
CCCC/C=C\CCCCCCCC(=O)O[C@H](COC(=O)CCCCCCC/C=C\C/C=C\CCCCC)COC(=O)CCCCCCCCCCC/C=C\CCCCCCCC	1	1	C57H102O6	0.0	CHEBI_170885
CCCC/C=C\CCCCCCCC(=O)O[C@H](COC(=O)CCCCCCCCC/C=C\C/C=C\CCCCC)COC(=O)CCCCCCCCC/C=C\CCCCCCCC	1	1	C57H102O6	0.0	CHEBI_170892
CCCC/C=C\CCCCCCCC(=O)O[C@H](COC(=O)CCCCCCCCCCC)COP(=O)([O-])OCC[N+](C)(C)C	1	1	C34H66NO8P	0.0	CHEBI_196659
CCCC/C=C\CCCCCCCC(=O)O[C@H](COC(=O)CCCCCCCCCCC/C=C\C/C=C\CCCCC)COP(=O)([O-])OCC[N+](C)(C)C	1	1	C44H82NO8P	0.0	CHEBI_88712
CCCC/C=C\CCCCCCCC(=O)O[C@H](COC(=O)CCCCCCCCCCC/C=C\CCCCCCCC)COC(=O)CCCCCCCCCCCCCCCCC	1	1	C57H106O6	0.0	CHEBI_170983
CCCC/C=C\CCCCCCCC(=O)O[C@H](COC(=O)CCCCCCCCCCCCCCCCCCCCC)COP(=O)(O)OC[C@H](N)C(=O)O	1	1	C42H80NO10P	0.0	CHEBI_170453
CCCC/C=C\CCCCCCCC=O	1	1	C14H26O	0.0	CHEBI_179485
CCCC/C=C\CCCCCCCCC(=O)O	1	1	C15H28O2	0.0	CHEBI_75089
CCCC/C=C\CCCCCCCCCC=O	1	1	C16H30O	0.0	CHEBI_146175
CCCC1=C(C)C(=O)[C@@H](O)O1	1	1	C8H12O3	0.0	CHEBI_214844
CCCC1=NN(c2ccc([N+](=O)[O-])cc2)C(=O)C1=CN(C)C	1	1	C15H18N4O3	0.0	CHEBI_105146
CCCC1C/C=C\C=C/C=C\C=C/C(OC2OC(C)C(N)C(O)C2O)CC2OC(O)(CC(O)CC3OC3/C=C\C(=O)O1)CC(O)C2C(=O)O	1	1	C35H51NO13	0.0	CHEBI_202566
CCCC1OC(C)(O)Cc2cc3c(c(O)c21)C(=O)C(C1OCC(O)C(CO)O1)=CC3=O	1	1	C22H26O9	0.0	CHEBI_200293
CCCCC#Cc1ccc(C(=O)NNC(=O)c2cccs2)o1	1	1	C16H16N2O3S	0.0	CHEBI_167806
CCCCC(=O)CCC(=O)CC(=O)O	1	1	C10H16O4	0.0	CHEBI_165432
CCCCC(=O)N(Cc1ccc(-c2ccccc2-c2nn[nH]n2)cc1)C(C(=O)O)C(C)C	1	1	C24H29N5O3	0.0	CHEBI_94331
CCCCC(=O)N(Cc1ccc(-c2ccccc2-c2nnn[nH]2)cc1)[C@H](C(=O)O)C(C)C	1	1	C24H29N5O3	0.0	CHEBI_9927
CCCCC(=O)Nc1ccc2c(c1)nc1n2CCSC1	1	1	C15H19N3OS	0.0	CHEBI_121884
CCCCC(=O)Nc1cccc(NC(=O)c2ccccc2Br)c1	1	1	C18H19BrN2O2	0.0	CHEBI_93331
CCCCC(=O)OCC(C)C	1	1	C9H18O2	0.0	CHEBI_217190
CCCCC(=O)c1c(CC(=O)OC)cc2c(c1O)C(=O)c1c(O)cccc1C2=O	1	1	C22H20O7	0.0	CHEBI_214948
CCCCC(C)CC(C)CCCC	1	1	C13H28	0.0	CHEBI_229382
CCCCC(CC)COC(=O)CC(C(=O)OCC(CC)CCCC)S(=O)(=O)[O-].[Na+]	1	1	C20H37NaO7S	0.0	CHEBI_4674
CCCCC(O)/C=C/C(=O)OC1C(C)OC(=O)C(C)C(OC(C)=O)C(C)(O)C(OC)C1C	1	1	C23H38O9	0.0	CHEBI_212887
CCCCC/C=C(/NCC(=O)O)C(=O)O	1	1	C10H17NO4	0.0	CHEBI_193756
CCCCC/C=C/C#C/C=C\CCCCC(=O)O	1	1	C16H24O2	0.0	CHEBI_189008
CCCCC/C=C/C#CC(O)CCCCCC(=O)O	1	1	C16H26O3	0.0	CHEBI_186836
CCCCC/C=C/C(=O)N[C@@H](Cc1ccc(O)cc1)C(=O)N[C@H](/C=C/C(=O)O)CCCN=C(N)N	1	1	C25H37N5O5	0.0	CHEBI_219081
CCCCC/C=C/C(=O)OCC	1	1	C10H18O2	0.0	CHEBI_195848
CCCCC/C=C/C/C=C/C/C=C/C/C=C/CCCC(=O)O[C@H](COC(=O)CCCCCCCCCCCCCCCCC)COP(=O)(O)OCCN	1	1	C43H78NO8P	0.0	CHEBI_84837
CCCCC/C=C\C/C=C\C/C=C\C/C=C\C/C=C\CCC(=O)OC[C@H](CO)OC(=O)CCCCCCC/C=C\CCCCCC	1	1	C41H68O5	0.0	CHEBI_89433
CCCCC/C=C\C/C=C\C/C=C\C/C=C\C/C=C\CCC(=O)OC[C@H](COP(=O)([O-])OCC[N+](C)(C)C)OC(=O)CCCCCCCCCCCCC	1	1	C44H78NO8P	0.0	CHEBI_88843
CCCCC/C=C\C/C=C\C/C=C\C/C=C\C/C=C\CCC(=O)O[C@H](COC(=O)CCCCCCCCCCCCCCCCCCCCCCC)COP(=O)(O)O	1	1	C49H87O8P	0.0	CHEBI_180861
CCCCC/C=C\C/C=C\C/C=C\C/C=C\CCCC(=O)N(CCC)CCO	1	1	C25H43NO2	0.0	CHEBI_189282
CCCCC/C=C\C/C=C\C/C=C\C/C=C\CCCC(=O)NOCCO	1	1	C22H37NO3	0.0	CHEBI_191153
CCCCC/C=C\C/C=C\C/C=C\C/C=C\CCCC(=O)N[C@@H](Cc1cnc[nH]1)C(=O)O	1	1	C26H39N3O3	0.0	CHEBI_165531
CCCCC/C=C\C/C=C\C/C=C\C/C=C\CCCC(=O)OC(COC(=O)CCCCCCC/C=C\CCCCCCCC)COP(=O)(O)OCCNC	1	1	C44H78NO8P	0.0	CHEBI_171627
CCCCC/C=C\C/C=C\C/C=C\C/C=C\CCCC(=O)OC[C@H](COC(=O)CCCCCCCCC/C=C\CCCCCCCC)OC(=O)CCCCCCC/C=C\CCCCCC	1	1	C59H102O6	0.0	CHEBI_170461
CCCCC/C=C\C/C=C\C/C=C\C/C=C\CCCC(=O)OC[C@H](COP(=O)(O)O)OC(=O)CCCCCCCCCCCCCCC	1	1	C39H69O8P	0.0	CHEBI_170166
CCCCC/C=C\C/C=C\C/C=C\C/C=C\CCCC(=O)OC[C@H](COP(=O)(O)OCCN)OC(=O)CCCCCCCCCCC/C=C\C/C=C\CCCCC	1	1	C47H82NO8P	0.0	CHEBI_149578
CCCCC/C=C\C/C=C\C/C=C\C/C=C\CCCC(=O)OC[C@H](COP(=O)([O-])OCC[N+](C)(C)C)OC(=O)CCCCCC[C@H]1[C@@H](O)CC(=O)[C@@H]1/C=C/[C@@H](O)CCCCC	1	1	C48H82NO11P	0.0	CHEBI_230162
CCCCC/C=C\C/C=C\C/C=C\C/C=C\CCCC(=O)OC[C@H](O)COC(=O)CCCCCCCCCCCCCCCCC	1	1	C41H72O5	0.0	CHEBI_171234
CCCCC/C=C\C/C=C\C/C=C\C/C=C\CCCC(=O)O[C@H](COC(=O)CCCC/C=C\C/C=C\C/C=C\CCCCC)COC(=O)CCCCCCCCCCCCCCCCCCCCC	1	1	C63H108O6	0.0	CHEBI_172151
CCCCC/C=C\C/C=C\C/C=C\C/C=C\CCCC(=O)O[C@H](COCCCCCCCCCCCCCCCCCCCC)COP(=O)(O)OC[C@H](N)C(=O)O	1	1	C46H84NO9P	0.0	CHEBI_186085
CCCCC/C=C\C/C=C\C/C=C\C/C=C\CCCCCC(=O)OCC(COP(=O)(O)OCCNC)OC(=O)CCCCCCCCC/C=C\CCCCCC	1	1	C46H82NO8P	0.0	CHEBI_171432
CCCCC/C=C\C/C=C\C/C=C\C/C=C\CCCCCC(=O)OC[C@@H](COC(=O)CCCCCCC/C=C\CCCCCC)OC(=O)CCCCCCCCCCC/C=C\C/C=C\CCCCC	1	1	C63H108O6	0.0	CHEBI_172226
CCCCC/C=C\C/C=C\C/C=C\C/C=C\CCCCCC(=O)O[C@H](COC(=O)CCCCCCC/C=C\CCCCCCCCC)COP(=O)(O)OC[C@@H](O)CO	1	1	C47H83O10P	0.0	CHEBI_184889
CCCCC/C=C\C/C=C\C/C=C\C/C=C\CCCCCCCCCCCCCCCCCCCC(=O)CC(=O)SCCNC(=O)CCNC(=O)[C@H](O)C(C)(C)COP(=O)(O)OP(=O)(O)OC[C@H]1O[C@@H](n2cnc3c(N)ncnc32)[C@H](O)[C@@H]1OP(=O)(O)O	1	1	C59H100N7O18P3S	0.0	CHEBI_74572
CCCCC/C=C\C/C=C\C/C=C\C/C=C\CCCCCCCCCCCCCCCCCCCC(=O)CC(=O)SCCNC(=O)CCNC(=O)[C@H](O)C(C)(C)COP(=O)([O-])OP(=O)([O-])OC[C@H]1O[C@@H](n2cnc3c(N)ncnc32)[C@H](O)[C@@H]1OP(=O)([O-])[O-]	1	1	C59H96N7O18P3S-4	-4.0	CHEBI_74294
CCCCC/C=C\C/C=C\C/C=C\CC1OC1CCCC(=O)OC[C@H](COP(=O)(O)OC[C@@H](O)CO)OC(=O)CCCCCCC/C=C\C=C/CCCCCC	1	1	C44H75O11P	0.0	CHEBI_230854
CCCCC/C=C\C/C=C\C/C=C\CCCCC(=O)OC(COC(=O)CCCCCCCCCCCCCC)COP(=O)(O)OCCN(C)C	1	1	C40H74NO8P	0.0	CHEBI_171637
CCCCC/C=C\C/C=C\C/C=C\CCCCC(=O)OC[C@H](CO)OC(=O)CCCCCCCCCCCCCCCCCCC	1	1	C41H74O5	0.0	CHEBI_89159
CCCCC/C=C\C/C=C\C/C=C\CCCCC(=O)OC[C@H](COC(=O)CCCCCCCCC/C=C\CCCCCC)OC(=O)CCCCCCC/C=C\CCCCCCCC	1	1	C57H100O6	0.0	CHEBI_170851
CCCCC/C=C\C/C=C\C/C=C\CCCCC(=O)OC[C@H](COC(=O)CCCCCCCCC/C=C\CCCCCC)OC(=O)CCCCCCCCCCCCCCCCC	1	1	C57H102O6	0.0	CHEBI_170914
CCCCC/C=C\C/C=C\C/C=C\CCCCC(=O)OC[C@H](COP(=O)(O)OCCN)OC(=O)CCCCCCCCCCCCC	1	1	C37H68NO8P	0.0	CHEBI_179924
CCCCC/C=C\C/C=C\C/C=C\CCCCC(=O)OC[C@H](COP(=O)(O)OC[C@@H](O)CO)OC(=O)CCCCCCC/C=C\CCCCCCCC	1	1	C42H75O10P	0.0	CHEBI_89331
CCCCC/C=C\C/C=C\C/C=C\CCCCC(=O)O[C@@H](CO)COC(=O)CCCCCCC/C=C\CCCCCC	1	1	C37H64O5	0.0	CHEBI_88502
CCCCC/C=C\C/C=C\C/C=C\CCCCC(=O)O[C@H](CO/C=C\CCCCCCCC/C=C\CCCCCC)COP(=O)(O)OCCN	1	1	C41H74NO7P	0.0	CHEBI_170316
CCCCC/C=C\C/C=C\C/C=C\CCCCC(=O)O[C@H](COC(=O)CCCCCCC/C=C\CCCCCC)COC(=O)CCCCCCCCCCCCCCC	1	1	C53H94O6	0.0	CHEBI_171396
CCCCC/C=C\C/C=C\C/C=C\CCCCCCC(=O)OC(COC(=O)CCCCCCC/C=C\CCCCCCCC)COC(=O)CCCCCCC/C=C\CCCCCCCC	1	1	C59H104O6	0.0	CHEBI_171321
CCCCC/C=C\C/C=C\C/C=C\CCCCCCC(=O)O[C@H](CO)COP(=O)(O)OCCN	1	1	C25H46NO7P	0.0	CHEBI_145261
CCCCC/C=C\C/C=C\C/C=C\CCCCCCC(=O)O[C@H](CO/C=C\CCCCCCCCCCCCCCCC)COP(=O)(O)OCCN	1	1	C43H80NO7P	0.0	CHEBI_90484
CCCCC/C=C\C/C=C\C/C=C\CCCCCCC(=O)O[C@H](COC(=O)CCCC/C=C\C/C=C\C/C=C\CCCCC)COP(=O)([O-])OCC[N+](C)(C)C	1	1	C46H80NO8P	0.0	CHEBI_89565
CCCCC/C=C\C/C=C\C/C=C\CCCCCCCCC(=O)O[C@H](COCCCCCCCCCCCC/C=C\CCCCCCCC)COP(=O)([O-])OCC[N+](C)(C)C	1	1	C52H98NO7P	0.0	CHEBI_89998
CCCCC/C=C\C/C=C\C=C\C=C\C[C@H]1O[C@@H]1CCC(=O)O	1	1	C20H30O3	0.0	CHEBI_28367
CCCCC/C=C\C/C=C\CCCCCCC(O)C(=O)O	1	1	C18H32O3	0.0	CHEBI_136927
CCCCC/C=C\C/C=C\CCCCCCCC(=O)OCC(=O)COP(=O)(O)O	1	1	C21H37O7P	0.0	CHEBI_78173
CCCCC/C=C\C/C=C\CCCCCCCC(=O)OCC(=O)COP(=O)([O-])[O-]	1	1	C21H35O7P-2	-2.0	CHEBI_77493
CCCCC/C=C\C/C=C\CCCCCCCC(=O)OCC(COP(=O)(O)OCC(O)CO)OC(=O)CCCCCCC/C=C\C/C=C\CCCCC	1	1	C42H75O10P	0.0	CHEBI_60722
CCCCC/C=C\C/C=C\CCCCCCCC(=O)OCCC	1	1	C21H38O2	0.0	CHEBI_91035
CCCCC/C=C\C/C=C\CCCCCCCC(=O)OCCCc1ccc2oc(-c3ccc4c(c3)OCO4)cc2c1	1	1	C36H46O5	0.0	CHEBI_69547
CCCCC/C=C\C/C=C\CCCCCCCC(=O)OC[C@@H](COC(=O)CCCCCCCCC/C=C\CCCCCC)OC(=O)CCCCCCCCCCCCC	1	1	C53H96O6	0.0	CHEBI_89003
CCCCC/C=C\C/C=C\CCCCCCCC(=O)OC[C@@H](COC(=O)CCCCCCCCCCCCCCCCC)OC(=O)CCCCCCCCCCCCCCCCC	1	1	C57H106O6	0.0	CHEBI_89840
CCCCC/C=C\C/C=C\CCCCCCCC(=O)OC[C@H](CO)OC(=O)CCCCCCCCCCCCC	1	1	C35H64O5	0.0	CHEBI_89212
CCCCC/C=C\C/C=C\CCCCCCCC(=O)OC[C@H](CO)OC(=O)CCCCCCCCCCCCCCC	1	1	C37H68O5	0.0	CHEBI_89211
CCCCC/C=C\C/C=C\CCCCCCCC(=O)OC[C@H](COC(=O)CCC/C=C\C/C=C\C/C=C\CCCCCCCC)OC(=O)CCCCCCCCCCCCCCC	1	1	C57H100O6	0.0	CHEBI_170814
CCCCC/C=C\C/C=C\CCCCCCCC(=O)OC[C@H](COC(=O)CCCCCCCCCCCCCC)OC(=O)CCCCCCCCCCCCC/C=C\CCCCCCCC	1	1	C60H110O6	0.0	CHEBI_185062
CCCCC/C=C\C/C=C\CCCCCCCC(=O)OC[C@H](COP(=O)(O)O)OC(=O)C/C=C\C[C@H]1[C@@H](/C=C/[C@H](O)CCCCC)[C@H](O)C[C@@H]1O	1	1	C39H67O11P	0.0	CHEBI_230715
CCCCC/C=C\C/C=C\CCCCCCCC(=O)OC[C@H](COP(=O)(O)OC[C@@H](O)CO)OC(=O)CCCCCCC/C=C\C/C=C\CCCCC	1	1	C42H75O10P	0.0	CHEBI_89361
CCCCC/C=C\C/C=C\CCCCCCCC(=O)O[C@@H](CO)COC(=O)CCCCCCCCCCCCCC	1	1	C36H66O5	0.0	CHEBI_172754
CCCCC/C=C\C/C=C\CCCCCCCC(=O)O[C@@H](CO)COC(=O)CCCCCCCCCCCCCCCCC	1	1	C39H72O5	0.0	CHEBI_77097
CCCCC/C=C\C/C=C\CCCCCCCC(=O)O[C@H](CO/C=C\CCCCCCCC/C=C\CCCCCC)COP(=O)([O-])OCC[N+](C)(C)C	1	1	C44H82NO7P	0.0	CHEBI_89937
CCCCC/C=C\C/C=C\CCCCCCCC(=O)O[C@H](COC(=O)CCCCCCC/C=C\CCCCC)COP(=O)(O)OC[C@H](N)C(=O)O	1	1	C39H70NO10P	0.0	CHEBI_188093
CCCCC/C=C\C/C=C\CCCCCCCC(=O)O[C@H](COC(=O)CCCCCCCCCCCCCCCCC)COP(=O)(O)OC[C@H](N)C(=O)O	1	1	C42H78NO10P	0.0	CHEBI_84513
CCCCC/C=C\C/C=C\CCCCCCCCCC(=O)OCC(COC(=O)CCCCCCCCC/C=C\C/C=C\CCCCC)OC(=O)CCCCCCCCCCCCC	1	1	C57H102O6	0.0	CHEBI_170878
CCCCC/C=C\C/C=C\CCCCCCCCCC(=O)OCC(COP(=O)(O)OCCN(C)C)OC(=O)CCCCCCCCCCCCCC	1	1	C42H80NO8P	0.0	CHEBI_171081
CCCCC/C=C\C/C=C\CCCCCCCCCC(=O)OCC(O)COP(=O)(O)OCC(O)CO	1	1	C26H49O9P	0.0	CHEBI_190576
CCCCC/C=C\C/C=C\CCCCCCCCCC(=O)OC[C@@H](O)COP(=O)(O)OC[C@@H](O)CO	1	1	C26H49O9P	0.0	CHEBI_186736
CCCCC/C=C\C/C=C\CCCCCCCCCC(=O)OC[C@@H]1COP(=O)(O)OP(=O)(O)OC[C@H]2O[C@@H](n3ccc(N)nc3=O)[C@@H](CC(=O)CCCCC(=O)O1)[C@@H](O)C[C@@H](O)[C@H](/C=C\[C@@H](O)CCCCC)[C@H](O)[C@@H]2O	1	1	C52H87N3O19P2	0.0	CHEBI_230060
CCCCC/C=C\C/C=C\CCCCCCCCCC(=O)OC[C@H](COP(=O)([O-])OCC[N+](C)(C)C)OC(=O)CCCCCCCCCCC	1	1	C40H76NO8P	0.0	CHEBI_178527
CCCCC/C=C\C/C=C\CCCCCCCCCC(=O)OC[C@H](COP(=O)([O-])OCC[NH3+])O/C=C\CCCCCCCC/C=C\CCCCCC	1	1	C43H80NO7P	0.0	CHEBI_137317
CCCCC/C=C\C/C=C\CCCCCCCCCC(=O)O[C@@H](CO)COC(=O)CCCCCCC/C=C\CCCCCCCC	1	1	C41H74O5	0.0	CHEBI_89222
CCCCC/C=C\C/C=C\CCCCCCCCCCCC(=O)OCC(COP(=O)(O)OCCNC)OC(=O)CCCCCCC/C=C\CCCCCCCC	1	1	C46H86NO8P	0.0	CHEBI_184615
CCCCC/C=C\C/C=C\CCCCCCCCCCCC(=O)OC[C@H](COP(=O)([O-])OCC[N+](C)(C)C)OC(=O)CCCCCCCCC/C=C\C/C=C\CCCCC	1	1	C50H92NO8P	0.0	CHEBI_88871
CCCCC/C=C\C/C=C\CCCCCCCCCCCC(=O)O[C@H](COC(=O)CCCCCCCCCCCCC)COP(=O)(O)O	1	1	C39H73O8P	0.0	CHEBI_170209
CCCCC/C=C\C=C1\C(=O)CC[C@@H]1C/C=C\CCCC(=O)O	1	1	C20H30O3	0.0	CHEBI_197111
CCCCC/C=C\C=C\C(=O)C/C=C\C/C=C\CCCC(=O)SCCNC(=O)CCNC(=O)[C@H](O)C(C)(C)COP(=O)(O)OP(=O)(O)OC[C@H]1O[C@@H](n2cnc3c(N)ncnc32)[C@H](O)[C@@H]1OP(=O)(O)O	1	1	C41H64N7O18P3S	0.0	CHEBI_137445
CCCCC/C=C\C=C\C(=O)C/C=C\C/C=C\CCCC(=O)SCCNC(=O)CCNC(=O)[C@H](O)C(C)(C)COP(=O)([O-])OP(=O)([O-])OC[C@H]1O[C@@H](n2cnc3c(N)ncnc32)[C@H](O)[C@@H]1OP(=O)([O-])[O-]	1	1	C41H60N7O18P3S-4	-4.0	CHEBI_136577
CCCCC/C=C\CC(=O)CC/C=C/C=C\[C@@H](O)CCCC(=O)O	1	1	C20H32O4	0.0	CHEBI_134417
CCCCC/C=C\CC(=O)CC/C=C/C=C\[C@@H](O)CCCC(=O)[O-]	1	1	C20H31O4-	-1.0	CHEBI_133319
CCCCC/C=C\CC(=O)CC/C=C/C=C\[C@H](O)CCCC(=O)O	1	1	C20H32O4	0.0	CHEBI_175292
CCCCC/C=C\CC/C=C/C(=O)OCC	1	1	C14H24O2	0.0	CHEBI_168253
CCCCC/C=C\CC/C=C/C=C/CCCO	1	1	C16H28O	0.0	CHEBI_173196
CCCCC/C=C\CC/C=C\C=C\CCCO	1	1	C16H28O	0.0	CHEBI_196155
CCCCC/C=C\CCCCCCCC(=O)OC[C@H](COP(=O)(O)OC[C@@H](O)CO)OC(=O)CCCCCCC/C=C\CCCCCCCCC	1	1	C40H75O10P	0.0	CHEBI_178652
CCCCC/C=C\CCCCCCCC(=O)O[C@H](COC(=O)CCCCCCCCCCCCCCCCC)COP(=O)(O)O	1	1	C36H69O8P	0.0	CHEBI_196715
CCCCC/C=C\C[C@@H](O)[C@H](O)CCCCCCCC(=O)OC[C@H](CO)OC(=O)CCCCCCC	1	1	C29H54O7	0.0	CHEBI_230439
CCCCC/C=C\C[C@H](O)/C=C/C=C/C=C\[C@H](O)CCCC(=O)N[C@@H](COP(=O)([O-])OCC[N+](C)(C)C)[C@H](O)/C=C/CCCCCCCCCCCCCCC	1	1	C45H83N2O8P	0.0	CHEBI_230995
CCCCC1(O)NC(=O)[C@@H]2O[C@@H]21	1	1	C8H13NO3	0.0	CHEBI_218647
CCCCC=CCCCCCCCCC(=O)O	1	1	C15H28O2	0.0	CHEBI_75087
CCCCCC#N	1	1	C6H11N	0.0	CHEBI_229321
CCCCCC(=O)C(O)/C=C/C(O)CCCCCCCC(=O)OC	1	1	C19H34O5	0.0	CHEBI_179280
CCCCCC(=O)CCCCCCCCCC(=O)O	1	1	C16H30O3	0.0	CHEBI_174565
CCCCCC(=O)NCCS(=O)(=O)O	1	1	C8H17NO4S	0.0	CHEBI_233905
CCCCCC(=O)N[C@@H](CCC(=O)O)C(=O)N[C@@H]1C(=O)N[C@@H](Cc2ccc(O)cc2)C(=O)N[C@H]2CC[C@@H](O)N(C2=O)[C@@H](CC(C)C)C(=O)N(C)[C@@H](Cc2ccc(O)cc2)C(=O)N[C@@H](C(C)C)C(=O)O[C@@H]1C	1	1	C50H71N7O14	0.0	CHEBI_203561
CCCCCC(=O)N[C@@H](O)C(=O)O	1	1	C8H15NO4	0.0	CHEBI_142746
CCCCCC(=O)N[C@@H](O)C(=O)[O-]	1	1	C8H14NO4-	-1.0	CHEBI_142689
CCCCCC(=O)N[C@H](C(=O)N[C@@H](Cc1ccccc1)C(=O)O)C(C)C	1	1	C20H30N2O4	0.0	CHEBI_223788
CCCCCC(=O)O[C@@H]1C=C2COC(=O)[C@]2(O)[C@@]2(C)[C@H](O)CCC(C)(C)[C@H]12	1	1	C21H32O6	0.0	CHEBI_197593
CCCCCC(=O)SC	1	1	C7H14OS	0.0	CHEBI_173386
CCCCCC(C)CCCCCCCCCC(=O)O	1	1	C17H34O2	0.0	CHEBI_179962
CCCCCC(CC)CCCCCC(=O)O	1	1	C14H28O2	0.0	CHEBI_179791
CCCCCC(N)=O	1	1	C6H13NO	0.0	CHEBI_142683
CCCCCC/C=C(/C)CC(=O)O	1	1	C11H20O2	0.0	CHEBI_171831
CCCCCC/C=C/C(=O)O	1	1	C9H16O2	0.0	CHEBI_143910
CCCCCC/C=C/C(=O)[O-]	1	1	C9H15O2-	-1.0	CHEBI_143908
CCCCCC/C=C/C=C\CCCCCCCC(=O)SCCNC(=O)CCNC(=O)[C@H](O)C(C)(C)COP(=O)(O)OP(=O)(O)OC[C@H]1O[C@@H](n2cnc3c(N)ncnc32)[C@H](O)[C@@H]1OP(=O)(O)O	1	1	C39H66N7O17P3S	0.0	CHEBI_74396
CCCCCC/C=C/C=C\CCCCCCCC(=O)SCCNC(=O)CCNC(=O)[C@H](O)C(C)(C)COP(=O)([O-])OP(=O)([O-])OC[C@H]1O[C@@H](n2cnc3c(N)ncnc32)[C@H](O)[C@@H]1OP(=O)([O-])[O-]	1	1	C39H62N7O17P3S-4	-4.0	CHEBI_74297
CCCCCC/C=C/CCCCCCCCCC(=O)O[C@H](COC(=O)CCCCCCCCCCCCCCC)COP(=O)([O-])OCC[N+](C)(C)C	1	1	C42H82NO8P	0.0	CHEBI_177009
CCCCCC/C=C/CCCCCCCc1cc(O)cc(O)c1C(=O)O	1	1	C22H34O4	0.0	CHEBI_174853
CCCCCC/C=C/[C@H]1CCC(=O)O1	1	1	C12H20O2	0.0	CHEBI_210914
CCCCCC/C=C\C/C=C\C/C=C\CCCCCCCCC(=O)O[C@@H]1COC(=O)CCC/C=C\C[C@H]2C(=O)C[C@@H](O)[C@H](/C=C/[C@@H](O)CCCCC)[C@H](O)[C@H](O)[C@@H](COP(=O)(O)OP(=O)(O)OC1)O[C@H]2n1ccc(N)nc1=O	1	1	C55H89N3O18P2	0.0	CHEBI_230104
CCCCCC/C=C\C/C=C\CCCCCCCCCCCCCCCCCCC(=O)O	1	1	C30H56O2	0.0	CHEBI_197312
CCCCCC/C=C\C=C/CCCCCCCC(=O)OC[C@H](COP(=O)(O)OP(=O)(O)OC[C@H]1O[C@@H](n2ccc(N)nc2=O)C(O)[C@H]1O)OC(=O)CCCCCCCCC(C)C	1	1	C42H73N3O15P2	0.0	CHEBI_180871
CCCCCC/C=C\CCCC/C=C\CC(=O)O	1	1	C16H28O2	0.0	CHEBI_196092
CCCCCC/C=C\CCCCCC(=O)OC[C@@H](O)COP(=O)([O-])[O-]	1	1	C17H31O7P-2	-2.0	CHEBI_234301
CCCCCC/C=C\CCCCCCCC(=O)OC(COC(=O)CCCCCCC/C=C\CCCCCCCC)COP(=O)(O)OCCNC	1	1	C40H76NO8P	0.0	CHEBI_171001
CCCCCC/C=C\CCCCCCCC(=O)OC(COC(=O)CCCCCCCCCCCCCCCCC)COC(=O)CCCCCCCCCCCCCCCCC	1	1	C55H104O6	0.0	CHEBI_171545
CCCCCC/C=C\CCCCCCCC(=O)OCCCCCCCC/C=C\CCCCCCCC	1	1	C34H64O2	0.0	CHEBI_165704
CCCCCC/C=C\CCCCCCCC(=O)OC[C@H](COC(=O)CCCCCCCCCCCCC)OC(=O)CCCCCCCCCCCCCCCCCCCCC	1	1	C55H104O6	0.0	CHEBI_171572
CCCCCC/C=C\CCCCCCCC(=O)OC[C@H](COP(=O)(O)OCCN)OC(=O)CCC/C=C\C/C=C\C/C=C\CCCCCCCC	1	1	C41H74NO8P	0.0	CHEBI_170371
CCCCCC/C=C\CCCCCCCC(=O)OC[C@H](COP(=O)(O)OCCN)OC(=O)CCCCCCCCCCCCCCCCCCCC	1	1	C42H82NO8P	0.0	CHEBI_178458
CCCCCC/C=C\CCCCCCCC(=O)OC[C@H](COP(=O)([O-])OCC[N+](C)(C)C)OC(=O)CCCCCCC/C=C\CCCCCCC	1	1	C41H78NO8P	0.0	CHEBI_178754
CCCCCC/C=C\CCCCCCCC(=O)O[C@@H](CO)COC(=O)CCCCCCCCCCCCCCC	1	1	C35H66O5	0.0	CHEBI_84394
CCCCCC/C=C\CCCCCCCC(=O)O[C@H](COC(=O)CCCCCCC/C=C\CCCCCCC)COP(=O)([O-])OCC[N+](C)(C)C	1	1	C41H78NO8P	0.0	CHEBI_178750
CCCCCC/C=C\CCCCCCCC(=O)O[C@H](COC(=O)CCCCCCC/C=C\CCCCCCCC)COP(=O)(O)O	1	1	C37H69O8P	0.0	CHEBI_75074
CCCCCC/C=C\CCCCCCCC(=O)O[C@H](COC(=O)CCCCCCC/C=C\CCCCCCCC)COP(=O)([O-])[O-]	1	1	C37H67O8P-2	-2.0	CHEBI_74697
CCCCCC/C=C\CCCCCCCC(=O)O[C@H](COC(=O)CCCCCCCCCCCCC)COC(=O)CCCCCCCCCCCCCCCCCCC	1	1	C53H100O6	0.0	CHEBI_171593
CCCCCC/C=C\CCCCCCCC(=O)O[C@H](COC(=O)CCCCCCCCCCCCC)COP(=O)(O)O	1	1	C33H63O8P	0.0	CHEBI_137451
CCCCCC/C=C\CCCCCCCC(=O)O[C@H](COC(=O)CCCCCCCCCCCCCCCCCCC)COP(=O)(O)OC[C@H](N)C(=O)O	1	1	C42H80NO10P	0.0	CHEBI_170458
CCCCCC/C=C\CCCCCCCC/C=C\O[C@H](CO/C=C\CCCCCC/C=C\CCCCCCCC)COP(=O)([O-])OCC[N+](C)(C)C	1	1	C44H84NO6P	0.0	CHEBI_170720
CCCCCC/C=C\CCCCCCCCC(=O)OC[C@@H](CO)OC(=O)CCCCCCCC/C=C\CCCCCC	1	1	C37H68O5	0.0	CHEBI_228204
CCCCCC/C=C\CCCCCCCCCC(=O)OC[C@@H](O)COC(=O)CCC/C=C\C/C=C\C/C=C\CCCCCCCC	1	1	C41H72O5	0.0	CHEBI_171227
CCCCCC/C=C\CCCCCCCCCC(=O)OC[C@H](COC(=O)CCCCCCCCCCCCCCC)OC(=O)CCCCCCC/C=C\CCCCCC	1	1	C53H98O6	0.0	CHEBI_170539
CCCCCC/C=C\CCCCCCCCCC(=O)O[C@H](COC(=O)CCC/C=C\C/C=C\C/C=C\CCCCCCCC)COC(=O)CCCCCCC/C=C\CCCCCCCC	1	1	C59H104O6	0.0	CHEBI_171330
CCCCCC/C=C\CCCCCCCCCC(=O)O[C@H](COC(=O)CCCCCCCCCCCCCCC)COP(=O)(O)OC[C@@H](O)CO	1	1	C40H77O10P	0.0	CHEBI_44946
CCCCCC/C=C\CCCCCCCCCC(=O)O[C@H](COC(=O)CCCCCCCCCCCCCCC)COP(=O)([O-])OCC[N+](C)(C)C	1	1	C42H82NO8P	0.0	CHEBI_85037
CCCCCC/C=C\CCCCCCCCCC(=O)O[C@H](COC(=O)CCCCCCCCCCCCCCCCC)COP(=O)([O-])OCC[N+](C)(C)C	1	1	C44H86NO8P	0.0	CHEBI_86109
CCCCCC/C=C\CCCCCCCCCCCCCCCCCCC(COC[C@@H](O)COP(=O)(O)OCCN)OC	1	1	C34H70NO7P	0.0	CHEBI_186734
CCCCCC/C=C\CCCCCCCCNC(=O)[C@H](O)CO[C@H]1O[C@H](CO)[C@@H](O)[C@H](O)[C@H]1NC(C)=O	1	1	C27H50N2O8	0.0	CHEBI_208515
CCCCCC/C=C\CCCCCCCCOC(=O)CCCCCCCCCCCCCCCCC	1	1	C34H66O2	0.0	CHEBI_165716
CCCCCC/C=C\[C@H]1CCC(=O)O1	1	1	C12H20O2	0.0	CHEBI_195913
CCCCCC1=NN(C(=O)CCOC(=O)[C@H](C)OC(=O)C/C=C/CCCCCCCCCl)O[C@H](CCCCC)C1	1	1	C31H53ClN2O6	0.0	CHEBI_221984
CCCCCC=CC(=O)OCC	1	1	C10H18O2	0.0	CHEBI_87325
CCCCCC=CCC=CC=CCCC=CCCCC(=O)O	1	1	C20H32O2	0.0	CHEBI_36042
CCCCCC=CCC=CCC=CCC=CCCCC(=O)OCC1CO1	1	1	C23H36O3	0.0	CHEBI_177016
CCCCCCC(=O)/C=C/CCCC/C=C/C[C@@H](O)[C@H](O)[C@@](N)(CO)C(=O)O	1	1	C21H37NO6	0.0	CHEBI_181458
CCCCCCC(=O)/C=C\C(=O)O[C@@H]1[C@@H](C)[C@@H]2OC(=O)[C@H](C)[C@H](OC(C)=O)[C@@]2(C)O[C@H]1C	1	1	C24H36O8	0.0	CHEBI_221669
CCCCCCC(=O)OCCC(C)C	1	1	C12H24O2	0.0	CHEBI_217203
CCCCCCC(=O)c1cc(OC)cc(=O)o1	1	1	C13H18O4	0.0	CHEBI_215326
CCCCCCC(C)CCCCCCCCCOC[C@H](CO)OCCCCCCCCC1CCC2C(C1)C1C3CCC3C21	1	1	C40H74O3	0.0	CHEBI_188261
CCCCCCC(N)C(=O)[O-]	1	1	C8H16NO2-	-1.0	CHEBI_142420
CCCCCCC(O)CCC[C@H](O)[C@H]1CC[C@H]([C@H]2CC[C@H]([C@H](O)CCCCC(O)CCCCCCCC3=CC(C)OC3=O)O2)O1	1	1	C37H66O8	0.0	CHEBI_171888
CCCCCCC(O)CO	1	1	C8H18O2	0.0	CHEBI_34056
CCCCCCC([NH3+])C(=O)O	1	1	C8H18NO2+	1.0	CHEBI_142421
CCCCCCC/C=C\CCCC(COC[C@@H](O)COP(=O)(O)OCCN)OC	1	1	C20H42NO7P	0.0	CHEBI_182990
CCCCCCC/C=C\CCCCCCCC(=O)OC[C@H](COP(=O)(O)O)OC(=O)CCCCCCCCCCCCCCCC	1	1	C37H71O8P	0.0	CHEBI_179081
CCCCCCC/C=C\CCCCCCCC(=O)O[C@H](COC(=O)CCCCCCCCC/C=C\CCCCCCCC)COP(=O)(O)OCCN	1	1	C42H80NO8P	0.0	CHEBI_179044
CCCCCCC1(C)CCC(=O)O1	1	1	C11H20O2	0.0	CHEBI_171848
CCCCCCC1OC(C)=CC1=O	1	1	C11H18O2	0.0	CHEBI_195878
CCCCCCC=CC(=O)O	1	1	C9H16O2	0.0	CHEBI_228993
CCCCCCCC(=O)N[C@H](C(=O)N[C@@H](Cc1ccccc1)C(=O)N[C@@H](CCC(=O)O)C(=O)N[C@H](C(=O)N[C@@H](C)C(=O)N[C@H](C(=O)O)[C@@H](C)CC)[C@@H](C)CC)C(C)C	1	1	C42H68N6O10	0.0	CHEBI_215669
CCCCCCCC(=O)OCC[N+](C)(C)C	1	1	C13H28NO2+	1.0	CHEBI_166482
CCCCCCCC(=O)OC[C@H](COP(=O)(O)O[C@H]1[C@H](O)[C@@H](OP(=O)(O)O)[C@H](OP(=O)(O)O)[C@@H](OP(=O)(O)O)[C@H]1O)OC(=O)CCCCCCC	1	1	C25H50O22P4	0.0	CHEBI_84238
CCCCCCCC(=O)OC[C@H](COP(=O)([O-])O[C@H]1[C@H](O)[C@@H](OP(=O)([O-])[O-])[C@H](OP(=O)([O-])[O-])[C@@H](OP(=O)([O-])[O-])[C@H]1O)OC(=O)CCCCCCC	1	1	C25H43O22P4-7	-7.0	CHEBI_83416
CCCCCCCC(=O)OP(=O)([O-])OC[C@H]1O[C@@H](n2cnc3c(N)ncnc32)[C@H](O)[C@@H]1O	1	1	C18H27N5O8P-	-1.0	CHEBI_156260
CCCCCCCC(=O)Oc1ccc(C)cc1	1	1	C15H22O2	0.0	CHEBI_196146
CCCCCCCC(C)CCC(C)C(=O)O	1	1	C14H28O2	0.0	CHEBI_179792
CCCCCCCC(O)=C1C(=O)C[C@H](C(=O)OC)OC1=O	1	1	C15H22O6	0.0	CHEBI_207460
CCCCCCCC(O)CCO	1	1	C10H22O2	0.0	CHEBI_195415
CCCCCCCC/C=C/CCCC(=O)O	1	1	C14H26O2	0.0	CHEBI_89393
CCCCCCCC/C=C/CCCCCCCC(=O)OCC(COC(=O)CCCCCCCCCCCCC)OC(=O)CCCCCCC/C=C/CCCCCCCC	1	1	C53H98O6	0.0	CHEBI_170584
CCCCCCCC/C=C\C/C=C\C/C=C\CCCC(=O)OC	1	1	C21H36O2	0.0	CHEBI_190340
CCCCCCCC/C=C\C/C=C\C/C=C\CCCC(=O)O[C@H](COC(=O)CCCCCCC/C=C\CCCCCCCC)COP(=O)([O-])OCC[N+](C)(C)C	1	1	C46H84NO8P	0.0	CHEBI_86178
CCCCCCCC/C=C\C=C\C=C\[C@@H](SC[C@H](NC(=O)CC[C@H](N)C(=O)O)C(=O)NCC(=O)O)[C@@H](O)CCCC(=O)O	1	1	C30H49N3O9S	0.0	CHEBI_134619
CCCCCCCC/C=C\C=C\C=C\[C@@H](SC[C@H](NC(=O)CC[C@H]([NH3+])C(=O)[O-])C(=O)NCC(=O)[O-])[C@@H](O)CCCC(=O)[O-]	1	1	C30H47N3O9S-2	-2.0	CHEBI_133597
CCCCCCCC/C=C\CCCC(=O)O	1	1	C14H26O2	0.0	CHEBI_70716
CCCCCCCC/C=C\CCCCCCCC(=O)OCC(CO)OC(=O)CCCCCCC/C=C\CCCCCCCC	1	1	C39H72O5	0.0	CHEBI_52323
CCCCCCCC/C=C\CCCCCCCC(=O)OC[C@@H](CO)OC(=O)CCCCCCC/C=C\CCCCCCCC	1	1	C39H72O5	0.0	CHEBI_75824
CCCCCCCC/C=C\CCCCCCCC(=O)OC[C@@H](COC(=O)CCCCCCCCCCCCC)OC(=O)CCCCCCC/C=C\CCCCCCCC	1	1	C53H98O6	0.0	CHEBI_109146
CCCCCCCC/C=C\CCCCCCCC(=O)OC[C@@H](COC(=O)CCCCCCCCCCCCCCCC)OC(=O)CCCCCCC/C=C\CCCCCCCC	1	1	C56H104O6	0.0	CHEBI_127309
CCCCCCCC/C=C\CCCCCCCC(=O)OC[C@H](CO)OC(=O)CCCCCCC/C=C\CCCCCCCC	1	1	C39H72O5	0.0	CHEBI_52333
CCCCCCCC/C=C\CCCCCCCC(=O)OC[C@H](CO)OC(=O)CCCCCCCCCCC	1	1	C33H62O5	0.0	CHEBI_75445
CCCCCCCC/C=C\CCCCCCCC(=O)OC[C@H](COC(=O)CCCCCCCCCCCCC)OC(=O)CCCCCCC/C=C\CCCCCCCC	1	1	C53H98O6	0.0	CHEBI_77684
CCCCCCCC/C=C\CCCCCCCC(=O)OC[C@H](COP(=O)(O)O)OC(=O)CCCCCCCC(=O)/C=C/C=O	1	1	C33H57O10P	0.0	CHEBI_187667
CCCCCCCC/C=C\CCCCCCCC(=O)OC[C@H](COP(=O)(O)OCCN)OC(=O)CCC(O)/C=C/C=O	1	1	C30H54NO10P	0.0	CHEBI_187492
CCCCCCCC/C=C\CCCCCCCC(=O)OC[C@H](COP(=O)(O)OCCN)OC(=O)CCC=O	1	1	C27H50NO9P	0.0	CHEBI_169472
CCCCCCCC/C=C\CCCCCCCC(=O)OC[C@H](COP(=O)(O)OCCN)OC(=O)CCCC(=O)/C=C/C=O	1	1	C31H54NO10P	0.0	CHEBI_185079
CCCCCCCC/C=C\CCCCCCCC(=O)OC[C@H](COP(=O)(O)OC[C@@H](O)CO)OC(=O)CCC(O)/C=C/C=O	1	1	C31H55O12P	0.0	CHEBI_185036
CCCCCCCC/C=C\CCCCCCCC(=O)OC[C@H](COP(=O)(O)OC[C@@H](O)CO)OC(=O)CCCCCCCC(O)/C=C/C=O	1	1	C36H65O12P	0.0	CHEBI_186160
CCCCCCCC/C=C\CCCCCCCC(=O)OC[C@H](COP(=O)([O-])OCC[N+](C)(C)C)OC(=O)CCC	1	1	C30H58NO8P	0.0	CHEBI_168913
CCCCCCCC/C=C\CCCCCCCC(=O)O[C@H](COC(=O)CCCCCCCCCCCCCC)COP(=O)(O)OCCN	1	1	C38H74NO8P	0.0	CHEBI_196719
CCCCCCCC/C=C\CCCCCCCC(=O)O[C@H](COC(=O)CCCCCCCCCCCCCCCCC)COP(=O)(O)OC[C@H](N)C(=O)O	1	1	C42H80NO10P	0.0	CHEBI_79096
CCCCCCCC/C=C\CCCCCCCC(=O)O[C@H](COC(=O)CCCCCCCCCCCCCCCCC)COP(=O)([O-])OC[C@H]([NH3+])C(=O)[O-]	1	1	C42H79NO10P-	-1.0	CHEBI_78260
CCCCCCCC/C=C\CCCCCCCC(=O)SCCNC(=O)CCNC(=O)[C@H](O)C(C)(C)COP(=O)([O-])[O-]	1	1	C29H53N2O8PS-2	-2.0	CHEBI_156553
CCCCCCCC/C=C\CCCCCCCCCC(=O)OC(COC(=O)CCCCCCCCCCCCCCC)COC(=O)CCCCCCCCCCCCCCC	1	1	C55H104O6	0.0	CHEBI_171556
CCCCCCCC/C=C\CCCCCCCCCC(=O)OCC(COP(=O)([O-])OCC[N+](C)(C)C)O/C=C\CCCCCCCCCCCCCC	1	1	C44H86NO7P	0.0	CHEBI_89094
CCCCCCCC/C=C\CCCCCCCCCC(=O)OC[C@@H]1COP(=O)(O)OP(=O)(O)OC[C@H]2O[C@@H](n3ccc(N)nc3=O)[C@@H](CCCCCCC(=O)O1)[C@@H](O)C[C@@H](O)[C@H](/C=C\[C@@H](O)CCCCC)[C@H](O)[C@@H]2O	1	1	C52H91N3O18P2	0.0	CHEBI_230035
CCCCCCCC/C=C\CCCCCCCCCC(=O)OC[C@H](COP(=O)(O)OCCN)OC(=O)CCCCCCCCCCCCCCC	1	1	C41H80NO8P	0.0	CHEBI_170438
CCCCCCCC/C=C\CCCCCCCCCC(=O)OC[C@H](COP(=O)([O-])OCC[N+](C)(C)C)OC(=O)CCCCCCCCC/C=C\CCCCCCCC	1	1	C48H92NO8P	0.0	CHEBI_86198
CCCCCCCC/C=C\CCCCCCCCCC(=O)O[C@@H](CO)COC(=O)CCCCCCC/C=C\CCCCCCCC	1	1	C41H76O5	0.0	CHEBI_84436
CCCCCCCC/C=C\CCCCCCCCCCCC(=O)N[C@@H](CO)[C@H](O)CCCCCCCCCCCCCCC	1	1	C40H79NO3	0.0	CHEBI_149661
CCCCCCCC/C=C\CCCCCCCCCCCC(=O)OCC(COP(=O)(O)OCCNC)OC(=O)CCCCCCCCCCCCCC	1	1	C43H84NO8P	0.0	CHEBI_170234
CCCCCCCC/C=C\CCCCCCCCCCCC(=O)OC[C@H](COC(=O)CCCCCCC/C=C\CCCCCCCC)OC(=O)CCCCCCCCCCCCC	1	1	C57H106O6	0.0	CHEBI_170950
CCCCCCCC/C=C\CCCCCCCCCCCC(=O)OC[C@H](COC(=O)CCCCCCCCCCCCC)OCCCCCCCCCCCCCCCCCC	1	1	C57H110O5	0.0	CHEBI_180881
CCCCCCCC/C=C\CCCCCCCCCCCC(=O)OC[C@H](COP(=O)(O)OCCN)OC(=O)CCCCCCCCCCCCC	1	1	C41H80NO8P	0.0	CHEBI_170433
CCCCCCCC/C=C\CCCCCCCCCCCC(=O)O[C@H](COC(=O)CCCCCCCCCCCCCC)COP(=O)(O)O	1	1	C40H77O8P	0.0	CHEBI_184896
CCCCCCCC/C=C\CCCCCCCCCCCCC(O)C(=O)N[C@@H](CO)[C@H](O)/C=C/CCCCCCCCCCCCC	1	1	C42H81NO4	0.0	CHEBI_76758
CCCCCCCC/C=C\CCCCCCCCCCCCCC(=O)OC	1	1	C25H48O2	0.0	CHEBI_143592
CCCCCCCC/C=C\CCCCCCCCO	1	1	C18H36O	0.0	CHEBI_73504
CCCCCCCC/C=C\CCCCCCCCOC(=O)CCCCCCCCCCCCCCCCCCCCC	1	1	C40H78O2	0.0	CHEBI_165697
CCCCCCCC/[N+]([O-])=N/[C@@H](COC)C(N)=O	1	1	C12H25N3O3	0.0	CHEBI_215552
CCCCCCCCC#CC#CC(O)CCCCC(=O)O	1	1	C18H28O3	0.0	CHEBI_229808
CCCCCCCCC#CCC#CCCCCCCC(=O)O	1	1	C20H32O2	0.0	CHEBI_185012
CCCCCCCCC#CCC(=O)O	1	1	C12H20O2	0.0	CHEBI_165464
CCCCCCCCC(=O)N/C(=C\c1ccc(O)cc1)C(=O)O	1	1	C18H25NO4	0.0	CHEBI_227331
CCCCCCCCC(=O)NCc1cc(OC)c(O)cc1I	1	1	C17H26INO3	0.0	CHEBI_107654
CCCCCCCCC(=O)OP(=O)([O-])OC[C@H]1O[C@@H](n2cnc3c(N)ncnc32)[C@H](O)[C@@H]1O	1	1	C19H29N5O8P-	-1.0	CHEBI_166985
CCCCCCCCC(Br)C(O)C/C=C\C=C\C(O)CC(=O)NC1=CC(C)(CC)OC1=O	1	1	C25H40BrNO5	0.0	CHEBI_214315
CCCCCCCCC(C)C(O)C(=O)SCCNC(=O)CCNC(=O)[C@H](O)C(C)(C)COP(=O)(O)OP(=O)(O)OC[C@H]1O[C@@H](n2cnc3c(N)ncnc32)[C@H](O)[C@@H]1OP(=O)(O)O	1	1	C33H58N7O18P3S	0.0	CHEBI_139362
CCCCCCCCC(C)C(O)C(=O)SCCNC(=O)CCNC(=O)[C@H](O)C(C)(C)COP(=O)([O-])OP(=O)([O-])OC[C@H]1O[C@@H](n2cnc3c(N)ncnc32)[C@H](O)[C@@H]1OP(=O)([O-])[O-]	1	1	C33H54N7O18P3S-4	-4.0	CHEBI_138632
CCCCCCCCC(C)CC(=O)Cc1cc(O)cc(=O)o1	1	1	C18H28O4	0.0	CHEBI_85497
CCCCCCCCC(C)CC(C)C	1	1	C14H30	0.0	CHEBI_229432
CCCCCCCCC(C)O	1	1	C10H22O	0.0	CHEBI_195600
CCCCCCCCC/C=C/CCCCCCCC(=O)OC(CC(=O)O)C[N+](C)(C)C	1	1	C26H50NO4+	1.0	CHEBI_190638
CCCCCCCCC/C=C\CCCCCCCC(=O)OC[C@H](COP(=O)([O-])OCC[N+](C)(C)C)OC(=O)CCCCCCCCCCCCCC	1	1	C42H82NO8P	0.0	CHEBI_178462
CCCCCCCCC/C=C\CCCCCCCC(=O)O[C@H](COC(=O)CCCCCCCCCCCCCCCCC)COP(=O)(O)OCCN	1	1	C42H82NO8P	0.0	CHEBI_178455
CCCCCCCCC1OCC(C)O1	1	1	C12H24O2	0.0	CHEBI_179753
CCCCCCCCCC(=O)C[C@@H]1C2=COC(C)=CC2=C(C(=O)O)C(=O)[C@]1(C)O	1	1	C23H32O6	0.0	CHEBI_200636
CCCCCCCCCC(=O)OC[C@H](O)COC(=O)CCCCCCC	1	1	C21H40O5	0.0	CHEBI_169805
CCCCCCCCCC(=O)O[C@@H]1C2=C(C=O)[C@@]34C[C@]3(CC2=CC1(C)C)C(=O)O[C@H]4O	1	1	C25H34O6	0.0	CHEBI_211070
CCCCCCCCCC(=O)c1c(CC(=O)O)cc2cc(O)cc(O)c2c1O	1	1	C22H28O6	0.0	CHEBI_203664
CCCCCCCCCC(N)CC(O)CC(CC1CC(=O)NC(CO)C(=O)NC(C(O)c2ccc(O)cc2)C(=O)NC(CC(=O)O)C(=O)NC(CO)C(=O)NCC(=O)NCCC(N)C(=O)NC(C(O)C(N)=O)C(=O)N1)OC1OC[C@@H](O)[C@H](O)[C@H]1O	1	1	C52H85N11O22	0.0	CHEBI_215118
CCCCCCCCCC(O)CC(=O)CCc1ccc(O)c(OC)c1	1	1	C21H34O4	0.0	CHEBI_175490
CCCCCCCCCC(O)CC(=O)NC1COC(=O)C(NC(=O)c2cccc(O)c2O)COC(=O)C(NC(=O)c2cccc(O)c2O)COC(=O)C(NC(=O)c2cccc(O)c2O)COC1=O	1	1	C45H54N4O19	0.0	CHEBI_226906
CCCCCCCCCC(O)CCC1NC(=O)C(C(C)O)NC(=O)C(C(C)O)NC(=O)C(CC(O)C(N)=O)NC(=O)C(C)NC(=O)C(CC(N)=O)NC(=O)C(CC(N)=O)NC(=O)C(CCCCCCCC(O)CCCCCC)NC(=O)CCNC(=O)CNC1=O	1	1	C59H105N13O18	0.0	CHEBI_217490
CCCCCCCCCC(O)CCCCCCCCC	1	1	C19H40O	0.0	CHEBI_197479
CCCCCCCCCC/C=C/[C@@H](O)[C@H](COP(=O)(O)OCCN)NC(=O)CCCCCCCCCCCCCCCCC	1	1	C35H71N2O6P	0.0	CHEBI_86516
CCCCCCCCCC/C=C\CCC/C=C/C(=O)SCCNC(=O)CCNC(=O)[C@H](O)C(C)(C)COP(=O)([O-])OP(=O)([O-])OC[C@H]1O[C@@H](n2cnc3c(N)ncnc32)[C@H](O)[C@@H]1OP(=O)([O-])[O-]	1	1	C39H62N7O17P3S-4	-4.0	CHEBI_232899
CCCCCCCCCC/C=C\CCCCCCCC(=O)CC(=O)SCCNC(=O)CCNC(=O)[C@H](O)C(C)(C)COP(=O)([O-])OP(=O)([O-])OC[C@H]1O[C@@H](n2cnc3c(N)ncnc32)[C@H](O)[C@@H]1OP(=O)([O-])[O-]	1	1	C43H70N7O18P3S-4	-4.0	CHEBI_232890
CCCCCCCCCC/C=C\CCCCCCCC(=O)SCCNC(=O)CCNC(=O)[C@H](O)C(C)(C)COP(=O)([O-])OP(=O)([O-])OC[C@H]1O[C@@H](n2cnc3c(N)ncnc32)[C@H](O)[C@@H]1OP(=O)([O-])[O-]	1	1	C41H68N7O17P3S-4	-4.0	CHEBI_232891
CCCCCCCCCC/C=C\CCCCCCCCCC(=O)OC[C@H](COP(=O)(O)OC1C(O)C(O)C(O)[C@@H](O)C1O)OC(=O)CCCCCCCCCCCCCC	1	1	C46H87O13P	0.0	CHEBI_186509
CCCCCCCCCC/C=C\CCCCCCCCCC(=O)O[C@H](COC(=O)CCCCCCCCCCC)COP(=O)(O)O	1	1	C37H71O8P	0.0	CHEBI_179072
CCCCCCCCCC/C=C\CCCCCCCCCC(=O)O[C@H](COC(=O)CCCCCCCCCCCCCC)COP(=O)([O-])OCC[N+](C)(C)C	1	1	C45H88NO8P	0.0	CHEBI_176751
CCCCCCCCCC/C=C\CCCCCCCc1cc(O)cc(O)c1	1	1	C25H42O2	0.0	CHEBI_186723
CCCCCCCCCCC#CCOC(=O)c1ccccc1OC	1	1	C21H30O3	0.0	CHEBI_183302
CCCCCCCCCCC(C)CCCC(C)C(=O)O	1	1	C18H36O2	0.0	CHEBI_196206
CCCCCCCCCCC(O)CCCCC	1	1	C16H34O	0.0	CHEBI_197396
CCCCCCCCCCC/C=C\C(C)(C)/C=C\CCCC(=O)O	1	1	C22H40O2	0.0	CHEBI_182994
CCCCCCCCCCC/C=C\C=C\C(=O)OC	1	1	C17H30O2	0.0	CHEBI_172000
CCCCCCCCCCC/C=C\CCCCC(=O)OC[C@@H](O)COP(=O)([O-])OCC[N+](C)(C)C	1	1	C26H52NO7P	0.0	CHEBI_143713
CCCCCCCCCCC1=CC(=O)C(C)=C(C)C1=O	1	1	C18H28O2	0.0	CHEBI_72953
CCCCCCCCCCC1CCC(=O)O1	1	1	C14H26O2	0.0	CHEBI_179347
CCCCCCCCCCCC(=O)N(CCO)CCO	1	1	C16H33NO3	0.0	CHEBI_143726
CCCCCCCCCCCC(=O)OC/C=C(\C)CC/C=C(\C)CCC=C(C)C	1	1	C27H48O2	0.0	CHEBI_186687
CCCCCCCCCCCC(=O)OC/C=C(\C)CCC[C@H](C)CCC[C@H](C)CCCC(C)C	1	1	C32H62O2	0.0	CHEBI_177027
CCCCCCCCCCCC(=O)OC[C@H](COC(=O)CCCCCCC)OC(=O)CCCCCCCCCCCCCCCCCCCCC(C)C	1	1	C47H90O6	0.0	CHEBI_178947
CCCCCCCCCCCC(=O)OC[C@H](COC(=O)CCCCCCCCCCCCCCCC(C)C)OC(=O)CCCCCCCCCCCCC(C)CC	1	1	C51H98O6	0.0	CHEBI_171513
CCCCCCCCCCCC(CC(=O)OC1CN(C)C(C(OC2OC(CN)C(O)C2O)C2OC(n3ccc(=O)[nH]c3=O)C(O)C2O)C(=O)N(C)C1C(=O)O)OC(=O)CC(C)CC(=O)O	1	1	C42H67N5O18	0.0	CHEBI_208676
CCCCCCCCCCCC(O)CC(=O)N[C@@H](CC(C)C)C(=O)N[C@H](CCC(=O)O)C(=O)N[C@H]1C(=O)N[C@H](C(C)CC)C(=O)N[C@@H](CC(C)C)C(=O)N[C@H](CO)C(=O)N[C@@H](CC(C)C)C(=O)N[C@@H](CC(C)C)C(=O)N[C@H](CO)C(=O)N[C@@H](C(C)C)C(=O)O[C@@H]1C	1	1	C64H114N10O17	0.0	CHEBI_198936
CCCCCCCCCCCC(O)CC(O)/C=C/CCCCCCCC(=O)O	1	1	C24H46O4	0.0	CHEBI_187234
CCCCCCCCCCCC(O)CCCCC	1	1	C17H36O	0.0	CHEBI_197453
CCCCCCCCCCCC(OC)OC	1	1	C14H30O2	0.0	CHEBI_168764
CCCCCCCCCCCC/C=C/CC(=O)O[C@H](COC(=O)CCCCCCCCCCCCCCCCC)COP(=O)([O-])OC[C@@H](O)CO	1	1	C40H76O10P-	-1.0	CHEBI_191318
CCCCCCCCCCCC/C=C/OC[C@@H](O)COP(=O)([O-])OCC[N+](C)(C)C	1	1	C22H46NO6P	0.0	CHEBI_137144
CCCCCCCCCCCC/C=C/[C@@H](O)[C@@H](N)COP(=O)([O-])OCC[N+](C)(C)C	1	1	C22H47N2O5P	0.0	CHEBI_184852
CCCCCCCCCCCC/C=C\CCCC(=O)OC[C@H](COP(=O)([O-])OCC[N+](C)(C)C)OC(=O)CCC/C=C\CCCCCCCCCCCC	1	1	C44H84NO8P	0.0	CHEBI_143716
CCCCCCCCCCCC/C=C\OC[C@@H](O)COP(=O)([O-])OCC[N+](C)(C)C	1	1	C22H46NO6P	0.0	CHEBI_184250
CCCCCCCCCCCC1CC(=O)N[C@H]([C@@H](C)O)C(=O)N[C@H](C)C(=O)N2CC[C@@H](O)[C@H]2C(=O)N[C@@H](CCCN=C(N)N)C(=O)N[C@H]([C@@H](O)C(=O)O)C(=O)N[C@H](CO)C(=O)N2CC[C@@H](O)[C@H]2C(=O)N[C@@H]([C@H](O)C(=O)O)C(=O)O1	1	1	C48H79N11O20	0.0	CHEBI_200583
CCCCCCCCCCCC=CC(C)(C)C=CCCCC(=O)O	1	1	C22H40O2	0.0	CHEBI_114183
CCCCCCCCCCCCC(=O)CCCCC(=O)OC[C@]1(C)C[C@H]2CC(C)=C3C(=O)C[C@]3(C)[C@H]2C1	1	1	C33H54O4	0.0	CHEBI_199095
CCCCCCCCCCCCC(=O)OC[C@@H](O)COP(=O)(O)OC[C@@H](O)CO	1	1	C19H39O9P	0.0	CHEBI_169613
CCCCCCCCCCCCC(O)C1CCC(C(O)CCCCCCC(O)CCCCCC(O)CC2=CC(C)OC2=O)O1	1	1	C37H68O7	0.0	CHEBI_170877
CCCCCCCCCCCCC/C=C/[C@@H](O)[C@H](CO)NC(=O)CCCCCCC	1	1	C26H51NO3	0.0	CHEBI_45815
CCCCCCCCCCCCC/C=C/[C@@H](O)[C@H](COP(=O)(O)O)NC(=O)CCCCCCCCCCCCCCCCCCCCCCCCC	1	1	C44H88NO6P	0.0	CHEBI_73135
CCCCCCCCCCCCC/C=C/[C@@H](O)[C@H](COP(=O)([O-])OCC[N+](C)(C)C)NC(=O)CCCCC	1	1	C29H59N2O6P	0.0	CHEBI_78254
CCCCCCCCCCCCC/C=C/[C@@H](O)[C@H](COP(=O)([O-])OCC[N+](C)(C)C)NC(=O)CCCCCCCCCCCCCCCCCCC	1	1	C43H87N2O6P	0.0	CHEBI_83359
CCCCCCCCCCCCC/C=C/[C@@H](O)[C@H](CO[C@@H]1O[C@H](CO)[C@@H](O[C@@H]2O[C@H](CO)[C@H](O[C@@H]3O[C@H](CO)[C@H](O)[C@H](O)[C@H]3NC(C)=O)[C@H](O[C@]3(C(=O)O)C[C@H](O)[C@@H](NC(C)=O)[C@H]([C@H](O)[C@H](O)CO)O3)[C@H]2O)[C@H](O)[C@H]1O)NC(=O)CCCCCCC	1	1	C57H101N3O26	0.0	CHEBI_141460
CCCCCCCCCCCCC/C=C/[C@@H](O)[C@H](CO[C@@H]1O[C@H](CO)[C@@H](O[C@@H]2O[C@H](CO)[C@H](O[C@@H]3O[C@H](CO)[C@H](O)[C@H](O[C@@H]4O[C@H](CO)[C@H](O)[C@H](O[C@]5(C(=O)O)C[C@H](O)[C@@H](NC(C)=O)[C@H]([C@H](O)[C@H](O)CO)O5)[C@H]4O)[C@H]3NC(C)=O)[C@H](O)[C@H]2O)[C@H](O)[C@H]1O)NC(=O)CCCCCCCCCCCCCCCCC	1	1	C73H131N3O31	0.0	CHEBI_60747
CCCCCCCCCCCCC/C=C/[C@@H](O)[C@H](CO[C@@H]1O[C@H](CO)[C@@H](O[C@@H]2O[C@H](CO)[C@H](O[C@@H]3O[C@H](CO)[C@H](O)[C@H](O[C@@H]4O[C@H](CO)[C@H](O)[C@H](O[C@]5(C(=O)O)C[C@H](O)[C@@H](NC(C)=O)[C@H]([C@H](O)[C@H](O)CO)O5)[C@H]4O)[C@H]3NC(C)=O)[C@H](O[C@]3(C(=O)O)C[C@H](O)[C@@H](NC(C)=O)[C@H]([C@H](O)[C@H](O)CO)O3)[C@H]2O)[C@H](O)[C@H]1O)NCCC(=O)CCCCC(=O)N[C@@H](CO[C@@H]1O[C@H](CO)[C@@H](O[C@@H]2O[C@H](CO)[C@H](O[C@@H]3O[C@H](CO)[C@H](O)[C@H](O[C@@H]4O[C@H](CO)[C@H](O)[C@H](O[C@]5(C(=O)O)C[C@H](O)[C@@H](NC(C)=O)[C@H]([C@H](O)[C@H](O)CO)O5)[C@H]4O)[C@H]3NC(C)=O)[C@H](O[C@]3(C(=O)O)C[C@H](O)[C@@H](NC(C)=O)[C@H]([C@H](O)[C@H](O)CO)O3)[C@H]2O)[C@H](O)[C@H]1O)[C@H](O)/C=C/CCCCCCCCCCCCC	1	1	C140H238N8O78	0.0	CHEBI_142828
CCCCCCCCCCCCC/C=C/[C@@H](O)[C@H](CO[C@@H]1O[C@H](CO)[C@@H](O[C@@H]2O[C@H](CO)[C@H](O[C@@H]3O[C@H](CO)[C@H](O)[C@H](O[C@@H]4O[C@H](CO)[C@H](O)[C@H](O[C@]5(C(=O)O)C[C@H](O)[C@@H](NC(C)=O)[C@H]([C@H](O)[C@H](O)CO)O5)[C@H]4O)[C@H]3NC(C)=O)[C@H](O[C@]3(C(=O)O)C[C@H](O)[C@@H](NC(C)=O)[C@H]([C@H](O[C@]4(C(=O)O)C[C@H](O)[C@@H](NC(C)=O)[C@H]([C@H](O[C@]5(C(=O)O)C[C@H](O)[C@@H](NC(C)=O)[C@H]([C@H](O)[C@H](O)CO)O5)[C@H](O)CO)O4)[C@H](O)CO)O3)[C@H]2O)[C@H](O)[C@H]1O)NC(=O)CCCCCCCCCCCCCCCCC	1	1	C106H182N6O55	0.0	CHEBI_84682
CCCCCCCCCCCCCC(=O)C(=O)O	1	1	C15H28O3	0.0	CHEBI_180146
CCCCCCCCCCCCCC(=O)NC(CCCN=C(N)N)C(=O)O	1	1	C20H40N4O3	0.0	CHEBI_230257
CCCCCCCCCCCCCC(=O)NCCc1ccccc1	1	1	C22H37NO	0.0	CHEBI_181973
CCCCCCCCCCCCCC(=O)OCCC(C)C	1	1	C19H38O2	0.0	CHEBI_179621
CCCCCCCCCCCCCC(=O)OC[C@H](CO[C@@H]1O[C@H](CO[C@@H]2O[C@H](CO[C@@H]3O[C@H](COP(=O)(O)OC[C@H]4O[C@H](O[C@H](CO)C(=O)O)[C@H](NC(C)=O)[C@@H](O[C@H]5O[C@H](COP(=O)(O)OC[C@H]6O[C@H](O[C@H](CO)C(=O)O)[C@H](NC(C)=O)[C@@H](O[C@H]7O[C@H](COP(=O)(O)OC[C@H]8O[C@H](O[C@H](CO)C(=O)O)[C@H](NC(C)=O)[C@@H](O[C@H]9O[C@H](CO)[C@@H](O)[C@H](O)[C@H]9NC(C)=O)[C@@H]8O)[C@@H](O)[C@H](O)[C@H]7NC(C)=O)[C@@H]6O)[C@@H](O)[C@H](O)[C@H]5NC(C)=O)[C@@H]4O)[C@@H](O)[C@H](O)[C@H]3O)[C@@H](O)[C@H](O)[C@H]2O)[C@@H](O)[C@H](O)[C@H]1O)OC(=O)CCCCCCCCCCCCC	1	1	C106H183N6O68P3	0.0	CHEBI_150019
CCCCCCCCCCCCCC(=O)O[C@H](CCCCCCCCCCC)CC(=O)O[C@@H]1[C@@H](NC(=O)C[C@@H](CCCCCCCCCCC)OC(=O)CCCCCCCCCCC)[C@H](OC[C@H]2O[C@H](OP(=O)(O)O)[C@H](NC(=O)C[C@H](O)CCCCCCCCCCC)[C@@H](OC(=O)C[C@H](O)CCCCCCCCCCC)[C@@H]2O)O[C@H](CO[C@]2(C(=O)O)C[C@@H](O[C@]3(C(=O)O)C[C@@H](O)[C@@H](O)[C@@H]([C@H](O)CO)O3)[C@@H](O[C@H]3O[C@H]([C@@H](O)CO)[C@@H](OP(=O)(O)O)[C@H](O[C@H]4O[C@H]([C@@H](O)CO[C@H]5O[C@H]([C@@H](O)CO)[C@@H](O)[C@H](O)[C@@H]5O)[C@@H](OP(=O)(O)O)[C@H](O[C@H]5O[C@H](CO[C@H]6O[C@H](CO)[C@H](O)[C@H](O)[C@H]6O)[C@@H](O)[C@H](O)[C@H]5O)[C@@H]4O)[C@@H]3O)[C@@H]([C@H](O)CO)O2)[C@H]1OP(=O)(O)O	1	1	C143H260N2O73P4	0.0	CHEBI_62201
CCCCCCCCCCCCCC(=O)O[C@H](CCCCCCCCCCC)CC(=O)O[C@@H]1[C@@H](NC(=O)C[C@@H](CCCCCCCCCCC)OC(=O)CCCCCCCCCCC)[C@H](OC[C@H]2O[C@H](OP(=O)([O-])[O-])[C@H](NC(=O)C[C@H](O)CCCCCCCCCCC)[C@@H](OC(=O)C[C@H](O)CCCCCCCCCCC)[C@@H]2O)O[C@H](CO[C@]2(C(=O)[O-])C[C@@H](O[C@]3(C(=O)[O-])C[C@@H](O)[C@@H](O)[C@@H]([C@H](O)CO)O3)[C@@H](O[C@H]3O[C@H]([C@@H](O)CO)[C@@H](OP(=O)([O-])[O-])[C@H](O[C@H]4O[C@H]([C@@H](O)CO[C@H]5O[C@H]([C@@H](O)CO)[C@@H](O)[C@H](O)[C@@H]5O)[C@@H](OP(=O)([O-])[O-])[C@H](O[C@H]5O[C@H](CO[C@H]6O[C@H](CO)[C@H](O)[C@H](O)[C@H]6O)[C@@H](O)[C@H](O)[C@H]5O)[C@@H]4O)[C@@H]3O)[C@@H]([C@H](O)CO)O2)[C@H]1OP(=O)([O-])[O-]	1	1	C143H250N2O73P4-10	-10.0	CHEBI_62001
CCCCCCCCCCCCCC(C)O	1	1	C15H32O	0.0	CHEBI_197379
CCCCCCCCCCCCCC(O)CC	1	1	C16H34O	0.0	CHEBI_197390
CCCCCCCCCCCCCC(O)CCCCCC	1	1	C20H42O	0.0	CHEBI_197486
CCCCCCCCCCCCCC(O)CCCCCCCCCCCC	1	1	C26H54O	0.0	CHEBI_228201
CCCCCCCCCCCCCC/C=C/C=C/C(=O)O	1	1	C19H34O2	0.0	CHEBI_231097
CCCCCCCCCCCCCC/C=C\OC[C@H](COP(=O)(O)OC[C@H](N)C(=O)O)OC(=O)CCCCCCCCCCCCCCCCCC	1	1	C41H80NO9P	0.0	CHEBI_137878
CCCCCCCCCCCCCC1=C(O)C(=O)C=C(O)C1=O	1	1	C19H30O4	0.0	CHEBI_8779
CCCCCCCCCCCCCCC(=O)O[C@H](CO)COP(=O)([O-])OCC[N+](C)(C)C	1	1	C23H48NO7P	0.0	CHEBI_229260
CCCCCCCCCCCCCCC(CC)C(C)=O	1	1	C19H38O	0.0	CHEBI_179291
CCCCCCCCCCCCCCC(O)C(O)C(N)CO	1	1	C18H39NO3	0.0	CHEBI_177499
CCCCCCCCCCCCCCC(O)CC(=O)c1ccccc1	1	1	C23H38O2	0.0	CHEBI_172571
CCCCCCCCCCCCCCC(O)[C@@H](O)[C@@H](N)CO	1	1	C18H39NO3	0.0	CHEBI_191244
CCCCCCCCCCCCCCC/C=C/C=O	1	1	C18H34O	0.0	CHEBI_165518
CCCCCCCCCCCCCCC=CC(CC(=O)O)C(=O)O	1	1	C20H36O4	0.0	CHEBI_178205
CCCCCCCCCCCCCCCC(=O)NC(CCC(=O)O)C(=O)NC(CCCN)C(=O)NC1Cc2ccc(cc2)OC(=O)C(C(C)CC)NC(=O)C(Cc2ccc(O)cc2)NC(=O)C(CCC(N)=O)NC(=O)C2CCCN2C(=O)C(C)NC(=O)C(CCC(=O)O)NC(=O)C(C(C)O)NC1=O	1	1	C72H110N12O19	0.0	CHEBI_224315
CCCCCCCCCCCCCCCC(=O)NC1CC(O)C(O)NC(=O)C2C(O)CCN2C(=O)C(C(O)CC(N)=O)NC(=O)C(C(O)Cc2ccc(O)c(OS(=O)(=O)O)c2)NC(=O)C2CC(O)CN2C(=O)C(CO)NC1=O	1	1	C49H78N8O20S	0.0	CHEBI_212091
CCCCCCCCCCCCCCCC(=O)NCCc1c[nH]c2ccc(O)cc12	1	1	C26H42N2O2	0.0	CHEBI_134059
CCCCCCCCCCCCCCCC(=O)N[C@@H](COP(=O)([O-])OCC[N+](C)(C)C)[C@H](O)[C@H](O)CCCCCCCCCCCCCC	1	1	C39H81N2O7P	0.0	CHEBI_78650
CCCCCCCCCCCCCCCC(=O)OCC(CSC[C@H](NC(=O)CCCCCCCCCCCCC)C(=O)N[C@@H](CO)C(=O)N[C@@H](CCCCN)C(=O)N[C@@H](CCCCN)C(=O)N[C@@H](CCCCN)C(=O)N[C@@H](CCCCN)C(=O)O)OC(=O)CCCCCCCCCCCCCCC	1	1	C79H152N10O13S	0.0	CHEBI_134411
CCCCCCCCCCCCCCCC(=O)OC[C@@H](COC(=O)CCCCCCCCCCCCC)OC(=O)CCCCCCCCCCCCC	1	1	C47H90O6	0.0	CHEBI_178961
CCCCCCCCCCCCCCCC(=O)OC[C@@H](O)COP(=O)(O)O[C@@H]1C(O)C(O)[C@@H](O)C(O)[C@H]1O[C@H]1OC(CO)[C@@H](O)C(O)[C@H]1O	1	1	C31H59O17P	0.0	CHEBI_186448
CCCCCCCCCCCCCCCC(=O)OC[C@H](COP(=O)(O)OC[C@H](N)C(=O)O)OC(=O)CCC(=O)/C=C/C=O	1	1	C29H50NO12P	0.0	CHEBI_168739
CCCCCCCCCCCCCCCC(=O)OC[C@H](COP(=O)([O-])OCC[N+](C)(C)C)OC	1	1	C25H52NO7P	0.0	CHEBI_131689
CCCCCCCCCCCCCCCC(=O)OCc1cc(OC)c2c(c1C=O)OC(C)(CC(=O)C=C(C)C)CC2	1	1	C35H54O6	0.0	CHEBI_176109
CCCCCCCCCCCCCCCC(=O)O[C@H](CCCCCCCCCCC)CC(=O)N[C@H]1[C@@H](OP(=O)(O)O)O[C@H](CO[C@@H]2O[C@H](CO)[C@@H](OP(=O)(O)O)[C@H](OC(=O)C[C@H](O)CCCCCCCCCCC)[C@H]2NC(=O)C[C@H](O)CCCCCCCCCCC)[C@@H](O)[C@@H]1OC(=O)C[C@H](O)CCCCCCCCCCC	1	1	C84H160N2O24P2	0.0	CHEBI_87244
CCCCCCCCCCCCCCCC(=O)O[C@H](CCCCCCCCCCC)CC(=O)N[C@H]1[C@@H](OP(=O)([O-])[O-])O[C@H](CO[C@@H]2O[C@H](CO)[C@@H](OP(=O)([O-])[O-])[C@H](OC(=O)C[C@H](O)CCCCCCCCCCC)[C@H]2NC(=O)C[C@H](O)CCCCCCCCCCC)[C@@H](O)[C@@H]1OC(=O)C[C@H](O)CCCCCCCCCCC	1	1	C84H156N2O24P2-4	-4.0	CHEBI_87049
CCCCCCCCCCCCCCCC(=O)O[C@H]1[C@@H](O[C@H]2O[C@H](CO)[C@@H](O)[C@H](O)[C@H]2OS(=O)(=O)[O-])O[C@H](CO)[C@@H](O)[C@@H]1O	1	1	C28H51O15S-	-1.0	CHEBI_60092
CCCCCCCCCCCCCCCC(O)CC(=O)c1ccccc1	1	1	C24H40O2	0.0	CHEBI_168035
CCCCCCCCCCCCCCCC/C=C\CC/C=C\CCCC[C@@H]1OC[C@H](N)[C@@H]1O	1	1	C30H57NO2	0.0	CHEBI_70594
CCCCCCCCCCCCCCCC/C=C\OC[C@H](COP(=O)(O)OCCN)OC(=O)CCCCCCCCCCCCC	1	1	C37H74NO7P	0.0	CHEBI_185280
CCCCCCCCCCCCCCCCC(=O)NCC(=O)O	1	1	C19H37NO3	0.0	CHEBI_137268
CCCCCCCCCCCCCCCCCC(=O)CCCCCCCCCC(=O)O	1	1	C28H54O3	0.0	CHEBI_187663
CCCCCCCCCCCCCCCCCC(=O)N1CCCC1	1	1	C22H43NO	0.0	CHEBI_141526
CCCCCCCCCCCCCCCCCC(=O)OC(CC=C(C)C)/C(C)=C/COc1ccc(CCNC(=O)c2ccccc2)cc1	1	1	C43H65NO4	0.0	CHEBI_176282
CCCCCCCCCCCCCCCCCC(=O)OC(COC(=O)CCCCCCCCCCCCC)COP(=O)(O)OCCNC	1	1	C38H76NO8P	0.0	CHEBI_171039
CCCCCCCCCCCCCCCCCC(=O)OC[C@@H](O)COP(=O)(O)OC[C@H](NC(=O)CCCCCCCCCCCCCCC)C(=O)O	1	1	C40H78NO10P	0.0	CHEBI_139399
CCCCCCCCCCCCCCCCCC(=O)OC[C@@H](O)COP(=O)([O-])OC[C@H](NC(=O)CCCCCCCCCCCCCCC)C(=O)[O-]	1	1	C40H76NO10P-2	-2.0	CHEBI_138662
CCCCCCCCCCCCCCCCCC(=O)OC[C@H](COP(=O)(O)O[C@@H]1C(O)C(O)[C@@H](O)C(O)[C@H]1O[C@H]1OC(CO)[C@@H](O)C(O)[C@H]1O)OC(=O)CCCCCCCCCCCCC	1	1	C47H89O18P	0.0	CHEBI_186454
CCCCCCCCCCCCCCCCCC(=O)OC[C@H](COP(=O)([O-])O)OC(=O)CCCCCCCCCCCCCCCCC.[Na+]	1	1	C39H76NaO8P	0.0	CHEBI_229581
CCCCCCCCCCCCCCCCCC(=O)O[C@@H](CO)COCCCCCCCCCCCCCCCC	1	1	C37H74O4	0.0	CHEBI_191283
CCCCCCCCCCCCCCCCCC(=O)O[C@@H](COC(=O)CCCCCCC)COC(=O)CCCCCCCCCCCCCCC(C)C	1	1	C47H90O6	0.0	CHEBI_178843
CCCCCCCCCCCCCCCCCC(=O)O[C@H](CO)COP(=O)(O)OC1[C@H](O)[C@H](O)C(O)[C@H](O)[C@H]1O	1	1	C27H53O12P	0.0	CHEBI_170133
CCCCCCCCCCCCCCCCCC(=O)O[C@H]1CC[C@]2(C)[C@H]3CC[C@]4(C)[C@@H]([C@H](C)/C=C/[C@H](C)C(C)C)CC[C@H]4C3=C[C@H](O)[C@@]2(O)C1	1	1	C46H80O4	0.0	CHEBI_205115
CCCCCCCCCCCCCCCCCC(O)CC(=O)OC(CC(=O)[O-])C[N+](C)(C)C	1	1	C27H53NO5	0.0	CHEBI_73103
CCCCCCCCCCCCCCCCCCC(=O)O[C@H](COC(=O)CCCCCCCCCCC)COP(=O)(O)O	1	1	C34H67O8P	0.0	CHEBI_178283
CCCCCCCCCCCCCCCCCCCC(=O)OC[C@H](CO)OC(=O)CCCCCCCCCCCCCCC	1	1	C39H76O5	0.0	CHEBI_89028
CCCCCCCCCCCCCCCCCCCC(=O)O[C@H](COC(=O)CCCCCCCCCCCCC)COP(=O)(O)O	1	1	C37H73O8P	0.0	CHEBI_196766
CCCCCCCCCCCCCCCCCCCC(O)C(=O)N[C@@H](COP(=O)([O-])OCC[N+](C)(C)C)[C@H](O)/C=C/CCCCCCCCCC(C)C	1	1	C43H87N2O7P	0.0	CHEBI_70911
CCCCCCCCCCCCCCCCCCCCC(=O)OC	1	1	C22H44O2	0.0	CHEBI_144356
CCCCCCCCCCCCCCCCCCCCC(=O)O[C@H](COC(=O)CCCCCCCCCCCCCCCC)COP(=O)(O)OC1C(O)C(O)C(O)[C@@H](O)C1O	1	1	C47H91O13P	0.0	CHEBI_186402
CCCCCCCCCCCCCCCCCCCCC(=O)O[C@H](COCCCCCCCCCCCCCCCC)COP(=O)(O)OC[C@H](N)C(=O)O	1	1	C43H86NO9P	0.0	CHEBI_196879
CCCCCCCCCCCCCCCCCCCCC(C)C	1	1	C23H48	0.0	CHEBI_233465
CCCCCCCCCCCCCCCCCCCCCC(=O)CC(=O)CCCCCCC	1	1	C31H60O2	0.0	CHEBI_172696
CCCCCCCCCCCCCCCCCCCCCC(=O)OC[C@H](COP(=O)(O)O)OC(=O)CCCCCC[C@H]1C(=O)C[C@@H](O)[C@@H]1/C=C/[C@@H](O)CCCCC	1	1	C45H83O11P	0.0	CHEBI_230968
CCCCCCCCCCCCCCCCCCCCCCC(=O)N[C@@H](COP(=O)([O-])OCC[N+](C)(C)C)[C@H](O)/C=C/CCCCCCCCC(C)CC	1	1	C45H91N2O6P	0.0	CHEBI_116932
CCCCCCCCCCCCCCCCCCCCCCCC(=O)NCC(=O)O	1	1	C26H51NO3	0.0	CHEBI_87767
CCCCCCCCCCCCCCCCCCCCCCCC(=O)NCC(=O)[O-]	1	1	C26H50NO3-	-1.0	CHEBI_87412
CCCCCCCCCCCCCCCCCCCCCCCC(=O)N[C@@H](CO)C(=O)CCCCCCCCCCCCCCC	1	1	C42H83NO3	0.0	CHEBI_189543
CCCCCCCCCCCCCCCCCCCCCCCC(=O)OC[C@H](COP(=O)([O-])OCC[N+](C)(C)C)OC(=O)CCCCCCCCCCCCC	1	1	C46H92NO8P	0.0	CHEBI_86163
CCCCCCCCCCCCCCCCCCCCCCCC(=O)O[C@H](COC(=O)CCCCCCCCCCCCCCCCCCCCC)COP(=O)([O-])OCC[N+](C)(C)C	1	1	C54H108NO8P	0.0	CHEBI_185415
CCCCCCCCCCCCCCCCCCCCCCCCCC(=O)N[C@@H](CO[C@H]1O[C@H](CO)[C@@H](O[C@@H]2O[C@H](CO)[C@H](O)[C@H](O)[C@H]2O)[C@H](O)[C@H]1O)[C@H](O)[C@H](O)CCCCCCCCCCCCCC	1	1	C56H109NO14	0.0	CHEBI_76911
CCCCCCCCCCCCCCCCCCCCCCCCCCCC(=O)N[C@@H](CO[C@@H]1O[C@H](CO)[C@@H](O)[C@H](O)[C@H]1O)[C@H](O)[C@H](O)CCCCCCCCCCC(C)C	1	1	C51H101NO9	0.0	CHEBI_71149
CCCCCCCCCCCCCCCCCCCCCCCCCCCC(O)CC(O)CCCCC	1	1	C35H72O2	0.0	CHEBI_184740
CCCCCCCCCCCCCCCCCCCCCCCCCCCCCCCCCCCCCC(=O)O	1	1	C38H76O2	0.0	CHEBI_165445
CCCCCCCCCCCCCCCCCCCCCCCC[C@@H](C(=O)O)[C@H](O)CCCCCCCCCCCCCCCCC[C@@H]1C[C@@H]1CCCCCCCCCCCCCCCC[C@@H](OC)[C@H](C)CCCCCCCCCCCCCCCCCC	1	1	C85H168O4	0.0	CHEBI_62591
CCCCCCCCCCCCCCCCCCCCCCCC[C@@H](C(=O)O)[C@H](O)CCCCCCCCCCCCCCCCC[C@@H]1C[C@@H]1CCCCCCCCCCCCCCCC[C@H](OC)[C@@H](C)CCCCCCCCCCCCCCCCCC	1	1	C85H168O4	0.0	CHEBI_62590
CCCCCCCCCCCCCCCCCCCCCCCC[C@@H](C(=O)O)[C@H](O)CCCCCCCCCCCCCCCCC[C@H]1C[C@H]1CCCCCCCCCCCCCCCC[C@@H](OC)[C@H](C)CCCCCCCCCCCCCCCCCC	1	1	C85H168O4	0.0	CHEBI_62592
CCCCCCCCCCCCCCCCCCCCCCCC[C@@H](C(=O)O)[C@H](O)CCCCCCCCCCCCCCCCC[C@H]1C[C@H]1CCCCCCCCCCCCCCCC[C@H](OC)[C@@H](C)CCCCCCCCCCCCCCCCCC	1	1	C85H168O4	0.0	CHEBI_62593
CCCCCCCCCCCCCCCCCCCCCC[Si](Cl)(Cl)Cl	1	1	C22H45Cl3Si	0.0	CHEBI_84275
CCCCCCCCCCCCCCCCCCCCOC[C@H](COP(=O)(O)OC1C(O)C(O)C(O)[C@@H](O)C1O)OC(=O)CCCCCCCCCCCCC	1	1	C43H85O12P	0.0	CHEBI_186424
CCCCCCCCCCCCCCCCCc1cccc(OC)c1OC	1	1	C25H44O2	0.0	CHEBI_59113
CCCCCCCCCCCCCCCCOC[C@H](COC(=O)CCCCCCCCCCC)OC(C)=O	1	1	C33H64O5	0.0	CHEBI_77681
CCCCCCCCCCCCCCCCOC[C@H](COC(=O)CCCCCCCCCCCCCCC)OC(C)=O	1	1	C37H72O5	0.0	CHEBI_77680
CCCCCCCCCCCCCCCCOC[C@H](COP(=O)(O)OCC/N=C\[C@H](NC(C)=O)[C@@H](O)[C@H](O[C@@H]1O[C@H](CO)[C@@H](O[C@@H]2O[C@H](CO[C@H]3O[C@H](CO[C@H]4O[C@H](CO)[C@@H](O)[C@H](O)[C@@H]4O)[C@@H](O)[C@H](O[C@H]4O[C@H](CO)[C@@H](O)[C@H](O)[C@@H]4O)[C@@H]3O)[C@@H](O)[C@H](O[C@H]3O[C@H](CO)[C@@H](O)[C@H](O)[C@@H]3O[C@H]3O[C@H](CO)[C@@H](O)[C@H](O)[C@@H]3O[C@H]3O[C@H](CO)[C@@H](O)[C@H](O)[C@@H]3O)[C@@H]2O)[C@H](O)[C@H]1NC(C)=O)[C@H](O)CO)OCCCCCCCCCCCCCCCC	1	1	C95H174N3O51P	0.0	CHEBI_74912
CCCCCCCCCCCCCCCC[C@H](C)C[C@H](C)C[C@H](C)C[C@H](C)C(=O)O[C@H]1[C@H](O)[C@@H](CO)O[C@H](O[C@H]2O[C@H](CO)[C@@H](O)[C@H](O)[C@H]2OS(=O)(=O)O)[C@@H]1OC(=O)CCCCCCCCCCCCCCC	1	1	C56H106O16S	0.0	CHEBI_62125
CCCCCCCCCCCCCCCOC(C)=O	1	1	C17H34O2	0.0	CHEBI_179970
CCCCCCCCCCCCCCC[C@@H](O)[C@H](COP(=O)([O-])OCC[N+](C)(C)C)NC(=O)CCCCCCCCCCC	1	1	C35H73N2O6P	0.0	CHEBI_176280
CCCCCCCCCCCCCCCc1cccc(O)c1C(=O)O	1	1	C22H36O3	0.0	CHEBI_2696
CCCCCCCCCCCCCC[C@@H](O)[C@@H](O)[C@@H](N)CO	1	1	C18H39NO3	0.0	CHEBI_46961
CCCCCCCCCCCCCC[C@@H](O)[C@@H](O)[C@H](CO[C@H]1O[C@H](CO)[C@H](O)[C@H](O)[C@H]1O)NC(=O)CCCCCCCC	1	1	C33H65NO9	0.0	CHEBI_75784
CCCCCCCCCCCCCC[C@@H](O)[C@H](O)[C@@H](N)CO	1	1	C18H39NO3	0.0	CHEBI_73479
CCCCCCCCCCCCCOC(=O)CCC	1	1	C17H34O2	0.0	CHEBI_169401
CCCCCCCCCCCCC[C@@H](CC(=O)NC(=O)/C=C1/OC(=O)N2CCC[C@H]12)O[C@@H]1O[C@@H](C)[C@H](O)[C@@H](O)[C@H]1O	1	1	C30H50N2O9	0.0	CHEBI_200178
CCCCCCCCCCCC[C@@H](O)CC(=O)NCC(=O)N[C@@H](CCCCN)C(=O)N[C@@H]1CCCCNC(=O)[C@H](CCCCN)NC(=O)[C@@H](CCCCN)NC(=O)[C@@H](CCCCN)NC(=O)[C@H](CCCCN)NC1=O	1	1	C53H103N13O9	0.0	CHEBI_209474
CCCCCCCCCCC[C@@H](C[C@@H]1OC(=O)[C@H]1CCCCCC)OC(=O)[C@H](CC(C)C)NC=O	1	1	C29H53NO5	0.0	CHEBI_94686
CCCCCCCCCCC[C@@H](OC(=O)CCCCCCC)[C@@H](C)NCC(=O)O	1	1	C24H47NO4	0.0	CHEBI_218328
CCCCCCCCCCC[C@@H]1CC(=O)N[C@@H](CCC(=O)O)C(=O)N[C@@H](CC(C)C)C(=O)N[C@H](CC(C)C)C(=O)N[C@@H](C(C)C)C(=O)N[C@@H](CC(=O)O)C(=O)N[C@H](CC(C)C)C(=O)N[C@@H](CC(C)C)C(=O)O1	1	1	C52H91N7O13	0.0	CHEBI_200458
CCCCCCCCCCC[C@H](C)[C@@H]1CC(=O)NC([C@H](C)O)C(=O)N[C@H](C)C(=O)N[C@H](C)C(=O)N[C@H](CCC(N)=O)C(=O)N[C@H](Cc2ccc(O)cc2)C(=O)N[C@H]([C@@H](C)CC)C(=O)O1	1	1	C46H75N7O11	0.0	CHEBI_141356
CCCCCCCCCC[C@@H]1O[C@]2(C=CC(=O)O2)[C@H]1O	1	1	C16H26O4	0.0	CHEBI_202824
CCCCCCCCCC[C@@]1(O)C(OC)=CC(=O)[C@@H]1CO	1	1	C17H30O4	0.0	CHEBI_223603
CCCCCCCCCCc1c(O)cc(CC(C)C)oc1=O	1	1	C19H32O3	0.0	CHEBI_221974
CCCCCCCCC[C@@H](O)CC(=O)CCc1ccc(O)c(OC)c1	1	1	C21H34O4	0.0	CHEBI_143749
CCCCCCCCC[C@H](O)CC(=O)CCc1ccc(O)c(OC)c1	1	1	C21H34O4	0.0	CHEBI_81134
CCCCCCCCCc1cccc(=O)o1	1	1	C14H22O2	0.0	CHEBI_217162
CCCCCCCC[C@@H](C)O	1	1	C10H22O	0.0	CHEBI_195930
CCCCCCCC[C@@H]1NC(=O)[C@H](CC(O)C(N)=O)NC(=O)[C@H](CO)NC(=O)[C@H](CC(C)C)NC(=O)[C@@H](N)CCCC(=O)OC(=O)[C@@H]2CSSC[C@H](NC1=O)C(=O)N2	1	1	C36H60N8O12S2	0.0	CHEBI_210617
CCCCCCCN(CC)CCCC(O)c1ccc(NS(C)(=O)=O)cc1	1	1	C20H36N2O3S	0.0	CHEBI_5856
CCCCCCCNC(=O)Oc1ccc2c(c1)[C@]1(C)CCN(C)O[C@@H]1N2C	1	1	C21H33N3O3	0.0	CHEBI_180610
CCCCCCC[C@@H](C/C=C/CCC(=O)NC/C(=C/Cl)Cc1cc(OC)cc(=O)o1)OC	1	1	C25H38ClNO5	0.0	CHEBI_187313
CCCCCCC[C@@H](N)[C@@H](O)C(=O)N[C@H](C(=O)N(C)[C@@H](CC(C)C)C(=O)N1CCC[C@H]1C(=O)N[C@@H](Cc1ccc(O)cc1)C(=O)O)[C@@H](C)CC	1	1	C37H61N5O8	0.0	CHEBI_203961
CCCCCCCc1c(O)cc2c(c1C=O)OC(C)(C)[C@@H](O)C2	1	1	C19H28O4	0.0	CHEBI_223643
CCCCCCN=C=O	1	1	C7H13NO	0.0	CHEBI_59058
CCCCCCNC(=O)n1cc(F)c(=O)[nH]c1=O	1	1	C11H16FN3O3	0.0	CHEBI_31360
CCCCCCOC(C)=O	1	1	C8H16O2	0.0	CHEBI_87510
CCCCCC[C@@H](C)C(=O)N(C)[C@@H](CC(C)C)C(=O)N[C@H](C(=O)N(C)[C@H](C(=O)N1CCC[C@H]1C(=O)N1C(=O)C=C[C@@H]1C)C(C)C)[C@@H](C)OC(C)=O	1	1	C38H63N5O8	0.0	CHEBI_225354
CCCCCC[C@@H](C)[C@@H]1OC(=O)[C@H](CO)NC(=O)[C@@H](C(=O)c2c[nH]c3ccccc23)NC(=O)[C@@H](CCC(=O)O)NC(=O)[C@H]1C	1	1	C31H42N4O9	0.0	CHEBI_206683
CCCCCC[C@@H](O)CO	1	1	C8H18O2	0.0	CHEBI_37874
CCCCCC[C@H](C)/C=C(\C)C(=O)O[C@]1(C)C(=O)C2=COC(c3c(C)cccc3O)=CC2=C(Br)C1=O	1	1	C29H33BrO6	0.0	CHEBI_222965
CCCCCC[C@H](O)CO	1	1	C8H18O2	0.0	CHEBI_37873
CCCCCC[C@H]1C(=O)N[C@](C(=O)O)([C@@H](O)[C@@H]2C=CCCC2)[C@@]1(C)O	1	1	C19H31NO5	0.0	CHEBI_226470
CCCCCO	1	1	C5H12O	0.0	CHEBI_44884
CCCCC[C@@H](C[C@@H]1CCC(C)C(=O)N(C)/C=C/CC(=O)O[C@@H](C(C)C)C(=O)O1)OC	1	1	C24H41NO6	0.0	CHEBI_209645
CCCCC[C@@H](O)[C@@H]1CC=C[C@H](CCCCCCC(=O)O)O1	1	1	C18H32O4	0.0	CHEBI_217317
CCCCC[C@@H](O)[C@H]1C(=O)O[C@H](C)[C@@H](O)/C=C/C=C/C=C/C=C/C=C(\C)[C@@H](O)[C@H](O)[C@H](O)C[C@H](O)C[C@H](O)C[C@H](O)C[C@H](O)C[C@@H]1O	1	1	C35H58O12	0.0	CHEBI_31639
CCCCC[C@@H]1CC(=O)N[C@@H]([C@H](C)CC)C(=O)N[C@H](C(O)C(C)C)C(=O)N[C@@H](CCOC(N)=O)C(=O)N[C@H](CC(C)C)C(=O)N[C@@H](CCC(N)=O)C(=O)N(C)[C@@H]([C@@H](C)CC)C(=O)N[C@H](C(O)CO)C(=O)N[C@H](C(C)C)C(=O)N2CC(C)[C@H](O)[C@H]2C(=O)N[C@H](Cc2ccc(O)cc2)C(=O)N[C@@H]([C@@H](C)O)C(=O)N1	1	1	C71H118N14O21	0.0	CHEBI_221393
CCCCC[C@@]1(OC(=O)/C=C/C(=O)OC)CC[C@]2(CC[C@H](C)[C@@H](C/C=C(C)/C=C/[C@H](O)[C@@H](C)/C=C/C(=O)O)O2)O[C@H]1/C=C/C(C)=C/C(=O)O	1	1	C38H54O11	0.0	CHEBI_212840
CCCCC[C@H](O)/C=C/C=C\C/C=C\C/C=C\CCCC(=O)NCC(=O)O	1	1	C22H35NO4	0.0	CHEBI_173180
CCCCC[C@H](O)/C=C/CCCCCCCC(=O)OCCO	1	1	C18H34O4	0.0	CHEBI_207486
CCCCC[C@H](O)/C=C/[C@@H]1[C@@H](C/C=C/CCCC(=O)OC[C@H](COP(=O)(O)OC[C@@H](O)CO)OC(=O)CCCCCCCCCCCCCCCCC(C)CC)[C@@H](O)C[C@H]1O	1	1	C47H87O13P	0.0	CHEBI_230902
CCCCC[C@H](O)/C=C/[C@@H]1[C@@H](CCCCCCC(=O)OC[C@H](COP(=O)(O)O)OC(=O)CCCCCCCCCCCCCCCCCCCCC(C)CC)[C@@H](O)C[C@H]1O	1	1	C48H91O11P	0.0	CHEBI_231017
CCCCC[C@H](O)/C=C/[C@@H]1[C@H](O)[C@H](O)[C@H]2COP(=O)(O)OP(=O)(O)OC[C@H](OC(=O)CCCCCCCCCCC(C)CC)COC(=O)CCCCC(=O)C[C@H]([C@H](n3ccc(N)nc3=O)O2)[C@@H](O)C[C@H]1O	1	1	C47H81N3O19P2	0.0	CHEBI_230401
CCCCC[C@H](O)CCCCC[C@@H](O)CCC[C@H](CC(=O)NCCS(=O)(=O)O)OC(=O)CCCC	1	1	C25H49NO8S	0.0	CHEBI_220868
CCCCCc1cc(O)c(OC(=O)c2c(CCC)cc(OC)cc2OC)c(O)c1C(=O)O	1	1	C24H30O8	0.0	CHEBI_144270
CCCCCc1cc(O)cc2oc(C[C@H](C)O)cc(=O)c12	1	1	C17H22O4	0.0	CHEBI_205860
CCCCCc1cccc([O-])c1C1=N[C@@H]([C@H]2SC[C@@H]([C@H]([O-])C(C)(C)C3=N[C@@](C)(C(=O)[O-])CS3)N2C)CS1.[Fe+3]	1	1	C27H36FeN3O4S3	0.0	CHEBI_219784
CCCCNC(=O)NS(=O)(=O)c1ccccc1	1	1	C11H16N2O3S	0.0	CHEBI_135054
CCCCOC(=O)CCSC	1	1	C8H16O2S	0.0	CHEBI_156073
CCCCOC(=O)c1c(O)cc(C)cc1Oc1c(OC)cc(O)cc1C(=O)OC	1	1	C21H24O8	0.0	CHEBI_198522
CCCCOC1CNC(=O)[C@H](CC(N)=O)NC(=O)[C@H](CO)NC(=O)[C@H](CC(N)=O)NC(=O)CNC(=O)[C@H](CCCCN)NC(=O)[C@H](C(O)c2ccc(O)cc2)NC(=O)[C@H](Cc2c[nH]c3ccccc23)NC(=O)CC(OC2OC[C@@H](O)[C@H](O)[C@H]2O)C1	1	1	C54H78N12O19	0.0	CHEBI_207810
CCCCOCC(=O)O	1	1	C6H12O3	0.0	CHEBI_173542
CCCCO[C@@H]1OC(COC(=O)C(C)C)[C@@H](OC(=O)C(C)C)[C@H](O)C1O[C@@H]1OC(C)[C@H](OC(=O)C(C)C)[C@H](OC(=O)CCC)C1O	1	1	C32H54O14	0.0	CHEBI_168333
CCCCO[C@@]1(C(C)=O)OC[C@H]2C=C[C@H]3C[C@@H](COC(C)=O)CC[C@@H]3[C@]21C	1	1	C22H34O5	0.0	CHEBI_217692
CCCCOc1ccc(C[N+]2(C)[C@@H]3CC[C@H]2C[C@@H](OC(=O)[C@H](CO)c2ccccc2)C3)cc1	1	1	C28H38NO4+	1.0	CHEBI_145697
CCCCOc1cccc(C2C(C(=O)c3cccs3)C(=O)C(=O)N2Cc2cccnc2)c1	1	1	C25H24N2O4S	0.0	CHEBI_107572
CCCC[C@@H](C)[C@@H](OC(=O)C[C@@H](CC(=O)O)C(=O)O)[C@H](C[C@@H](C)C[C@H](O)CCCC[C@@H](O)C[C@H](O)[C@H](C)NC(C)=O)OC(=O)C[C@@H](CC(=O)O)C(=O)O	1	1	C36H61NO16	0.0	CHEBI_184800
CCCC[C@@H](C)[C@@H]1[C@@H]2C=C[C@@H]3C(CC[C@H]3C)[C@]1(C)OC2=O	1	1	C19H30O2	0.0	CHEBI_228005
CCCC[C@@H](O)C#C[C@@H](O)/C=C\CCCCCCCC(=O)O	1	1	C18H30O4	0.0	CHEBI_226962
CCCC[C@@H]1OC(=O)[C@H]2[C@@H]1OC(=O)[C@@H]2C	1	1	C11H16O4	0.0	CHEBI_83948
CCCC[C@H]1CCCC[C@H](C)Cc2cc(O)c(c(O)c2)[C@@H](CCCC)CCCC[C@H](C)Cc2cc(O)c1c(O)c2	1	1	C36H56O4	0.0	CHEBI_218796
CCCC[C@H]1CCCC[C@H](C)Cc2cc(O)c(c(O)c2)[C@@H](CCCCCl)CCCC[C@H](C)[C@@H](O)c2cc(O)c1c(O)c2	1	1	C36H55ClO5	0.0	CHEBI_200348
CCCC[C@H]1CCCC[C@H](C)[C@@H](O)c2cc(O)c(c(O)c2)[C@@H](CCCCBr)CCCC[C@H](C)[C@@H](OC(N)=O)c2cc(O)c1c(O)c2	1	1	C37H56BrNO7	0.0	CHEBI_211903
CCCC[n+]1ccc2c3ccccc3n(Cc3ccccc3)c2c1	1	1	C22H23N2+	1.0	CHEBI_82668
CCCCc1c(O)cc(CCC)cc1O	1	1	C13H20O2	0.0	CHEBI_202572
CCCCc1ccc(NC(=O)Nc2ccc(N3CCN(C)CC3)cc2)c(C)c1	1	1	C23H32N4O	0.0	CHEBI_190625
CCCCc1nc(C)c(CC(=S)N(C)C)c(=O)n1Cc1ccc(-c2ccccc2-c2nnn[nH]2)cc1	1	1	C27H31N7OS	0.0	CHEBI_136044
CCCCc1ncsc1CCC	1	1	C10H17NS	0.0	CHEBI_187537
CCCCn1c(SCN2C(=O)c3ccccc3C2=O)nc2cc(S(N)(=O)=O)ccc21	1	1	C20H20N4O4S2	0.0	CHEBI_121776
CCCN(CCC)CCNC(=O)c1cc2c(=O)n(CC)c3ccccc3c2s1	1	1	C22H29N3O2S	0.0	CHEBI_105132
CCCN1CCN(C(=O)c2cccc3c2C(=O)N(CCOC)C3)CC1	1	1	C19H27N3O3	0.0	CHEBI_120555
CCCN1C[C@@H](C)[C@@H](OC)CN(C)C(=O)c2cc(NC(=O)Nc3cccc(F)c3)ccc2OC[C@@H]1C	1	1	C27H37FN4O4	0.0	CHEBI_104342
CCCN1C[C@@H](C)[C@@H](OC)CN(C)C(=O)c2cc(NC(=O)Nc3cccc(F)c3)ccc2OC[C@H]1C	1	1	C27H37FN4O4	0.0	CHEBI_104493
CCCN1C[C@@H](C)[C@H](OC)CN(C)C(=O)c2cc(NC(=O)Nc3cccc(F)c3)ccc2OC[C@@H]1C	1	1	C27H37FN4O4	0.0	CHEBI_104269
CCCN1C[C@H](C)[C@@H](OC)CN(C)C(=O)c2cc(NC(=O)Nc3cccc(F)c3)ccc2OC[C@H]1C	1	1	C27H37FN4O4	0.0	CHEBI_104455
CCCN1C[C@H](C)[C@H](OC)CN(C)C(=O)c2cc(NC(=O)Nc3cccc(F)c3)ccc2OC[C@@H]1C	1	1	C27H37FN4O4	0.0	CHEBI_104271
CCCN1C[C@H](C)[C@H](OC)CN(C)C(=O)c2cc(NC(=O)Nc3cccc(F)c3)ccc2OC[C@H]1C	1	1	C27H37FN4O4	0.0	CHEBI_104358
CCCNC(=O)C[C@@H]1C[C@@H]2c3cc(NC(=O)NC4CCCCC4)ccc3O[C@@H]2[C@@H](CO)O1	1	1	C24H35N3O5	0.0	CHEBI_98389
CCCNC(=O)C[C@@H]1C[C@@H]2c3cc(NC(=O)NC4CCCCC4)ccc3O[C@@H]2[C@H](CO)O1	1	1	C24H35N3O5	0.0	CHEBI_102210
CCCNC(=O)C[C@@H]1C[C@H]2c3cc(NC(=O)NC4CCCCC4)ccc3O[C@H]2[C@@H](CO)O1	1	1	C24H35N3O5	0.0	CHEBI_97359
CCCNC(=O)C[C@@H]1C[C@H]2c3cc(NC(=O)NC4CCCCC4)ccc3O[C@H]2[C@H](CO)O1	1	1	C24H35N3O5	0.0	CHEBI_99413
CCCNC(=O)C[C@H]1C[C@@H]2c3cc(NC(=O)NC4CCCCC4)ccc3O[C@@H]2[C@@H](CO)O1	1	1	C24H35N3O5	0.0	CHEBI_98517
CCCNC(=O)C[C@H]1C[C@@H]2c3cc(NC(=O)NC4CCCCC4)ccc3O[C@@H]2[C@H](CO)O1	1	1	C24H35N3O5	0.0	CHEBI_97215
CCCNC(=O)C[C@H]1C[C@H]2c3cc(NC(=O)NC4CCCCC4)ccc3O[C@H]2[C@@H](CO)O1	1	1	C24H35N3O5	0.0	CHEBI_101417
CCCNC(=O)C[C@H]1C[C@H]2c3cc(NC(=O)NC4CCCCC4)ccc3O[C@H]2[C@H](CO)O1	1	1	C24H35N3O5	0.0	CHEBI_98227
CCCNC(=O)N1CC2(C1)[C@@H](c1ccccc1)[C@@H](CO)N2C(=O)CC1CC1	1	1	C21H29N3O3	0.0	CHEBI_128424
CCCNC(=O)N1CC2(C1)[C@@H](c1ccccc1)[C@H](CO)N2C(=O)CC1CC1	1	1	C21H29N3O3	0.0	CHEBI_129244
CCCNC(=O)N1CC2(C1)[C@H](c1ccccc1)[C@H](CO)N2C(=O)CC1CC1	1	1	C21H29N3O3	0.0	CHEBI_128827
CCCNC(=O)N1CC2(CCN(C(=O)c3cccc(F)c3)CC2)c2c([nH]c3cc(OC)ccc23)[C@@H]1CO	1	1	C28H33FN4O4	0.0	CHEBI_130342
CCCNC(=O)N1CC2(CCN(C(=O)c3cccc(F)c3)CC2)c2c([nH]c3cc(OC)ccc23)[C@H]1CO	1	1	C28H33FN4O4	0.0	CHEBI_126609
CCCNC(=O)N1CCC2(CC1)CN(Cc1cccc(OC)c1)[C@@H](CO)c1[nH]c3cc(OC)ccc3c12	1	1	C29H38N4O4	0.0	CHEBI_128700
CCCNC(=O)N1CCC2(CC1)CN(Cc1cccc(OC)c1)[C@H](CO)c1[nH]c3cc(OC)ccc3c12	1	1	C29H38N4O4	0.0	CHEBI_130518
CCCNC(=O)N1C[C@@H]2N[C@H](C1)C2c1ccc(-c2cccc(F)c2)cc1	1	1	C21H24FN3O	0.0	CHEBI_125047
CCCN[C@H]1CCc2nc(N)sc2C1.Cl.Cl.O	1	1	C10H21Cl2N3OS	0.0	CHEBI_51147
CCCSSCCC	1	1	C6H14S2	0.0	CHEBI_45758
CCC[C@@H](C)[C@H](O)[C@H](C)[C@H]1OC(=O)[C@H]([C@@H](C)O)NC(=O)[C@H](C(C)C)OC(=O)[C@H](C)[C@H](O)[C@H]([C@@H](C)CC)NC(=O)[C@@]2(C)CSC(=N2)[C@@]2(C)CSC(=N2)c2csc(n2)C[C@H](OC)[C@@H]1C	1	1	C44H71N5O10S3	0.0	CHEBI_201284
CCC[C@@H]1C(O)=C2CC[C@]3(C)C[C@@H](C)[C@H](O3)[C@@H](O)C=C(C)C(=O)C[C@@H]1OC2=O	1	1	C22H32O6	0.0	CHEBI_212756
CCC[C@@H]1OCc2c(O)cccc2[C@H]1O	1	1	C12H16O3	0.0	CHEBI_209597
CCC[C@H](C)OC(=O)/C=C/c1ccc(O)c(O)c1	1	1	C14H18O4	0.0	CHEBI_70482
CCC[C@H](N[C@H](C)C(=O)O)C(=O)O	1	1	C8H15NO4	0.0	CHEBI_49259
CCC[C@H](O)C#N	1	1	C5H9NO	0.0	CHEBI_197363
CCC[C@H](O)CC/C=C/C(=O)O	1	1	C9H16O3	0.0	CHEBI_225831
CCC[C@H](O)[C@H](O)C[C@H]1OCc2c(OC)cccc21	1	1	C15H22O4	0.0	CHEBI_208105
CCC[C@H]1CCC(=C2C(=O)CCC2=O)O1	1	1	C12H16O3	0.0	CHEBI_224186
CCC[C@H]1C[C@@H]2CC[C@@H](O2)[C@H](C)C(=O)O[C@@H]([C@H](C)[C@H]2CC[C@@H](C[C@@H](CCC)N(C)C)O2)[C@H](C)[C@@H]2CC[C@@H](O2)[C@@H](C)C(=O)O1	1	1	C35H61NO7	0.0	CHEBI_200615
CCC[C@H]1OCC2=C([C@@H]1O)[C@H](O)[C@H]1OC1[C@@H]2O	1	1	C12H18O5	0.0	CHEBI_202525
CCC[C@H]1OCC2=C([C@H]1O)[C@H](O)[C@H]1OC1[C@@H]2O	1	1	C12H18O5	0.0	CHEBI_200388
CCC[CH2][Sn]([CH2]CCC)([CH2]CCC)[O][Sn]([CH2]CCC)([CH2]CCC)[CH2]CCC	1	1	C24H54OSn2	0.0	CHEBI_81543
CCC[N+](C)(C)CC[N+](C)(C)CCOC.[Cl-].[Cl-]	1	1	C12H30Cl2N2O	0.0	CHEBI_180200
CCCc1c(O)cc2oc3cc(Cl)cn3c(=O)c2c1O	1	1	C14H12ClNO4	0.0	CHEBI_203701
CCCc1cc(O)c2c(c1)OC(C)(CCC=C(C)C)C=C2	1	1	C19H26O2	0.0	CHEBI_228766
CCCc1nn(C)c2c(=O)[nH]c(-c3cc(C(=O)CN4CCN(CC)C(=O)C4)ccc3OCC)nc12	1	1	C25H32N6O4	0.0	CHEBI_228383
CCCc1occc(=O)c1CC=O	1	1	C10H12O3	0.0	CHEBI_108587
CCCn1c(=O)c2[nH]c(-c3ccc(OCC(=O)Nc4ccc(C#N)cc4)cc3)nc2n(CCC)c1=O	1	1	C26H26N6O4	0.0	CHEBI_93269
CCCn1c(=O)ccc(=O)n1-c1c(C)cccc1C	1	1	C15H18N2O2	0.0	CHEBI_227899
CCCn1c(C)cc(-c2csc(N)n2)c1C	1	1	C12H17N3S	0.0	CHEBI_104039
CCCn1c(N)c(C(=O)COC(=O)c2c(C)noc2C)c(=O)n(C)c1=O	1	1	C16H20N4O6	0.0	CHEBI_114925
CCCn1c(SCC(=O)Nc2nnc(-c3ccccc3)s2)nnc1-c1ccccn1	1	1	C20H19N7OS2	0.0	CHEBI_114416
CCN(C1CCCCC1)S(=O)(=O)c1cn(C)c(=O)n(C)c1=O	1	1	C14H23N3O4S	0.0	CHEBI_107054
CCN(CC(=O)NC(=O)NC1CCCCC1)Cc1nc(=O)c2ccccc2[nH]1	1	1	C20H27N5O3	0.0	CHEBI_111403
CCN(CC)C(=O)Cn1cc(C(=O)C(=O)Nc2ccc3c(c2)OCCO3)c2ccccc21	1	1	C24H25N3O5	0.0	CHEBI_121148
CCN(CC)C(=O)O	1	1	C5H11NO2	0.0	CHEBI_183300
CCN(CC)CC(=O)OCC(=O)[C@@]1(O)CC[C@H]2[C@@H]3CCC4=CC(=O)CC[C@]4(C)[C@H]3[C@@H](O)C[C@@]21C.[Cl-].[H+]	1	1	C27H42ClNO6	0.0	CHEBI_50854
CCN(CC)CCCNC(=O)CCC(=O)NNc1nc2ccccc2c2nc(C)nn12	1	1	C21H30N8O2	0.0	CHEBI_123154
CCN(CC)CCNC(=O)c1ccc(N)cc1.[Cl-].[H+]	1	1	C13H22ClN3O	0.0	CHEBI_8429
CCN(CC)CCNC(=O)c1ccc(NC(=O)c2cccc(S(=O)(=O)Nc3ccc(C)cc3)c2)cc1	1	1	C27H32N4O4S	0.0	CHEBI_103832
CCN(CC)CCOC(=O)C(c1ccccc1)C1CCCCC1	1	1	C20H31NO2	0.0	CHEBI_93825
CCN(CC)CCOC(=O)CC(O)(c1ccccc1)c1ccccc1.Cl	1	1	C21H28ClNO3	0.0	CHEBI_31480
CCN(CC)CCOCCOC(=O)C1(c2ccccc2)CCCC1.O=C(O)CC(O)(CC(=O)O)C(=O)O	1	1	C26H39NO10	0.0	CHEBI_31352
CCN(CC)S(=O)(=O)c1cc(C(=O)Nc2ccccc2[N+](=O)[O-])ccc1Cl	1	1	C17H18ClN3O5S	0.0	CHEBI_114791
CCN(CC)S(=O)(=O)c1ccc(C)cc1	1	1	C11H17NO2S	0.0	CHEBI_195017
CCN(CC)S(=O)(=O)c1ccc(N2CCN(C)CC2)c(NC(=O)Nc2ccccc2F)c1	1	1	C22H30FN5O3S	0.0	CHEBI_111419
CCN(CC)S(=O)(=O)c1cccc(NC(=O)CSc2nnc(N)s2)c1	1	1	C14H19N5O3S3	0.0	CHEBI_109639
CCN(CC)c1ccc(C2Nc3ccccc3NC3=C2C(=O)CC(c2ccccc2)C3)cc1	1	1	C29H31N3O	0.0	CHEBI_94967
CCN(CC)c1ccc2c(C)cc(=O)oc2c1	1	1	C14H17NO2	0.0	CHEBI_51938
CCN(CC)c1ccc2c(C=CC=CC=C3N(CCCS(=O)(=O)[O-])c4ccc(S(=O)(=O)[O-])cc4C3(C)CCCC(=O)O)cc(C(C)(C)C)[o+]c2c1	1	1	C38H47N2O9S2-	-1.0	CHEBI_52833
CCN(CCO)CCO	1	1	C6H15NO2	0.0	CHEBI_132187
CCN(C[C@@H]1[C@@H](c2ccc(-c3cccnc3)cc2)[C@@H](CO)N1C(C)=O)C(C)=O	1	1	C22H27N3O3	0.0	CHEBI_130139
CCN(C[C@@H]1[C@@H](c2ccc(-c3cccnc3)cc2)[C@H](CO)N1C(C)=O)C(C)=O	1	1	C22H27N3O3	0.0	CHEBI_125793
CCN(C[C@H]1[C@H](c2ccc(-c3cccnc3)cc2)[C@@H](CO)N1C(C)=O)C(C)=O	1	1	C22H27N3O3	0.0	CHEBI_130110
CCN(C[C@H]1[C@H](c2ccc(-c3cccnc3)cc2)[C@H](CO)N1C(C)=O)C(C)=O	1	1	C22H27N3O3	0.0	CHEBI_127502
CCN1C(=O)C(=CC2=Cc3ccccc3OC2C)SC1=S	1	1	C16H15NO2S2	0.0	CHEBI_120791
CCN1CCCC(Sc2nc3c([nH]2)c(=S)n(C)c(=O)n3C)C1	1	1	C14H21N5OS2	0.0	CHEBI_111237
CCN1CCC[C@H]1CNC(=O)c1cc(I)cc(OC)c1OC	1	1	C16H23IN2O3	0.0	CHEBI_125687
CCN1CCN(C(=O)Cc2ccc(Nc3ncc(F)c(Nc4ccc(C(=O)Nc5ccccc5Cl)cc4)n3)cc2)CC1	1	1	C31H31ClFN7O2	0.0	CHEBI_91365
CCN1CCN(CC(=O)Nc2ccc(-c3cccc4c(=O)cc(N5CCOCC5)oc34)c3sc4ccccc4c23)CC1	1	1	C33H34N4O4S	0.0	CHEBI_94302
CCN1CCN(Cc2ccc(C(=O)Nc3ccc(C)c(Oc4ccc5c(c4)CC(=O)N5)c3)cc2C(F)(F)F)CC1	1	1	C30H31F3N4O3	0.0	CHEBI_189867
CCN1C[C@@H](C)[C@H](OC)CN(C)C(=O)c2cc(NC(=O)NC(C)C)ccc2OC[C@H]1C	1	1	C23H38N4O4	0.0	CHEBI_115172
CCN1C[C@]2(C)CC[C@H](O)[C@]34C1[C@](O)(C[C@H]23)[C@@]1(O)CC[C@H]2C[C@@H]4[C@@H]1[C@H]2O	1	1	C21H33NO4	0.0	CHEBI_3412
CCNC(=O)C[C@@H]1N=C(c2ccc(Cl)cc2)c2cc(OC)ccc2-n2c(C)nnc21	1	1	C22H22ClN5O2	0.0	CHEBI_95082
CCNC(=O)[C@H](C)OC(=O)Nc1ccccc1	1	1	C12H16N2O3	0.0	CHEBI_3394
CCNS(=O)(=O)c1ccc(S(=O)(=O)N(Cc2ccccn2)C2CCCCC2)cc1	1	1	C20H27N3O4S2	0.0	CHEBI_114256
CCN[C@@H]1C[C@H](N)[C@@H](O[C@H]2OC(CN)=CC[C@H]2N)[C@H](O)[C@H]1O[C@H]1OC[C@](C)(O)[C@H](NC)[C@H]1O.CCN[C@@H]1C[C@H](N)[C@@H](O[C@H]2OC(CN)=CC[C@H]2N)[C@H](O)[C@H]1O[C@H]1OC[C@](C)(O)[C@H](NC)[C@H]1O.O=S(=O)(O)O.O=S(=O)(O)O.O=S(=O)(O)O.O=S(=O)(O)O.O=S(=O)(O)O	1	1	C42H92N10O34S5	0.0	CHEBI_7529
CCNc1nc(NC(C)C)nc(NC(C)(C)C)n1	1	1	C12H24N6	0.0	CHEBI_108283
CCOB(OCC)OCC	1	1	C6H15BO3	0.0	CHEBI_38916
CCOC(=O)/C=C(/CC(=O)O)C(=O)O	1	1	C8H10O6	0.0	CHEBI_174009
CCOC(=O)/C=C/C(O)/C=C\C=C\C(O)CCC(C)O	1	1	C15H24O5	0.0	CHEBI_202997
CCOC(=O)/C=C/I	1	1	C5H7IO2	0.0	CHEBI_187432
CCOC(=O)C(CC)Sc1ncnc2c1nnn2-c1ccc(F)cc1	1	1	C16H16FN5O2S	0.0	CHEBI_108088
CCOC(=O)C1=C(C)N=C(C)C(C(=O)OCC)C1c1ccccn1	1	1	C18H22N2O4	0.0	CHEBI_108245
CCOC(=O)C1=NN(C(=O)c2ccccc2)C(O)(c2ccc(C)cc2)C1	1	1	C20H20N2O4	0.0	CHEBI_109715
CCOC(=O)C1C(COCCN)=NC(C)=C(C(=O)OC)C1c1ccccc1Cl	1	1	C20H25ClN2O5	0.0	CHEBI_94415
CCOC(=O)C=Cn1nnc(-c2cccc(Cl)c2)n1	1	1	C12H11ClN4O2	0.0	CHEBI_95024
CCOC(=O)CCCSC(C)=O	1	1	C8H14O3S	0.0	CHEBI_173908
CCOC(=O)COc1cc(-c2nn(C)c(OC(F)F)c2Cl)c(F)cc1Cl	1	1	C15H13Cl2F3N2O4	0.0	CHEBI_81828
CCOC(=O)Cn1c2ccccc2c2nc3cc4ccccc4cc3nc21	1	1	C22H17N3O2	0.0	CHEBI_235
CCOC(=O)Nc1cccc(NC(=O)c2cc(OC)cc(OC)c2)c1	1	1	C18H20N2O5	0.0	CHEBI_94232
CCOC(=O)[C@@H](N)CCCNC(=N)N	1	1	C8H18N4O2	0.0	CHEBI_2818
CCOC(=O)[C@H](c1ccccc1)[C@H]1CCCCN1	1	1	C15H21NO2	0.0	CHEBI_228486
CCOC(=O)[C@H]1O[C@@H]([C@]2(C)O[C@]3(O[C@]4(C=C[C@H]3O)O[C@H]([C@@H](C)C(=O)[C@@H](C)[C@@H](O)[C@H](C)C[C@H](C)c3ccc(CC)c(O)c3C(=O)O)[C@@H](C)C[C@H]4C)[C@H](C)[C@H]2OC)C[C@H]1O	1	1	C44H66O14	0.0	CHEBI_223749
CCOC(=O)[C@]1(C)CCC[C@@]2(C)[C@H]1CC=C1C=C(C(C)C)CC[C@@H]12	1	1	C22H34O2	0.0	CHEBI_170129
CCOC(=O)[C@]1(Cc2ccc3c(c2)C[C@H](C(C)(C)O)O3)OC(=O)C(O)=C1c1ccc(O)cc1	1	1	C25H26O8	0.0	CHEBI_208397
CCOC(=O)c1[nH]c2c(c1-c1ccccc1)C(=O)CC(c1ccc(OC)c(OC)c1)C2	1	1	C25H25NO5	0.0	CHEBI_121791
CCOC(=O)c1[nH]c2ccc(Br)cc2c1NC(=O)CCN1CCCC(C)(C)C1	1	1	C21H28BrN3O3	0.0	CHEBI_114270
CCOC(=O)c1c(C)n(Cc2ccccc2)c2ccc(OCC(O)Cn3nc(C)nc3C)cc12	1	1	C26H30N4O4	0.0	CHEBI_107923
CCOC(=O)c1cc(C)nc(Sc2ccccc2)c1C#N	1	1	C16H14N2O2S	0.0	CHEBI_183327
CCOC(=O)c1cc2c(ccn2C)n1CC(=O)N1C(C)CCCC1C	1	1	C19H27N3O3	0.0	CHEBI_114340
CCOC(=O)c1ccc(-c2ccc(OC(=O)N(C)Cc3cccc(-c4ccncc4)c3)cc2)cc1	1	1	C29H26N2O4	0.0	CHEBI_188795
CCOC(=O)c1ncc2[nH]c3ccc(OCc4ccccc4)cc3c2c1COC	1	1	C23H22N2O4	0.0	CHEBI_92593
CCOC(=O)c1sc(-c2ccccc2)cc1N	1	1	C13H13NO2S	0.0	CHEBI_121667
CCOC(=O)c1sc(N2N=C(C)C(=Cc3ccc(OCC(=O)OC)cc3)C2=O)nc1C	1	1	C21H21N3O6S	0.0	CHEBI_113205
CCOC1=C(C)OC(C)C1=O	1	1	C8H12O3	0.0	CHEBI_169451
CCOC=C1N=C(/C=C/c2ccccc2)OC1=O	1	1	C14H13NO3	0.0	CHEBI_58995
CCOCCCNC(=O)C(NC(=O)c1cnccn1)c1ccc(OC)cc1	1	1	C19H24N4O4	0.0	CHEBI_105532
CCOCCCNC(=O)c1c(N)n(-c2ccc(S(N)(=O)=O)cc2)c2nc3ccccc3nc12	1	1	C22H24N6O4S	0.0	CHEBI_120722
CCOCCn1c(C2CCN(CCc3ccc(C(C)(C)C(=O)O)cc3)CC2)nc2ccccc21	1	1	C28H37N3O3	0.0	CHEBI_135954
CCOP(=S)(CC)Oc1cc(Cl)c(Cl)cc1Cl	1	1	C10H12Cl3O2PS	0.0	CHEBI_82150
CCOP(=S)(OCC)Oc1ncn(-c2ccccc2)n1	1	1	C12H16N3O3PS	0.0	CHEBI_38963
CCOP(=S)(Oc1ccc([N+](=O)[O-])cc1)c1ccccc1	1	1	C14H14NO4PS	0.0	CHEBI_34733
CCO[C@@H](C[C@@H](O)C(=O)OC)c1c(O)c(OC)c(C)c2c1Oc1c(C)cc(O)cc1OC2=O	1	1	C23H26O10	0.0	CHEBI_208104
CCO[C@@H]1C=C2[C@@H]3CC[C@H]([C@H](C)/C=C/[C@H](C)C(C)C)[C@@]3(C)CC[C@@H]2[C@@]2(C)CC[C@H](O)C[C@]12O	1	1	C30H50O3	0.0	CHEBI_198465
CCO[C@@H]1C[C@H]2C(C)(C)[C@H](OC(C)=O)CC[C@]2(C)C2=C1[C@]1(C)[C@@H](OC(C)=O)C[C@H]([C@H](C)C(C/C=C(\C)C(=O)O)OC(C)=O)[C@@]1(C)CC2	1	1	C38H58O9	0.0	CHEBI_215010
CCO[C@H](C[C@@H](O)C(=O)OC)c1c(O)c(OC)c(C)c2c1Oc1c(C)cc(O)cc1OC2=O	1	1	C23H26O10	0.0	CHEBI_208099
CCO[C@H]1c2c([nH]c3c4c(ccc23)OC(C)(C)C=C4)C(C)(C)[C@@H]2C[C@]34CCCN3C(=O)[C@]12NC4=O	1	1	C28H33N3O4	0.0	CHEBI_226964
CCOc1cc(Cl)c(CS(=O)(=O)C2=NOC(C)(C)C2)cc1Cl	1	1	C14H17Cl2NO4S	0.0	CHEBI_173078
CCOc1cc(NC(=S)Nc2ccccc2)c(OCC)cc1NC(=O)c1ccc(OC)cc1	1	1	C25H27N3O4S	0.0	CHEBI_121365
CCOc1ccc(NC(=O)c2cc3c(=O)n(C)c4ccccc4c3n2C)cc1	1	1	C22H21N3O3	0.0	CHEBI_121833
CCOc1ccc(NC(=O)c2ccc(CNc3c(NC4CCCCC4)c(=O)c3=O)cc2)cc1	1	1	C26H29N3O4	0.0	CHEBI_109126
CCOc1cccc2ccccc12	1	1	C12H12O	0.0	CHEBI_167813
CCSC(C)=O	1	1	C4H8OS	0.0	CHEBI_179440
CCSCC[C@H](NC(=O)[C@H](C)N)C(=O)O	1	1	C9H18N2O3S	0.0	CHEBI_83158
CCSc1nn2c(=O)c3ccccc3nc2s1	1	1	C11H9N3OS2	0.0	CHEBI_114885
CCSc1nncn1N=Cc1ccc(OC)c(OC)c1	1	1	C13H16N4O2S	0.0	CHEBI_108508
CC[C@@H](C(N)=O)N1C[C@H](C=C(F)F)CC1=O	1	1	C10H14F2N2O2	0.0	CHEBI_188602
CC[C@@H](C)CC/C=C/C(C)=C/[C@H](C)C/C=C/C=C/C(=O)O	1	1	C19H30O2	0.0	CHEBI_193385
CC[C@@H](C)[C@@H](N)C(=O)[O-]	1	1	C6H12NO2-	-1.0	CHEBI_32608
CC[C@@H](C)[C@@H]([NH3+])C(=O)O	1	1	C6H14NO2+	1.0	CHEBI_32609
CC[C@@H](C)[C@H]1NC(=O)[C@H](Cc2ccccc2)NC(=O)[C@@H]([C@H](C)CC)NC(=O)[C@@H](C(C)C)NC(=O)[C@@H]([C@H](C)CC)NC(=O)[C@H]([C@@H](C)CC)NC(=O)[C@@H](C)NC1=O	1	1	C41H67N7O7	0.0	CHEBI_208358
CC[C@@H](CC1=CCCC1=O)C(=O)O	1	1	C10H14O3	0.0	CHEBI_202101
CC[C@@H](CO)NCCN[C@@H](CC)CO	1	1	C10H24N2O2	0.0	CHEBI_4877
CC[C@@H](O)/C=C/C=C\CC(O)/C=C/C=C/C=C\C(O)CCCC(=O)O	1	1	C20H30O5	0.0	CHEBI_136359
CC[C@@H](O)/C=C/C=C\CC(O)/C=C/C=C/C=C\C(O)CCCC(=O)[O-]	1	1	C20H29O5-	-1.0	CHEBI_133822
CC[C@@H](O)/C=C/C=C\C[C@H](O)/C=C/C=C\C=C\[C@H](O)CCCC(=O)O	1	1	C20H30O5	0.0	CHEBI_175486
CC[C@@H](O)/C=C/[C@@H]1O[C@@H]([C@H](O)CCCCCCCC(=O)O)C[C@H]1O	1	1	C18H32O6	0.0	CHEBI_187248
CC[C@@H](O)C(=O)O	1	1	C4H8O3	0.0	CHEBI_50612
CC[C@@H](O)C(=O)SCCNC(=O)CCNC(=O)[C@H](O)C(C)(C)COP(=O)(O)OP(=O)(O)OC[C@H]1O[C@@H](n2cnc3c(N)ncnc32)[C@H](O)[C@@H]1OP(=O)(O)O	1	1	C25H42N7O18P3S	0.0	CHEBI_87475
CC[C@@H](O)C(=O)SCCNC(=O)CCNC(=O)[C@H](O)C(C)(C)COP(=O)([O-])OP(=O)([O-])OC[C@H]1O[C@@H](n2cnc3c(N)ncnc32)[C@H](O)[C@@H]1OP(=O)([O-])[O-]	1	1	C25H38N7O18P3S-4	-4.0	CHEBI_87474
CC[C@@H](O)C(=O)[O-]	1	1	C4H7O3-	-1.0	CHEBI_232384
CC[C@@H]1CN2[C@H]3C[C@]45CC3[C@H]1C[C@H]2[C@@H]4N(C)c1ccccc15	1	1	C20H26N2	0.0	CHEBI_37673
CC[C@@H]1C[C@H](C)[C@H](C(C)(O)/C=C/C(=O)N[C@H](CO)[C@@H](C)CC)O1	1	1	C18H33NO4	0.0	CHEBI_207340
CC[C@@H]1OC(=O)c2cc(O)ccc21	1	1	C10H10O3	0.0	CHEBI_209666
CC[C@@](O)(c1ccc(OC)cc1)[C@@H](c1ccccc1)c1ccccn1	1	1	C22H23NO2	0.0	CHEBI_79955
CC[C@@]1(O)C[C@H](O[C@H]2CC[C@H](O[C@H]3C[C@H](O)[C@H](O[C@H]4CC[C@H](O)[C@H](C)O4)[C@H](C)O3)[C@H](C)O2)c2c(O)c3c(c(O)c2[C@H]1O)C(=O)c1cccc(O)c1C3=O	1	1	C38H48O15	0.0	CHEBI_209397
CC[C@@]1(O)C[C@H](O[C@H]2C[C@H]([NH+](C)C)[C@H](O[C@H]3C[C@H](O)[C@H](O[C@H]4C=CC(=O)[C@H](C)O4)[C@H](C)O3)[C@H](C)O2)c2c(cc3c(c2O)C(=O)c2c(O)cccc2C3=O)[C@H]1C(=O)OC	1	1	C42H52NO15+	1.0	CHEBI_74929
CC[C@H](C(=O)N1CCCC[C@H]1C(=O)O[C@H](CCc1ccc(OC)c(OC)c1)c1ccccc1OC/C(O)=N/CCCCCC/C(O)=N/[C@H](C(=O)N1C[C@H](O)C[C@H]1/C(O)=N/[C@@H](C)c1ccc(-c2scnc2C)cc1)C(C)(C)C)c1cc(OC)c(OC)c(OC)c1	1	1	C68H90N6O14S	0.0	CHEBI_233323
CC[C@H](C)C(=O)C/C=C/C(C)C[C@@H](O)[C@@H](CC)C(=O)[O-]	1	1	C16H27O4-	-1.0	CHEBI_88037
CC[C@H](C)C(=O)O[C@H]1CCC=C2C=C[C@H](C)[C@H](CC[C@@H]3C[C@@H](O)CC(=O)O3)[C@@H]21	1	1	C23H34O5	0.0	CHEBI_94576
CC[C@H](C)C(=O)O[C@H]1CCC=C2C=C[C@H](C)[C@H](CC[C@@H]3C[C@@H](O)CC(=O)O3)[C@H]21	1	1	C23H34O5	0.0	CHEBI_34848
CC[C@H](C)CCc1c(O)c(C)c(O)c2c1C(=O)c1c(O)cccc1C2=O	1	1	C21H22O5	0.0	CHEBI_67279
CC[C@H](C)[C@@H](C(=O)O)n1cc2c3c(c(C)cc(O)c3c1=O)[C@]1(OC)[C@H](C2=O)[C@]23COC(=O)c4c(O)cc(C)c(c42)C(=O)[C@H]1[C@@H]3OC(C)=O	1	1	C35H33NO12	0.0	CHEBI_225899
CC[C@H](C)[C@@H]1NC(=O)[C@@H]2CC(=O)NCC(=O)N[C@@H](CC(C)C)C(=O)N3CCC[C@H]3C(=O)N[C@@H](Cc3c[nH]c4ccccc34)C(=O)NCC(=O)N[C@@H](CSSC[C@@H](C(=O)O)NC(=O)[C@H](C)NC(=O)[C@H](Cc3c[nH]c4ccccc34)NC(=O)[C@@H]3CCCN3C(=O)[C@H]([C@@H](C)O)NC(=O)[C@H](CC(N)=O)NC(=O)[C@H](Cc3c[nH]c4ccccc34)NC(=O)CNC(=O)[C@@H]3CCCN3C1=O)C(=O)N1CCC[C@H]1C(=O)N[C@@H](CO)C(=O)N2	1	1	C95H125N23O24S2	0.0	CHEBI_217298
CC[C@H](C)[C@@H]1NC(=O)[C@@H]2[C@@H](C)CCN2C(=O)[C@@H](CC(C)C)OC(=O)CCNC(=O)[C@H](C)N(C)C(=O)[C@H]([C@@H](C)CC)N(C)C1=O	1	1	C32H55N5O7	0.0	CHEBI_226538
CC[C@H](C)[C@@H]1NC(=O)[C@H](CC(C)C)NC(=O)[C@H](C(C)C)NC(=O)[C@H](CC(C)C)NC1=O	1	1	C23H42N4O4	0.0	CHEBI_198143
CC[C@H](C)[C@@H]1NC(=O)[C@H](CC(C)C)NC(=O)[C@H]([C@@H](C)CC)NC(=O)[C@H](C(C)C)NC1=O	1	1	C23H42N4O4	0.0	CHEBI_221356
CC[C@H](C)[C@@H]1NC(=O)[C@H](Cc2ccccc2)N(C)C(=O)[C@H](CC(C)C)N2C(=O)[C@H](CC[C@H]2O)NC(=O)C(C[C@H]2C=C[C@H](O)CC2)NC(=O)[C@@H](NC(=O)[C@H](CCC(N)=O)NC(=O)[C@H](O)Cc2ccc(O)cc2)[C@@H](C)OC1=O	1	1	C54H76N8O14	0.0	CHEBI_201066
CC[C@H](C)[C@@H]1NC(=O)[C@H](Cc2ccccc2)N(C)C(=O)[C@H]([C@@H](C)CC)N2C(=O)[C@H](CC[C@H]2OC)NC(=O)[C@H](CCCN=C(N)N)NC(=O)[C@@H](NC(=O)[C@@H](COS(=O)(=O)O)OS(=O)(=O)O)[C@@H](C)OC1=O	1	1	C41H65N9O17S2	0.0	CHEBI_207381
CC[C@H](C)[C@@H]1NC(=O)[C@H]([C@@H](C)O)NC(=O)[C@H](Cc2ccccc2)NC(=O)[C@H]([C@@H](C)O)NC(=O)CNC(=O)c2csc1n2	1	1	C28H38N6O7S	0.0	CHEBI_205970
CC[C@H](C)[C@H](N)C(=O)N1CCC[C@H]1C(=O)N[C@@H](Cc1c[nH]c2ccccc12)C(=O)O	1	1	C22H30N4O4	0.0	CHEBI_158722
CC[C@H](C)[C@H](N)C(=O)N[C@@H](CCCCN)C(=O)N[C@@H](CCC(=O)O)C(=O)O	1	1	C17H32N4O6	0.0	CHEBI_158582
CC[C@H](C)[C@H](N)C(=O)N[C@@H](CCCCN)C(=O)N[C@@H](CO)C(=O)O	1	1	C15H30N4O5	0.0	CHEBI_158600
CC[C@H](C)[C@H](N)C(=O)N[C@@H](CO)C(=O)N[C@H](C(=O)O)[C@@H](C)CC	1	1	C15H29N3O5	0.0	CHEBI_158746
CC[C@H](C)[C@H](N)C(=O)N[C@@H](Cc1cnc[nH]1)C(=O)N[C@@H](Cc1cnc[nH]1)C(=O)O	1	1	C18H27N7O4	0.0	CHEBI_158465
CC[C@H](C)[C@H](N)C(=O)N[C@@H](Cc1cnc[nH]1)C(=O)N[C@H](C(=O)O)C(C)C	1	1	C17H29N5O4	0.0	CHEBI_158488
CC[C@H](C)[C@H](N)C(=O)N[C@H](C(=O)N1CCC[C@@H]1C(=O)O)[C@@H](C)O	1	1	C15H27N3O5	0.0	CHEBI_158796
CC[C@H](C)[C@H](N)C(=O)N[C@H](C(=O)N[C@@H](CS)C(=O)O)[C@@H](C)CC	1	1	C15H29N3O4S	0.0	CHEBI_158498
CC[C@H](C)[C@H](N)C(=O)N[C@H](C(=O)N[C@H](C(=O)O)[C@@H](C)O)C(C)C	1	1	C15H29N3O5	0.0	CHEBI_158921
CC[C@H](C)[C@H](N)C(=O)[O-]	1	1	C6H12NO2-	-1.0	CHEBI_32604
CC[C@H](C)[C@H](N)CC[C@@H](C)C(=O)NCC(=O)N[C@@H](Cc1ccccc1)C(=O)N[C@@H](CC[C@H](CN)O[C@@H]1O[C@H](CO)[C@H](O)[C@H](O)[C@H]1O)C(=O)NCC(=O)N[C@@H](CCC(=O)O)C(=O)N[C@@H](CCC(N)=O)C(=O)NCC(=O)N1CCC[C@H]1C(=O)N[C@@H](CCCCN)C(=O)NCC(=O)N[C@@H](CCC(=O)O)C(=O)N[C@H](C(=O)O)[C@@H](C)O	1	1	C69H112N16O26	0.0	CHEBI_63128
CC[C@H](C)[C@H](NC(=O)/C=C/C=C/C=C/C=C/C=C/C=C/C=C/C(=O)N[C@@H](CCC(=O)O)C(=O)O)C(=O)O	1	1	C27H34N2O8	0.0	CHEBI_208830
CC[C@H](C)[C@H](NC(=O)[C@@H](CCC(=O)O)NC(=O)[C@H](CC(C)C)NC(=O)c1csc(C(=O)C(C)C)n1)C(=O)NCCCC[C@@H]1NC(=O)[C@H](CC(N)=O)NC(=O)[C@@H](CC(=O)O)NC(=O)[C@H](Cc2cnc[nH]2)NC(=O)[C@@H](Cc2ccccc2)NC(=O)[C@H]([C@@H](C)CC)NC(=O)[C@@H](CCCN)NC1=O	1	1	C65H96N16O17S	0.0	CHEBI_205086
CC[C@H](C)[C@H](NC(=O)[C@@H](N)C(C)C)C(=O)N[C@@H](Cc1ccccc1)C(=O)O	1	1	C20H31N3O4	0.0	CHEBI_166246
CC[C@H](C)[C@H](NC(=O)[C@@H](N)C(C)C)C(=O)N[C@H](C(=O)O)[C@@H](C)O	1	1	C15H29N3O5	0.0	CHEBI_166249
CC[C@H](C)[C@H](NC(=O)[C@@H](N)CC(N)=O)C(=O)N[C@@H](CC(=O)O)C(=O)O	1	1	C14H24N4O7	0.0	CHEBI_159840
CC[C@H](C)[C@H](NC(=O)[C@@H](N)CC(N)=O)C(=O)N[C@@H](CCCCN)C(=O)O	1	1	C16H31N5O5	0.0	CHEBI_159856
CC[C@H](C)[C@H](NC(=O)[C@@H](N)CCCCN)C(=O)N[C@@H](Cc1ccccc1)C(=O)NCC(=O)N[C@@H](CO)C(=O)N[C@@H](CC(C)C)C(=O)N[C@@H](C)C(=O)N[C@@H](Cc1ccccc1)C(=O)N[C@@H](CC(C)C)C(=O)O	1	1	C50H78N10O11	0.0	CHEBI_230310
CC[C@H](C)[C@H](NC(=O)[C@@H](N)CCCN=C(N)N)C(=O)N[C@@H](CCC(=O)O)C(=O)O	1	1	C17H32N6O6	0.0	CHEBI_159050
CC[C@H](C)[C@H](NC(=O)[C@@H](N)CCSC)C(=O)N[C@@H](CCCN=C(N)N)C(=O)O	1	1	C17H34N6O4S	0.0	CHEBI_160808
CC[C@H](C)[C@H](NC(=O)[C@@H](N)CCSC)C(=O)N[C@@H](Cc1ccc(O)cc1)C(=O)O	1	1	C20H31N3O5S	0.0	CHEBI_160841
CC[C@H](C)[C@H](NC(=O)[C@@H](N)[C@@H](C)O)C(=O)N[C@@H](CC(C)C)C(=O)O	1	1	C16H31N3O5	0.0	CHEBI_163988
CC[C@H](C)[C@H](NC(=O)[C@@H](N)[C@@H](C)O)C(=O)N[C@@H](CCCCN)C(=O)O	1	1	C16H32N4O5	0.0	CHEBI_163990
CC[C@H](C)[C@H](NC(=O)[C@@H](NC(=O)CN)[C@@H](C)CC)C(=O)O	1	1	C14H27N3O4	0.0	CHEBI_163766
CC[C@H](C)[C@H](NC(=O)[C@@H]1CCCN1C(=O)[C@H](CCC(=O)O)NC(=O)[C@@H](NC(=O)[C@H](Cc1ccccc1)NC(=O)[C@@H]1CCCN1C(=O)[C@@H](N)Cc1ccc(O)cc1)C(C)C)C(=O)O	1	1	C44H61N7O11	0.0	CHEBI_149635
CC[C@H](C)[C@H](NC(=O)[C@@H]1CCCN1C(=O)[C@H](CCC(=O)[O-])NC(=O)[C@@H](NC(=O)[C@H](Cc1ccccc1)NC(=O)[C@@H]1CCCN1C(=O)[C@@H]([NH3+])Cc1ccc(O)cc1)C(C)C)C(=O)[O-]	1	1	C44H60N7O11-	-1.0	CHEBI_147390
CC[C@H](C)[C@H](NC(=O)[C@H](CC(N)=O)NC(=O)/C=C\C=C\CCC(C)C)C(=O)N[C@H](Cc1ccccc1)C(=O)N[C@H](CC(=O)O)C(=O)N[C@@H](CC(=O)O)C(=O)N[C@@H]1C(=O)N(C)[C@H](C(C)C)C(=O)NCC(=O)NCC(=O)N[C@H](CCC(=O)O)C(=O)N[C@@H](C)C(=O)N2CCC[C@H]2C(=O)O[C@@H]1C	1	1	C64H93N13O21	0.0	CHEBI_224417
CC[C@H](C)[C@H](NC(=O)[C@H](CC(N)=O)NC(=O)[C@@H](N)CCC(=O)O)C(=O)O	1	1	C15H26N4O7	0.0	CHEBI_162748
CC[C@H](C)[C@H](NC(=O)[C@H](CCC(N)=O)N(C)C(=O)[C@H](OC(=O)[C@@H](O)C(C)C)C(C)C)C(=O)N[C@@H](C)C(=O)N(C)[C@H](Cc1ccccc1)C(=O)N1CCC[C@H]1C(=O)OC	1	1	C41H64N6O11	0.0	CHEBI_213103
CC[C@H](C)[C@H](NC(=O)[C@H](CCC(N)=O)NC(=O)[C@@H](N)CCC(N)=O)C(=O)O	1	1	C16H29N5O6	0.0	CHEBI_162077
CC[C@H](C)[C@H](NC(=O)[C@H](Cc1ccc(O)cc1)NC(=O)[C@@H](N)CCC(N)=O)C(=O)O	1	1	C20H30N4O6	0.0	CHEBI_162589
CC[C@H](C)[C@H](NC(=O)[C@H](O)[C@H](N)CCCCCCC(Cl)Cl)C(=O)N(C)[C@@H](CC(C)C)C(=O)N1CCC[C@H]1C(=O)N[C@@H](Cc1ccc(O)cc1)C(=O)O	1	1	C37H59Cl2N5O8	0.0	CHEBI_217642
CC[C@H](C)[C@H](NC(=O)[C@H]1CCCCN1C)C(=O)N(COC(C)=O)[C@H](C[C@@H](OC(C)=O)c1nc(C(=O)N[C@@H](Cc2ccc(O)cc2)C[C@H](C)C(=O)O)cs1)C(C)C	1	1	C40H59N5O10S	0.0	CHEBI_218315
CC[C@H](C)[C@H]([NH3+])C(=O)O	1	1	C6H14NO2+	1.0	CHEBI_32605
CC[C@H](C)[C@H]([NH3+])C(=O)OP(=O)([O-])OC[C@H]1O[C@@H](n2cnc3c(N)ncnc32)[C@H](O)[C@@H]1O	1	1	C16H25N6O8P	0.0	CHEBI_178002
CC[C@H](C)[C@H]1C(=O)NCC(=O)N(C)[C@@H](C(C)C)C(=O)N[C@@H](Cc2ccc(OC)cc2)C(=O)O[C@H](C(C)C)C(=O)N2CCCC[C@H]2C(=O)N(C)[C@@H](C(C)C)C(=O)N[C@@H](C(C)C)C(=O)N(C)[C@@H](CC(=O)O)C(=O)N(C)[C@@H]([C@@H](C)CC)C(=O)N1C	1	1	C59H95N9O14	0.0	CHEBI_209781
CC[C@H](C)[C@H]1C(=O)N[C@@H](CC(=O)O)C(=O)N(C)[C@@H](C(C)C)C(=O)N[C@@H](CC(C)C)C(=O)O[C@H](C)C(=O)N2CCCC[C@H]2C(=O)N(C)[C@@H](C(C)C)C(=O)N[C@@H](C(C)C)C(=O)N(C)[C@@H](CC(=O)O)C(=O)N(C)[C@@H]([C@@H](C)CC)C(=O)N1C	1	1	C55H93N9O15	0.0	CHEBI_214342
CC[C@H](C)[C@H]1NC(=O)[C@H](CC(C)C)NC(=O)[C@H]2CCCNN2C(=O)[C@H](C)N(C)C(=O)[C@H]2CCCNN2C(=O)[C@@H]2CCCNN2C1=O	1	1	C31H53N9O6	0.0	CHEBI_199312
CC[C@H](C)[C@H]1OC(=O)[C@H](C(C)C)N(C)C(=O)[C@@H](C(C)C)OC(=O)[C@H](C(C)C)N(C)C(=O)[C@@H]([C@@H](C)CC)OC(=O)[C@H](C(C)C)N(C)C1=O	1	1	C35H61N3O9	0.0	CHEBI_216339
CC[C@H](CO)NCCN[C@H](CC)CO	1	1	C10H24N2O2	0.0	CHEBI_94654
CC[C@H](N)C(=O)OC(=O)CC[C@H](N)C(=O)O	1	1	C9H16N2O5	0.0	CHEBI_144027
CC[C@H](O)/C=C/C=C\C[C@@H](O)/C=C/C=C/C=C\[C@@H](O)CCCC(=O)O	1	1	C20H30O5	0.0	CHEBI_137038
CC[C@H](O)/C=C/c1ccc(C)c(=O)o1	1	1	C11H14O3	0.0	CHEBI_206296
CC[C@H](O)C(=O)O	1	1	C4H8O3	0.0	CHEBI_50613
CC[C@H](O)CC(=O)C(=O)O	1	1	C6H10O4	0.0	CHEBI_73151
CC[C@H](O)CC(=O)C(=O)[O-]	1	1	C6H9O4-	-1.0	CHEBI_73142
CC[C@H](O)CCc1ccc(C(=O)O)o1	1	1	C10H14O4	0.0	CHEBI_207614
CC[C@H](O[C@@H]1C[C@H](OC(=O)c2ccc(O)c(O)c2)[C@@H](OC)[C@H](C)O1)[C@H](C)[C@H](O)[C@@H](C)[C@H](O)[C@H](C)[C@@H]1OC(=O)C=C[C@H](C)[C@H](O)C[C@H](O)[C@@H](C)CCC[C@@H](C)[C@H](O)C(=O)[C@]2(O)O[C@H](C[C@@H](OC(C)=O)C[C@H](O)CCC[C@@H](O)[C@@H]3O[C@H]3[C@@H]1C)C[C@H](O)[C@H]2O	1	1	C62H100O24	0.0	CHEBI_202109
CC[C@H]1/C=C/[C@H](O)[C@H](C=C(C)C)OC(=O)[C@]2(C)C=CC(=O)NC3=C2C(=O)c2c(cc(C)c(O)c2C(=O)CC1)C3=O	1	1	C31H33NO8	0.0	CHEBI_218090
CC[C@H]1C(=O)O[C@H](C)[C@H](NC(=O)c2cccc(NC=O)c2O)C(=O)O[C@@H](C)[C@@H]1OC(=O)c1ccccc1	1	1	C26H28N2O9	0.0	CHEBI_206967
CC[C@H]1CC/C(=C2\C(=O)O[C@H](C)C2=O)O1	1	1	C11H14O4	0.0	CHEBI_205944
CC[C@H]1CN2CCc3ccccc3[C@@H]2C[C@@H]1C[C@H]1NCCc2c1[nH]c1ccccc21	1	1	C27H33N3	0.0	CHEBI_36379
CC[C@H]1C[C@@H]2C[C@@H]3[C@H]4C/C=C\C(=O)NCC[C@H](O)[C@@H]5NC(=O)C(=C(O)/C=C/[C@@H]4CC(=O)[C@H]3[C@]2(O)[C@H]1C)C5=O	1	1	C29H38N2O7	0.0	CHEBI_207698
CC[C@H]1OC(=O)C[C@@H](O)[C@H](C)[C@@H](O[C@@H]2O[C@H](C)[C@@H](O[C@H]3C[C@@](C)(O)[C@@H](O)[C@H](C)O3)[C@H](N(C)C)[C@H]2O)[C@@H](CC=O)C[C@@H](C)C(=O)/C=C/C(C)=C/[C@@H]1CO[C@@H]1O[C@H](C)[C@@H](O)[C@@H](O)[C@H]1O	1	1	C44H73NO17	0.0	CHEBI_15906
CC[C@H]1OC(=O)C[C@@H](O)[C@H](C)[C@@H](O[C@@H]2O[C@H](C)[C@@H](O[C@H]3C[C@@](C)(O)[C@@H](O)[C@H](C)O3)[C@H]([NH+](C)C)[C@H]2O)[C@@H](CC=O)C[C@@H](C)C(=O)/C=C/C(C)=C/[C@@H]1CO[C@@H]1O[C@H](C)[C@@H](O)[C@@H](O)[C@H]1O	1	1	C44H74NO17+	1.0	CHEBI_76819
CC[C@H]1OC(=O)[C@H](C)[C@@H](O)C[C@@H](O)C[C@@H](O)CCC[C@@H](O)C[C@@H](O)[C@@H](C(=O)O)[C@H](O)/C=C\C=C/C=C\C=C/C=C\[C@@H]1C	1	1	C32H50O10	0.0	CHEBI_221323
CC[C@H]1OC(=O)[C@H](C)[C@@H](O[C@H]2C[C@@](C)(OC)[C@@H](O)[C@H](C)O2)[C@H](C)[C@@H](O[C@@H]2O[C@H](C)C[C@H](N(C)C)[C@H]2O)[C@](C)(OC)C[C@@H](C)C(=O)[C@H](C)[C@@H](O)[C@]1(C)O	1	1	C38H69NO13	0.0	CHEBI_3732
CC[C@]1(O)CC[C@H]2[C@@H]3CCC4=CCCC[C@@H]4[C@H]3CC[C@@]21C	1	1	C20H32O	0.0	CHEBI_31578
CC[C@]12C=CC(=O)N3CC[C@]4(C(=C(C(=O)OC)C1)Nc1cc(OC)c(O)cc14)[C@@H]32	1	1	C22H24N2O5	0.0	CHEBI_66121
CC[C@]12C=CCN3CC[C@]4(C(=C(C(=O)OC)C1)Nc1cc(OC)ccc14)[C@@H]32	1	1	C22H26N2O3	0.0	CHEBI_769
CC[C@]12C=CCN3CC[C@]4(C(=Nc5cc(OC)ccc54)[C@@](O)(C(=O)OC)C1)[C@@H]32	1	1	C22H26N2O4	0.0	CHEBI_137485
CC[C@]12C=CC[NH+]3CC[C@]4(C(=C(C(=O)OC)C1)Nc1cc(OC)ccc14)[C@@H]32	1	1	C22H27N2O3+	1.0	CHEBI_58930
CC[C@]12C=CC[NH+]3CC[C@]4(C(=Nc5cc(OC)ccc54)[C@@](O)(C(=O)OC)C1)[C@@H]32	1	1	C22H27N2O4+	1.0	CHEBI_136640
CC[N+](C)(C)Cc1ccccc1Br	1	1	C11H17BrN+	1.0	CHEBI_3172
CC[N+](CC)(CC)CCOC(=O)C(C1CCCC1)C1CCCC1.[Br-]	1	1	C20H38BrNO2	0.0	CHEBI_31510
CC[NH3+].O=[N+]([O-])[O-]	1	1	C2H8N2O3	0.0	CHEBI_63882
CC[n+]1ccccc1C=Cc1ccc(N(C)C)cc1.[I-]	1	1	C17H21IN2	0.0	CHEBI_38007
CCc1c(O)c(O)c2c(O)c(O)c(-c3c(O)c4c(O)c(CC)c(=O)c(=O)c=4c(=O)c3=O)c(O)c2c1O	1	1	C24H18O12	0.0	CHEBI_224987
CCc1c2c(nc3ccc(OC(=O)N4CCC(N)CC4)cc13)-c1cc3c(c(=O)n1C2)COC(=O)[C@]3(O)CC	1	1	C28H30N4O6	0.0	CHEBI_80552
CCc1cc(C(N)=S)ccn1	1	1	C8H10N2S	0.0	CHEBI_4885
CCc1cc(Cl)c(OC)c(C(=O)NC[C@@H]2CCCN2CC)c1O	1	1	C17H25ClN2O3	0.0	CHEBI_92874
CCc1cc(Cl)c(OC)c(C(=O)NC[C@@H]2CCC[NH+]2CC)c1O	1	1	C17H26ClN2O3+	1.0	CHEBI_188152
CCc1cc(OC)c(OC2OC(C(=O)O)C(O)C(O)C2O)cc1O	1	1	C15H20O9	0.0	CHEBI_188437
CCc1cc2ccccc2nc1SCC(=O)Nc1cc(C)on1	1	1	C17H17N3O2S	0.0	CHEBI_121200
CCc1ccc(-c2nc3cc(NC(=O)c4cccc([N+](=O)[O-])c4)ccc3o2)cc1	1	1	C22H17N3O4	0.0	CHEBI_75361
CCc1ccc(NC(=O)c2n[nH]c(=O)c3ccccc23)cc1	1	1	C17H15N3O2	0.0	CHEBI_107861
CCc1ccc(S(=O)(=O)NCCc2csc(-c3ccccc3)n2)s1	1	1	C17H18N2O2S3	0.0	CHEBI_114541
CCc1ccccc1NS(=O)(=O)c1ccc2[nH]cc(C(=O)NCc3ccco3)c(=O)c2c1	1	1	C23H21N3O5S	0.0	CHEBI_114512
CCc1ccccc1S	1	1	C8H10S	0.0	CHEBI_190045
CCc1nc2ccc(C(=O)Nc3ccc4c(c3)OCO4)cc2nc1CC	1	1	C20H19N3O3	0.0	CHEBI_108542
CCc1ncc(C)o1	1	1	C6H9NO	0.0	CHEBI_179313
CCn1c(CSc2nc3ccccc3s2)nnc1SCC(=O)c1ccc(O)c(O)c1	1	1	C20H18N4O3S3	0.0	CHEBI_108554
CCn1c(Cc2csc(N)n2)nnc1SCc1cccc(C(=O)Nc2cccc(C)c2C)c1	1	1	C24H26N6OS2	0.0	CHEBI_194224
CCn1c(NCCCO)nc2c(c1=O)C(C)(CC)Cc1ccccc1-2	1	1	C20H27N3O2	0.0	CHEBI_117228
CCn1c2ccccc2c2cc(/N=c3/cc[nH]/c(=N\CCCN4CCOCC4)[nH]3)ccc21	1	1	C25H30N6O	0.0	CHEBI_232966
CCn1ncc(C(=O)c2ccc(S(C)(=O)=O)c(OCCOC)c2C)c1O	1	1	C17H22N2O6S	0.0	CHEBI_145514
CN(C(=O)CCc1ccccc1)c1ccccc1C(=O)O	1	1	C17H17NO3	0.0	CHEBI_218279
CN(C(=O)Cc1ccc(Cl)c(Cl)c1)[C@H](CN1CCCC1)c1ccccc1	1	1	C21H24Cl2N2O	0.0	CHEBI_93291
CN(C(=O)c1cc2sccc2n1C)C1CCCCC1	1	1	C15H20N2OS	0.0	CHEBI_107884
CN(C)C(=O)C[C@@H]1C=C[C@@H](NC(=O)c2ccc(F)cc2)[C@@H](CO)O1	1	1	C17H21FN2O4	0.0	CHEBI_98627
CN(C)C(=O)C[C@@H]1C=C[C@@H](NC(=O)c2ccc(F)cc2)[C@H](CO)O1	1	1	C17H21FN2O4	0.0	CHEBI_100480
CN(C)C(=O)C[C@@H]1C=C[C@@H](NS(=O)(=O)c2ccccc2)[C@H](CO)O1	1	1	C16H22N2O5S	0.0	CHEBI_123498
CN(C)C(=O)C[C@@H]1C=C[C@H](NC(=O)c2ccc(F)cc2)[C@@H](CO)O1	1	1	C17H21FN2O4	0.0	CHEBI_97652
CN(C)C(=O)C[C@@H]1C=C[C@H](NC(=O)c2ccc(F)cc2)[C@H](CO)O1	1	1	C17H21FN2O4	0.0	CHEBI_97348
CN(C)C(=O)C[C@@H]1C=C[C@H](NS(=O)(=O)c2ccccc2)[C@@H](CO)O1	1	1	C16H22N2O5S	0.0	CHEBI_123619
CN(C)C(=O)C[C@H]1C=C[C@@H](NC(=O)c2ccc(F)cc2)[C@@H](CO)O1	1	1	C17H21FN2O4	0.0	CHEBI_101920
CN(C)C(=O)C[C@H]1C=C[C@@H](NC(=O)c2ccc(F)cc2)[C@H](CO)O1	1	1	C17H21FN2O4	0.0	CHEBI_100752
CN(C)C(=O)C[C@H]1C=C[C@@H](NS(=O)(=O)c2ccccc2)[C@@H](CO)O1	1	1	C16H22N2O5S	0.0	CHEBI_123545
CN(C)C(=O)C[C@H]1C=C[C@@H](NS(=O)(=O)c2ccccc2)[C@H](CO)O1	1	1	C16H22N2O5S	0.0	CHEBI_123590
CN(C)C(=O)C[C@H]1C=C[C@H](NC(=O)c2ccc(F)cc2)[C@@H](CO)O1	1	1	C17H21FN2O4	0.0	CHEBI_100622
CN(C)C(=O)C[C@H]1C=C[C@H](NC(=O)c2ccc(F)cc2)[C@H](CO)O1	1	1	C17H21FN2O4	0.0	CHEBI_98350
CN(C)C(=O)C[C@H]1C=C[C@H](NS(=O)(=O)c2ccccc2)[C@@H](CO)O1	1	1	C16H22N2O5S	0.0	CHEBI_123453
CN(C)C(=O)C[C@H]1C=C[C@H](NS(=O)(=O)c2ccccc2)[C@H](CO)O1	1	1	C16H22N2O5S	0.0	CHEBI_123500
CN(C)C(=O)Oc1cc(OC(=O)N(C)C)cc(C(O)CNC(C)(C)C)c1	1	1	C18H29N3O5	0.0	CHEBI_553827
CN(C)C(=O)Oc1cc(OC(=O)N(C)C)cc([C@@H](O)CNC(C)(C)C)c1	1	1	C18H29N3O5	0.0	CHEBI_59179
CN(C)C(=O)Oc1cc(OC(=O)N(C)C)cc([C@H](O)CNC(C)(C)C)c1	1	1	C18H29N3O5	0.0	CHEBI_59180
CN(C)C(=O)Oc1cccc([N+](C)(C)C)c1	1	1	C12H19N2O2+	1.0	CHEBI_7514
CN(C)C(=O)c1cc2c(c(-c3cccc(-c4ccc(F)cc4)c3)n1)[C@@H](CCO)N([S@](=O)C(C)(C)C)C2	1	1	C28H32FN3O3S	0.0	CHEBI_101825
CN(C)C(=O)c1cc2c(c(-c3cccc(-c4ccc(F)cc4)c3)n1)[C@H](CCO)N([S@@](=O)C(C)(C)C)C2	1	1	C28H32FN3O3S	0.0	CHEBI_100116
CN(C)C(=O)c1cccc(-c2ccc(C3[C@H]4CNC[C@@H]3N4S(=O)(=O)c3ccccc3F)cc2)c1	1	1	C26H26FN3O3S	0.0	CHEBI_127109
CN(C)CC(=O)N1[C@H](CO)[C@@H](c2ccccc2)C12CN(CC1CCOCC1)C2	1	1	C22H33N3O3	0.0	CHEBI_131311
CN(C)CC(=O)Nc1ccc2c(c1)[C@@H]1C[C@@H](CC(=O)N3CCc4ccccc4C3)O[C@@H](CO)[C@@H]1O2	1	1	C27H33N3O5	0.0	CHEBI_98731
CN(C)CC(=O)Nc1ccc2c(c1)[C@@H]1C[C@@H](CC(=O)N3CCc4ccccc4C3)O[C@H](CO)[C@@H]1O2	1	1	C27H33N3O5	0.0	CHEBI_100807
CN(C)CC(=O)Nc1ccc2c(c1)[C@@H]1C[C@@H](CC(=O)NCc3cccc(F)c3)O[C@@H](CO)[C@@H]1O2	1	1	C25H30FN3O5	0.0	CHEBI_117410
CN(C)CC(=O)Nc1ccc2c(c1)[C@@H]1C[C@@H](CC(=O)NCc3cccc(F)c3)O[C@H](CO)[C@@H]1O2	1	1	C25H30FN3O5	0.0	CHEBI_117522
CN(C)CC(=O)Nc1ccc2c(c1)[C@@H]1C[C@H](CC(=O)N3CCc4ccccc4C3)O[C@@H](CO)[C@@H]1O2	1	1	C27H33N3O5	0.0	CHEBI_97713
CN(C)CC(=O)Nc1ccc2c(c1)[C@@H]1C[C@H](CC(=O)N3CCc4ccccc4C3)O[C@H](CO)[C@@H]1O2	1	1	C27H33N3O5	0.0	CHEBI_97404
CN(C)CC(=O)Nc1ccc2c(c1)[C@@H]1C[C@H](CC(=O)NCc3cccc(F)c3)O[C@@H](CO)[C@@H]1O2	1	1	C25H30FN3O5	0.0	CHEBI_117555
CN(C)CC(=O)Nc1ccc2c(c1)[C@@H]1C[C@H](CC(=O)NCc3cccc(F)c3)O[C@H](CO)[C@@H]1O2	1	1	C25H30FN3O5	0.0	CHEBI_117326
CN(C)CC(=O)Nc1ccc2c(c1)[C@H]1C[C@@H](CC(=O)N3CCc4ccccc4C3)O[C@@H](CO)[C@H]1O2	1	1	C27H33N3O5	0.0	CHEBI_101926
CN(C)CC(=O)Nc1ccc2c(c1)[C@H]1C[C@@H](CC(=O)N3CCc4ccccc4C3)O[C@H](CO)[C@H]1O2	1	1	C27H33N3O5	0.0	CHEBI_101087
CN(C)CC(=O)Nc1ccc2c(c1)[C@H]1C[C@@H](CC(=O)NCc3cccc(F)c3)O[C@@H](CO)[C@H]1O2	1	1	C25H30FN3O5	0.0	CHEBI_117548
CN(C)CC(=O)Nc1ccc2c(c1)[C@H]1C[C@@H](CC(=O)NCc3cccc(F)c3)O[C@H](CO)[C@H]1O2	1	1	C25H30FN3O5	0.0	CHEBI_117505
CN(C)CC(=O)Nc1ccc2c(c1)[C@H]1C[C@H](CC(=O)N3CCc4ccccc4C3)O[C@@H](CO)[C@H]1O2	1	1	C27H33N3O5	0.0	CHEBI_100514
CN(C)CC(=O)Nc1ccc2c(c1)[C@H]1C[C@H](CC(=O)N3CCc4ccccc4C3)O[C@H](CO)[C@H]1O2	1	1	C27H33N3O5	0.0	CHEBI_99509
CN(C)CC(=O)Nc1ccc2c(c1)[C@H]1C[C@H](CC(=O)NCc3cccc(F)c3)O[C@@H](CO)[C@H]1O2	1	1	C25H30FN3O5	0.0	CHEBI_117392
CN(C)CC(=O)Nc1ccc2c(c1)[C@H]1C[C@H](CC(=O)NCc3cccc(F)c3)O[C@H](CO)[C@H]1O2	1	1	C25H30FN3O5	0.0	CHEBI_117283
CN(C)CC/C=C1/c2cc(O)ccc2Sc2ccc(Cl)cc21	1	1	C18H18ClNOS	0.0	CHEBI_143471
CN(C)CCN(Cc1ccccc1)c1ccccc1.Cl	1	1	C17H23ClN2	0.0	CHEBI_34913
CN(C)Cc1c(O)ccc2c1OC(=CC=Cc1ccccc1)C2=O	1	1	C20H19NO3	0.0	CHEBI_121948
CN(C)Cc1c2ccccc2c(CN(C)C)c2ccccc12	1	1	C20H24N2	0.0	CHEBI_52111
CN(C)S(=O)(=O)Oc1ccc([N+](=O)[O-])cc1	1	1	C8H10N2O5S	0.0	CHEBI_51875
CN(C)[C@@H]1C(=O)C(C(N)=O)=C(O)[C@@]2(O)C(=O)C3=C(O)c4c(O)c(NC(=O)CN5CCCC5)cc(F)c4C[C@H]3C[C@@H]12	1	1	C27H31FN4O8	0.0	CHEBI_177804
CN(C)[C@@H]1C(O)=C(C(=O)NCNCCCC[C@H](N)C(=O)O)C(=O)[C@@]2(O)C(O)=C3C(=O)c4c(O)cccc4[C@@](C)(O)[C@H]3C[C@@H]12	1	1	C29H38N4O10	0.0	CHEBI_59040
CN(C)c1ccc(C(=C2C=CC(=[N+](C)C)C=C2)c2ccc(N(C)c3ccccc3)c3ccccc23)cc1.[Cl-]	1	1	C34H34ClN3	0.0	CHEBI_87643
CN(C)c1ccc2c(-c3ccccc3C(=O)[O-])c3ccc(N(C)C)cc3[o+]c2c1	1	1	C24H22N2O3	0.0	CHEBI_52282
CN(C)c1ccc2nc3c(C(=O)O)cc(O)c(O)c3[o+]c2c1.[Cl-]	1	1	C15H13ClN2O5	0.0	CHEBI_90106
CN(CCCCCCN(C)C(=O)Oc1ccc[n+](C)c1)C(=O)Oc1ccc[n+](C)c1	1	1	C22H32N4O4+2	2.0	CHEBI_80756
CN(Cc1ccc(C(C)(C)C)cc1)Cc1cccc2ccccc12	1	1	C23H27N	0.0	CHEBI_3238
CN(Cc1ccccc1)C(=O)Cn1sc2ccccc2c1=O	1	1	C17H16N2O2S	0.0	CHEBI_82658
CN(Cc1ccccc1F)Cc1cc(=O)oc2cc(O)c(Cl)cc12	1	1	C18H15ClFNO3	0.0	CHEBI_121090
CN(c1c([N+](=O)[O-])cc([N+](=O)[O-])cc1[N+](=O)[O-])[N+](=O)[O-]	1	1	C7H5N5O8	0.0	CHEBI_28950
CN1C(=CC=NNC(=O)c2ccccc2Br)C(C)(C)c2ccccc21	1	1	C20H20BrN3O	0.0	CHEBI_105320
CN1C(=Cc2cc[n+](C)c3ccccc23)Sc2ccccc21.Cc1ccc(S(=O)(=O)[O-])cc1	1	1	C26H24N2O3S2	0.0	CHEBI_52293
CN1C(=O)C(=C(O)[C@@]2(C)[C@@H]3CC[C@@H](CO)C[C@H]3C=C[C@H]2/C=C/CO)C(=O)C1CO	1	1	C22H31NO6	0.0	CHEBI_198335
CN1C(=O)CC(C)(c2ccccc2)C1=O	1	1	C12H13NO2	0.0	CHEBI_6846
CN1C(=O)N(c2cccc(Cl)c2)C(NC(=O)Nc2ccc(Cl)cc2)C1(C)C	1	1	C19H20Cl2N4O2	0.0	CHEBI_85327
CN1C(=O)[C@@]23C[C@]4(c5c[nH]c6ccccc56)c5ccccc5N[C@@H]4N2C(=O)[C@]1(CO)SSS3	1	1	C23H20N4O3S3	0.0	CHEBI_201055
CN1C(=O)c2cccc3c(S(=O)(=O)Nc4ccccn4)ccc1c23	1	1	C17H13N3O3S	0.0	CHEBI_112159
CN1C(=O)c2ccccc2NC(=O)[C@]12O[C@@H]2c1ccccc1	1	1	C17H14N2O3	0.0	CHEBI_193522
CN1C2CCC(C)(C)C1CC(OC(=O)C(O)(c1cccs1)c1cccs1)C2	1	1	C21H27NO3S2	0.0	CHEBI_135656
CN1CC(O)c2cc(O)c(O)cc21	1	1	C9H11NO3	0.0	CHEBI_173854
CN1CC2=Cc3ccccc3OC23Oc2ccccc2C=C3C1	1	1	C20H17NO2	0.0	CHEBI_117041
CN1CCC2=CC(=O)C(=O)C=C21	1	1	C9H9NO2	0.0	CHEBI_189001
CN1CCN(Cc2ccc(CO)cc2)CC1	1	1	C13H20N2O	0.0	CHEBI_194853
CN1CCSC1=CC=C1SC(=S)N(CC(=O)O)C1=O	1	1	C11H12N2O3S3	0.0	CHEBI_107451
CN1CC[C@]23C(=O)C[C@@]4(O)C(=CCO[C@H]5CC(=O)N(c6ccccc62)[C@H]3[C@H]54)C1	1	1	C22H24N2O4	0.0	CHEBI_132670
CN1CC[C@]23c4c5ccc(O)c4O[C@H]2[C@H](O)CC[C@@]3(O)[C@H]1C5	1	1	C17H21NO4	0.0	CHEBI_174903
CN1C[C@@H]2C[C@H]1CN2c1cc2c(cc1F)c(=O)c(C(=O)O)cn2C1CC1.CS(=O)(=O)O	1	1	C20H24FN3O6S	0.0	CHEBI_181474
CN1C[C@H](C(=O)N[C@]2(C)O[C@@]3(O)[C@@H]4CCCN4C(=O)[C@H](Cc4ccccc4)N3C2=O)C[C@@H]2c3cccc4[nH]cc(c34)C[C@H]21.CS(=O)(=O)O	1	1	C34H41N5O8S	0.0	CHEBI_59756
CN1C[C@H](O)[C@@H](O)[C@H](O)[C@H]1CO	1	1	C7H15NO4	0.0	CHEBI_166564
CN1[C@@H]2CCC[C@H]1CC(NC(=O)c1nn(C)c3c(O)cccc13)C2	1	1	C18H24N4O2	0.0	CHEBI_175189
CN1c2ccc(Br)cc2[C@@H]2[C@@H](CCN2S(=O)(=O)c2cccc(F)c2)[C@@H]1CO	1	1	C19H20BrFN2O3S	0.0	CHEBI_127811
CN1c2ccc(Br)cc2[C@@H]2[C@@H](CCN2S(=O)(=O)c2cccc(F)c2)[C@H]1CO	1	1	C19H20BrFN2O3S	0.0	CHEBI_129774
CN1c2ccc(Br)cc2[C@H]2[C@H](CCN2S(=O)(=O)c2cccc(F)c2)[C@@H]1CO	1	1	C19H20BrFN2O3S	0.0	CHEBI_130697
CN1c2ccc(Br)cc2[C@H]2[C@H](CCN2S(=O)(=O)c2cccc(F)c2)[C@H]1CO	1	1	C19H20BrFN2O3S	0.0	CHEBI_130677
CN=C(N)NC[C@H](O)C[C@H](NC(=O)[C@H](NC(=O)[C@@H](NC(=O)[C@@H](CCCN=C(N)N)[N+](C)(C)C)C(C)C)C(C)C)C(=O)N(C)[C@@H](CCC(N)=O)C(=O)O	1	1	C32H63N12O8+	1.0	CHEBI_220867
CN=C(Nc1cc(Cl)ccc1Cl)SC1CC(=O)N(c2ccc(C(=O)OC)cc2)C1=O	1	1	C20H17Cl2N3O4S	0.0	CHEBI_105193
CN=C1SC(=Cc2cc(C)n(-c3cc(C)ccc3OC)c2C)C(=O)N1C	1	1	C20H23N3O2S	0.0	CHEBI_92449
CNC(=O)NC(=O)C(=O)O	1	1	C4H6N2O4	0.0	CHEBI_2103
CNC(=O)NC(=S)NC(=O)c1ccccc1Cl	1	1	C10H10ClN3O2S	0.0	CHEBI_113249
CNC(=O)O[C@H]1CC(=O)N([C@H]2O[C@@H](CO)[C@H](O)[C@@H](OC)[C@@H]2O)c2cc(cc(O)c2Cl)C/C(C)=C/C=C/[C@@H](OC)[C@@]2(O)C[C@H](OC(=O)N2)[C@@H](C)[C@@H]2O[C@@]12C	1	1	C35H48ClN3O14	0.0	CHEBI_214474
CNC(=O)O[C@H]1CC(=O)N([C@H]2O[C@@H](COC(C)=O)[C@H](OC(N)=O)[C@@H](O)[C@@H]2O)c2cc(cc(O)c2Cl)C/C(C)=C/C=C/[C@@H](OC)[C@@]2(O)C[C@H](OC(=O)N2)[C@@H](C)/C=C/1C	1	1	C37H49ClN4O15	0.0	CHEBI_222873
CNC(=S)[S-].[Na+]	1	1	C2H4NNaS2	0.0	CHEBI_81737
CNC(C(=O)O)C(C)C	1	1	C6H13NO2	0.0	CHEBI_64348
CNC(CC(C)C)C(=O)N[C@H]1C(=O)N[C@@H](CC(N)=O)C(=O)N[C@H]2C(=O)N[C@H]3C(=O)N[C@H](C(=O)N[C@H](C(=O)O)c4cc(O)cc(O)c4-c4cc3ccc4O)[C@H](OC3CC(C)(N)C(O)C(C)O3)c3ccc(cc3)Oc3cc2cc(c3OC2OC(CO)C(O)C(O)C2OC2OC(C)C(O)C(O)C2O)Oc2ccc(cc2)[C@H]1O	1	1	C72H87N9O28	0.0	CHEBI_220944
CNC1=CC(=O)C(=O)c2cc(C)c(O)cc21	1	1	C12H11NO3	0.0	CHEBI_225880
CNC1=Nc2ccc(Cl)cc2C(c2ccccc2)=[N+]([O-])C1	1	1	C16H14ClN3O	0.0	CHEBI_3611
CNC=C1Sc2ccccc2C1=O	1	1	C10H9NOS	0.0	CHEBI_109850
CNCC(=O)N[C@H](CO)C(=O)N[C@H]1[C@H](O)[C@@H](O)[C@H](n2ccc(N)nc2=O)O[C@@H]1C(N)=O	1	1	C16H25N7O8	0.0	CHEBI_156351
CNCCCC(=O)[O-]	1	1	C5H10NO2-	-1.0	CHEBI_20441
CNCCOC(c1ccccc1)c1ccccc1	1	1	C16H19NO	0.0	CHEBI_188299
CNCCc1ccc(O)c(Br)c1	1	1	C9H12BrNO	0.0	CHEBI_69058
CNC[C@@H]1OCCCC[C@@H](C)Oc2ccc(N(C)C)cc2C(=O)N([C@@H](C)CO)C[C@H]1C	1	1	C24H41N3O4	0.0	CHEBI_104774
CNC[C@@H]1OCCCC[C@@H](C)Oc2ccc(N(C)C)cc2C(=O)N([C@H](C)CO)C[C@@H]1C	1	1	C24H41N3O4	0.0	CHEBI_110925
CNC[C@@H]1OCCCC[C@@H](C)Oc2ccc(N(C)C)cc2C(=O)N([C@H](C)CO)C[C@H]1C	1	1	C24H41N3O4	0.0	CHEBI_106929
CNC[C@@H]1OCCCC[C@@H](C)Oc2ccc(NC(=O)c3ccccc3)cc2C(=O)N([C@@H](C)CO)C[C@@H]1C	1	1	C29H41N3O5	0.0	CHEBI_117605
CNC[C@@H]1OCCCC[C@@H](C)Oc2ccc(NC(=O)c3ccccc3)cc2C(=O)N([C@@H](C)CO)C[C@H]1C	1	1	C29H41N3O5	0.0	CHEBI_110958
CNC[C@@H]1OCCCC[C@@H](C)Oc2ccc(NC(=O)c3ccccc3)cc2C(=O)N([C@H](C)CO)C[C@@H]1C	1	1	C29H41N3O5	0.0	CHEBI_117854
CNC[C@@H]1OCCCC[C@@H](C)Oc2ccc(NC(=O)c3ccccc3)cc2C(=O)N([C@H](C)CO)C[C@H]1C	1	1	C29H41N3O5	0.0	CHEBI_104768
CNC[C@@H]1OCCCC[C@H](C)Oc2ccc(N(C)C)cc2C(=O)N([C@@H](C)CO)C[C@@H]1C	1	1	C24H41N3O4	0.0	CHEBI_110927
CNC[C@@H]1OCCCC[C@H](C)Oc2ccc(N(C)C)cc2C(=O)N([C@@H](C)CO)C[C@H]1C	1	1	C24H41N3O4	0.0	CHEBI_110953
CNC[C@@H]1OCCCC[C@H](C)Oc2ccc(N(C)C)cc2C(=O)N([C@H](C)CO)C[C@@H]1C	1	1	C24H41N3O4	0.0	CHEBI_123992
CNC[C@@H]1OCCCC[C@H](C)Oc2ccc(N(C)C)cc2C(=O)N([C@H](C)CO)C[C@H]1C	1	1	C24H41N3O4	0.0	CHEBI_104733
CNC[C@@H]1OCCCC[C@H](C)Oc2ccc(NC(=O)c3ccccc3)cc2C(=O)N([C@@H](C)CO)C[C@@H]1C	1	1	C29H41N3O5	0.0	CHEBI_123654
CNC[C@@H]1OCCCC[C@H](C)Oc2ccc(NC(=O)c3ccccc3)cc2C(=O)N([C@@H](C)CO)C[C@H]1C	1	1	C29H41N3O5	0.0	CHEBI_117721
CNC[C@@H]1OCCCC[C@H](C)Oc2ccc(NC(=O)c3ccccc3)cc2C(=O)N([C@H](C)CO)C[C@@H]1C	1	1	C29H41N3O5	0.0	CHEBI_123780
CNC[C@@H]1OCCCC[C@H](C)Oc2ccc(NC(=O)c3ccccc3)cc2C(=O)N([C@H](C)CO)C[C@H]1C	1	1	C29H41N3O5	0.0	CHEBI_104707
CNC[C@@H]1OCCc2ccsc21	1	1	C9H13NOS	0.0	CHEBI_228346
CNC[C@H]1OCCCC[C@@H](C)Oc2ccc(N(C)C)cc2C(=O)N([C@@H](C)CO)C[C@H]1C	1	1	C24H41N3O4	0.0	CHEBI_123804
CNC[C@H]1OCCCC[C@@H](C)Oc2ccc(N(C)C)cc2C(=O)N([C@H](C)CO)C[C@@H]1C	1	1	C24H41N3O4	0.0	CHEBI_104709
CNC[C@H]1OCCCC[C@@H](C)Oc2ccc(N(C)C)cc2C(=O)N([C@H](C)CO)C[C@H]1C	1	1	C24H41N3O4	0.0	CHEBI_117667
CNC[C@H]1OCCCC[C@@H](C)Oc2ccc(NC(=O)c3ccccc3)cc2C(=O)N([C@@H](C)CO)C[C@@H]1C	1	1	C29H41N3O5	0.0	CHEBI_110931
CNC[C@H]1OCCCC[C@@H](C)Oc2ccc(NC(=O)c3ccccc3)cc2C(=O)N([C@@H](C)CO)C[C@H]1C	1	1	C29H41N3O5	0.0	CHEBI_117852
CNC[C@H]1OCCCC[C@@H](C)Oc2ccc(NC(=O)c3ccccc3)cc2C(=O)N([C@H](C)CO)C[C@@H]1C	1	1	C29H41N3O5	0.0	CHEBI_104649
CNC[C@H]1OCCCC[C@@H](C)Oc2ccc(NC(=O)c3ccccc3)cc2C(=O)N([C@H](C)CO)C[C@H]1C	1	1	C29H41N3O5	0.0	CHEBI_111105
CNC[C@H]1OCCCC[C@H](C)Oc2ccc(N(C)C)cc2C(=O)N([C@@H](C)CO)C[C@@H]1C	1	1	C24H41N3O4	0.0	CHEBI_104862
CNC[C@H]1OCCCC[C@H](C)Oc2ccc(N(C)C)cc2C(=O)N([C@H](C)CO)C[C@@H]1C	1	1	C24H41N3O4	0.0	CHEBI_104799
CNC[C@H]1OCCCC[C@H](C)Oc2ccc(N(C)C)cc2C(=O)N([C@H](C)CO)C[C@H]1C	1	1	C24H41N3O4	0.0	CHEBI_104838
CNC[C@H]1OCCCC[C@H](C)Oc2ccc(NC(=O)c3ccccc3)cc2C(=O)N([C@@H](C)CO)C[C@@H]1C	1	1	C29H41N3O5	0.0	CHEBI_124039
CNC[C@H]1OCCCC[C@H](C)Oc2ccc(NC(=O)c3ccccc3)cc2C(=O)N([C@H](C)CO)C[C@@H]1C	1	1	C29H41N3O5	0.0	CHEBI_106774
CNC[C@H]1OCCCC[C@H](C)Oc2ccc(NC(=O)c3ccccc3)cc2C(=O)N([C@H](C)CO)C[C@H]1C	1	1	C29H41N3O5	0.0	CHEBI_111017
CNCc1c[nH]c2nc(N)[nH]c(=O)c12	1	1	C8H11N5O	0.0	CHEBI_190456
CNCc1ccc(-c2cncnc2)cc1	1	1	C12H13N3	0.0	CHEBI_194999
CNS(=O)(=O)CCc1ccc2[nH]cc(C3CCN(C)CC3)c2c1	1	1	C17H25N3O2S	0.0	CHEBI_7478
CN[C@H](C(=O)N[C@@H](Cc1ccc(O)cc1)C(=O)NC(Cc1ccc(O)cc1)P(=O)(O)O)C(C)C	1	1	C23H32N3O7P	0.0	CHEBI_222779
CN[C@H](C(=O)N[C@H](C(=O)N(C)[C@H](C(=O)N[C@H](C(=O)N(C)[C@H](C(=O)NCCc1ccccc1)C(C)C)C(C)C)C(C)C)C(C)C)C(C)C	1	1	C36H62N6O5	0.0	CHEBI_216822
CN[C@H](C(=O)O)C(C)C	1	1	C6H13NO2	0.0	CHEBI_44212
CNc1ccccc1	1	1	C7H9N	0.0	CHEBI_15733
CNc1ccccc1C(=O)O[C@H]1[C@@H](O)[C@H](n2cnc3c(N)ncnc32)O[C@@H]1COP(=O)(O)OP(=O)(O)O	1	1	C18H22N6O11P2	0.0	CHEBI_71336
CO/C(=C/C(=O)N(C)C(Cc1ccccc1)c1nccs1)C[C@H](C)C(Cl)Cl	1	1	C20H24Cl2N2O2S	0.0	CHEBI_203914
CO/C1=C\C(C)C/C=C/C(C)=C/CCC(OC)C(/C=C/C(C)=C/C(C)C(C)O)OC(=O)C(C)C2(O)OC1CC(O)C2OC	1	1	C34H54O9	0.0	CHEBI_211565
CO/N=C(\C(=O)N[C@@H]1C(=O)N2C(C(=O)OCOC(=O)C(C)(C)C)=C(/C=C\c3scnc3C)CS[C@H]12)c1csc(N)n1	1	1	C25H28N6O7S3	0.0	CHEBI_560555
CO/N=C(\C(=O)N[C@@H]1C(=O)N2C(C(=O)[O-])=CCS[C@H]12)c1csc(N)n1.[Na+]	1	1	C13H12N5NaO5S2	0.0	CHEBI_3512
CO/N=C\C=C/C(=O)N/C=C/C[C@H]1C[C@@H]2O[C@@H]2C=C/C=C/c2cccc(O)c2C(=O)O1	1	1	C23H24N2O6	0.0	CHEBI_198605
COC(=O)/C(CC(C)C)=C(\C(=O)OC)c1ccc(O)cc1	1	1	C16H20O5	0.0	CHEBI_211809
COC(=O)/C(CO)=C(/C)[C@H](/C=C/c1ccc(Cl)c(OC)c1)OC	1	1	C17H21ClO5	0.0	CHEBI_226050
COC(=O)/C=C(\C)CCC=C(C)C	1	1	C11H18O2	0.0	CHEBI_166666
COC(=O)/C=C/[C@@H](C)[C@H]1CC[C@H]2[C@@H]3[C@@H](O)C[C@@H]4C[C@H](O)CC[C@]4(C)[C@H]3CC[C@]12C	1	1	C25H40O4	0.0	CHEBI_181335
COC(=O)/C=C/c1ccc2c(c1)C=CC(C)(C)O2	1	1	C15H16O3	0.0	CHEBI_182201
COC(=O)/C=C/c1oc(=O)c(C)c(OC)c1C=O	1	1	C12H12O6	0.0	CHEBI_214091
COC(=O)C(C#N)=Cc1c(Oc2cc(C)cc(C)c2)nc2ccccn2c1=O	1	1	C21H17N3O4	0.0	CHEBI_106047
COC(=O)C(CC(C)C)NC(=O)CSc1nc(=O)c(C#N)c(-c2ccccc2)[nH]1	1	1	C20H22N4O4S	0.0	CHEBI_116106
COC(=O)C(CCC(=O)O)=C(C)C	1	1	C9H14O4	0.0	CHEBI_200838
COC(=O)C(N)Cc1ccc2nc(-c3c(Cl)cccc3Cl)ccc2c1	1	1	C19H16Cl2N2O2	0.0	CHEBI_48473
COC(=O)C1(O)c2ccccc2-c2ccccc21	1	1	C15H12O3	0.0	CHEBI_191115
COC(=O)C1=C(C)NC(C)=C(C(=O)OCCN(C)Cc2ccccc2)C1c1cccc([N+](=O)[O-])c1.Cl	1	1	C26H30ClN3O6	0.0	CHEBI_7551
COC(=O)C1=C(C)NC(C)=C(C(=O)OCCN2CCN(C(c3ccccc3)c3ccccc3)CC2)C1c1cccc([N+](=O)[O-])c1	1	1	C35H38N4O6	0.0	CHEBI_135849
COC(=O)C1=C(C)OC(N)=C(C#N)C1c1cc(OC)c(OCC(N)=O)cc1Cl	1	1	C18H18ClN3O6	0.0	CHEBI_108153
COC(=O)C1=CC(O)=CC2Oc3c(Cl)c(C)cc(OC)c3C(=O)C12	1	1	C17H15ClO6	0.0	CHEBI_209292
COC(=O)C1=CN(Cc2ccc(OC)c(OC)c2)C=C(C(=O)OC)C1c1ccc(O)cc1	1	1	C24H25NO7	0.0	CHEBI_120836
COC(=O)C1=COCCc2oc3cc(C)cc(O)c3c(=O)c21	1	1	C16H14O6	0.0	CHEBI_223512
COC(=O)C1=CO[C@@H](O[C@@H]2O[C@H](CO)[C@@H](O)[C@H](O)[C@H]2O)[C@@H]2[C@@H](C)[C@@H](O)C[C@H]12	1	1	C17H26O10	0.0	CHEBI_15771
COC(=O)C1=CO[C@@H](O[C@@H]2O[C@H](CO)[C@@H](O)[C@H](O)[C@H]2O)[C@H]2[C@@H]1C=C[C@@]21C=C([C@H](C)O)C(=O)O1	1	1	C21H26O12	0.0	CHEBI_8275
COC(=O)C1=CO[C@@H](O[C@@H]2O[C@H](COC(C)=O)[C@@H](OC(C)=O)[C@H](OC(C)=O)[C@H]2OC(C)=O)[C@@H]2[C@@H](C)[C@@H](OC(C)=O)C[C@H]12	1	1	C27H36O15	0.0	CHEBI_6514
COC(=O)C1=C[C@@H](O)[C@@H](O)[C@H](O)[C@@H]1Cl	1	1	C8H11ClO5	0.0	CHEBI_204264
COC(=O)C1=C[C@@H](O)[C@H](O)[C@H](O)[C@H]1Cl	1	1	C8H11ClO5	0.0	CHEBI_67322
COC(=O)C1=C[C@H](O)[C@H](O)[C@H](O)[C@H]1Cl	1	1	C8H11ClO5	0.0	CHEBI_200006
COC(=O)CC#N	1	1	C4H5NO2	0.0	CHEBI_51928
COC(=O)CC(O)C(O)C1=CC(=O)c2c(O)cccc2C1=O	1	1	C15H14O7	0.0	CHEBI_200571
COC(=O)CC1C(=O)NCCN1C(=S)NC(=O)c1sc2ccccc2c1Cl	1	1	C17H16ClN3O4S2	0.0	CHEBI_113163
COC(=O)CC1C(C)(C)C(OC(C)=O)[C@@H]2[C@@H](OC(C)=O)C34O[C@@]2(O)[C@]1(C)C3CC[C@]1(C)C4=CC(=O)O[C@H]1c1ccoc1	1	1	C31H38O11	0.0	CHEBI_188062
COC(=O)CC1CC(c2ccc(O)cc2)=NO1	1	1	C12H13NO4	0.0	CHEBI_230666
COC(=O)CC1CCC(=O)C1C/C=C/CCOC1OC(CO)C(O)C(O)C1O	1	1	C19H30O9	0.0	CHEBI_168854
COC(=O)CC1COc2ccccc2N1C(=O)c1ccc(Cl)cc1	1	1	C18H16ClNO4	0.0	CHEBI_115485
COC(=O)CCC(=O)[C@H](Cc1ccc(O)cc1)NC(C)=O	1	1	C15H19NO5	0.0	CHEBI_202121
COC(=O)CCC(C)[C@H]1C[C@H](O)[C@@]2(C)C3C(=O)CC4C(C)(C)C(=O)CC[C@]4(C)C3C(=O)C[C@]12C	1	1	C28H42O6	0.0	CHEBI_206713
COC(=O)CCCCCCCC/C=C/c1cc(=O)c(C(N)=O)c[nH]1	1	1	C18H26N2O4	0.0	CHEBI_211171
COC(=O)CCCCCCCCC(=O)OC	1	1	C12H22O4	0.0	CHEBI_194205
COC(=O)CCOc1ccc(OC)cc1	1	1	C11H14O4	0.0	CHEBI_200647
COC(=O)CC[C@@H]1NC(=O)[C@@H](C)[C@H](C(=O)O)NC(=O)[C@H](CCC(=O)OC)NC(=O)[C@@H](C)NC(=O)[C@H](CO)NC(=O)CC[C@H](C(=O)O)NC(=O)[C@@H](C)[C@H](/C=C/C(C)=C/[C@H](C)[C@H](Cc2ccccc2)OC)NC1=O	1	1	C48H69N7O17	0.0	CHEBI_214207
COC(=O)CCc1cc(NC(=O)/C=C/C=C/CC(C)C)c(O)cc1O	1	1	C19H25NO5	0.0	CHEBI_198523
COC(=O)CN(C(=O)O)c1ccccc1N(CCOC(C)=O)C(=O)O	1	1	C15H18N2O8	0.0	CHEBI_204129
COC(=O)CNC(=O)CCc1ccccc1	1	1	C12H15NO3	0.0	CHEBI_189819
COC(=O)CNC(=O)c1ccc(CC[C@H](C)O)cn1	1	1	C13H18N2O4	0.0	CHEBI_211725
COC(=O)COn1c(SCC(=O)OC)nc2ccccc2c1=O	1	1	C14H14N2O6S	0.0	CHEBI_112248
COC(=O)C[C@@H]1C(=O)[C@H](C)CC[C@@]2(C)OC(=O)C(OC)=C(C(C)C)[C@@H]2C/C=C(/C)[C@H]1OC(C)=O	1	1	C26H38O8	0.0	CHEBI_211111
COC(=O)C[C@@H]1CC[C@@H]2[C@@H](COc3ccc(NC(=O)Nc4cc(C)cc(C)c4)cc3C(=O)N2C)O1	1	1	C26H31N3O6	0.0	CHEBI_99802
COC(=O)C[C@@H]1CC[C@@H]2[C@H](COc3ccc(NC(=O)Nc4cc(C)cc(C)c4)cc3C(=O)N2C)O1	1	1	C26H31N3O6	0.0	CHEBI_101898
COC(=O)C[C@@H]1CC[C@H]2[C@@H](COc3ccc(NC(=O)Nc4cc(C)cc(C)c4)cc3C(=O)N2C)O1	1	1	C26H31N3O6	0.0	CHEBI_100205
COC(=O)C[C@@H]1CC[C@H]2[C@H](COc3ccc(NC(=O)Nc4cc(C)cc(C)c4)cc3C(=O)N2C)O1	1	1	C26H31N3O6	0.0	CHEBI_97118
COC(=O)C[C@H](C)[C@@H](O)[C@]1(C(=O)OC)CC(=O)c2c(ccc(-c3ccc(O)c4c3O[C@]3(C(=O)OC)C(=C4O)C(=O)C[C@H](C)[C@H]3O)c2O)O1	1	1	C33H34O15	0.0	CHEBI_202305
COC(=O)C[C@H]1CC[C@@H]2[C@@H](COc3ccc(NC(=O)Nc4cc(C)cc(C)c4)cc3C(=O)N2C)O1	1	1	C26H31N3O6	0.0	CHEBI_100325
COC(=O)C[C@H]1CC[C@@H]2[C@H](COc3ccc(NC(=O)Nc4cc(C)cc(C)c4)cc3C(=O)N2C)O1	1	1	C26H31N3O6	0.0	CHEBI_103082
COC(=O)C[C@H]1CC[C@H]2[C@@H](COc3ccc(NC(=O)Nc4cc(C)cc(C)c4)cc3C(=O)N2C)O1	1	1	C26H31N3O6	0.0	CHEBI_100027
COC(=O)C[C@H]1CC[C@H]2[C@H](COc3ccc(NC(=O)Nc4cc(C)cc(C)c4)cc3C(=O)N2C)O1	1	1	C26H31N3O6	0.0	CHEBI_98279
COC(=O)C[C@H]1OC(=O)c2c(O)cc(C)c3c2C1=C(O)[C@@H]1[C@]24COC(=O)c5c(O)cc(C)c(c52)C(=O)[C@@H]([C@@H]4OC(C)=O)[C@]31OC	1	1	C32H28O13	0.0	CHEBI_208883
COC(=O)Cn1c(=NC(=O)c2ccc(Cl)s2)sc2cc(F)ccc21	1	1	C15H10ClFN2O3S2	0.0	CHEBI_114908
COC(=O)NN=Cc1sc(N2CCCCC2)nc1-c1cccs1	1	1	C15H18N4O2S2	0.0	CHEBI_104877
COC(=O)[C@@H](NC(=O)C[C@@](C)(O)CC(=O)O[C@@H]1C[C@]2(C)C3=C(CC[C@H]2C(C)(C)[C@H]1O)[C@]1(C)CC[C@H]([C@H](C)CC[C@@H](O)C(C)(C)O)[C@@]1(C)[C@@H](O)C3)[C@@H](OC(C)=O)c1ccccc1	1	1	C48H73NO12	0.0	CHEBI_215940
COC(=O)[C@@H]1C(=O)[C@H](C)CC(C)(C)[C@]12C=C[C@H](C)[C@@H]([C@@H](C)CC[C@H](OC)c1cccc(O)c1)O2	1	1	C28H40O6	0.0	CHEBI_211168
COC(=O)[C@@H]1CCC(=O)N1C	1	1	C7H11NO3	0.0	CHEBI_88182
COC(=O)[C@@]1(Cc2ccc(O)cc2)OC(=O)C(O)=C1c1ccc(O)cc1	1	1	C19H16O7	0.0	CHEBI_191395
COC(=O)[C@@]1(O)C(=O)c2c(O)ccc(O)c2C12Oc1cccc3cccc(c13)O2	1	1	C21H14O8	0.0	CHEBI_214615
COC(=O)[C@@]1([C@@H]2CCC(=O)O2)CC(=O)c2c(O)cc3c(c2O1)[C@@H]1C=C[C@]2(C3)C(=C(O)c3c(O)cc(C)cc3[C@@H]2O)C1=O	1	1	C31H26O11	0.0	CHEBI_215693
COC(=O)[C@@]12C(OC)=C(C)C(=O)[C@]1(C)C(C)=CC1[C@]3(C=O)CC[C@H](OC(C)=O)C(C)(C)C3CC[C@@]12C	1	1	C29H40O7	0.0	CHEBI_198417
COC(=O)[C@@]12OC[C@]34[C@H]([C@@H](O)[C@@H]1O)[C@@]1(C)C=C(O[C@@H]5O[C@H](CO)[C@@H](O)[C@H](O)[C@H]5O)C(=O)[C@@H](C)[C@@H]1C[C@H]3OC(=O)[C@H](OC(=O)C=C(C)C)[C@@H]24	1	1	C32H42O16	0.0	CHEBI_3192
COC(=O)[C@@]12Oc3c(c(O)cc(C)c3-c3ccc4c(c3O)C(=O)[C@]3(O)[C@@H]5C[C@@H](C)[C@@H](O)C3(O4)C(=O)O5)C(=O)C1CCC[C@@H]2O	1	1	C31H30O13	0.0	CHEBI_211164
COC(=O)[C@@]12Oc3ccc(-c4ccc(O)c5c4O[C@]4(C(=O)OC)C(=C5O)C(=O)C[C@H](C)[C@H]4O)c(O)c3C(O)=C1C(=O)C[C@H](CO)[C@H]2O	1	1	C32H30O15	0.0	CHEBI_207939
COC(=O)[C@H](CC(C)C)NC(=O)[C@@H](N)CC(C)C	1	1	C13H26N2O3	0.0	CHEBI_184067
COC(=O)[C@H](OC(=O)c1ccccc1)C(C)C	1	1	C13H16O4	0.0	CHEBI_229059
COC(=O)[C@H]1O[C@@H](O[C@H]2CC[C@]3(C)[C@H]4CC=C5[C@@H]6CC(C)(C)CC[C@]6(C(=O)O[C@@H]6O[C@H](C)[C@H](O)[C@H](O)[C@H]6O[C@@H]6O[C@@H](C)[C@H](O[C@@H]7OC[C@@H](O)[C@H](O)[C@H]7O)[C@@H](O[C@@H]7O[C@H](CO)[C@@H](O)[C@H](O)[C@H]7O)[C@H]6O)CC[C@@]5(C)[C@]4(C)CC[C@H]3[C@]2(C)C=O)[C@H](O[C@@H]2O[C@H](CO)[C@H](O)[C@H](O)[C@H]2O)[C@@H](O[C@@H]2OC[C@@H](O)[C@H](O)[C@H]2O)[C@@H]1O	1	1	C71H112O36	0.0	CHEBI_65993
COC(=O)[C@]1(C)CCC[C@]2(C)C3=CC(=O)[C@@]4(C(C)C)O[C@H]4[C@]3(O)CC[C@@H]12	1	1	C21H30O5	0.0	CHEBI_230923
COC(=O)[C@]1(Cc2ccc3c(c2)CC(OC(C)=O)C(C)(C)O3)OC(=O)C(O)=C1c1ccc(OC(C)=O)cc1	1	1	C28H28O10	0.0	CHEBI_208581
COC(=O)[C@]1(Cc2ccc3c(c2)CCC(C)(C)O3)OC(=O)C(O)=C1c1ccccc1	1	1	C24H24O6	0.0	CHEBI_208568
COC(=O)[C@]1([C@@H]2CCC(=O)O2)CC(=O)c2c(O)cc3c(c2O1)[C@@H]1C=C[C@]2(C3)C(=C(O)c3c(O)cc(C)cc3[C@@H]2O)C1=O	1	1	C31H26O11	0.0	CHEBI_215688
COC(=O)c1[nH]cc(-c2c[nH]c3ccc(Cl)cc23)c1-c1c[nH]c2ccc(Cl)cc12	1	1	C22H15Cl2N3O2	0.0	CHEBI_219641
COC(=O)c1c(C)cc(OC(=O)c2c(C)c(Cl)c(O)c(C=O)c2O)c(C)c1O	1	1	C19H17ClO8	0.0	CHEBI_144138
COC(=O)c1c(O)c(C)cc2oc3cccc(O)c3c(=O)c12	1	1	C16H12O6	0.0	CHEBI_205095
COC(=O)c1c(O)cc(C)c(Cl)c1CC1=CC(=O)C=C(OC)C1=O	1	1	C17H15ClO6	0.0	CHEBI_227474
COC(=O)c1c(O)cc(O)cc1OC1=C(OC)C(=O)C(CC=C(C)C)=C(CC=C(C)C)C1=O	1	1	C25H28O8	0.0	CHEBI_191720
COC(=O)c1c(OC)cc2cc3c(c(O)c2c1C)C(=O)[C@@H](OC)[C@](O)([C@@H]1OC(=O)C=C1OC)[C@H]3O	1	1	C24H24O11	0.0	CHEBI_214250
COC(=O)c1c(OC)cc2cc3c(c(O)c2c1C)C(=O)[C@@H](OC)[C@](O)([C@H]1OC(=O)C=C1OC)[C@H]3O	1	1	C24H24O11	0.0	CHEBI_214256
COC(=O)c1c(OC)ccc2oc3cc(C)cc(O)c3c(=O)c12	1	1	C17H14O6	0.0	CHEBI_215682
COC(=O)c1cc(O)c(C(=O)c2c(O)cccc2C=O)c(O)c1	1	1	C16H12O7	0.0	CHEBI_217663
COC(=O)c1cc(O)cc2oc(C[C@H](C)O)c(CO)c(=O)c12	1	1	C15H16O7	0.0	CHEBI_212205
COC(=O)c1cc2cc3c(c(O)c2c(=O)o1)OC1(CC3)OC2=C(C(=O)c3c(OC)cc(OC)c(O)c3C2=O)C1O	1	1	C27H20O13	0.0	CHEBI_199275
COC(=O)c1ccc(COc2cccc3c2CCN(Cc2cccc(C)c2)C3=O)o1	1	1	C24H23NO5	0.0	CHEBI_106040
COC(=O)c1ccc(O)c(C(=O)OC)c1	1	1	C10H10O5	0.0	CHEBI_194259
COC(=O)c1ccc(O)c(CC(O)C(C)(C)O)c1	1	1	C13H18O5	0.0	CHEBI_138773
COC(=O)c1ccc(OC)c(OC(=O)[C@@H](C)CO)c1	1	1	C13H16O6	0.0	CHEBI_205831
COC(=O)c1ccc2[nH]c3ccc(OC)cc3c2c1	1	1	C15H13NO3	0.0	CHEBI_173806
COC(=O)c1ccccc1OCC(=O)N1CCN(c2ccc(F)cc2)CC1	1	1	C20H21FN2O4	0.0	CHEBI_116291
COC(=O)c1sccc1S(=O)(=O)NC(=O)Nc1nc(C)nc(OC)n1	1	1	C12H13N5O6S2	0.0	CHEBI_83453
COC(C)(C)/C=C/C/C(C)=C/CCC1=C[C@@H](c2cc(O)ccc2O)OC1=O	1	1	C22H28O5	0.0	CHEBI_226667
COC(C)(C)/C=C/CC(C)C1CCC2(C)C3C(O)C=C4C(CCC(O)C4(C)C)C3(C=O)CCC12C	1	1	C31H50O4	0.0	CHEBI_171983
COC(C)(C)/C=C/C[C@H](C)[C@@H]1CC[C@]2(C)[C@@H]3CC[C@H]4C(C)(C)[C@@H](O)CC[C@]4(C)[C@H]3CC[C@@]12C	1	1	C31H54O2	0.0	CHEBI_70111
COC(CC(C)C(O)/C=C/C=C/CNC(=O)C(C)(C)C(O)/C(C)=C/C=C/C=C/Cc1cnc(C)o1)C1(O)C(C)C(=O)N(C)C12C(=O)OC2C	1	1	C37H53N3O9	0.0	CHEBI_221478
COC1/C=C/C=C(/C)C(=O)NC2=CC(=O)C(=O)C(=C2O)CC(C)CC(OC)C(O)C(C)/C=C(\C)C1OC(N)=O	1	1	C28H38N2O9	0.0	CHEBI_189018
COC1/C=C/C=C/C[C@@H](O)C/C=C/C=C[C@@H](O[C@@H]2O[C@H](CO)[C@@H](O)[C@H](O)[C@H]2O)C/C=C/C=C\C(=O)O[C@H](C)CCC1	1	1	C31H46O10	0.0	CHEBI_222518
COC1/C=C\C=C\C[C@@H](O)C/C=C\C=C[C@@H](O[C@@H]2O[C@H](CO)[C@@H](O)[C@H](O)[C@H]2O)C/C=C/C=C\C(=O)O[C@H](C)CCC1	1	1	C31H46O10	0.0	CHEBI_205269
COC1=C(C(=O)O)[C@H](C)[C@@]23O[C@]24c2cc(O)c5c(c2NC3C#C/C=C\C#C[C@@H]14)C(=O)c1c(O)ccc(O)c1C5=O	1	1	C30H19NO9	0.0	CHEBI_4726
COC1=C(C)C(=O)C2=C(C1=O)[C@H](CNC(=O)C(C)=O)N1C[C@@H]3[C@@H](O)c4c(O)c(C)c(OC)c(O)c4[C@H]([C@@H]1C2)N3C	1	1	C28H33N3O9	0.0	CHEBI_219614
COC1=C(C)C(=O)C=C(C)[C@@]1(O)C(=O)Oc1c(C)c(C)c(C(=O)Oc2cc(C)c(C(=O)Oc3cc(OC)c(C(=O)O)c(C)c3C)c(O)c2C)c(O)c1Cl	1	1	C38H37ClO14	0.0	CHEBI_227413
COC1=C(NC(CO)CCC(=O)O)CC(O)(CO)CC1=O	1	1	C13H21NO7	0.0	CHEBI_144274
COC1=C(NCCCC(N)C(=O)O)CC(O)(CO)CC1=O	1	1	C13H22N2O6	0.0	CHEBI_221724
COC1=C2C(=O)O[C@@]13C[C@@H](C)C=C[C@H]3/C=C/C(=O)[C@@H](C)C[C@@H](C)C2=O	1	1	C20H24O5	0.0	CHEBI_169926
COC1=CC(=O)C(C(=O)/C=C/c2ccccc2)=C1O	1	1	C15H12O4	0.0	CHEBI_183569
COC1=CC(=O)C(O)=C(CCCCCCC/C=C\CCCCCCCC(=O)O)C1=O	1	1	C24H36O6	0.0	CHEBI_199470
COC1=CC(=O)C([C@@H](C)[C@@H](O)c2ccc(OC)c(O)c2)=CC1=O	1	1	C17H18O6	0.0	CHEBI_67385
COC1=CC(=O)C=C(C/C=C(\C)CC/C=C(\C)CC/C=C(\C)CC/C=C(\C)CC/C=C(\C)CC/C=C(\C)CC/C=C(\C)CCC=C(C)C)C1=O	1	1	C47H70O3	0.0	CHEBI_28423
COC1=CC(=O)C=C(C[C@H]2[C@]3(C)CC[C@@H]4[C@]5(CCC[C@]4(C)C(=O)OC5)[C@H]3CC[C@]2(C)O)C1=O	1	1	C27H36O6	0.0	CHEBI_66527
COC1=CC(=O)OC1CO	1	1	C6H8O4	0.0	CHEBI_192594
COC1=CC(=O)O[C@@H]2OC[C@@H](C)[C@H]12	1	1	C9H12O4	0.0	CHEBI_223716
COC1=CC(=O)[C@H]2O[C@@]2(C)[C@H]1O	1	1	C8H10O4	0.0	CHEBI_215614
COC1=CC(=O)[C@]2(C)[C@@]3(O)Cc4c(cc(-c5cc(OC)c(OC)c(OC)c5)oc4=O)O[C@]3(C)CC[C@@]2(O)C1(C)C	1	1	C30H36O10	0.0	CHEBI_226745
COC1=CC(O)(c2oc3cc(O)cc(O)c3c(=O)c2O)CCC1=O	1	1	C16H14O8	0.0	CHEBI_193381
COC1=C[C@@]23CCN(C)[C@@H](CCc4cc(OC)c(O)c(OC)c42)C3=CC1=O	1	1	C21H25NO5	0.0	CHEBI_2708
COC1=N[C@]23CN4CC[C@@](C)(O)[C@]14C[C@H]2C(C)(C)[C@@]1(C3)C(=O)Nc2c1ccc1c2C(=O)CC(C)(C)O1	1	1	C28H35N3O5	0.0	CHEBI_227308
COC1C(CO)OC(n2cnc3c(=O)[nH]cnc32)C1O	1	1	C11H14N4O5	0.0	CHEBI_181508
COC1C(COC(=O)/C=C/c2ccc(O)c(O)c2)OC(c2c(O)cc3oc(-c4ccc(O)c(O)c4)cc(=O)c3c2O)C(O)C1O	1	1	C31H28O14	0.0	CHEBI_178138
COC1C(OCC2C=CC=CC(=O)C(C)CC(C)C(OC3OC(C)CC4(OC(=O)OC4C)C3O)C(C)C=CC(=O)OC2C)OC(C)C(O)C1OC	1	1	C37H56O14	0.0	CHEBI_204767
COC1C2=C(C)C(=O)OC2(OC)CC2CCC(OC(=O)/C=C/SC)C(C)C21C	1	1	C21H30O6S	0.0	CHEBI_175289
COC1C=C2[C@H](CCC(O[C@@H]3OC[C@@H](O)[C@H](O)[C@H]3O)C2(C)C)[C@@]2(C)CC[C@]3(C)[C@@H]([C@H](C)CCC=C(C)C)[C@H](O)C[C@@]3(C)C12	1	1	C36H60O7	0.0	CHEBI_172771
COC1CC(OC2CCC3(C)C(CCC4(O)C3CC(OC(=O)c3ccccc3)C3(C)C(O)(C(C)=O)CCC43O)C2)OC(C)C1OC1CC(OC)C(OC2OC(C)C(O)C(OC)C2O)C(C)O1	1	1	C49H74O17	0.0	CHEBI_182827
COC1CC2C(C(OC)O1)[C@@](C)(O)C[C@H]2OC	1	1	C12H22O5	0.0	CHEBI_229174
COC1CCC(C(=O)Nc2cc(-c3ccnc(Nc4ccc(F)cc4)c3)ccn2)CC1	1	1	C24H25FN4O2	0.0	CHEBI_43460
COC1CCC(OC2CC(C3(C)CCC4(CC(O)C(C)C(C(C)/C=C(\C)C(=O)C(C)CC(C)C(=O)O)O4)O3)OC3(OC(C4OC(C)(O)C(C)CC4C)CC3C)C2C)OC1C	1	1	C47H78O13	0.0	CHEBI_223611
COC1O[C@@]2(C)c3c(cc(C4=CC(=O)C5=CC(C)(C)C[C@@H]5[C@@]4(C)O)cc31)C(=O)C1=CC(C)(C)C[C@@H]12	1	1	C30H34O5	0.0	CHEBI_215410
COC1[C@H](C)[C@H](C[C@@H]2C[C@@H](OC)[C@@H](C)[C@]3(O2)OC(C)([C@@H]2O[C@H]([C@H]4CC[C@H]([C@H]5O[C@](C)(O)[C@H](C)C[C@@H]5C)O4)C[C@H]2O[C@H]2CC[C@H](OC)[C@@H](C)O2)C[C@H]3C)O[C@](O)([C@@H](O)C(=O)O)[C@H]1C	1	1	C46H78O16	0.0	CHEBI_223690
COC=CC(=O)c1cc2cnc3c(=N)cc(NC(=O)C(C)C)c([nH]1)c23	1	1	C18H18N4O3	0.0	CHEBI_217563
COCC(=O)N(C)C[C@@H]1Oc2ncc(C3=CCCC3)cc2C(=O)N([C@@H](C)CO)C[C@@H]1C	1	1	C23H33N3O5	0.0	CHEBI_109993
COCC(=O)N(C)C[C@@H]1Oc2ncc(C3=CCCC3)cc2C(=O)N([C@@H](C)CO)C[C@H]1C	1	1	C23H33N3O5	0.0	CHEBI_109899
COCC(=O)N(C)C[C@@H]1Oc2ncc(C3=CCCC3)cc2C(=O)N([C@H](C)CO)C[C@@H]1C	1	1	C23H33N3O5	0.0	CHEBI_110123
COCC(=O)N(C)C[C@@H]1Oc2ncc(C3=CCCC3)cc2C(=O)N([C@H](C)CO)C[C@H]1C	1	1	C23H33N3O5	0.0	CHEBI_110035
COCC(=O)N(C)C[C@H]1Oc2ncc(C3=CCCC3)cc2C(=O)N([C@@H](C)CO)C[C@@H]1C	1	1	C23H33N3O5	0.0	CHEBI_110059
COCC(=O)N(C)C[C@H]1Oc2ncc(C3=CCCC3)cc2C(=O)N([C@@H](C)CO)C[C@H]1C	1	1	C23H33N3O5	0.0	CHEBI_110066
COCC(=O)N(C)C[C@H]1Oc2ncc(C3=CCCC3)cc2C(=O)N([C@H](C)CO)C[C@@H]1C	1	1	C23H33N3O5	0.0	CHEBI_110143
COCC(=O)N(C)C[C@H]1Oc2ncc(C3=CCCC3)cc2C(=O)N([C@H](C)CO)C[C@H]1C	1	1	C23H33N3O5	0.0	CHEBI_110133
COCC(=O)N1CCC2(CC1)CN[C@@H](CO)c1c2c2ccc(OC)cc2n1C	1	1	C21H29N3O4	0.0	CHEBI_128193
COCC(=O)N1CCC2(CC1)CN[C@H](CO)c1c2c2ccc(OC)cc2n1C	1	1	C21H29N3O4	0.0	CHEBI_126664
COCC(=O)N1C[C@@H](C)[C@@H](OC)CN(C)C(=O)c2ccc(NS(C)(=O)=O)cc2OC[C@@H]1C	1	1	C21H33N3O7S	0.0	CHEBI_99598
COCC(=O)N1C[C@@H](C)[C@@H](OC)CN(C)C(=O)c2ccc(NS(C)(=O)=O)cc2OC[C@H]1C	1	1	C21H33N3O7S	0.0	CHEBI_101325
COCC(=O)N1C[C@@H](C)[C@H](OC)CN(C)C(=O)c2ccc(NS(C)(=O)=O)cc2OC[C@@H]1C	1	1	C21H33N3O7S	0.0	CHEBI_97346
COCC(=O)N1C[C@@H](C)[C@H](OC)CN(C)C(=O)c2ccc(NS(C)(=O)=O)cc2OC[C@H]1C	1	1	C21H33N3O7S	0.0	CHEBI_97473
COCC(=O)N1C[C@H](C)[C@@H](OC)CN(C)C(=O)c2ccc(NS(C)(=O)=O)cc2OC[C@@H]1C	1	1	C21H33N3O7S	0.0	CHEBI_97160
COCC(=O)N1C[C@H](C)[C@@H](OC)CN(C)C(=O)c2ccc(NS(C)(=O)=O)cc2OC[C@H]1C	1	1	C21H33N3O7S	0.0	CHEBI_98082
COCC(=O)N1C[C@H](C)[C@H](OC)CN(C)C(=O)c2ccc(NS(C)(=O)=O)cc2OC[C@@H]1C	1	1	C21H33N3O7S	0.0	CHEBI_100541
COCC(=O)N1C[C@H](C)[C@H](OC)CN(C)C(=O)c2ccc(NS(C)(=O)=O)cc2OC[C@H]1C	1	1	C21H33N3O7S	0.0	CHEBI_102389
COCC(=O)N[C@@H](C(=O)N1N=CCC[C@H]1C(=O)N[C@@H](Cc1ccccc1)[C@@H](O)[C@H](C)C(=O)N[C@@H]1CCNC1=O)[C@H](O)C(C)C	1	1	C30H44N6O8	0.0	CHEBI_224762
COCC(=O)N[C@@H](C(=O)N1NCCC[C@H]1C(=O)N[C@@H](Cc1ccccc1)[C@@H](O)[C@H](C)C(=O)N[C@H]1CCN(C(C)=O)C1=O)[C@H](O)C(C)C	1	1	C32H48N6O9	0.0	CHEBI_198046
COCC(=O)Nc1ccc2c(c1)OC[C@@H](C)N(C(=O)NC(C)C)C[C@@H](C)[C@@H](OC)CN(C)C2=O	1	1	C24H38N4O6	0.0	CHEBI_97136
COCC(=O)Nc1ccc2c(c1)OC[C@@H](C)N(C(=O)NC(C)C)C[C@@H](C)[C@H](OC)CN(C)C2=O	1	1	C24H38N4O6	0.0	CHEBI_100447
COCC(=O)Nc1ccc2c(c1)OC[C@@H](C)N(C(=O)NC(C)C)C[C@H](C)[C@@H](OC)CN(C)C2=O	1	1	C24H38N4O6	0.0	CHEBI_98726
COCC(=O)Nc1ccc2c(c1)OC[C@@H](C)N(C(=O)NC(C)C)C[C@H](C)[C@H](OC)CN(C)C2=O	1	1	C24H38N4O6	0.0	CHEBI_102097
COCC(=O)Nc1ccc2c(c1)OC[C@H](C)N(C(=O)NC(C)C)C[C@@H](C)[C@@H](OC)CN(C)C2=O	1	1	C24H38N4O6	0.0	CHEBI_97067
COCC(=O)Nc1ccc2c(c1)OC[C@H](C)N(C(=O)NC(C)C)C[C@@H](C)[C@H](OC)CN(C)C2=O	1	1	C24H38N4O6	0.0	CHEBI_101105
COCC(=O)Nc1ccc2c(c1)OC[C@H](C)N(C(=O)NC(C)C)C[C@H](C)[C@H](OC)CN(C)C2=O	1	1	C24H38N4O6	0.0	CHEBI_101236
COCC(=O)Nc1ccc2c(c1)[C@@H]1C[C@@H](CC(=O)N[C@@H](C)c3ccccc3)O[C@@H](CO)[C@@H]1O2	1	1	C25H30N2O6	0.0	CHEBI_101676
COCC(=O)Nc1ccc2c(c1)[C@@H]1C[C@@H](CC(=O)N[C@@H](C)c3ccccc3)O[C@H](CO)[C@@H]1O2	1	1	C25H30N2O6	0.0	CHEBI_102981
COCC(=O)Nc1ccc2c(c1)[C@@H]1C[C@@H](CC(=O)N[C@H](C)c3ccccc3)O[C@@H](CO)[C@@H]1O2	1	1	C25H30N2O6	0.0	CHEBI_102430
COCC(=O)Nc1ccc2c(c1)[C@@H]1C[C@@H](CC(=O)N[C@H](C)c3ccccc3)O[C@H](CO)[C@@H]1O2	1	1	C25H30N2O6	0.0	CHEBI_100880
COCC(=O)Nc1ccc2c(c1)[C@@H]1C[C@H](CC(=O)N[C@@H](C)c3ccccc3)O[C@@H](CO)[C@@H]1O2	1	1	C25H30N2O6	0.0	CHEBI_98135
COCC(=O)Nc1ccc2c(c1)[C@@H]1C[C@H](CC(=O)N[C@@H](C)c3ccccc3)O[C@H](CO)[C@@H]1O2	1	1	C25H30N2O6	0.0	CHEBI_99868
COCC(=O)Nc1ccc2c(c1)[C@@H]1C[C@H](CC(=O)N[C@H](C)c3ccccc3)O[C@@H](CO)[C@@H]1O2	1	1	C25H30N2O6	0.0	CHEBI_100524
COCC(=O)Nc1ccc2c(c1)[C@@H]1C[C@H](CC(=O)N[C@H](C)c3ccccc3)O[C@H](CO)[C@@H]1O2	1	1	C25H30N2O6	0.0	CHEBI_98907
COCC(=O)Nc1ccc2c(c1)[C@H]1C[C@@H](CC(=O)N[C@@H](C)c3ccccc3)O[C@@H](CO)[C@H]1O2	1	1	C25H30N2O6	0.0	CHEBI_97750
COCC(=O)Nc1ccc2c(c1)[C@H]1C[C@@H](CC(=O)N[C@@H](C)c3ccccc3)O[C@H](CO)[C@H]1O2	1	1	C25H30N2O6	0.0	CHEBI_99061
COCC(=O)Nc1ccc2c(c1)[C@H]1C[C@@H](CC(=O)N[C@H](C)c3ccccc3)O[C@@H](CO)[C@H]1O2	1	1	C25H30N2O6	0.0	CHEBI_100580
COCC(=O)Nc1ccc2c(c1)[C@H]1C[C@@H](CC(=O)N[C@H](C)c3ccccc3)O[C@H](CO)[C@H]1O2	1	1	C25H30N2O6	0.0	CHEBI_98853
COCC(=O)Nc1ccc2c(c1)[C@H]1C[C@H](CC(=O)N[C@@H](C)c3ccccc3)O[C@@H](CO)[C@H]1O2	1	1	C25H30N2O6	0.0	CHEBI_103143
COCC(=O)Nc1ccc2c(c1)[C@H]1C[C@H](CC(=O)N[C@@H](C)c3ccccc3)O[C@H](CO)[C@H]1O2	1	1	C25H30N2O6	0.0	CHEBI_98828
COCC(=O)Nc1ccc2c(c1)[C@H]1C[C@H](CC(=O)N[C@H](C)c3ccccc3)O[C@@H](CO)[C@H]1O2	1	1	C25H30N2O6	0.0	CHEBI_101168
COCC(=O)Nc1ccc2c(c1)[C@H]1C[C@H](CC(=O)N[C@H](C)c3ccccc3)O[C@H](CO)[C@H]1O2	1	1	C25H30N2O6	0.0	CHEBI_102627
COCC(O)C#C[C@@]12O[C@@H]1[C@@H](O)C=C[C@@H]2O	1	1	C11H14O5	0.0	CHEBI_217903
COCCCC/C(=N\OCCN)c1ccc(I)cc1	1	1	C14H21IN2O2	0.0	CHEBI_36817
COCCOC[C@H](CC1(C(=O)N[C@H]2CC[C@@H](C(=O)O)CC2)CCCC1)C(=O)O	1	1	C20H33NO7	0.0	CHEBI_3354
COCCn1c(=NC(=O)c2ccccc2[N+](=O)[O-])sc2cc(S(C)(=O)=O)ccc21	1	1	C18H17N3O6S2	0.0	CHEBI_114835
COC[C@@H]([C@H](O)[C@H](O)C(=O)N[C@H](C)C[C@H](C)c1nc(/C=C/C[C@@H]2OC3(C[C@@H](O)[C@@H]2C)O[C@H]([C@H](C[C@H](O)[C@H](C)[C@H](O)[C@H](C)/C=C(C)/C(C)=C/C=C/C(C)=C\C#N)OC)[C@H](OP(=O)(O)OP(=O)(O)O)C3(C)C)co1)N(C)C	1	1	C51H84N4O18P2	0.0	CHEBI_226885
COC[C@@]1(CCC(C)=C(C)C)Nc2ccc(C(N)=O)cc2C[C@H]1Cl	1	1	C19H27ClN2O2	0.0	CHEBI_65483
COC[C@@]1(O)CC[C@@H]2C1=C[C@@]1(C)C(=O)C=C(C(C)C)[C@@]1(O)C[C@H](O)[C@@H]2C	1	1	C21H32O5	0.0	CHEBI_219354
COC[C@H](/N=[N+](\[O-])CCCCCCC(C)=O)[C@H](C)O	1	1	C13H26N2O4	0.0	CHEBI_208588
COC[C@H]1OC(=O)c2coc3c2[C@@]1(C)C1=C(C3=O)[C@@H]2CCC(=O)[C@@]2(C)C[C@H]1OC(=O)C(C)C	1	1	C25H28O8	0.0	CHEBI_223197
COCc1c(OC)cc(C(C)=CC(C)=CC(=O)O)oc1=O	1	1	C15H18O6	0.0	CHEBI_221292
COCc1cc(O)c2c(c1O)[C@@]1(C)CC[C@H]3C(C)(C)CCC[C@]3(C)[C@H]1C2	1	1	C23H34O3	0.0	CHEBI_205659
COCc1cc(S(=O)c2ccc(Cl)cc2)nc(C)n1	1	1	C13H13ClN2O2S	0.0	CHEBI_108544
COCc1ccc(O)cc1	1	1	C8H10O2	0.0	CHEBI_133885
COP(=S)(OC)SCC(=O)N(C)C=O	1	1	C6H12NO4PS2	0.0	CHEBI_82126
CO[C@@H](/C=C/O[C@@]1(C)Oc2c(C)c([O-])c3c(c2C1=O)C(=O)C(/C=N/N1CCN(C)CC1)=C([O-])C3=O)[C@@H](C)[C@@H](OC(C)=O)[C@H](C)[C@H](O)[C@H](C)[C@@H](O)[C@@H](C)/C=C/C=C(/C)C(N)=O	1	1	C43H56N4O13-2	-2.0	CHEBI_142731
CO[C@@H](C(=O)O)[C@@H]1NC(=O)[C@@H](CCCCN)NC(=O)[C@H](CC(=O)O)NC(=O)[C@H](C)NC(=O)CN(C)C(=O)[C@@H](NC(=O)[C@@H](NC(=O)[C@@H](CCC(=O)O)NC(=O)[C@H](Cc2c[nH]c3ccccc23)NC(=O)CCCCCCC(C)C)[C@@H](O)C(N)=O)[C@@H](C)OC(=O)[C@H](C(C)C)NC(=O)[C@H](CCC(=O)O)NC(=O)[C@@H](CC(N)=O)NC(=O)CNC1=O	1	1	C71H107N17O27	0.0	CHEBI_220165
CO[C@@H](CN(C)C(=O)c1ccc2c(c1)OCO2)[C@@H](C)CN([C@@H](C)CO)S(=O)(=O)c1ccccc1	1	1	C24H32N2O7S	0.0	CHEBI_98599
CO[C@@H](CN(C)C(=O)c1ccc2c(c1)OCO2)[C@@H](C)CN([C@H](C)CO)S(=O)(=O)c1ccccc1	1	1	C24H32N2O7S	0.0	CHEBI_101807
CO[C@@H](CN(C)C(=O)c1ccc2c(c1)OCO2)[C@H](C)CN([C@@H](C)CO)S(=O)(=O)c1ccccc1	1	1	C24H32N2O7S	0.0	CHEBI_100225
CO[C@@H](CN(C)C(=O)c1ccc2c(c1)OCO2)[C@H](C)CN([C@H](C)CO)S(=O)(=O)c1ccccc1	1	1	C24H32N2O7S	0.0	CHEBI_97300
CO[C@@H](CN(C)Cc1nccs1)[C@@H](C)CN([C@@H](C)CO)S(=O)(=O)c1ccc(C)cc1	1	1	C21H33N3O4S2	0.0	CHEBI_102798
CO[C@@H](CN(C)Cc1nccs1)[C@@H](C)CN([C@H](C)CO)S(=O)(=O)c1ccc(C)cc1	1	1	C21H33N3O4S2	0.0	CHEBI_99629
CO[C@@H](CN(C)Cc1nccs1)[C@H](C)CN([C@@H](C)CO)S(=O)(=O)c1ccc(C)cc1	1	1	C21H33N3O4S2	0.0	CHEBI_103089
CO[C@@H](CN(C)Cc1nccs1)[C@H](C)CN([C@H](C)CO)S(=O)(=O)c1ccc(C)cc1	1	1	C21H33N3O4S2	0.0	CHEBI_100950
CO[C@@H](CN(C)S(=O)(=O)c1cn(C)cn1)[C@@H](C)CN(C(=O)Nc1ccc(F)cc1)[C@@H](C)CO	1	1	C21H32FN5O5S	0.0	CHEBI_101725
CO[C@@H](CN(C)S(=O)(=O)c1cn(C)cn1)[C@@H](C)CN(C(=O)Nc1ccc(F)cc1)[C@H](C)CO	1	1	C21H32FN5O5S	0.0	CHEBI_98874
CO[C@@H](CN(C)S(=O)(=O)c1cn(C)cn1)[C@H](C)CN(C(=O)Nc1ccc(F)cc1)[C@@H](C)CO	1	1	C21H32FN5O5S	0.0	CHEBI_99256
CO[C@@H](CN(C)S(=O)(=O)c1cn(C)cn1)[C@H](C)CN(C(=O)Nc1ccc(F)cc1)[C@H](C)CO	1	1	C21H32FN5O5S	0.0	CHEBI_100176
CO[C@@H]1/C(=N/O)C[C@H]2O[C@]1(C)n1c3ccccc3c3c4c(c5c6ccccc6n2c5c31)C(=O)N(COC(C)C)C4	1	1	C31H30N4O5	0.0	CHEBI_208757
CO[C@@H]1C(=O)c2c(oc3ccccc23)[C@H](O)[C@H]1O	1	1	C13H12O5	0.0	CHEBI_206408
CO[C@@H]1C(C=O)=CC[C@@H]2C3=C(C(C)C)CC[C@]3(C)C(=O)C[C@@]2(C)[C@H]1O	1	1	C21H30O4	0.0	CHEBI_225224
CO[C@@H]1C=C(CC[C@H]2/C(=C/OS(=O)(=O)[O-])CC[C@H]3[C@]2(C)CC[C@H]2C(C)(C)CCC[C@]32C)C(=O)O1.[Na+]	1	1	C26H39NaO7S	0.0	CHEBI_69288
CO[C@@H]1CN(C)C(=O)c2cc(NC(=O)C3CC3)ccc2OC[C@@H](C)N(CC2CCCC2)C[C@@H]1C	1	1	C27H41N3O4	0.0	CHEBI_106429
CO[C@@H]1CN(C)C(=O)c2cc(NC(=O)C3CC3)ccc2OC[C@H](C)N(CC2CCCC2)C[C@@H]1C	1	1	C27H41N3O4	0.0	CHEBI_106465
CO[C@@H]1CN(C)C(=O)c2cc(NC(=O)C3CC3)ccc2OC[C@H](C)N(CC2CCCC2)C[C@H]1C	1	1	C27H41N3O4	0.0	CHEBI_106564
CO[C@@H]1CN(C)C(=O)c2cc(NC(=O)c3nc4ccccc4s3)ccc2OC[C@@H](C)N(Cc2cncnc2)C[C@@H]1C	1	1	C30H34N6O4S	0.0	CHEBI_102590
CO[C@@H]1CN(C)C(=O)c2cc(NC(=O)c3nc4ccccc4s3)ccc2OC[C@@H](C)N(Cc2cncnc2)C[C@H]1C	1	1	C30H34N6O4S	0.0	CHEBI_99601
CO[C@@H]1CN(C)C(=O)c2cc(NC(=O)c3nc4ccccc4s3)ccc2OC[C@H](C)N(Cc2cncnc2)C[C@@H]1C	1	1	C30H34N6O4S	0.0	CHEBI_100675
CO[C@@H]1CN(C)C(=O)c2cc(NC(=O)c3nc4ccccc4s3)ccc2OC[C@H](C)N(Cc2cncnc2)C[C@H]1C	1	1	C30H34N6O4S	0.0	CHEBI_97085
CO[C@@H]1CN(C)C(=O)c2cc(NC(C)=O)ccc2OC[C@@H](C)N(C(=O)c2ccccn2)C[C@@H]1C	1	1	C25H32N4O5	0.0	CHEBI_115223
CO[C@@H]1CN(C)C(=O)c2cc(NC(C)=O)ccc2OC[C@@H](C)N(C(=O)c2ccccn2)C[C@H]1C	1	1	C25H32N4O5	0.0	CHEBI_115169
CO[C@@H]1CN(C)C(=O)c2cc(NC(C)=O)ccc2OC[C@@H](C)N(Cc2cc(-c3ccccc3)on2)C[C@H]1C	1	1	C29H36N4O5	0.0	CHEBI_112150
CO[C@@H]1CN(C)C(=O)c2cc(NC(C)=O)ccc2OC[C@H](C)N(C(=O)c2ccccn2)C[C@@H]1C	1	1	C25H32N4O5	0.0	CHEBI_115194
CO[C@@H]1CN(C)C(=O)c2cc(NC(C)=O)ccc2OC[C@H](C)N(C(=O)c2ccccn2)C[C@H]1C	1	1	C25H32N4O5	0.0	CHEBI_115387
CO[C@@H]1CN(C)C(=O)c2cc(NS(=O)(=O)c3ccc(C)cc3)ccc2OC[C@@H](C)N(C(=O)NC(C)C)C[C@@H]1C	1	1	C28H40N4O6S	0.0	CHEBI_99249
CO[C@@H]1CN(C)C(=O)c2cc(NS(=O)(=O)c3ccc(C)cc3)ccc2OC[C@@H](C)N(C(=O)NC(C)C)C[C@H]1C	1	1	C28H40N4O6S	0.0	CHEBI_97056
CO[C@@H]1CN(C)C(=O)c2cc(NS(=O)(=O)c3ccc(C)cc3)ccc2OC[C@H](C)N(C(=O)NC(C)C)C[C@@H]1C	1	1	C28H40N4O6S	0.0	CHEBI_99140
CO[C@@H]1CN(C)C(=O)c2cc(NS(=O)(=O)c3ccc(C)cc3)ccc2OC[C@H](C)N(C(=O)NC(C)C)C[C@H]1C	1	1	C28H40N4O6S	0.0	CHEBI_101472
CO[C@@H]1CN(C)C(=O)c2ccc(NC(=O)NC(C)C)cc2OC[C@@H](C)N(C)C[C@@H]1C	1	1	C22H36N4O4	0.0	CHEBI_97623
CO[C@@H]1CN(C)C(=O)c2ccc(NC(=O)NC(C)C)cc2OC[C@H](C)N(C)C[C@@H]1C	1	1	C22H36N4O4	0.0	CHEBI_97111
CO[C@@H]1CN(C)C(=O)c2ccc(NC(=O)NC(C)C)cc2OC[C@H](C)N(C)C[C@H]1C	1	1	C22H36N4O4	0.0	CHEBI_101373
CO[C@@H]1CN(C)C(=O)c2ccc(NC(=O)Nc3cc(F)ccc3F)cc2OC[C@@H](C)N(C)C[C@@H]1C	1	1	C25H32F2N4O4	0.0	CHEBI_102105
CO[C@@H]1CN(C)C(=O)c2ccc(NC(=O)Nc3cc(F)ccc3F)cc2OC[C@H](C)N(C)C[C@@H]1C	1	1	C25H32F2N4O4	0.0	CHEBI_100788
CO[C@@H]1CN(C)C(=O)c2ccc(NC(=O)Nc3cc(F)ccc3F)cc2OC[C@H](C)N(C)C[C@H]1C	1	1	C25H32F2N4O4	0.0	CHEBI_101054
CO[C@@H]1CN(C)C(=O)c2ccc(NC(=O)Nc3ccccc3)cc2OC[C@@H](C)N(C(=O)Nc2c(C)noc2C)C[C@@H]1C	1	1	C30H38N6O6	0.0	CHEBI_110542
CO[C@@H]1CN(C)C(=O)c2ccc(NC(=O)Nc3ccccc3)cc2OC[C@@H](C)N(C(=O)Nc2c(C)noc2C)C[C@H]1C	1	1	C30H38N6O6	0.0	CHEBI_110826
CO[C@@H]1CN(C)C(=O)c2ccc(NC(=O)Nc3ccccc3)cc2OC[C@H](C)N(C(=O)Nc2c(C)noc2C)C[C@@H]1C	1	1	C30H38N6O6	0.0	CHEBI_110786
CO[C@@H]1CN(C)C(=O)c2ccc(NC(=O)Nc3ccccc3)cc2OC[C@H](C)N(C(=O)Nc2c(C)noc2C)C[C@H]1C	1	1	C30H38N6O6	0.0	CHEBI_110793
CO[C@@H]1CN(C)C(=O)c2ccc(NS(=O)(=O)c3ccc(F)cc3)cc2OC[C@@H](C)N(C)C[C@H]1C	1	1	C24H32FN3O5S	0.0	CHEBI_99209
CO[C@@H]1C[C@H]2[C@]3(C)CC[C@H]4C(C)(C)CCC[C@]4(C)[C@H]3C[C@@H](OC(C)=O)[C@]2(C)C2=C1C(=O)O[C@H]2O	1	1	C28H42O6	0.0	CHEBI_68039
CO[C@@H]1O[C@]2(C[C@]34CC[C@@H](O)[C@]13COC4=O)Oc1ccc(O)c3c(=O)oc4ccc(O)c2c4c13	1	1	C24H20O10	0.0	CHEBI_210977
CO[C@@H]1[C@@H](C)O[C@@H](OC[C@@]23C[C@@H]4[C@H](C)CC[C@H]4[C@@]4(C(=O)O)C[C@@H]2C=C(C(C)C)[C@@]34C(=O)O)[C@@H](O)[C@@]12OC(=O)[C@H](CCCCCCCC(=O)O)O2	1	1	C37H54O13	0.0	CHEBI_225426
CO[C@@H]1[C@@H](O[C@@H]2O[C@H](C)[C@@H](O[C@H]3C[C@@](C)(O)[C@@H](O)[C@H](C)O3)[C@H](N(C)C)[C@H]2O)[C@@H](CC=O)C[C@@H](C)[C@@H](O[C@H]2CC[C@H](N(C)C)[C@@H](C)O2)C=CC=CC[C@@H](C)OC(=O)C[C@H]1O	1	1	C43H74N2O14	0.0	CHEBI_205953
CO[C@@H]1[C@@H](O[C@@H]2O[C@H](C)[C@@H](O[C@H]3C[C@@](C)(O)[C@@H](O)[C@H](C)O3)[C@H](N(C)C)[C@H]2O)[C@@H](CC=O)C[C@@H](C)[C@@H](O[C@H]2CC[C@H](N(C)C)[C@H](C)O2)/C=C/C=C/C[C@@H](C)OC(=O)C[C@H]1O	1	1	C43H74N2O14	0.0	CHEBI_85260
CO[C@@H]1[C@@H](O[C@@H]2O[C@H](C)[C@@H](O[C@H]3C[C@@](C)(O)[C@H](O)[C@H](C)O3)[C@H](N(C)C)[C@H]2O)[C@@H](CC=O)C[C@@H](C)[C@@H](O[C@H]2CC[C@H](N(C)C)[C@@H](C)O2)C=CC=CC[C@H](C)OC(=O)C[C@H]1O	1	1	C43H74N2O14	0.0	CHEBI_94169
CO[C@@H]1[C@H](O)C[C@@H](O[C@@H]2C[C@H](Oc3cc4cc5c(c(O)c4c(O)c3C)C(=O)[C@@H](O[C@H]3C[C@@H](O[C@H]4C[C@@H](O[C@H]6C[C@](C)(O)[C@@H](OC(=O)C(C)C)[C@H](C)O6)[C@H](O)[C@@H](C)O4)[C@H](O)[C@@H](C)O3)[C@H]([C@H](OC)C(=O)O)C5)O[C@H](C)[C@@H]2OC(C)=O)O[C@@H]1C	1	1	C56H80O25	0.0	CHEBI_207974
CO[C@@H]1[C@H](O)[C@@H](C)O[C@@H](OC[C@H]2[C@@H]3O[C@H]3CCC(=O)[C@H](C)C[C@H](C)[C@H](O[C@@H]3O[C@H](C)C[C@](O)([C@H](C)O)[C@H]3O)[C@@H](C)/C=C/C(=O)O[C@@H]2C)[C@@H]1OC	1	1	C36H60O14	0.0	CHEBI_205892
CO[C@@H]1[C@H](O)c2coc(=O)c3c2[C@@](C)(c2ccc4c(c2-3)CCC4=O)[C@@H]1O	1	1	C20H18O6	0.0	CHEBI_205545
CO[C@@]1(C(=O)c2ccccc2)NC(=O)[C@]2(OC(CO)=C(C)C2=O)C1O	1	1	C17H17NO7	0.0	CHEBI_210185
CO[C@@]1(c2cc(O)ccc2O)C=C(CC/C=C(\C)CCC(=O)C(C)C)C(=O)O1	1	1	C22H28O6	0.0	CHEBI_210753
CO[C@@]1(c2cc(O)ccc2O)C=C(CCC=C(C)CCC=C(C)COC(=O)/C=C/c2ccc(O)cc2)C(=O)O1	1	1	C31H34O8	0.0	CHEBI_214595
CO[C@@]12OC(=O)C(C)=C1C[C@@]1(C)[C@H](C(=O)C=C[C@@H]1C)[C@@H]2O	1	1	C16H20O5	0.0	CHEBI_208295
CO[C@H](C(=O)[C@@H](O)[C@@H](C)O)[C@@H]1Cc2cc3cc(O[C@@H]4C[C@@H](O[C@@H]5C[C@H](O)[C@H](O)[C@H](C)O5)[C@H](OC(C)=O)[C@H](C)O4)c(C)c(O)c3c(O)c2C(=O)[C@H]1O[C@@H]1C[C@H](O[C@H]2C[C@@H](O[C@H]3C[C@@](C)(O)[C@H](OC(=O)C(C)C)[C@@H](C)O3)[C@@H](O)[C@@H](C)O2)[C@H](O)[C@H](C)O1	1	1	C58H84O26	0.0	CHEBI_224825
CO[C@H](C)c1ccc([C@@H]2CCC(=O)O2)o1	1	1	C11H14O4	0.0	CHEBI_223857
CO[C@H](CN(C)C(=O)c1ccc2c(c1)OCO2)[C@@H](C)CN([C@@H](C)CO)S(=O)(=O)c1ccccc1	1	1	C24H32N2O7S	0.0	CHEBI_97342
CO[C@H](CN(C)C(=O)c1ccc2c(c1)OCO2)[C@@H](C)CN([C@H](C)CO)S(=O)(=O)c1ccccc1	1	1	C24H32N2O7S	0.0	CHEBI_100306
CO[C@H](CN(C)C(=O)c1ccc2c(c1)OCO2)[C@H](C)CN([C@@H](C)CO)S(=O)(=O)c1ccccc1	1	1	C24H32N2O7S	0.0	CHEBI_101972
CO[C@H](CN(C)C(=O)c1ccc2c(c1)OCO2)[C@H](C)CN([C@H](C)CO)S(=O)(=O)c1ccccc1	1	1	C24H32N2O7S	0.0	CHEBI_100645
CO[C@H](CN(C)Cc1nccs1)[C@@H](C)CN([C@@H](C)CO)S(=O)(=O)c1ccc(C)cc1	1	1	C21H33N3O4S2	0.0	CHEBI_97706
CO[C@H](CN(C)Cc1nccs1)[C@@H](C)CN([C@H](C)CO)S(=O)(=O)c1ccc(C)cc1	1	1	C21H33N3O4S2	0.0	CHEBI_100411
CO[C@H](CN(C)Cc1nccs1)[C@H](C)CN([C@@H](C)CO)S(=O)(=O)c1ccc(C)cc1	1	1	C21H33N3O4S2	0.0	CHEBI_101542
CO[C@H](CN(C)Cc1nccs1)[C@H](C)CN([C@H](C)CO)S(=O)(=O)c1ccc(C)cc1	1	1	C21H33N3O4S2	0.0	CHEBI_98998
CO[C@H](CN(C)S(=O)(=O)c1cn(C)cn1)[C@@H](C)CN(C(=O)Nc1ccc(F)cc1)[C@@H](C)CO	1	1	C21H32FN5O5S	0.0	CHEBI_98094
CO[C@H](CN(C)S(=O)(=O)c1cn(C)cn1)[C@@H](C)CN(C(=O)Nc1ccc(F)cc1)[C@H](C)CO	1	1	C21H32FN5O5S	0.0	CHEBI_102706
CO[C@H](CN(C)S(=O)(=O)c1cn(C)cn1)[C@H](C)CN(C(=O)Nc1ccc(F)cc1)[C@@H](C)CO	1	1	C21H32FN5O5S	0.0	CHEBI_98471
CO[C@H](CN(C)S(=O)(=O)c1cn(C)cn1)[C@H](C)CN(C(=O)Nc1ccc(F)cc1)[C@H](C)CO	1	1	C21H32FN5O5S	0.0	CHEBI_102349
CO[C@H]1C2=CO[C@@]3(O)[C@H](O)CO[C@H]4O[C@@H]([C@@H]2[C@]43O)[C@]2(C)CC[C@@]3(C)CCC(C(C)C)=C3[C@H]2[C@H]1O	1	1	C26H38O8	0.0	CHEBI_211674
CO[C@H]1C=C(CC[C@H]2/C(=C/OS(=O)(=O)[O-])CC[C@H]3[C@]2(C)CC[C@H]2C(C)(C)CCC[C@]32C)C(=O)O1.[Na+]	1	1	C26H39NaO7S	0.0	CHEBI_69289
CO[C@H]1C=C2[C@@H](CC[C@H](O[C@@H]3OC[C@@H](OC(C)=O)[C@H](O)[C@H]3O)C2(C)C)[C@]2(C)CC[C@]3(C)[C@@H]([C@H](C)CCC=C(C)C)[C@@H](O[C@@H]4O[C@H](COC(C)=O)[C@@H](O)[C@H](O)[C@H]4O)C[C@@]3(C)[C@H]12	1	1	C46H74O14	0.0	CHEBI_227320
CO[C@H]1C=CC=CC=CC[C@H](O)[C@H](C)[C@@H](OC(=O)[C@@H](C)NC(=O)CC(C)C)C(C)=CCCc2cc(O)cc(c2)NC(=O)C1	1	1	C34H48N2O7	0.0	CHEBI_210302
CO[C@H]1CC(O[C@@H]2C(C)=CC[C@@H]3C[C@@H](C[C@]4(CC[C@H](C)[C@@H](C5CCCCC5)O4)O3)OC(=O)[C@@H]3C=C(C)C(=NO)[C@H]4OCC(=CC=C[C@@H]2C)[C@]43O)O[C@@H](C)C1O	1	1	C43H63NO11	0.0	CHEBI_91773
CO[C@H]1CC=C2CCN3CCC4=C(CC(=O)OC4)[C@]23C1	1	1	C16H21NO3	0.0	CHEBI_34705
CO[C@H]1CN(C)C(=O)c2cc(NC(=O)C3CC3)ccc2OC[C@@H](C)N(CC2CCCC2)C[C@@H]1C	1	1	C27H41N3O4	0.0	CHEBI_106692
CO[C@H]1CN(C)C(=O)c2cc(NC(=O)C3CC3)ccc2OC[C@@H](C)N(CC2CCCC2)C[C@H]1C	1	1	C27H41N3O4	0.0	CHEBI_106567
CO[C@H]1CN(C)C(=O)c2cc(NC(=O)C3CC3)ccc2OC[C@H](C)N(CC2CCCC2)C[C@@H]1C	1	1	C27H41N3O4	0.0	CHEBI_106652
CO[C@H]1CN(C)C(=O)c2cc(NC(=O)C3CC3)ccc2OC[C@H](C)N(CC2CCCC2)C[C@H]1C	1	1	C27H41N3O4	0.0	CHEBI_106566
CO[C@H]1CN(C)C(=O)c2cc(NC(=O)c3nc4ccccc4s3)ccc2OC[C@@H](C)N(Cc2cncnc2)C[C@@H]1C	1	1	C30H34N6O4S	0.0	CHEBI_99761
CO[C@H]1CN(C)C(=O)c2cc(NC(=O)c3nc4ccccc4s3)ccc2OC[C@@H](C)N(Cc2cncnc2)C[C@H]1C	1	1	C30H34N6O4S	0.0	CHEBI_100914
CO[C@H]1CN(C)C(=O)c2cc(NC(=O)c3nc4ccccc4s3)ccc2OC[C@H](C)N(Cc2cncnc2)C[C@@H]1C	1	1	C30H34N6O4S	0.0	CHEBI_102785
CO[C@H]1CN(C)C(=O)c2cc(NC(=O)c3nc4ccccc4s3)ccc2OC[C@H](C)N(Cc2cncnc2)C[C@H]1C	1	1	C30H34N6O4S	0.0	CHEBI_102081
CO[C@H]1CN(C)C(=O)c2cc(NC(C)=O)ccc2OC[C@@H](C)N(C(=O)c2ccccn2)C[C@@H]1C	1	1	C25H32N4O5	0.0	CHEBI_115417
CO[C@H]1CN(C)C(=O)c2cc(NC(C)=O)ccc2OC[C@@H](C)N(C(=O)c2ccccn2)C[C@H]1C	1	1	C25H32N4O5	0.0	CHEBI_115203
CO[C@H]1CN(C)C(=O)c2cc(NC(C)=O)ccc2OC[C@H](C)N(C(=O)c2ccccn2)C[C@@H]1C	1	1	C25H32N4O5	0.0	CHEBI_115441
CO[C@H]1CN(C)C(=O)c2cc(NC(C)=O)ccc2OC[C@H](C)N(C(=O)c2ccccn2)C[C@H]1C	1	1	C25H32N4O5	0.0	CHEBI_115292
CO[C@H]1CN(C)C(=O)c2cc(NS(=O)(=O)c3ccc(C)cc3)ccc2OC[C@@H](C)N(C(=O)NC(C)C)C[C@@H]1C	1	1	C28H40N4O6S	0.0	CHEBI_100952
CO[C@H]1CN(C)C(=O)c2cc(NS(=O)(=O)c3ccc(C)cc3)ccc2OC[C@@H](C)N(C(=O)NC(C)C)C[C@H]1C	1	1	C28H40N4O6S	0.0	CHEBI_97120
CO[C@H]1CN(C)C(=O)c2cc(NS(=O)(=O)c3ccc(C)cc3)ccc2OC[C@H](C)N(C(=O)NC(C)C)C[C@@H]1C	1	1	C28H40N4O6S	0.0	CHEBI_99911
CO[C@H]1CN(C)C(=O)c2cc(NS(=O)(=O)c3ccc(C)cc3)ccc2OC[C@H](C)N(C(=O)NC(C)C)C[C@H]1C	1	1	C28H40N4O6S	0.0	CHEBI_98086
CO[C@H]1CN(C)C(=O)c2ccc(NC(=O)NC(C)C)cc2OC[C@@H](C)N(C)C[C@@H]1C	1	1	C22H36N4O4	0.0	CHEBI_98803
CO[C@H]1CN(C)C(=O)c2ccc(NC(=O)NC(C)C)cc2OC[C@@H](C)N(C)C[C@H]1C	1	1	C22H36N4O4	0.0	CHEBI_95449
CO[C@H]1CN(C)C(=O)c2ccc(NC(=O)NC(C)C)cc2OC[C@H](C)N(C)C[C@H]1C	1	1	C22H36N4O4	0.0	CHEBI_102941
CO[C@H]1CN(C)C(=O)c2ccc(NC(=O)Nc3cc(F)ccc3F)cc2OC[C@@H](C)N(C)C[C@@H]1C	1	1	C25H32F2N4O4	0.0	CHEBI_102995
CO[C@H]1CN(C)C(=O)c2ccc(NC(=O)Nc3cc(F)ccc3F)cc2OC[C@@H](C)N(C)C[C@H]1C	1	1	C25H32F2N4O4	0.0	CHEBI_98097
CO[C@H]1CN(C)C(=O)c2ccc(NC(=O)Nc3cc(F)ccc3F)cc2OC[C@H](C)N(C)C[C@H]1C	1	1	C25H32F2N4O4	0.0	CHEBI_98900
CO[C@H]1CN(C)C(=O)c2ccc(NC(=O)Nc3ccccc3)cc2OC[C@@H](C)N(C(=O)Nc2c(C)noc2C)C[C@@H]1C	1	1	C30H38N6O6	0.0	CHEBI_110716
CO[C@H]1CN(C)C(=O)c2ccc(NC(=O)Nc3ccccc3)cc2OC[C@@H](C)N(C(=O)Nc2c(C)noc2C)C[C@H]1C	1	1	C30H38N6O6	0.0	CHEBI_110709
CO[C@H]1CN(C)C(=O)c2ccc(NC(=O)Nc3ccccc3)cc2OC[C@H](C)N(C(=O)Nc2c(C)noc2C)C[C@H]1C	1	1	C30H38N6O6	0.0	CHEBI_110671
CO[C@H]1C[C@@H](O)[C@H](C)[C@@H](CO)O1	1	1	C8H16O4	0.0	CHEBI_46706
CO[C@H]1C[C@H](O[C@@H]2/C(C)=C/C[C@@H]3C[C@@H](C[C@]4(CC[C@H](C)[C@@H](C5CCCCC5)O4)O3)OC(=O)[C@@H]3C=C(C)/C(=N/O)[C@H]4OC/C(=C\C=C\[C@@H]2C)[C@]43O)O[C@@H](C)[C@@H]1O	1	1	C43H63NO11	0.0	CHEBI_177562
CO[C@H]1OC(=O)C(O)=C1[C@H]1C(C)=CC[C@H]2[C@]1(C)CC[C@H]1C(C)(C)[C@@H](O)CC[C@]21C	1	1	C24H36O5	0.0	CHEBI_218421
CO[C@H]1O[C@@H](OC)[C@]23CCCC(C)(C)[C@@H]2CC=C(C(=O)O)[C@H]13	1	1	C17H26O5	0.0	CHEBI_214651
CO[C@H]1O[C@@]2(C[C@@]34CC[C@H](O)[C@@]13COC4=O)Oc1ccc(O)c3c(=O)oc4ccc(O)c2c4c13	1	1	C24H20O10	0.0	CHEBI_206526
CO[C@H]1O[C@H](C)[C@@](O)([C@@H](C[C@H](O)[C@H](O)[C@@H](C)O)OC)[C@@H](OC)[C@H]1O	1	1	C15H30O9	0.0	CHEBI_217076
CO[C@H]1O[C@H](CNC(=O)N(CCCl)N=O)[C@@H](O)[C@H](O)[C@H]1O	1	1	C10H18ClN3O7	0.0	CHEBI_32089
CO[C@H]1O[C@H](OC)[C@]23CCCC(C)(C)[C@@H]2CC=C(C(=O)O)[C@H]13	1	1	C17H26O5	0.0	CHEBI_214657
CO[C@H]1[C@@H](O)[C@H](n2cnc3c(=O)[nH]cnc32)O[C@@H]1CO	1	1	C11H14N4O5	0.0	CHEBI_183886
CO[C@H]1[C@@H]2[C@@H](O)O[C@]3([C@H](OC(C)=O)C/C(C)=C/[C@@H]1OC)[C@H]2CC3(C)C	1	1	C19H30O6	0.0	CHEBI_224496
CO[C@H]1[C@H](C)O[C@@H](O[C@@H]2c3ccc(c(Cl)c3)Oc3cc4cc(c3O[C@@H]3O[C@H](CO)[C@@H](O)[C@H](O)[C@H]3O[C@H]3C[C@H](N)[C@@H](O)[C@H](O)O3)Oc3ccc(cc3)[C@@H](O)[C@@H](NC(=O)[C@H](N)c3ccc(O)c(Cl)c3)C(=O)N[C@@H](Cc3ccccc3)C(=O)N[C@H]4C(=O)N[C@H]3C(=O)N[C@@H]2C(=O)N[C@H](C(=O)O)c2cc(O)cc(O)c2-c2cc3ccc2O)C[C@@H]1N	1	1	C77H81Cl2N9O27	0.0	CHEBI_212029
CO[C@H]1[C@H](C)[C@H](CC(=O)O)O[C@@](O)([C@@H](C)C[C@H](C)[C@H](O)[C@@]2(C)O[C@@H]2[C@@H](C)C=C(C)C)C1(C)C	1	1	C26H46O7	0.0	CHEBI_205260
CO[C@H]1[C@H](C)[C@H](CC(=O)O)O[C@](O)([C@@H](C)C[C@H](C)[C@H](O)[C@@]2(C)O[C@@H]2[C@@H](C)C=C(C)C)C1(C)C	1	1	C26H46O7	0.0	CHEBI_207470
CO[C@H]1[C@H](O)[C@@H](O)[C@H](Oc2cc(O)cc3cc4c(c(O)c23)C(=O)[C@@H](C)[C@H](C)O4)O[C@@H]1CO	1	1	C22H26O10	0.0	CHEBI_204608
CO[C@H]1[C@H](O[C@@H]2[C@@H](O)[C@H](OCCCCCN)O[C@H](CO)[C@H]2O)O[C@@H](C)[C@@H](OC(C)=O)[C@H]1O[C@@H]1O[C@H](CO)[C@@H](O)[C@H](O)[C@H]1O	1	1	C26H47NO16	0.0	CHEBI_138182
CO[C@](C)(CC=O)[C@@H](O)[C@H](C)O	1	1	C8H16O4	0.0	CHEBI_29612
CO[C@](C)(CC=O)[C@H](O)[C@H](C)O	1	1	C8H16O4	0.0	CHEBI_32575
CO[C@]1(C(=O)O)O[C@@H](Oc2ccc3cc[nH]c3c2)[C@H](O)[C@](O)(CCNC(C)=O)[C@@H]1O	1	1	C19H24N2O9	0.0	CHEBI_172665
CO[C@]12C=CC=COC1=NC1=C(C(C)C)NC(=O)[C@H](Cc3ccccc3)N1C2=O	1	1	C22H23N3O4	0.0	CHEBI_204329
COc1c(-c2ccc(O)c(O)c2)oc2cc(O)cc(OC)c2c1=O	1	1	C17H14O7	0.0	CHEBI_174457
COc1c(-c2ccccc2)cc(OC)c2c1oc1cc(O)c(OCC=C(C)C)cc12	1	1	C25H24O5	0.0	CHEBI_223058
COc1c(-c2ccccc2)oc2c(cc(O[C@@H]3OC(CO)[C@@H](O)[C@H](O)C3O)c3occc32)c1=O	1	1	C24H22O10	0.0	CHEBI_188331
COc1c(C(=O)CC(OC)c2ccccc2)ccc2occc12	1	1	C19H18O4	0.0	CHEBI_188338
COc1c(C(=O)NCC(=O)O)ccc2occc12	1	1	C12H11NO5	0.0	CHEBI_189795
COc1c(C)c(/C=C/C(C)=C/c2ccc([N+](=O)[O-])cc2)oc(=O)c1C	1	1	C19H19NO5	0.0	CHEBI_202376
COc1c(C)c(O)cc(C)c1CC1=C(C)C(=O)C(=O)C(C)=C1O	1	1	C18H20O5	0.0	CHEBI_199349
COc1c(C)c(OC/C=C(/C)CO)cc2c1C(=O)OC2	1	1	C15H18O5	0.0	CHEBI_204001
COc1c(C)c(OC/C=C(\C)CCC=C(C)C)cc2c1C(=O)O[C@H]2C	1	1	C21H28O4	0.0	CHEBI_208513
COc1c(C)c2c(c(O)c1CC=C(C)CCC(=O)O)C(=O)O[C@@H]2OC	1	1	C18H22O7	0.0	CHEBI_213740
COc1c(C)c2c(c(O)c1CC=C(C)CCC(=O)OC[C@@H](O)CO)C(=O)OC2	1	1	C20H26O8	0.0	CHEBI_213757
COc1c(C)c2c(c(O[C@@H]3O[C@H](CO)[C@@H](O)[C@H](O)[C@H]3O)c1C)C(=O)OC2	1	1	C17H22O9	0.0	CHEBI_200212
COc1c(C2COc3cc(O)cc(O)c3C2=O)ccc(O)c1CC=C(C)C	1	1	C21H22O6	0.0	CHEBI_27494
COc1c(CC=C(C)C)c(O)cc2c1-c1oc3cc(O)ccc3c1CO2	1	1	C21H20O5	0.0	CHEBI_175509
COc1c(CC=C(C)C)c2c(c3oc(=O)c(-c4ccc(O)cc4)c(O)c13)C=CC(C)(C)O2	1	1	C26H26O6	0.0	CHEBI_93435
COc1c(Cl)c(C)c(Cl)c(O)c1C(=O)c1c(C=O)c(O)cc(O)c1CC=C(C)C	1	1	C21H20Cl2O6	0.0	CHEBI_222738
COc1c(Cl)c(C)c(Cl)c2c1[C@@H]1c3c(C=O)c(O)cc(O)c3C[C@@H]1C(C)(C)O2	1	1	C21H20Cl2O5	0.0	CHEBI_219688
COc1c(Cl)c(C)c(Cl)c2c1[C@H]1c3c(C=O)c(O)cc(O)c3C[C@@H]1C(C)(C)O2	1	1	C21H20Cl2O5	0.0	CHEBI_202522
COc1c(O)c(O)c(C)c(C/C=C(\C)CC/C=C(\C)CC/C=C(\C)CC/C=C(\C)CC/C=C(\C)CC/C=C(\C)CC/C=C(\C)CC/C=C(\C)CCC=C(C)C)c1O	1	1	C53H82O4	0.0	CHEBI_84423
COc1c(O)c(O)cc2oc(-c3ccc(O)c(O)c3)c(O)c(=O)c12	1	1	C16H12O8	0.0	CHEBI_196349
COc1c(O)c(OC)c2oc(-c3ccc(O)c(O)c3)c(OC)c(=O)c2c1O	1	1	C18H16O9	0.0	CHEBI_180430
COc1c(O)c(OC)c2oc3cccc(O)c3c(=O)c2c1CC=C(C)C	1	1	C20H20O6	0.0	CHEBI_65607
COc1c(O)c2c3c(c1OC)-c1ccccc1C[C@H]3NCC2	1	1	C18H19NO3	0.0	CHEBI_70641
COc1c(O)cc([C@H]2Oc3c(c(O)cc(O)c3[C@H]3c4c(O)cc(O)cc4O[C@H](c4ccc(O)c(O)c4)[C@@H]3O)C[C@@H]2O)cc1O	1	1	C31H28O13	0.0	CHEBI_68144
COc1c(O)cc2c(-c3ccccc3)cc(=O)oc2c1OC	1	1	C17H14O5	0.0	CHEBI_108605
COc1c(O)cc2c3c1-c1ccccc1CC3N(C)CC2	1	1	C18H19NO2	0.0	CHEBI_174001
COc1c(O)ccc2c1C(=O)O[C@H](CCCO)C2	1	1	C13H16O5	0.0	CHEBI_208531
COc1c(O[C@@H]2O[C@H](CO)[C@@H](O)[C@H](O)[C@H]2O)cc2oc(-c3ccc(O)c(O)c3)c(O)c(=O)c2c1O	1	1	C22H22O13	0.0	CHEBI_192441
COc1c(Oc2c(Cl)cc(O)cc2Cl)cc(O)cc1Oc1c(Cl)cc(O)cc1Cl	1	1	C19H12Cl4O6	0.0	CHEBI_199510
COc1c2c(cc(O)c1-c1cc3ccccc3o1)OCO2	1	1	C16H12O5	0.0	CHEBI_174708
COc1c2c3c4c5c(c(=O)cc(OC)c5c5c(OC)cc(=O)c(c1O)c35)=C(O)[C@@]1(OC)O[C@@H](C)C[C@@]41[C@H]2C(C)=O	1	1	C30H26O10	0.0	CHEBI_204468
COc1c2ccc(C)cc2nc2c(OC)c3c(c(O)c12)c(=O)[nH]c1ccccc13	1	1	C23H18N2O4	0.0	CHEBI_227988
COc1cc#ccc1	1	1	C7H6O	0.0	CHEBI_33831
COc1cc(-c2[nH]ccc2Cl)oc1C1=C2N=C3C=C2[C@H](C(C)C)[C@H]1CCCCCCCC3	1	1	C27H33ClN2O2	0.0	CHEBI_200104
COc1cc(-c2[o+]c3cc(O)cc(O)c3cc2O)cc(O)c1O	1	1	C16H13O7+	1.0	CHEBI_75318
COc1cc(-c2[o+]c3cc(O)cc(O[C@@H]4OC(CO)[C@@H](O)[C@H](O)C4O)c3cc2O[C@@H]2OC(COC(=O)CC(=O)O)[C@@H](O)C(O)C2O)ccc1O	1	1	C31H35O19+	1.0	CHEBI_188123
COc1cc(-c2[o+]c3cc(O)cc(O[C@@H]4O[C@H](CO)[C@@H](O)[C@H](O)[C@H]4O)c3cc2O[C@H]2O[C@H](COC(=O)c3ccc(O)cc3)[C@@H](O)[C@H](O)[C@H]2O[C@@H]2O[C@H](CO)[C@@H](O)[C@H](O)[C@H]2O)ccc1O	1	1	C41H47O23+	1.0	CHEBI_178039
COc1cc(-c2[o+]c3cc(O)cc([O-])c3cc2[O-])cc(O)c1O	1	1	C16H11O7-	-1.0	CHEBI_193101
COc1cc(-c2cc(=O)c3c(O)c(O)c(O)c(O)c3o2)ccc1O	1	1	C16H12O8	0.0	CHEBI_175234
COc1cc(-c2cc(=O)c3c(O)cc(O[C@@H]4O[C@H](CO)[C@@H](O)[C@H](O)[C@H]4O[C@@H]4O[C@@H](C)[C@H](O)[C@@H](O)[C@H]4O)cc3o2)cc(OC)c1O	1	1	C29H34O16	0.0	CHEBI_131777
COc1cc(-c2oc3c(OC)c(OC)cc(OC)c3c(=O)c2O)cc2c1OCO2	1	1	C20H18O9	0.0	CHEBI_172642
COc1cc(-c2oc3c(OC)c(OC)cc(OC)c3c(=O)c2OC)cc(OC)c1OC	1	1	C22H24O9	0.0	CHEBI_182687
COc1cc(-c2oc3cc(O[C@@H]4OC(CO)[C@@H](O)[C@H](O)C4O)cc(O)c3c(=O)c2O[C@@H]2OC(CO[C@@H]3OC(C)[C@H](O)[C@H](O)C3O)[C@@H](O)C(O)C2O)cc(OC)c1O	1	1	C35H44O22	0.0	CHEBI_186029
COc1cc(/C=C/C(=O)OCC2OC(Oc3cc4oc(-c5ccc(O)cc5)cc(=O)c4c(O)c3C3OC(CO)C(O)C(O)C3O)C(O)C(O)C2O)cc(OC)c1O	1	1	C38H40O19	0.0	CHEBI_172828
COc1cc(/C=C/C(=O)OC[C@H]2OC(Oc3cc4oc(-c5ccc(O)cc5)cc(=O)c4c(O)c3[C@@H]3O[C@H](CO)[C@@H](O)[C@H](O)[C@H]3O)[C@H](O)[C@@H](O)[C@@H]2O)cc(OC)c1O	1	1	C38H40O19	0.0	CHEBI_75413
COc1cc(/C=C/C(=O)O[C@@H]2[C@H](O)[C@@H](O[C@@H]3O[C@@H](C)[C@H](O[C@@H]4OC[C@@H](O[C@@H]5O[C@H](CO)[C@H](O)[C@H](O)[C@H]5O)[C@H](O)[C@H]4O)[C@@H](O)[C@H]3O)[C@H](OC(=O)[C@]34CCC(C)(C)C[C@H]3C3=CC[C@@H]5[C@@]6(C)C[C@H](O)[C@H](O[C@@H]7O[C@H](CO)[C@@H](O)[C@H](O)[C@H]7O)[C@@](C)(C(=O)O)[C@@H]6CC[C@@]5(C)[C@]3(CO)CC4)O[C@@H]2C)cc(OC)c1OC	1	1	C71H106O33	0.0	CHEBI_228329
COc1cc(/C=C/C(=O)O[C@H]2CO[C@@H](O[C@@H]3[C@@H](O)[C@H](O)[C@@H](CO)O[C@H]3c3c(O)cc4oc(-c5ccc(O)cc5)cc(=O)c4c3O)[C@H](O)[C@H]2O)cc(OC)c1O	1	1	C37H38O18	0.0	CHEBI_75386
COc1cc(/C=C/C(=O)O[C@H]2[C@H](O[C@H]3[C@H](Oc4cc5c(O[C@@H]6O[C@H](CO)[C@@H](O)[C@H](O)[C@H]6O)cc([O-])cc5[o+]c4-c4ccc(O)c(O)c4)O[C@H](COC(=O)/C=C/c4ccc(O)cc4)[C@@H](O)[C@@H]3O)OC[C@@H](O)[C@@H]2O)cc(OC)c1O	1	1	C52H54O26	0.0	CHEBI_192542
COc1cc(/C=C/C(C)=O)ccc1O	1	1	C11H12O3	0.0	CHEBI_81361
COc1cc(/C=C/C(O)=N/CCCCN)ccc1OS(=O)(=O)O	1	1	C14H20N2O6S	0.0	CHEBI_193531
COc1cc(/C=C/c2cc(O)cc(O)c2)ccc1O	1	1	C15H14O4	0.0	CHEBI_167830
COc1cc(/C=C/c2ccccc2)oc(=O)c1C	1	1	C15H14O3	0.0	CHEBI_199862
COc1cc(=O)oc(/C=C/C=C/C=C/C(C)=O)c1C	1	1	C15H16O4	0.0	CHEBI_202519
COc1cc(=O)oc(/C=C/C=C/[C@@H]2[C@H]3C(C)=CC(C)=C[C@@]3(C)[C@H]2C)c1C	1	1	C23H28O3	0.0	CHEBI_213982
COc1cc(=O)oc(/C=C/C=O)c1C	1	1	C10H10O4	0.0	CHEBI_203449
COc1cc(=O)oc(C(C)[C@H](C)O)c1C	1	1	C11H16O4	0.0	CHEBI_197825
COc1cc(C(=O)NNC(=S)NC(=O)c2ccc(Cl)cc2)cc(OC)c1OC	1	1	C18H18ClN3O5S	0.0	CHEBI_109291
COc1cc(C(=O)Nc2c(O)c3ccc(OC4OC(C)(C)C(OC)C(O)C4OC(=O)c4ccc(C)[nH]4)c(Cl)c3oc2=O)ccc1O	1	1	C31H31ClN2O12	0.0	CHEBI_211429
COc1cc(C(=O)O)cc2c1OCO2	1	1	C9H8O5	0.0	CHEBI_173960
COc1cc(C(=O)OC2C3C=COC(OC4OC(CO)C(O)C(O)C4O)C3C3(CO)OC23)ccc1O	1	1	C23H28O13	0.0	CHEBI_191155
COc1cc(C(=O)[C@@H]2CO[C@H](c3cc(OC)c(O)c(OC)c3)[C@H]2CO)cc(OC)c1O	1	1	C22H26O9	0.0	CHEBI_67628
COc1cc(C(O)CC(=O)O)ccc1O	1	1	C10H12O5	0.0	CHEBI_177935
COc1cc(C(O)CC(=O)[O-])ccc1O	1	1	C10H11O5-	-1.0	CHEBI_229973
COc1cc(C)c(C(=O)c2c(OC)ccc(Br)c2C)c(OC)c1OC	1	1	C19H21BrO5	0.0	CHEBI_83345
COc1cc(C)c(S(=O)(=O)N(C)CCOCC(=O)N(C)Cc2ccc(C3=NCCN3)cc2)c(C)c1	1	1	C25H34N4O5S	0.0	CHEBI_230949
COc1cc(C)c2ccc(O)c(C(=O)O[C@@H]3C=C4C#C[C@]5([C@H]6COC(=O)O6)O[C@@H]5C#C/C=C\4[C@H]3O)c2c1	1	1	C28H20O9	0.0	CHEBI_188721
COc1cc(C)cc([C@H]2NC(=O)c3c(OC)cc(O)cc32)c1OC	1	1	C18H19NO5	0.0	CHEBI_218987
COc1cc(C)ccc1OCCOc1ccccc1Cl	1	1	C16H17ClO3	0.0	CHEBI_117252
COc1cc(C23Oc4cc(O)cc(O)c4C(C2OC2OC(CO)C(O)C(O)C2O)C(C)(C(C)=O)O3)cc(O)c1O	1	1	C26H30O14	0.0	CHEBI_191637
COc1cc(C2CC(=O)c3c(O)cc(OC4OC(CO)C(O)C(O)C4O)c(C4C(=O)c5c(O)cc(O)cc5OC4c4ccc(O)cc4)c3O2)ccc1O	1	1	C37H34O16	0.0	CHEBI_187688
COc1cc(C2CC(=O)c3c(O)cc(O[C@@H]4OC(CO[C@@H]5OC(C)[C@H](O)C(O)[C@@H]5O)[C@@H](O)[C@H](O)C4O)cc3O2)ccc1O	1	1	C28H34O15	0.0	CHEBI_185258
COc1cc(C2CC(=O)c3c(cc(OC)c(OC)c3O)O2)cc(O)c1OC	1	1	C19H20O8	0.0	CHEBI_193386
COc1cc(C2Oc3c(OC)cc(/C=C/CO)cc3C2C)cc2c1OCO2	1	1	C21H22O6	0.0	CHEBI_175759
COc1cc(C2Oc3cc(O)c(O)c(OC4OC(C(=O)O)C(O)C(O)C4O)c3C(=O)C2O)ccc1O	1	1	C22H22O14	0.0	CHEBI_189772
COc1cc(C2c3cc(O)c(OC)cc3CC(CO)C2COC2OC(CO)C(O)C(O)C2O)ccc1O	1	1	C26H34O11	0.0	CHEBI_177948
COc1cc(C=CC(O)=C2C(=O)C=C(C)OC2=O)cc(OC)c1O	1	1	C17H16O7	0.0	CHEBI_114226
COc1cc(CC=C(C)C)c(O)c2c(=O)c3cc(O)cc(O)c3oc12	1	1	C19H18O6	0.0	CHEBI_199099
COc1cc(CCC(=O)O)oc(=O)c1	1	1	C9H10O5	0.0	CHEBI_211742
COc1cc(CCc2ccccc2)cc(O)c1CC=C(C)C	1	1	C20H24O2	0.0	CHEBI_195308
COc1cc(CNC(=O)CCCCCCCC(C)C)ccc1O	1	1	C19H31NO3	0.0	CHEBI_174344
COc1cc(CO)cc2oc3ccc(O)cc3c(=O)c12	1	1	C15H12O5	0.0	CHEBI_203921
COc1cc(C[C@@H](C)[C@@H](C)Cc2ccc(O)c(OC)c2)ccc1O	1	1	C20H26O4	0.0	CHEBI_68169
COc1cc(C[C@@H]2c3c(cc(OC)c(OC)c3OC)CC[N@@+]2(C)CCCOC(=O)CCC(=O)OCCC[N@+]2(C)CCc3cc(OC)c(OC)c(OC)c3[C@H]2Cc2cc(OC)c(OC)c(OC)c2)cc(OC)c1OC.[Cl-].[Cl-]	1	1	C56H78Cl2N2O16	0.0	CHEBI_59821
COc1cc(C[C@@H]2c3c(cc(OC)c(OC)c3OC)CC[N@@+]2(C)CCCOC(=O)CCC(=O)OCCC[N@@+]2(C)CCc3cc(OC)c(OC)c(OC)c3[C@@H]2Cc2cc(OC)c(OC)c(OC)c2)cc(OC)c1OC.[Cl-].[Cl-]	1	1	C56H78Cl2N2O16	0.0	CHEBI_59819
COc1cc(C[C@H]2COC(=O)[C@@H]2Cc2ccc(O[C@@H]3O[C@H](CO)[C@@H](O)[C@H](O)[C@H]3O)c(OC)c2)ccc1O	1	1	C26H32O11	0.0	CHEBI_132820
COc1cc(C[C@H]2c3c(cc(OC)c(OC)c3OC)CC[N@+]2(C)CCCOC(=O)CCC(=O)OCCC[N@@+]2(C)CCc3cc(OC)c(OC)c(OC)c3[C@@H]2Cc2cc(OC)c(OC)c(OC)c2)cc(OC)c1OC.[Cl-].[Cl-]	1	1	C56H78Cl2N2O16	0.0	CHEBI_59823
COc1cc(C[C@]23C[C@@H]4CC(=O)[C@@]2(O)C[C@@](c2ccccc2)(O4)O3)oc(=O)c1	1	1	C21H20O7	0.0	CHEBI_217627
COc1cc(Cc2cc(OC)c3c(c2O)C(=O)c2c(ccc4c2[C@@H](O)C[C@@H](C)C4)C3=O)c(O)c2c1C(=O)c1ccc3c(c1C2=O)[C@@H](O)C[C@@H](C)C3	1	1	C41H36O10	0.0	CHEBI_220196
COc1cc(F)ccc1-c1ncnc(Nc2cccc(CS(C)(=N)=O)c2)n1	1	1	C18H18FN5O2S	0.0	CHEBI_233410
COc1cc(N2CCC(N3CCN(C)CC3)CC2)ccc1Nc1ncc(Cl)/c(=N/c2ccccc2P(C)(C)=O)[nH]1	1	1	C29H39ClN7O2P	0.0	CHEBI_232810
COc1cc(NC(C)CCCN/C(C)=C2/CCOC2=O)c2ncccc2c1	1	1	C21H27N3O3	0.0	CHEBI_135558
COc1cc(O)c(C(=O)/C=C/c2ccc(N(C)C)cc2)c(OC)c1	1	1	C19H21NO4	0.0	CHEBI_191037
COc1cc(O)c(C(=O)/C=C/c2ccc(O)cc2)c(O)c1CC=C(C)C	1	1	C21H22O5	0.0	CHEBI_136826
COc1cc(O)c(C(=O)/C=C/c2ccc(O)cc2)c([O-])c1CC=C(C)C	1	1	C21H21O5-	-1.0	CHEBI_134308
COc1cc(O)c(C(=O)O)c(-c2cc(=O)oc(C(=O)O)c2C)c1	1	1	C15H12O8	0.0	CHEBI_211356
COc1cc(O)c(C(=O)O)c(-c2cc(O)c(O)cc2C)c1	1	1	C15H14O6	0.0	CHEBI_141340
COc1cc(O)c(C=O)c2c1CC(c1ccc(O)c(CC=C(C)C)c1O)CO2	1	1	C22H24O6	0.0	CHEBI_175909
COc1cc(O)c(CC=C(C)C)c2c1[C@H](O)[C@H](OC)[C@@H](c1ccc(O)cc1)O2	1	1	C22H26O6	0.0	CHEBI_185685
COc1cc(O)c(CCO)c(O)c1C(C)=O	1	1	C11H14O5	0.0	CHEBI_214547
COc1cc(O)c2c(=O)c(-c3ccc(O)cc3O)coc2c1	1	1	C16H12O6	0.0	CHEBI_70036
COc1cc(O)c2c(=O)c3ccc4c(c3n(C)c2c1)OCC(C)(/C=C/c1c(O)ccc2ccc(=O)oc12)O4	1	1	C29H23NO8	0.0	CHEBI_180775
COc1cc(O)c2c(=O)cc(-c3ccc(OC)c(-c4c(O)cc(O)c5c(=O)cc(-c6ccc(O)cc6)oc45)c3)oc2c1	1	1	C32H22O10	0.0	CHEBI_5353
COc1cc(O)c2c(COC=O)cc(O)c3c2c1COC3=O	1	1	C15H12O7	0.0	CHEBI_198773
COc1cc(O)c2c(O)c3c(c(C/C=C(\C)CCC=C(C)C)c2c1)[C@H](O)[C@@]1(O)CC(=O)C(C(N)=O)=C(O)[C@@]1(O)C3=O	1	1	C30H33NO10	0.0	CHEBI_219739
COc1cc(O)c2c(c1)C(=O)C1=C(C[C@@H](O)[C@@](C)(O)C1)C2=O	1	1	C16H16O6	0.0	CHEBI_219051
COc1cc(O)c2c(c1)CC(C)OC2=O	1	1	C11H12O4	0.0	CHEBI_16252
COc1cc(O)c2c(c1)C[C@@H](C)OC2=O	1	1	C11H12O4	0.0	CHEBI_2212
COc1cc(O)c2c(c1)Cc1c(C)cc(O)c(C(=O)O)c1O2	1	1	C16H14O6	0.0	CHEBI_227698
COc1cc(O)c2c(c1)[C@H]1O[C@@H]1CC1=C(O)C(=O)C[C@@H]1C[C@H](C)OC2=O	1	1	C19H20O7	0.0	CHEBI_208004
COc1cc(O)c2c(c1)[C@H]1O[C@@H]1CC1=C(O)C(=O)C[C@H]1C[C@H](C)OC2=O	1	1	C19H20O7	0.0	CHEBI_208010
COc1cc(O)c2c(c1O)C(=O)[C@@H]1C[C@](C)(OCCC(C)C)OC[C@H]1C2=O	1	1	C20H26O7	0.0	CHEBI_223223
COc1cc(O)c2c(c1O)C(=O)c1cc(CO)cc(OC)c1C2=O	1	1	C17H14O7	0.0	CHEBI_224798
COc1cc(O)c2c(c1O)OC(c1ccccc1)CC2=O	1	1	C16H14O5	0.0	CHEBI_178312
COc1cc(O)c2c(c1O)[C@@H]1OC[C@H](C2=O)[C@@H]1CC(C)=O	1	1	C15H16O6	0.0	CHEBI_207576
COc1cc(O)c2c(c1O)[C@H]1OC[C@@H](C2=O)[C@@H]1CC(C)=O	1	1	C15H16O6	0.0	CHEBI_197572
COc1cc(O)cc2c1C(=O)O[C@@H](C)CC[C@@H](O)CC/C=C/C(=O)C2	1	1	C19H24O6	0.0	CHEBI_200657
COc1cc(O)cc2c1C(=O)O[C@@H](C)CC[C@H]1CC[C@@H](CC(=O)C2)O1	1	1	C19H24O6	0.0	CHEBI_224674
COc1cc(O)cc2c1C(=O)O[C@@H](C)CC[C@H]1CC[C@H](CC(=O)C2)O1	1	1	C19H24O6	0.0	CHEBI_219347
COc1cc(O)ccc1-c1cc(=O)c2c(O)cc(OC)c(CC=C(C)C)c2o1	1	1	C22H22O6	0.0	CHEBI_191800
COc1cc(OC(C)=O)c2c(=O)c(C)c(/C=C/c3cc(OC(C)=O)cc(OC(C)=O)c3)oc2c1OC	1	1	C26H24O10	0.0	CHEBI_140770
COc1cc(OC)c(-c2coc3cc(O[C@@H]4OC(CO)[C@@H](O)[C@H](O)C4O)c(OC)c(O)c3c2=O)cc1OC	1	1	C25H28O13	0.0	CHEBI_187160
COc1cc(OC)c(C(=O)CCc2ccccc2)c(O)c1C	1	1	C18H20O4	0.0	CHEBI_172530
COc1cc(OC)c(C(C)=O)c(O)c1C	1	1	C11H14O4	0.0	CHEBI_169463
COc1cc(OC)c2c(=O)c(O)c(-c3ccc(OC)c(OC)c3)oc2c1	1	1	C19H18O7	0.0	CHEBI_85124
COc1cc(OC)c2c(=O)cc(CCC(=O)O)oc2c1	1	1	C14H14O6	0.0	CHEBI_190667
COc1cc(OC)c2c(O)c3c(c(-c4c(OC)cc5cc6oc(C)cc(=O)c6c(O)c5c4OC)c2c1)OC(C)(O)CC3=O	1	1	C32H28O11	0.0	CHEBI_133758
COc1cc(OC)c2c(O)c3c(c(-c4c5c(c(O)c6c(OC)cc(O)cc46)CO[C@@H](C)[C@H]5O)c2c1)[C@H](O)[C@H](C)OC3	1	1	C31H32O10	0.0	CHEBI_220580
COc1cc(OC)c2c(O)c3c(cc2c1)O[C@@H](C)CC3=O	1	1	C16H16O5	0.0	CHEBI_199895
COc1cc(OC)c2c(c1)C(=O)OC[C@H]([C@H](O)CC(C)=O)C2=O	1	1	C16H18O7	0.0	CHEBI_213459
COc1cc(OC)c2c(c1)c(-c1c(OC)cc3cc(O)c4c(=O)cc(C)oc4c3c1OC)c(O)c1c(=O)cc(C)oc12	1	1	C32H26O10	0.0	CHEBI_133761
COc1cc(OC)c2c(c1CC=C(C)C)O[C@H](c1ccccc1)C[C@H]2O	1	1	C22H26O4	0.0	CHEBI_9443
COc1cc(OC)cc(-c2cc(=O)c3c(OC)c(OC)c(OC)c(OC)c3o2)c1	1	1	C21H22O8	0.0	CHEBI_79468
COc1cc(OC2OC(CO)C(O)C(O)C2O)c2c(=O)c(-c3ccc(O)cc3)coc2c1	1	1	C22H22O10	0.0	CHEBI_182565
COc1cc(OCC=C(C)C)cc(O)c1C(=O)CCc1ccccc1	1	1	C21H24O4	0.0	CHEBI_179323
COc1cc(O[C@@H]2OC(CO)[C@@H](O)[C@H](O)C2O)cc2oc(-c3cc(O)c(O)c(O)c3)c(O)c(=O)c12	1	1	C22H22O13	0.0	CHEBI_186092
COc1cc([C@@H]2OC[C@@H]3[C@H]2C(=O)O[C@H]3c2ccc3c(c2)OCO3)ccc1O	1	1	C20H18O7	0.0	CHEBI_9295
COc1cc([C@@H]2OC[C@@H]3[C@H]2CO[C@H]3c2cc(OC)c(OC)c(OC)c2)cc(OC)c1O	1	1	C23H28O8	0.0	CHEBI_67630
COc1cc([C@H]2c3cc(O)c(OC)cc3C=C(CO)[C@@H]2CO)ccc1O	1	1	C20H22O6	0.0	CHEBI_66613
COc1cc([N+](=O)[O-])ccc1NC(=O)Cn1ccsc1=N	1	1	C12H12N4O4S	0.0	CHEBI_104230
COc1cc2c(=O)c(-c3ccc(O)cc3)coc2cc1OC1OC(COC(C)=O)C(OC(C)=O)C(O)C1OC(C)=O	1	1	C28H28O13	0.0	CHEBI_178121
COc1cc2c(=O)c(-c3ccc(O)cc3)coc2cc1O[C@@H]1O[C@H](COC(C)=O)[C@@H](OC(C)=O)[C@H](O)[C@H]1OC(C)=O	1	1	C28H28O13	0.0	CHEBI_85132
COc1cc2c(OC)c3c(c(-c4ccc5c(c4)OCO5)c2cc1OC)C(=O)OC3	1	1	C22H18O7	0.0	CHEBI_6093
COc1cc2c(c(C)c1O)C=C[C@](C)(CCC=C(C)CCC=C(C)C)O2	1	1	C23H32O3	0.0	CHEBI_208168
COc1cc2c(c(O)c1-c1c(OC)cc3c(c1O)C(=O)[C@H]1[C@@H](C[C@H](C)O[C@@H]1C)[C@H]3O)C(=O)[C@H]1[C@@H](C[C@H](C)O[C@@H]1C)[C@H]2O	1	1	C32H38O10	0.0	CHEBI_197555
COc1cc2c(c(OC)c1OC)-c1c(cc3c(c1OC)OCO3)[C@@H](OC(C)=O)[C@@H](C)[C@H](C)C2=O	1	1	C25H28O9	0.0	CHEBI_67439
COc1cc2c(cc1-c1coc3c4c(c(CC=C(C)C)c(O)c3c1=O)OC(C)(C)C=C4)OCO2	1	1	C27H26O7	0.0	CHEBI_185840
COc1cc2c(cc1O)[C@@]13CCN4CC5=CCO[C@H]6CC(=O)N2[C@H]1[C@H]6[C@H]5C[C@H]43	1	1	C22H24N2O4	0.0	CHEBI_132705
COc1cc2c(cc1O)[C@]1(Cc3ccc4c(c3C1=O)OCO4)N(C)CC2	1	1	C20H19NO5	0.0	CHEBI_68994
COc1cc2c(cc1OC)C(=O)C(CC1CC[NH+](Cc3ccccc3)CC1)C2	1	1	C24H30NO3+	1.0	CHEBI_145498
COc1cc2c(cc1OC)C(=O)[C@@H](CC1CCN(Cc3ccccc3)CC1)C2	1	1	C24H29NO3	0.0	CHEBI_53290
COc1cc2c(cc1OC)C(=O)[C@@H](CC1CC[NH+](Cc3ccccc3)CC1)C2	1	1	C24H30NO3+	1.0	CHEBI_145503
COc1cc2c(cc1OC)C(=O)[C@H](CC1CC[NH+](Cc3ccccc3)CC1)C2	1	1	C24H30NO3+	1.0	CHEBI_145502
COc1cc2c(cc1OC)C1(O)C(=O)c3ccc4c(c3OC1CO2)C=CC(C)(C)O4	1	1	C23H22O7	0.0	CHEBI_182745
COc1cc2c(cc1OC)C1Cc3ccc(OC)c(OC)c3CN1CC2	1	1	C21H25NO4	0.0	CHEBI_91709
COc1cc2c(cc1OC)CC(=O)N(CCCN(C)C[C@H]1Cc3cc(OC)c(OC)cc31)CC2	1	1	C27H36N2O5	0.0	CHEBI_85966
COc1cc2c(cc1OC)CC(=O)N(CCC[NH+](C)C[C@H]1Cc3cc(OC)c(OC)cc31)CC2	1	1	C27H37N2O5+	1.0	CHEBI_85972
COc1cc2c(cc1OC)[C@@H](Cc1ccc(Oc3cc(C[C@@H]4c5cc(OC)c(OC)cc5CCN4C)ccc3O)cc1)N(C)CC2	1	1	C38H44N2O6	0.0	CHEBI_4331
COc1cc2c(cc1OC)[C@@H]1Cc3ccc(OC)c(OC)c3CN1CC2	1	1	C21H25NO4	0.0	CHEBI_16563
COc1cc2c(cc1OC)[C@H]1Cc3ccc(OC)c(OC)c3CN1CC2	1	1	C21H25NO4	0.0	CHEBI_228865
COc1cc2c(cc1OC)[C@H]1[C@H]3C(=CC[C@H]1O[C@@H]2OC)CCN3C	1	1	C19H25NO4	0.0	CHEBI_31928
COc1cc2c(cc1OC)[C@]1(O)C(=O)c3ccc4c(c3O[C@@H]1CO2)C=CC(C)(C)O4	1	1	C23H22O7	0.0	CHEBI_9442
COc1cc2c(cc1Oc1c(Oc3c(O)c(OC)cc4c3C(CC(C)C)N(C)CC4)c(OC)cc3c1C(CC(C)C)N(C)CC3)C(CC(C)C)N(C)CC2	1	1	C45H65N3O6	0.0	CHEBI_8208
COc1cc2c3c(c1OC)Oc1ccc(cc1)C[C@@H]1c4c(cc(OC)c(OC)c4Oc4ccc(cc4)C[C@H]3N(C)CC2)CCN1C	1	1	C38H42N2O6	0.0	CHEBI_81051
COc1cc2c3c(cc4ccccc4c3c1OC)N(C)C(=O)C2=O	1	1	C19H15NO4	0.0	CHEBI_188963
COc1cc2c3c4c1Oc1cc5c(cc1O4)[C@@H](Cc1ccc(O)c(c1)Oc1ccc(cc1)C[C@@H]3N(C)CC2)NCC5	1	1	C34H32N2O5	0.0	CHEBI_182871
COc1cc2c3cc1Oc1c(O)c(OC)cc4c1[C@H](Cc1ccc(cc1)Oc1cc(ccc1O)C[C@H]3NCC2)N(C)CC4	1	1	C35H36N2O6	0.0	CHEBI_4323
COc1cc2cc(c1Cl)N(C)C(=O)C[C@H](OC(=O)[C@H](C)N(C)C(=O)CCS)[C@]1(C)O[C@H]1[C@H](C)[C@@H]1C[C@@](O)(NC(=O)O1)[C@H](OC)/C=C/C=C(\C)C2	1	1	C35H48ClN3O10S	0.0	CHEBI_82755
COc1cc2oc(-c3ccc(O)c(O)c3)cc(=O)c2c(O)c1[C@@H]1OC(CO)[C@@H](O)[C@H](O)C1O[C@@H]1OC(CO)[C@@H](O)[C@H](O)C1O	1	1	C28H32O16	0.0	CHEBI_197016
COc1cc2oc(-c3ccc(O)cc3)cc(=O)c2c(O)c1[C@@H]1O[C@H](CO)[C@@H](O)[C@H](O)[C@H]1O	1	1	C22H22O10	0.0	CHEBI_131838
COc1cc2oc(=O)c3c4ccc(O)cc4oc3c2c(OC)c1CC=C(C)C	1	1	C22H20O6	0.0	CHEBI_191717
COc1cc2oc(C3(O)C=CC(=O)C=C3)cc(=O)c2c(OC)c1OC	1	1	C18H16O7	0.0	CHEBI_193887
COc1cc2oc3c(O)c4c(c(O)c3c(=O)c2cc1O)-c1c(cc2cc(C)[nH]c(=O)c2c1O)CC4	1	1	C26H19NO8	0.0	CHEBI_223460
COc1cc2oc3c(O)ccc(O)c3c(=O)c2c(O)c1CC=C(C)C	1	1	C19H18O6	0.0	CHEBI_175328
COc1cc2oc3c(OC)cccc3c(=O)c2c(O)c1CC=C(C)C	1	1	C20H20O5	0.0	CHEBI_174577
COc1cc2oc3c(c(=O)c2cc1OC)C(=O)C1=C(CCc2cc4c(c(O)c21)C(=O)N1CCO[C@]1(C)C4)C3=O	1	1	C29H23NO9	0.0	CHEBI_224586
COc1cc2occ(-c3ccc4c(c3)OCO4)c(=O)c2cc1OC	1	1	C18H14O6	0.0	CHEBI_196326
COc1cc2occc2c2oc(=O)ccc12	1	1	C12H8O4	0.0	CHEBI_81487
COc1ccc(-c2cc(=O)c3c(O)c(C4OC(CO)C(O)C(O)C4O)c(O)cc3o2)cc1O	1	1	C22H22O11	0.0	CHEBI_191683
COc1ccc(-c2cc(=O)c3c(O)cc(O)c([C@@H]4OC(CO)[C@@H](O)[C@H](O)C4O[C@@H]4OC(C)[C@H](O)[C@H](O)C4O)c3o2)cc1	1	1	C28H32O14	0.0	CHEBI_176170
COc1ccc(-c2cc(=O)c3c(O)cc(O)c([C@@H]4O[C@H](CO)[C@@H](O)[C@H](O)[C@H]4O[C@@H]4O[C@@H](C)[C@H](O)[C@@H](O)[C@H]4O)c3o2)cc1	1	1	C28H32O14	0.0	CHEBI_70626
COc1ccc(-c2cc(=O)c3c(OC)cc(OC)c(O)c3o2)cc1	1	1	C18H16O6	0.0	CHEBI_174405
COc1ccc(-c2cc(=O)c3cc(OC)ccc3o2)cc1	1	1	C17H14O4	0.0	CHEBI_107663
COc1ccc(-c2cc(C(=O)Nc3cc(C)n(Cc4ccc(Cl)cc4)n3)no2)cc1OC	1	1	C23H21ClN4O4	0.0	CHEBI_116740
COc1ccc(-c2cc3c(c(=O)o2)C[C@]2(O)[C@@]4(C)C(=O)[C@@]5(OC)C(=O)O[C@]4(CC[C@@]2(C)O3)C5(C)C)cc1	1	1	C28H30O9	0.0	CHEBI_210130
COc1ccc(-c2cc3nc(-c4ccccc4)cc(N4CCN(C(C)=O)CC4)n3n2)cc1	1	1	C25H25N5O2	0.0	CHEBI_93679
COc1ccc(-c2ccc(=N)n(CCCC(=O)O)n2)cc1	1	1	C15H17N3O3	0.0	CHEBI_34968
COc1ccc(-c2ccc(N)[n+](CCCC(=O)O)n2)cc1	1	1	C15H18N3O3+	1.0	CHEBI_93632
COc1ccc(-c2n[nH]c(C)c2-c2cc(OC)ccc2O)cc1	1	1	C18H18N2O3	0.0	CHEBI_114291
COc1ccc(-c2nc(-c3ccc(Br)o3)no2)cc1	1	1	C13H9BrN2O3	0.0	CHEBI_115680
COc1ccc(-c2nc(N)n[nH]2)cc1OC	1	1	C10H12N4O2	0.0	CHEBI_112686
COc1ccc(-c2nsc3c(N4CCN(C(=O)c5ccco5)CC4)ncnc23)cc1	1	1	C21H19N5O3S	0.0	CHEBI_109318
COc1ccc(-c2oc3c(OC)c(O)c(OC)c(O)c3c(=O)c2O[C@H]2O[C@H](CO)[C@@H](O)C(O)C2O)cc1O	1	1	C24H26O14	0.0	CHEBI_187556
COc1ccc(-c2oc3c(OC)c(OC)c(O)c(O)c3c(=O)c2OC)cc1O	1	1	C19H18O9	0.0	CHEBI_196382
COc1ccc(-c2oc3c(OC)c(OC)cc(OC(C)=O)c3c(=O)c2OC(C)=O)cc1	1	1	C22H20O9	0.0	CHEBI_191967
COc1ccc(-c2oc3cc(O)cc(O)c3c(=O)c2OS(=O)(=O)O)cc1O	1	1	C16H12O10S	0.0	CHEBI_187850
COc1ccc(-c2oc3cc(OC)c(O[C@@H]4OC(CO)[C@@H](O)[C@H](O)C4O)c(O)c3c(=O)c2OC)cc1O	1	1	C24H26O13	0.0	CHEBI_185001
COc1ccc(-c2oc3ccccc3c(=O)c2OC)cc1	1	1	C17H14O4	0.0	CHEBI_93982
COc1ccc(-n2sc3ccccc3c2=O)cc1	1	1	C14H11NO2S	0.0	CHEBI_92462
COc1ccc(/C=C/C(=O)O)cc1	1	1	C10H10O3	0.0	CHEBI_143736
COc1ccc(/C=C/C(=O)c2ccc(O)cc2O)cc1	1	1	C16H14O4	0.0	CHEBI_229992
COc1ccc(/C=C/C(=O)c2ccc(OC3OC(CO)C(O)C(O)C3O)c(OC)c2O)cc1OC	1	1	C24H28O11	0.0	CHEBI_185888
COc1ccc(/C=C/c2cc(OC)cc(=O)o2)c(OC)c1	1	1	C16H16O5	0.0	CHEBI_157719
COc1ccc(C(=O)CC=Nc2ccc(C)cn2)cc1OC	1	1	C17H18N2O3	0.0	CHEBI_107219
COc1ccc(C(=O)Cn2c(=O)c(CCC(=O)O)nn3c4ccccc4nc23)cc1OC	1	1	C22H20N4O6	0.0	CHEBI_111432
COc1ccc(C(=O)Cn2nnc(-c3cccs3)n2)cc1	1	1	C14H12N4O2S	0.0	CHEBI_114435
COc1ccc(C(=O)OC2CC3CCC(C2)N3C)cc1OC	1	1	C17H23NO4	0.0	CHEBI_3868
COc1ccc(C(=O)OC2C[C@H]3CC[C@H](C2)N3C)cc1OC	1	1	C17H23NO4	0.0	CHEBI_104025
COc1ccc(C(=O)OCC(=O)Nc2ccccc2)cc1[N+](=O)[O-]	1	1	C16H14N2O6	0.0	CHEBI_121513
COc1ccc(C(=O)OCC2O[C@@H](c3c(O)cc4oc(-c5ccc(O)c(O)c5)cc(=O)c4c3O)C(O)[C@@H](O)[C@@H]2O)cc1	1	1	C29H26O13	0.0	CHEBI_168831
COc1ccc(C(=O)O[C@@H]2C[C@@H](Cc3ccccc3)OC2=O)cc1	1	1	C19H18O5	0.0	CHEBI_225617
COc1ccc(C(=O)O[C@H]2C=COC=C3C=C4C(=O)N(C)C(=O)C(=O)N4[C@@H]32)cc1Oc1cc(C=O)ccc1O	1	1	C27H20N2O10	0.0	CHEBI_218681
COc1ccc(C(CC(=O)C(C)C)OC2OC(C(=O)O)C(O)C(O)C2O)cc1	1	1	C19H26O9	0.0	CHEBI_169317
COc1ccc(C(CC(=O)c2ccccc2)S(=O)(=O)c2ccc(C)cc2)cc1	1	1	C23H22O4S	0.0	CHEBI_105017
COc1ccc(C(N)=O)c(O)c1N	1	1	C8H10N2O3	0.0	CHEBI_206404
COc1ccc(C(O)[C@@H]2NC(=O)CNC(=O)[C@H](C(C)C)NC(=O)CNC(=O)[C@@H]3CCCN3C(=O)[C@H](Cc3c[nH]c4ccccc34)NC(=O)CNC2=O)cc1CC=C(C)C	1	1	C42H54N8O9	0.0	CHEBI_222524
COc1ccc(C2=CC(c3ccc(OC)c(OC)c3)N3NN=NC3=N2)c(OC)c1	1	1	C20H21N5O4	0.0	CHEBI_116603
COc1ccc(C2C(C(=O)Nc3cccc(C)n3)c3cc(OC)c(OC)cc3C(=O)N2C)cc1OC	1	1	C27H29N3O6	0.0	CHEBI_114367
COc1ccc(C2CC(=O)N3CN(Cc4ccco4)CSC3=C2C#N)cc1	1	1	C20H19N3O3S	0.0	CHEBI_109203
COc1ccc(C2CC(=O)c3c(O)cc(O)cc3O2)cc1O	1	1	C16H14O6	0.0	CHEBI_95167
COc1ccc(C2CC(=O)c3c(cc(OC)c(OC)c3OC)O2)cc1	1	1	C19H20O6	0.0	CHEBI_79637
COc1ccc(C2N=C(C(N)=O)c3ncn(-c4ccc(F)cc4)c3N2)cc1OC	1	1	C20H18FN5O3	0.0	CHEBI_156240
COc1ccc(C2OC(c3cc(OC)c(O)c(OC)c3)C(C)C2C)cc1OC	1	1	C22H28O6	0.0	CHEBI_175947
COc1ccc(C=CC(=O)N(C(C)C)C(C)C)cc1Br	1	1	C16H22BrNO2	0.0	CHEBI_123153
COc1ccc(C=CC(=O)NC2=NCCS2)c(OC)c1	1	1	C14H16N2O3S	0.0	CHEBI_125330
COc1ccc(C=CC(=O)O)cc1	1	1	C10H10O3	0.0	CHEBI_48541
COc1ccc(CC(=O)C(=O)O)cc1	1	1	C10H10O4	0.0	CHEBI_193985
COc1ccc(CC(=O)c2ccc(OC)c(OC)c2C)cc1OC	1	1	C19H22O5	0.0	CHEBI_121189
COc1ccc(CC2CCc3ncc(C)cc3C2)cc1	1	1	C18H21NO	0.0	CHEBI_183711
COc1ccc(CC2c3cc(O)c(OC)cc3CC[N+]2(C)C)cc1O	1	1	C20H26NO4+	1.0	CHEBI_136682
COc1ccc(CCC(=O)NCCc2ccc(OS(=O)(=O)O)c(OC)c2)cc1OC	1	1	C20H25NO8S	0.0	CHEBI_169548
COc1ccc(CCCn2ncc3c2nc(N)n2nc(-c4ccco4)nc32)cc1	1	1	C20H19N7O2	0.0	CHEBI_92814
COc1ccc(CCN)cc1OC	1	1	C10H15NO2	0.0	CHEBI_136995
COc1ccc(CCNC(=O)/C=C/c2ccc(O)c(OC)c2)cc1O	1	1	C19H21NO5	0.0	CHEBI_67378
COc1ccc(CCNC(=O)C(=O)Nc2ccc3nc4n(c(=O)c3c2)CCCCC4)cc1OC	1	1	C25H28N4O5	0.0	CHEBI_111348
COc1ccc(CCNC(=O)CCc2ccc(OC)c(OC3OC(C(=O)O)C(O)C(O)C3O)c2)cc1OC	1	1	C26H33NO11	0.0	CHEBI_169495
COc1ccc(CCc2ccccc2)cc1	1	1	C15H16O	0.0	CHEBI_34070
COc1ccc(CN(C)C[C@@H]2Oc3ccc(NC(=O)c4ccncc4)cc3CC(=O)N([C@@H](C)CO)C[C@@H]2C)cc1	1	1	C31H38N4O5	0.0	CHEBI_126945
COc1ccc(CN(C)C[C@@H]2Oc3ccc(NC(=O)c4ccncc4)cc3CC(=O)N([C@H](C)CO)C[C@@H]2C)cc1	1	1	C31H38N4O5	0.0	CHEBI_126703
COc1ccc(CN(C)C[C@@H]2Oc3ccc(NC(=O)c4ccncc4)cc3CC(=O)N([C@H](C)CO)C[C@H]2C)cc1	1	1	C31H38N4O5	0.0	CHEBI_127324
COc1ccc(CN(C)C[C@H]2Oc3ccc(NC(=O)c4ccncc4)cc3CC(=O)N([C@@H](C)CO)C[C@@H]2C)cc1	1	1	C31H38N4O5	0.0	CHEBI_130238
COc1ccc(CN(C)C[C@H]2Oc3ccc(NC(=O)c4ccncc4)cc3CC(=O)N([C@@H](C)CO)C[C@H]2C)cc1	1	1	C31H38N4O5	0.0	CHEBI_128678
COc1ccc(CN(C)C[C@H]2Oc3ccc(NC(=O)c4ccncc4)cc3CC(=O)N([C@H](C)CO)C[C@H]2C)cc1	1	1	C31H38N4O5	0.0	CHEBI_125898
COc1ccc(CNC(=O)C[C@@H]2CC[C@@H](NC(=O)CN(C)C)[C@@H](CO)O2)cc1	1	1	C20H31N3O5	0.0	CHEBI_122424
COc1ccc(CNC(=O)C[C@@H]2CC[C@@H](NC(=O)CN(C)C)[C@H](CO)O2)cc1	1	1	C20H31N3O5	0.0	CHEBI_122290
COc1ccc(CNC(=O)C[C@@H]2CC[C@H](NC(=O)CN(C)C)[C@@H](CO)O2)cc1	1	1	C20H31N3O5	0.0	CHEBI_122246
COc1ccc(CNC(=O)C[C@@H]2CC[C@H](NC(=O)CN(C)C)[C@H](CO)O2)cc1	1	1	C20H31N3O5	0.0	CHEBI_122382
COc1ccc(CNC(=O)C[C@H]2CC[C@@H](NC(=O)CN(C)C)[C@@H](CO)O2)cc1	1	1	C20H31N3O5	0.0	CHEBI_122387
COc1ccc(CNC(=O)C[C@H]2CC[C@@H](NC(=O)CN(C)C)[C@H](CO)O2)cc1	1	1	C20H31N3O5	0.0	CHEBI_122357
COc1ccc(CNC(=O)C[C@H]2CC[C@H](NC(=O)CN(C)C)[C@@H](CO)O2)cc1	1	1	C20H31N3O5	0.0	CHEBI_122418
COc1ccc(CNC(=O)C[C@H]2CC[C@H](NC(=O)CN(C)C)[C@H](CO)O2)cc1	1	1	C20H31N3O5	0.0	CHEBI_122404
COc1ccc(CNc2ccccc2C(N)=O)c2nc3cccc(C(=O)O)c3nc12	1	1	C22H18N4O4	0.0	CHEBI_219321
COc1ccc(C[C@@H]2c3cc(O)c(OC)cc3CC[N+]2(C)C)cc1O	1	1	C20H26NO4+	1.0	CHEBI_134198
COc1ccc(C[C@@H]2c3cc(Oc4cc(C[C@@H]5c6cc(O)c(OC)cc6CCN5C)ccc4O)c(OC)cc3CCN2C)cc1	1	1	C37H42N2O6	0.0	CHEBI_185701
COc1ccc(C[C@H]2c3cc(O)c(OC)cc3CC[N+]2(C)C)cc1O	1	1	C20H26NO4+	1.0	CHEBI_134199
COc1ccc(Cc2nnc(NC(=O)c3ccco3)s2)cc1	1	1	C15H13N3O3S	0.0	CHEBI_120033
COc1ccc(Cl)cc1C(=O)N(Cc1nc(-c2cccc(C)c2)no1)C(C)C	1	1	C21H22ClN3O3	0.0	CHEBI_108989
COc1ccc(Cn2ccc3ccc(C(=O)NO)cc32)cc1	1	1	C17H16N2O3	0.0	CHEBI_94192
COc1ccc(Cn2nnnc2CN2CCC(O)(c3ccccc3F)CC2)cc1	1	1	C21H24FN5O2	0.0	CHEBI_120005
COc1ccc(N)c(O)c1	1	1	C7H9NO2	0.0	CHEBI_195241
COc1ccc(N2C(=O)CSC2c2cccc(OC)c2OC)cc1	1	1	C18H19NO4S	0.0	CHEBI_121320
COc1ccc(N2CCC(CNC(=S)Nc3c(C)cccc3C)C2)cc1	1	1	C21H27N3OS	0.0	CHEBI_115568
COc1ccc(N=C2SCC(=O)N2c2ccc(OC)cc2)cc1	1	1	C17H16N2O3S	0.0	CHEBI_107927
COc1ccc(NC(=O)CN2CCN(C3c4ccccc4-c4ccccc43)CC2)cc1	1	1	C26H27N3O2	0.0	CHEBI_107586
COc1ccc(NC(=O)N(C)C[C@H]2OCCCC[C@@H](C)Oc3ccc(NC(=O)Nc4ccc(C(F)(F)F)cc4)cc3C(=O)N([C@@H](C)CO)C[C@@H]2C)cc1	1	1	C38H48F3N5O7	0.0	CHEBI_129061
COc1ccc(NC(=O)c2ccc(OC(C)C(=O)O)cc2)cc1Cl	1	1	C17H16ClNO5	0.0	CHEBI_93858
COc1ccc(O)c2c(=O)c3ccc(O)cc3oc12	1	1	C14H10O5	0.0	CHEBI_65676
COc1ccc(O)c2c1C[C@]1(C)[C@@H](C)CC[C@H]3C(C)(C)CCC[C@]31O2	1	1	C22H32O3	0.0	CHEBI_66526
COc1ccc(O)c2oc3c4c(cc(OC)c3c(=O)c12)O[C@H]1OCC[C@@H]41	1	1	C19H16O7	0.0	CHEBI_72679
COc1ccc(OC)c(C=O)c1	1	1	C9H10O3	0.0	CHEBI_183284
COc1ccc(OC)c(OC)c1	1	1	C9H12O3	0.0	CHEBI_167092
COc1ccc(OC2OC(CO[C@@H]3O[C@@H](C)[C@H](O)[C@@H](O)[C@H]3O)C(O)C(O)C2O)cc1OC	1	1	C20H30O12	0.0	CHEBI_182562
COc1ccc(S(=O)(=O)CCC(=O)Nc2cc(C)ccc2OC)cc1	1	1	C18H21NO5S	0.0	CHEBI_120461
COc1ccc(S(=O)(=O)N(C)C[C@@H]2Oc3c(NC(=O)Nc4cccc5ccccc45)cccc3C(=O)N([C@@H](C)CO)C[C@H]2C)cc1C	1	1	C35H40N4O7S	0.0	CHEBI_94197
COc1ccc(S(=O)(=O)N(C)C[C@H]2Oc3ccc(NC(=O)Nc4ccc(C(F)(F)F)cc4)cc3CC(=O)N([C@H](C)CO)C[C@H]2C)cc1	1	1	C32H37F3N4O7S	0.0	CHEBI_127834
COc1ccc(S(=O)(=O)N[C@@H]2CC[C@@H](CCNC(=O)Cc3ccccn3)O[C@@H]2CO)cc1	1	1	C22H29N3O6S	0.0	CHEBI_117952
COc1ccc(S(=O)(=O)N[C@@H]2CC[C@@H](CCNC(=O)Cc3ccccn3)O[C@H]2CO)cc1	1	1	C22H29N3O6S	0.0	CHEBI_117925
COc1ccc(S(=O)(=O)N[C@@H]2CC[C@H](CCNC(=O)Cc3ccccn3)O[C@@H]2CO)cc1	1	1	C22H29N3O6S	0.0	CHEBI_118199
COc1ccc(S(=O)(=O)N[C@@H]2CC[C@H](CCNC(=O)Cc3ccccn3)O[C@H]2CO)cc1	1	1	C22H29N3O6S	0.0	CHEBI_118142
COc1ccc(S(=O)(=O)N[C@H]2CC[C@@H](CCNC(=O)Cc3ccccn3)O[C@@H]2CO)cc1	1	1	C22H29N3O6S	0.0	CHEBI_118015
COc1ccc(S(=O)(=O)N[C@H]2CC[C@@H](CCNC(=O)Cc3ccccn3)O[C@H]2CO)cc1	1	1	C22H29N3O6S	0.0	CHEBI_118112
COc1ccc(S(=O)(=O)N[C@H]2CC[C@H](CCNC(=O)Cc3ccccn3)O[C@@H]2CO)cc1	1	1	C22H29N3O6S	0.0	CHEBI_118188
COc1ccc(S(=O)(=O)N[C@H]2CC[C@H](CCNC(=O)Cc3ccccn3)O[C@H]2CO)cc1	1	1	C22H29N3O6S	0.0	CHEBI_117995
COc1ccc(S(=O)(=O)Nc2cccc3c2O[C@@H](CN(C)Cc2ccc4c(c2)OCO4)[C@@H](C)CN([C@H](C)CO)C3=O)cc1	1	1	C31H37N3O8S	0.0	CHEBI_108840
COc1ccc(S(=O)(=O)Nc2cccc3c2O[C@@H](CN(C)Cc2ccc4c(c2)OCO4)[C@H](C)CN([C@@H](C)CO)C3=O)cc1	1	1	C31H37N3O8S	0.0	CHEBI_108908
COc1ccc(S(=O)(=O)Nc2cccc3c2O[C@H](CN(C)Cc2ccc4c(c2)OCO4)[C@@H](C)CN([C@@H](C)CO)C3=O)cc1	1	1	C31H37N3O8S	0.0	CHEBI_113695
COc1ccc(S(=O)(=O)Nc2cccc3c2O[C@H](CN(C)Cc2ccc4c(c2)OCO4)[C@@H](C)CN([C@H](C)CO)C3=O)cc1	1	1	C31H37N3O8S	0.0	CHEBI_111669
COc1ccc(S(=O)(=O)Nc2cccc3c2O[C@H](CN(C)Cc2ccc4c(c2)OCO4)[C@H](C)CN([C@@H](C)CO)C3=O)cc1	1	1	C31H37N3O8S	0.0	CHEBI_108822
COc1ccc(S(=O)(=O)Nc2cccc3c2O[C@H](CN(C)Cc2ccc4c(c2)OCO4)[C@H](C)CN([C@H](C)CO)C3=O)cc1	1	1	C31H37N3O8S	0.0	CHEBI_108673
COc1ccc([C@@H]2CC(=O)c3c(O)cc(O[C@@H]4O[C@H](CO)[C@@H](O)[C@H](O)[C@H]4O)cc3O2)cc1O	1	1	C22H24O11	0.0	CHEBI_59015
COc1ccc([C@@H]2CC(=O)c3c(O)cc([O-])cc3O2)cc1O	1	1	C16H13O6-	-1.0	CHEBI_61249
COc1ccc([C@@]2(O)c3c(ccc(/C=C/[C@@]4(C)OC(C)(C)[C@@H]5C[C@@H]54)c3O)NC(=O)[C@@H]2OC)cc1	1	1	C27H31NO6	0.0	CHEBI_177743
COc1ccc([C@@]2(O)c3c(ccc(/C=C/[C@@]4(C)OC(C)(C)[C@H]5C[C@H]54)c3O)NC(=O)[C@@H]2OC)cc1	1	1	C27H31NO6	0.0	CHEBI_193562
COc1ccc([C@H]2CC(=O)c3c(O)cc(O)cc3O2)cc1O	1	1	C16H14O6	0.0	CHEBI_183378
COc1ccc([C@H]2Oc3cc(OC)c(O)cc3[C@@H]2C)cc1O	1	1	C17H18O5	0.0	CHEBI_67387
COc1ccc2c(=O)c3c(O)cc4c(c3n(C)c2c1O)C=CC(C)(C)O4	1	1	C20H19NO5	0.0	CHEBI_173207
COc1ccc2c(C)c(Cl)c(=O)oc2c1	1	1	C11H9ClO3	0.0	CHEBI_105762
COc1ccc2c(COC(=O)CC3Sc4ccccc4NC3=O)cc(=O)oc2c1	1	1	C21H17NO6S	0.0	CHEBI_105443
COc1ccc2c(c(=O)c1O)COC(C)=C2	1	1	C12H12O4	0.0	CHEBI_210825
COc1ccc2c(c1)C(=O)N(C)[C@@H](Cc1ccccc1)C(=O)N2	1	1	C18H18N2O3	0.0	CHEBI_207076
COc1ccc2c(c1)CCC(c1cccc(=O)n1C)C2	1	1	C17H19NO2	0.0	CHEBI_79423
COc1ccc2c(c1)OC1COc3cc(OC)c(OC)cc3C1(O)C2=O	1	1	C19H18O7	0.0	CHEBI_175596
COc1ccc2c(c1)OC1c3cc(OC)c(OC)c(O)c3OCC21	1	1	C18H18O6	0.0	CHEBI_175208
COc1ccc2c(c1)OCc1c-2oc2c3c(c(O)cc12)OC(C)(C)C=C3	1	1	C21H18O5	0.0	CHEBI_66570
COc1ccc2c(c1)c(CC(=O)NO)c(C)n2C(=O)c1ccc(Cl)cc1	1	1	C19H17ClN2O4	0.0	CHEBI_76255
COc1ccc2c(c1O)OCC1c3ccc(O)c(OC)c3OC21	1	1	C17H16O6	0.0	CHEBI_175054
COc1ccc2c(c1OC)C(=O)OC2C1c2c(cc3c(c2OC)OCO3)CCN1C	1	1	C22H23NO7	0.0	CHEBI_110185
COc1ccc2c(c1OC)C(=O)OC2[C@H]1c2c(cc3c(c2OC)OCO3)CCN1C	1	1	C22H23NO7	0.0	CHEBI_95149
COc1ccc2c(c1OC)C(=O)O[C@@H]2C1c2c(cc3c(c2OC)OCO3)CCN1C	1	1	C22H23NO7	0.0	CHEBI_91742
COc1ccc2c(c1OC)C(=O)O[C@@H]2[C@H]1c2c(cc3c(c2OC)OCO3)CCN1C	1	1	C22H23NO7	0.0	CHEBI_73237
COc1ccc2c(c1OC)C(=O)O[C@H]2[C@@H]1c2c(cc3c(c2OC)OCO3)CCN1C	1	1	C22H23NO7	0.0	CHEBI_94697
COc1ccc2c(c1OC)C(=O)O[C@H]2[C@H]1c2c(cc3c(c2OC)OCO3)CCN1C	1	1	C22H23NO7	0.0	CHEBI_93592
COc1ccc2c(c1OC)CN(C)c1c-2ccc2cc3c(cc12)OCO3	1	1	C21H19NO4	0.0	CHEBI_140672
COc1ccc2c(c1OC)OC(O[C@@H]1O[C@H](CO)[C@@H](O)[C@H](O)[C@H]1O)C(=O)N2OC	1	1	C17H23NO11	0.0	CHEBI_173103
COc1ccc2c3c([nH]c2c1)[C@@H](CO)N(C(=O)NC1CCCC1)CC31CN(C(=O)Nc2cccc(F)c2)C1	1	1	C28H32FN5O4	0.0	CHEBI_129363
COc1ccc2c3c([nH]c2c1)[C@@H](CO)N(C(C)=O)CC31CCN(Cc2cc(-c3ccccc3)on2)CC1	1	1	C29H32N4O4	0.0	CHEBI_128198
COc1ccc2c3c([nH]c2c1)[C@@H](CO)N(Cc1ccccc1)CC31CN(S(=O)(=O)c2ccc(C)cc2)C1	1	1	C29H31N3O4S	0.0	CHEBI_128877
COc1ccc2c3c([nH]c2c1)[C@H](CO)N(C(=O)NC1CCCC1)CC31CN(C(=O)Nc2cccc(F)c2)C1	1	1	C28H32FN5O4	0.0	CHEBI_128984
COc1ccc2c3c([nH]c2c1)[C@H](CO)N(C(C)=O)CC31CCN(Cc2cc(-c3ccccc3)on2)CC1	1	1	C29H32N4O4	0.0	CHEBI_127183
COc1ccc2c3c([nH]c2c1)[C@H](CO)N(Cc1ccccc1)CC31CN(S(=O)(=O)c2ccc(C)cc2)C1	1	1	C29H31N3O4S	0.0	CHEBI_129536
COc1ccc2c3c([nH]c2c1)[C@H](CO)N(S(C)(=O)=O)CC31CCN(C(=O)c2ccccc2)CC1	1	1	C25H29N3O5S	0.0	CHEBI_130520
COc1ccc2c3c(n(C)c2c1)[C@@H](CO)N(CC1CC1)CC31CN(C(=O)Nc2ccc(F)cc2F)C1	1	1	C27H30F2N4O3	0.0	CHEBI_130505
COc1ccc2c3c(n(C)c2c1)[C@@H](CO)N(S(=O)(=O)c1ccc(C)cc1)CC31CN(C(=O)c2ccccn2)C1	1	1	C29H30N4O5S	0.0	CHEBI_126958
COc1ccc2c3c(n(C)c2c1)[C@H](CO)N(C)CC31CCN(C(=O)c2ccccc2F)CC1	1	1	C26H30FN3O3	0.0	CHEBI_126516
COc1ccc2c3c(n(C)c2c1)[C@H](CO)N(CC1CC1)CC31CN(C(=O)Nc2ccc(F)cc2F)C1	1	1	C27H30F2N4O3	0.0	CHEBI_127562
COc1ccc2c3c(n(C)c2c1)[C@H](CO)N(S(=O)(=O)c1ccc(C)cc1)CC31CN(C(=O)c2ccccn2)C1	1	1	C29H30N4O5S	0.0	CHEBI_129947
COc1ccc2c3c4n(c2c1)[C@@H](C=C(C)C)OOC(C)(C)C[C@@H]4N1C(=O)[C@@H]2CCCN2C(=O)[C@]1(O)[C@H]3OCC=C(C)C	1	1	C32H41N3O7	0.0	CHEBI_72766
COc1ccc2cc(C#N)c(N3CCN(C(=O)c4ccccc4C)CC3)nc2c1	1	1	C23H22N4O2	0.0	CHEBI_113136
COc1ccc2cc([C@H](C)C(=O)OCCCCO[N+](=O)[O-])ccc2c1	1	1	C18H21NO6	0.0	CHEBI_76254
COc1ccc2cc1-c1cc(c(O)c(OC)c1OC)CCCCC(=O)C(=O)C2	1	1	C22H24O6	0.0	CHEBI_173283
COc1ccc2cc1Oc1cc(ccc1O)[C@H](O)[C@]13S[C@@]4(C(=O)N1C)[C@H](O)C1=COC=C[C@H](OC2=O)[C@H]1N4C3=O	1	1	C27H22N2O10S	0.0	CHEBI_199357
COc1ccc2cc3c(N)nn(C(=O)Cc4ccccc4OC)c3nc2c1	1	1	C20H18N4O3	0.0	CHEBI_108975
COc1ccc2cc3cc(C(=O)Nc4ccc(F)cc4)sc3nc2c1	1	1	C19H13FN2O2S	0.0	CHEBI_92902
COc1cccc(-c2ccc(C3[C@@H]4CN(C(=O)C5CCOCC5)C[C@H]3N4)cc2)c1	1	1	C24H28N2O3	0.0	CHEBI_125033
COc1cccc(-c2ccc3ncnc(NCc4ccc5c(c4)OCO5)c3c2)c1	1	1	C23H19N3O3	0.0	CHEBI_92983
COc1cccc(-c2ccc3ncnc(NCc4cccs4)c3c2)c1	1	1	C20H17N3OS	0.0	CHEBI_93309
COc1cccc(C(=O)Nc2ccc3c(c2)C(=O)N(C)[C@@H]2CC[C@@H](CC(=O)NCCCN4CCOCC4)O[C@@H]2CO3)c1	1	1	C31H40N4O7	0.0	CHEBI_99817
COc1cccc(C(=O)Nc2ccc3c(c2)C(=O)N(C)[C@@H]2CC[C@@H](CC(=O)NCCCN4CCOCC4)O[C@H]2CO3)c1	1	1	C31H40N4O7	0.0	CHEBI_102471
COc1cccc(C(=O)Nc2ccc3c(c2)C(=O)N(C)[C@@H]2CC[C@H](CC(=O)NCCCN4CCOCC4)O[C@@H]2CO3)c1	1	1	C31H40N4O7	0.0	CHEBI_98045
COc1cccc(C(=O)Nc2ccc3c(c2)C(=O)N(C)[C@@H]2CC[C@H](CC(=O)NCCCN4CCOCC4)O[C@H]2CO3)c1	1	1	C31H40N4O7	0.0	CHEBI_103107
COc1cccc(C(=O)Nc2ccc3c(c2)C(=O)N(C)[C@H]2CC[C@@H](CC(=O)NCCCN4CCOCC4)O[C@@H]2CO3)c1	1	1	C31H40N4O7	0.0	CHEBI_97353
COc1cccc(C(=O)Nc2ccc3c(c2)C(=O)N(C)[C@H]2CC[C@@H](CC(=O)NCCCN4CCOCC4)O[C@H]2CO3)c1	1	1	C31H40N4O7	0.0	CHEBI_97885
COc1cccc(C(=O)Nc2ccc3c(c2)C(=O)N(C)[C@H]2CC[C@H](CC(=O)NCCCN4CCOCC4)O[C@@H]2CO3)c1	1	1	C31H40N4O7	0.0	CHEBI_102323
COc1cccc(C(=O)Nc2ccc3c(c2)C(=O)N(C)[C@H]2CC[C@H](CC(=O)NCCCN4CCOCC4)O[C@H]2CO3)c1	1	1	C31H40N4O7	0.0	CHEBI_98780
COc1cccc(C2C(C(=O)c3cnn(-c4ccccc4)c3C)C(=O)C(=O)N2CCN(C)C)c1OC	1	1	C27H30N4O5	0.0	CHEBI_114493
COc1cccc(C2Nc3ccccc3C(=O)N2O)c1O	1	1	C15H14N2O4	0.0	CHEBI_113023
COc1cccc(CCc2ccccc2OCC[C@@H]2C[C@@H](O)CN2C)c1	1	1	C22H29NO3	0.0	CHEBI_92282
COc1cccc(NC(=O)N2CC(=O)N3[C@@H](CO)[C@H](c4ccc(C5=CCCCC5)cc4)[C@@H]3C2)c1	1	1	C27H31N3O4	0.0	CHEBI_127327
COc1cccc(NC(=O)N2CC(=O)N3[C@H](C2)[C@H](c2ccc(C4=CCCCC4)cc2)[C@@H]3CO)c1	1	1	C27H31N3O4	0.0	CHEBI_125984
COc1cccc(NC(=O)N2CC(=O)N3[C@H](CO)[C@@H](c4ccc(C5=CCCCC5)cc4)[C@H]3C2)c1	1	1	C27H31N3O4	0.0	CHEBI_130696
COc1cccc(NC(=O)N2CC(=O)N3[C@H](CO)[C@H](c4ccc(C5=CCCCC5)cc4)[C@@H]3C2)c1	1	1	C27H31N3O4	0.0	CHEBI_128213
COc1cccc(O)c1C(=O)O	1	1	C8H8O4	0.0	CHEBI_169986
COc1cccc(OCC(=O)Nc2ccccc2C(N)=O)c1	1	1	C16H16N2O4	0.0	CHEBI_109790
COc1cccc(S(=O)(=O)Nc2ccc3c(c2)[C@@H]2C[C@@H](CC(=O)NCCc4ccccc4)O[C@@H](CO)[C@@H]2O3)c1	1	1	C29H32N2O7S	0.0	CHEBI_99697
COc1cccc(S(=O)(=O)Nc2ccc3c(c2)[C@@H]2C[C@@H](CC(=O)NCCc4ccccc4)O[C@H](CO)[C@@H]2O3)c1	1	1	C29H32N2O7S	0.0	CHEBI_100076
COc1cccc(S(=O)(=O)Nc2ccc3c(c2)[C@@H]2C[C@H](CC(=O)NCCc4ccccc4)O[C@@H](CO)[C@@H]2O3)c1	1	1	C29H32N2O7S	0.0	CHEBI_101978
COc1cccc(S(=O)(=O)Nc2ccc3c(c2)[C@@H]2C[C@H](CC(=O)NCCc4ccccc4)O[C@H](CO)[C@@H]2O3)c1	1	1	C29H32N2O7S	0.0	CHEBI_117296
COc1cccc(S(=O)(=O)Nc2ccc3c(c2)[C@H]2C[C@@H](CC(=O)NCCc4ccccc4)O[C@@H](CO)[C@H]2O3)c1	1	1	C29H32N2O7S	0.0	CHEBI_97108
COc1cccc(S(=O)(=O)Nc2ccc3c(c2)[C@H]2C[C@@H](CC(=O)NCCc4ccccc4)O[C@H](CO)[C@H]2O3)c1	1	1	C29H32N2O7S	0.0	CHEBI_100776
COc1cccc(S(=O)(=O)Nc2ccc3c(c2)[C@H]2C[C@H](CC(=O)NCCc4ccccc4)O[C@@H](CO)[C@H]2O3)c1	1	1	C29H32N2O7S	0.0	CHEBI_98715
COc1cccc(S(=O)(=O)Nc2ccc3c(c2)[C@H]2C[C@H](CC(=O)NCCc4ccccc4)O[C@H](CO)[C@H]2O3)c1	1	1	C29H32N2O7S	0.0	CHEBI_100894
COc1cccc2c1C(=O)O[C@H](CCC[C@H](C)O)C2	1	1	C15H20O4	0.0	CHEBI_225981
COc1cccc2c1C(=O)c1c(C)cc(=O)[nH]c1C2=O	1	1	C15H11NO4	0.0	CHEBI_70648
COc1cccc2c1C(=O)c1c(O)c3c(c(O)c1C2=O)CC(O)(C(=O)CO)CC3OC1CC(N)C(O)C(C)O1	1	1	C27H29NO11	0.0	CHEBI_91872
COc1cccc2c1C(=O)c1c(O)c3c(c(O)c1C2=O)C[C@@](O)(C(=O)CO)C[C@@H]3OC1CC(N)C(O)C(C)O1	1	1	C27H29NO11	0.0	CHEBI_124964
COc1cccc2c1C(=O)c1c(O)c3c(c(O)c1C2=O)C[C@@](O)(C(=O)CO)C[C@@H]3OC1C[C@H](N)[C@H](O)[C@H](C)O1	1	1	C27H29NO11	0.0	CHEBI_91746
COc1cccc2c1C(=O)c1c(O)c3c(c(O)c1C2=O)C[C@@](O)(C(=O)CO)C[C@@H]3O[C@H]1C[C@H](N)[C@@H](O)[C@H](C)O1	1	1	C27H29NO11	0.0	CHEBI_47898
COc1cccc2c1C(=O)c1c(O)c3c(c(O)c1C2=O)C[C@@](O)(C(=O)CO)C[C@@H]3O[C@H]1C[C@H](N)[C@H](O)[C@H](C)O1	1	1	C27H29NO11	0.0	CHEBI_28748
COc1cccc2c1C(=O)c1c(O)c3c(c(O)c1C2=O)C[C@@](O)(C(=O)CO)C[C@@H]3O[C@H]1C[C@H]([NH3+])[C@@H](O)[C@H](C)O1	1	1	C27H30NO11+	1.0	CHEBI_41983
COc1cccc2c1C(=O)c1c(O)c3c(c(O)c1C2=O)C[C@@](O)(C(=O)CO)C[C@@H]3O[C@H]1C[C@H]([NH3+])[C@H](O)[C@H](C)O1	1	1	C27H30NO11+	1.0	CHEBI_64816
COc1cccc2c1C(=O)c1ccc3cc(C)cc(O[C@@H]4O[C@H](C(=O)O)[C@@H](O)[C@H](O)[C@H]4O)c3c1C2=O	1	1	C26H22O10	0.0	CHEBI_207006
COc1cccc2c1C(O)CCC2O	1	1	C11H14O3	0.0	CHEBI_203170
COc1cccc2c1[C@H](O)n1c-2c2c3c(cc(C)cc31)C=CC2=O	1	1	C20H15NO3	0.0	CHEBI_204191
COc1cccc2ccc([C@@H]3C[C@@H](C)Oc4cccc(O)c43)c(O)c12	1	1	C21H20O4	0.0	CHEBI_223573
COc1ccccc1-c1coc2cc(O)ccc2c1=O	1	1	C16H12O4	0.0	CHEBI_108602
COc1ccccc1C#Cc1ccc2c(c1)[C@@H]1[C@@H](CCN1C(=O)Cc1ccccc1)[C@@H](CO)N2	1	1	C29H28N2O3	0.0	CHEBI_130755
COc1ccccc1C(=O)N1C[C@@H]2[C@H](c3ccccc31)[C@@H](CO)N2CC1CCOCC1	1	1	C25H30N2O4	0.0	CHEBI_128098
COc1ccccc1C(=O)N1C[C@@H]2[C@H](c3ccccc31)[C@H](CO)N2CC1CCOCC1	1	1	C25H30N2O4	0.0	CHEBI_130783
COc1ccccc1C(=O)N1C[C@H]2[C@@H](c3ccccc31)[C@@H](CO)N2CC1CCOCC1	1	1	C25H30N2O4	0.0	CHEBI_127879
COc1ccccc1C(=O)Nc1ccc2c(c1)nc(CCNC(=O)c1ccccc1)n2C	1	1	C25H24N4O3	0.0	CHEBI_121088
COc1ccccc1CC(=O)c1cn(CC2CCCCN2C)c2ccccc12	1	1	C24H28N2O2	0.0	CHEBI_186174
COc1ccccc1CN(C)C[C@@H]1OCc2cn(nn2)CCCC(=O)N([C@@H](C)CO)C[C@@H]1C	1	1	C24H37N5O4	0.0	CHEBI_96893
COc1ccccc1CN(C)C[C@@H]1OCc2cn(nn2)CCCC(=O)N([C@@H](C)CO)C[C@H]1C	1	1	C24H37N5O4	0.0	CHEBI_95734
COc1ccccc1CN(C)C[C@@H]1OCc2cn(nn2)CCCC(=O)N([C@H](C)CO)C[C@@H]1C	1	1	C24H37N5O4	0.0	CHEBI_113432
COc1ccccc1CN(C)C[C@@H]1OCc2cn(nn2)CCCC(=O)N([C@H](C)CO)C[C@H]1C	1	1	C24H37N5O4	0.0	CHEBI_112547
COc1ccccc1CN(C)C[C@H]1OCc2cn(nn2)CCCC(=O)N([C@@H](C)CO)C[C@@H]1C	1	1	C24H37N5O4	0.0	CHEBI_112490
COc1ccccc1CN(C)C[C@H]1OCc2cn(nn2)CCCC(=O)N([C@@H](C)CO)C[C@H]1C	1	1	C24H37N5O4	0.0	CHEBI_113277
COc1ccccc1CN(C)C[C@H]1OCc2cn(nn2)CCCC(=O)N([C@H](C)CO)C[C@@H]1C	1	1	C24H37N5O4	0.0	CHEBI_96669
COc1ccccc1CN(C)C[C@H]1OCc2cn(nn2)CCCC(=O)N([C@H](C)CO)C[C@H]1C	1	1	C24H37N5O4	0.0	CHEBI_96725
COc1ccccc1CNC(=O)C[C@@H]1CC[C@@H]2[C@H](COC[C@@H](O)CN2C(=O)Nc2ccc(F)cc2)O1	1	1	C26H32FN3O6	0.0	CHEBI_101617
COc1ccccc1CNC(=O)C[C@@H]1CC[C@@H]2[C@H](COC[C@H](O)CN2C(=O)Nc2ccc(F)cc2)O1	1	1	C26H32FN3O6	0.0	CHEBI_102689
COc1ccccc1CNC(=O)C[C@@H]1CC[C@H]2[C@@H](COC[C@H](O)CN2C(=O)Nc2ccc(F)cc2)O1	1	1	C26H32FN3O6	0.0	CHEBI_99784
COc1ccccc1CNC(=O)C[C@H]1CC[C@@H]2[C@H](COC[C@@H](O)CN2C(=O)Nc2ccc(F)cc2)O1	1	1	C26H32FN3O6	0.0	CHEBI_99342
COc1ccccc1CNC(=O)C[C@H]1CC[C@@H]2[C@H](COC[C@H](O)CN2C(=O)Nc2ccc(F)cc2)O1	1	1	C26H32FN3O6	0.0	CHEBI_97755
COc1ccccc1CNC(=O)C[C@H]1CC[C@H]2[C@@H](COC[C@@H](O)CN2C(=O)Nc2ccc(F)cc2)O1	1	1	C26H32FN3O6	0.0	CHEBI_97799
COc1ccccc1CNC(=O)C[C@H]1CC[C@H]2[C@@H](COC[C@H](O)CN2C(=O)Nc2ccc(F)cc2)O1	1	1	C26H32FN3O6	0.0	CHEBI_99051
COc1ccccc1N1CCN(C(c2cc3ccc(C)cc3[nH]c2=O)c2nnnn2C2CCCC2)CC1	1	1	C28H33N7O2	0.0	CHEBI_116092
COc1ccccc1N1CCN(CCn2c(=O)[nH]c3c([nH]c4ccccc43)c2=O)CC1	1	1	C23H25N5O3	0.0	CHEBI_114191
COc1ccccc1N1CCN(c2ccc([N+](=O)[O-])cc2Cl)CC1	1	1	C17H18ClN3O3	0.0	CHEBI_104889
COc1ccccc1NC(=O)Cn1c(C)cc(=O)c2cccc(OC)c21	1	1	C20H20N2O4	0.0	CHEBI_109241
COc1ccccc1NC(=O)N1CCCCN2[C@@H](CO)[C@H](c3ccc(C#CC4CC4)cc3)[C@@H]2C1	1	1	C28H33N3O3	0.0	CHEBI_125965
COc1ccccc1NC(=O)Nc1ccc2c(c1)C(=O)N(C)C[C@@H](OC)[C@H](C)CN(Cc1ccccc1Cl)[C@H](C)CO2	1	1	C32H39ClN4O5	0.0	CHEBI_122619
COc1ccccc1NC(=O)c1cc2cc(Br)ccc2cc1O[C@@H]1O[C@H](C(=O)O)[C@@H](O)[C@H](O)[C@H]1O	1	1	C24H22BrNO9	0.0	CHEBI_90145
COc1ccccc1NC(=S)NNC(=O)c1cc(C)n(C)n1	1	1	C14H17N5O2S	0.0	CHEBI_107071
COc1ccccc1OC	1	1	C8H10O2	0.0	CHEBI_59114
COc1ccccc1OCC(=O)NNC(=S)NC(=O)c1ccco1	1	1	C15H15N3O5S	0.0	CHEBI_120853
COc1ccccc1OP(=O)(Oc1ccccc1OC)Oc1ccccc1OC	1	1	C21H21O7P	0.0	CHEBI_135674
COc1oc(=O)c2cc(N)ccc2c1Cl	1	1	C10H8ClNO3	0.0	CHEBI_92395
COn1cc(C(=O)O)c(=O)c2cc3c(cc21)OCO3	1	1	C12H9NO6	0.0	CHEBI_135084
CS(=O)(=O)Nc1cc2occ(NC=O)c(=O)c2cc1Oc1ccccc1	1	1	C17H14N2O6S	0.0	CHEBI_31689
CS(=O)(=O)O	1	1	CH4O3S	0.0	CHEBI_27376
CS(=O)(=O)c1ccc(-c2cc(Br)sc2-c2ccc(F)cc2)cc1	1	1	C17H12BrFO2S2	0.0	CHEBI_4720
CS(=O)(=O)c1ccc([C@@H](O)[C@@H](COC(=O)CN)NC(=O)C(Cl)Cl)cc1	1	1	C14H18Cl2N2O6S	0.0	CHEBI_135669
CS(=O)C1CC2=CC(=O)CCC2(C)C2CCC3(C)C(CCC34CCC(=O)O4)C12	1	1	C23H32O4S	0.0	CHEBI_143454
CSC(C(=O)O)[C@H](N)C(=O)O	1	1	C5H9NO4S	0.0	CHEBI_73621
CSC(C(=O)[O-])[C@H]([NH3+])C(=O)[O-]	1	1	C5H8NO4S-	-1.0	CHEBI_73620
CSCC=NO	1	1	C3H7NOS	0.0	CHEBI_50716
CSCCCCCCCC/C=N/O	1	1	C10H21NOS	0.0	CHEBI_134685
CSCCCCCCCCC=NO	1	1	C10H21NOS	0.0	CHEBI_50704
CSCC[C@H](N)C(=O)NCCC(=O)O	1	1	C8H16N2O3S	0.0	CHEBI_74700
CSCC[C@H](N)C(=O)N[C@@H](CC(C)C)C(=O)N[C@@H](C)C(=O)O	1	1	C14H27N3O4S	0.0	CHEBI_160845
CSCC[C@H](N)C(=O)N[C@@H](CC(N)=O)C(=O)NCC(=O)O	1	1	C11H20N4O5S	0.0	CHEBI_160542
CSCC[C@H](N)C(=O)N[C@@H](CCC(=O)O)C(=O)N[C@@H](CC(N)=O)C(=O)O	1	1	C14H24N4O7S	0.0	CHEBI_160689
CSCC[C@H](N)C(=O)N[C@@H](CCC(=O)O)C(=O)O	1	1	C10H18N2O5S	0.0	CHEBI_74702
CSCC[C@H](N)C(=O)N[C@@H](CCCCN)C(=O)N[C@@H](Cc1ccc(O)cc1)C(=O)O	1	1	C20H32N4O5S	0.0	CHEBI_160922
CSCC[C@H](N)C(=O)N[C@@H](CCCN=C(N)N)C(=O)N[C@@H](CO)C(=O)O	1	1	C14H28N6O5S	0.0	CHEBI_160518
CSCC[C@H](N)C(=O)N[C@@H](Cc1c[nH]c2ccccc12)C(=O)N[C@@H](Cc1cnc[nH]1)C(=O)O	1	1	C22H28N6O4S	0.0	CHEBI_161139
CSCC[C@H](N)C(=O)N[C@@H](Cc1ccc(O)cc1)C(=O)N[C@@H](CCCCN)C(=O)O	1	1	C20H32N4O5S	0.0	CHEBI_161185
CSCC[C@H](N)C(=O)N[C@@H](Cc1cnc[nH]1)C(=O)N[C@@H](Cc1c[nH]c2ccccc12)C(=O)O	1	1	C22H28N6O4S	0.0	CHEBI_160799
CSCC[C@H](N)C(=O)N[C@H](C(=O)N[C@@H](CCCN=C(N)N)C(=O)O)C(C)C	1	1	C16H32N6O4S	0.0	CHEBI_161205
CSCC[C@H](NC(=O)OC(C)(C)C)C(=O)N[C@@H](CC(=O)O)C(=O)NCC(=O)N[C@@H](CS)C(=O)N[C@@H](CCC(=O)O)C(=O)N[C@@H](CC(C)C)C(=O)O	1	1	C30H50N6O13S2	0.0	CHEBI_125662
CSCC[C@H](NC(=O)[C@@H](N)CC(N)=O)C(=O)N[C@@H](CC(C)C)C(=O)O	1	1	C15H28N4O5S	0.0	CHEBI_159975
CSCC[C@H](NC(=O)[C@@H](N)CCC(=O)O)C(=O)N[C@@H](CCCN=C(N)N)C(=O)O	1	1	C16H30N6O6S	0.0	CHEBI_163097
CSCC[C@H](NC(=O)[C@@H](N)CCCN=C(N)N)C(=O)N[C@@H](CC(=O)O)C(=O)O	1	1	C15H28N6O6S	0.0	CHEBI_159164
CSCC[C@H](NC(=O)[C@@H](N)CO)C(=O)N[C@@H](CC(N)=O)C(=O)O	1	1	C12H22N4O6S	0.0	CHEBI_163300
CSCC[C@H](NC(=O)[C@@H](N)CS)C(=O)N[C@@H](C)C(=O)O	1	1	C11H21N3O4S2	0.0	CHEBI_161541
CSCC[C@H](NC(=O)[C@@H](N)Cc1ccccc1)C(=O)N[C@@H](CC(C)C)C(=O)O	1	1	C20H31N3O4S	0.0	CHEBI_161733
CSCC[C@H](NC(=O)[C@@H](N)[C@@H](C)O)C(=O)O	1	1	C9H18N2O4S	0.0	CHEBI_74861
CSCC[C@H](NC(=O)[C@@H](NC(=O)[C@@H](N)Cc1cnc[nH]1)[C@@H](C)O)C(=O)O	1	1	C15H25N5O5S	0.0	CHEBI_157991
CSCC[C@H](NC(=O)[C@@H]1CCCN1)C(=O)N1CCC[C@@H]1C(=O)O	1	1	C15H25N3O4S	0.0	CHEBI_162526
CSCC[C@H](NC(=O)[C@@H]1CCCN1)C(=O)N[C@@H](Cc1ccccc1)C(=O)O	1	1	C19H27N3O4S	0.0	CHEBI_162524
CSCC[C@H](NC(=O)[C@@H]1CCCN1C(=O)[C@@H](N)Cc1cnc[nH]1)C(=O)O	1	1	C16H25N5O4S	0.0	CHEBI_157909
CSCC[C@H](NC(=O)[C@H](CC(=O)O)NC(=O)[C@@H](N)[C@@H](C)O)C(=O)O	1	1	C13H23N3O7S	0.0	CHEBI_163751
CSCC[C@H](NC(=O)[C@H](CC(C)C)NC(=O)CNC(=O)[C@H](Cc1ccccc1)NC(=O)[C@H](Cc1ccccc1)NC(=O)[C@H](CCC(N)=O)NC(=O)[C@H](CCC(N)=O)NC(=O)[C@@H]1CCCN1C(=O)[C@H](CCCCN)NC(=O)[C@@H]1CCCN1C(=O)[C@@H](N)CCCNC(=N)N)C(N)=O	1	1	C63H98N18O13S	0.0	CHEBI_80308
CSCC[C@H](NC(=O)[C@H](CC(C)C)NC(=O)CNC(=O)[C@H](Cc1ccccc1)NC(=O)[C@H](Cc1ccccc1)NC(=O)[C@H](CCC(N)=O)NC(=O)[C@H](CCC(N)=O)NC(=O)[C@@H]1CCCN1C(=O)[C@H](CCCC[NH3+])NC(=O)[C@@H]1CCCN1C(=O)[C@@H]([NH3+])CCCNC(N)=[NH2+])C(N)=O	1	1	C63H101N18O13S+3	3.0	CHEBI_190692
CSCC[C@H](NC(=O)[C@H](CCSC)NC(=O)[C@@H](N)Cc1c[nH]c2ccccc12)C(=O)O	1	1	C21H30N4O4S2	0.0	CHEBI_164785
CSCC[C@H](NC(=O)[C@H](CO)NC(=O)[C@@H](N)CO)C(=O)O	1	1	C11H21N3O6S	0.0	CHEBI_163441
CSCC[C@H](NC(=O)[C@H](CS)NC(=O)[C@@H](N)CCC(N)=O)C(=O)O	1	1	C13H24N4O5S2	0.0	CHEBI_162043
CSCC[C@H](NC(=O)[C@H](Cc1ccccc1)NC(=O)[C@@H](N)Cc1cnc[nH]1)C(=O)O	1	1	C20H27N5O4S	0.0	CHEBI_157870
CSCC[C@H](NC(=O)[C@H](Cc1cnc[nH]1)NC(=O)[C@H](C)N)C(=O)O	1	1	C14H23N5O4S	0.0	CHEBI_158227
CSCC[C@H](NC(=O)c1csc([C@@H]2CCCN2C(=O)[C@H](CCCN=C(N)N)NC(C)=O)n1)C(=O)O	1	1	C21H33N7O5S2	0.0	CHEBI_226493
CSCC[C@H](NC(N)=[NH2+])C(=O)[O-]	1	1	C6H13N3O2S	0.0	CHEBI_232121
CSCC[C@H]1NC(=O)c2csc(n2)[C@@H](C)NC(=O)c2nc(oc2C)[C@@H](C)NC(=O)c2csc1n2	1	1	C21H24N6O4S3	0.0	CHEBI_205472
CSC[C@@H](O)[C@@H](O)[C@@H](O)C=O	1	1	C6H12O4S	0.0	CHEBI_16895
CS[C@@H]1C(=O)N2[C@H]3C(=CC=C[C@@H]3O)C[C@@]2(SC)C(=O)N1C	1	1	C14H18N2O3S2	0.0	CHEBI_215233
CS[C@@H]1NC(=O)[C@](Cc2ccc(O)cc2)(SC)NC1=O	1	1	C13H16N2O3S2	0.0	CHEBI_227382
CS[C@@]12C[C@H]3C(=O)CC[C@H](O)[C@H]3N1C(=O)[C@]1(SC)CC3=CC=C[C@H](O)[C@H]3N1C2=O	1	1	C20H24N2O5S2	0.0	CHEBI_207261
CSc1ccc(C2C(C#N)=C(N)N(c3ccccc3)C3=C2C(=O)CCC3)cc1	1	1	C23H21N3OS	0.0	CHEBI_107904
CSc1ccccc1C(=O)C1CCCN(C(=O)c2csnn2)C1	1	1	C16H17N3O2S2	0.0	CHEBI_106008
CSc1nc(-c2ccccc2)nc(C(C)C)n1	1	1	C13H15N3S	0.0	CHEBI_92227
CSc1nc(N=[N+]=[N-])nc(NC(C)C)n1	1	1	C7H11N7S	0.0	CHEBI_82221
CSc1nc(NC(C)C)nc(NC(C)C)n1	1	1	C10H19N5S	0.0	CHEBI_26276
CSc1nsc(SCC(=O)N2CCc3ccccc32)n1	1	1	C13H13N3OS3	0.0	CHEBI_115015
C[C@@H](C=O)C[C@H](N)C(=O)O	1	1	C6H11NO3	0.0	CHEBI_43739
C[C@@H](CC(=O)NC(=O)c1c[nH]c(Cc2ccccc2)cc1=O)C(=O)O	1	1	C18H18N2O5	0.0	CHEBI_69407
C[C@@H](CCC(=O)O)C1CC[C@H]2[C@@H]3[C@H](O)C[C@@H]4[C@@H](O)[C@H](O)CC[C@]4(C)[C@H]3CC[C@]12C	1	1	C24H40O5	0.0	CHEBI_175274
C[C@@H](CCC1OC[C@H](O)[C@@H]1O)C1CC[C@@]2(C)C1CC[C@]1(C)C2CCC2[C@@]3(C)CCCC(C)(C)C3CC[C@]21C	1	1	C35H60O3	0.0	CHEBI_183133
C[C@@H](CC[C@@H](O)C(C)(C)O)C1=CC(=O)[C@@](C)(O)CC1	1	1	C15H26O4	0.0	CHEBI_214878
C[C@@H](CC[C@@H](O)C(O)[C@@H](O)COC1C(N)[C@@H](O)C(O)[C@@]1(O)CO)C1CC[C@@]2(C)C1CC[C@]1(C)C2CCC2[C@@]3(C)CCCC(C)(C)C3CC[C@]21C	1	1	C41H73NO8	0.0	CHEBI_191317
C[C@@H](CC[C@H](N)C(=O)O)NC(=N)N	1	1	C7H16N4O2	0.0	CHEBI_52504
C[C@@H](CC[C@H](N)C(=O)O)NC(N)=[NH2+]	1	1	C7H17N4O2+	1.0	CHEBI_40617
C[C@@H](CC[C@H]1OC(O)[C@H](O)[C@@H]1O)[C@H]1CC[C@]2(C)[C@H]3CC[C@@H]4[C@@]5(C)CCCC(C)(C)[C@@H]5CC[C@@]4(C)[C@]3(C)CC[C@@H]12	1	1	C35H60O4	0.0	CHEBI_190255
C[C@@H](Cc1ccccc1)[NH+](C)Cc1ccccc1.[Cl-]	1	1	C17H22ClN	0.0	CHEBI_59169
C[C@@H](N)CCC(=O)O	1	1	C5H11NO2	0.0	CHEBI_178409
C[C@@H](O)/C=C/[C@](C)(O)C1CC[C@H]2C3=CC(=O)[C@H]4CC(=CC[C@H](O)C4)[C@H]3C[C@@H](O)[C@]12C	1	1	C25H36O5	0.0	CHEBI_211136
C[C@@H](O)C#Cc1cnc2c(c1)C(=O)N([C@@H](C)CO)C[C@H](C)[C@@H](CN(C)CC1CCOCC1)O2	1	1	C25H37N3O5	0.0	CHEBI_96618
C[C@@H](O)C#Cc1cnc2c(c1)C(=O)N([C@@H](C)CO)C[C@H](C)[C@H](CN(C)CC1CCOCC1)O2	1	1	C25H37N3O5	0.0	CHEBI_95617
C[C@@H](O)[C@@H]1OC(O)[C@H](O)[C@H]1O	1	1	C6H12O5	0.0	CHEBI_149541
C[C@@H](O)[C@@H]1O[C@H](O)[C@H](O)[C@H]1O	1	1	C6H12O5	0.0	CHEBI_147609
C[C@@H](O)[C@H](N)C(=O)NCC(=O)N[C@@H](CCC(=O)O)C(=O)O	1	1	C11H19N3O7	0.0	CHEBI_163899
C[C@@H](O)[C@H](N)C(=O)N[C@@H](Cc1ccc(O)cc1)C(=O)N[C@@H](Cc1cnc[nH]1)C(=O)O	1	1	C19H25N5O6	0.0	CHEBI_164334
C[C@@H](O)[C@H](N)C(=O)N[C@@H](Cc1ccccc1)C(=O)N[C@@H](CO)C(=O)O	1	1	C16H23N3O6	0.0	CHEBI_164158
C[C@@H](O)[C@H](N)C(=O)N[C@H](C(=O)N[C@@H](CC(N)=O)C(=O)O)[C@@H](C)O	1	1	C12H22N4O7	0.0	CHEBI_164249
C[C@@H](O)[C@H](NC(=O)CNC(=O)[C@@H]1CCCN1)C(=O)O	1	1	C11H19N3O5	0.0	CHEBI_162329
C[C@@H](O)[C@H](NC(=O)[C@@H](N)CC(N)=O)C(=O)N[C@@H](CO)C(=O)O	1	1	C11H20N4O7	0.0	CHEBI_160147
C[C@@H](O)[C@H](NC(=O)[C@@H](N)CCCN=C(N)N)C(=O)N[C@@H](CCCN=C(N)N)C(=O)O	1	1	C16H33N9O5	0.0	CHEBI_159320
C[C@@H](O)[C@H](NC(=O)[C@@H](N)CS)C(=O)NCC(=O)O	1	1	C9H17N3O5S	0.0	CHEBI_161715
C[C@@H](O)[C@H](NC(=O)[C@@H](N)Cc1ccc(O)cc1)C(=O)N1CCC[C@@H]1C(=O)O	1	1	C18H25N3O6	0.0	CHEBI_165989
C[C@@H](O)[C@H](NC(=O)[C@@H](N)Cc1ccc(O)cc1)C(=O)N[C@@H](Cc1c[nH]c2ccccc12)C(=O)O	1	1	C24H28N4O6	0.0	CHEBI_165992
C[C@@H](O)[C@H](NC(=O)[C@@H](N)Cc1ccccc1)C(=O)N[C@@H](Cc1c[nH]c2ccccc12)C(=O)O	1	1	C24H28N4O5	0.0	CHEBI_161901
C[C@@H](O)[C@H](NC(=O)[C@@H](N)Cc1cnc[nH]1)C(=O)N[C@@H](Cc1ccccc1)C(=O)O	1	1	C19H25N5O5	0.0	CHEBI_157992
C[C@@H](O)[C@H](NC(=O)[C@@H]1CCC(N)=N1)C(=O)O	1	1	C9H15N3O4	0.0	CHEBI_199925
C[C@@H](O)[C@H](NC(=O)[C@@H]1CCCN1)C(=O)N1CCC[C@@H]1C(=O)O	1	1	C14H23N3O5	0.0	CHEBI_162685
C[C@@H](O)[C@H](NC(=O)[C@@H]1CCCN1)C(=O)N[C@@H](CCCCN)C(=O)O	1	1	C15H28N4O5	0.0	CHEBI_162679
C[C@@H](O)[C@H]1OC(O)[C@@H](O)[C@H]1O	1	1	C6H12O5	0.0	CHEBI_76039
C[C@@H](O)[C@H]1O[C@@H](O)[C@@H](O)[C@@H]1O	1	1	C6H12O5	0.0	CHEBI_152895
C[C@@H](O)[C@H]1O[C@@H](O)[C@@H](O)[C@H]1O	1	1	C6H12O5	0.0	CHEBI_76038
C[C@@H](O)[C@H]1O[C@@H](O)[C@H](O)[C@H]1O	1	1	C6H12O5	0.0	CHEBI_155508
C[C@@H](O)[C@H]1O[C@H](O)[C@@H](O)[C@H]1O	1	1	C6H12O5	0.0	CHEBI_75862
C[C@@H](O)c1ccc([C@@H]2CCC(=O)O2)o1	1	1	C10H12O4	0.0	CHEBI_205007
C[C@@H](O[C@@H]([C@H](O)[C@H](O)COP(=O)(O)O)[C@@H](N)C=O)C(=O)O	1	1	C9H18NO10P	0.0	CHEBI_200538
C[C@@H](Oc1ccc(Oc2cnc3cc(Cl)ccc3n2)cc1)C(=O)O	1	1	C17H13ClN2O4	0.0	CHEBI_137507
C[C@@H](Oc1ccc(Oc2nc3ccc(Cl)cc3o2)cc1)C(=O)N(C)c1ccccc1F	1	1	C23H18ClFN2O4	0.0	CHEBI_145480
C[C@@H]([C@H]1CC[C@@]2(O)C3=CC(=O)[C@@H]4C[C@@H](O)CC[C@]4(C)[C@H]3CC[C@]12C)[C@@H](CCC(C)(C)O)OP(=O)(O)O	1	1	C27H45O8P	0.0	CHEBI_19567
C[C@@H]([C@H]1CC[C@@]2(O)C3=CC(=O)[C@@H]4C[C@@H](O)CC[C@]4(C)[C@H]3CC[C@]12C)[C@@H](CCC(C)(C)O)OP(=O)([O-])[O-]	1	1	C27H43O8P-2	-2.0	CHEBI_147386
C[C@@H]1C(=O)O[C@@H]2C3=C([C@H]4C(=O)[C@]3(C)[C@@H]3[C@H](O)C5=C([C@H]6OC(=O)[C@@H](C)[C@@H]6CC[C@]5(C)O)[C@@]43C)[C@@](C)(O)CC[C@@H]12	1	1	C30H38O8	0.0	CHEBI_183600
C[C@@H]1C(=O)O[C@H]2C(O)C34[C@@H]5OC(=O)[C@]3(OC3OC(=O)C(O)C34[C@H](C(C)(C)C)[C@H]5O)[C@@]12O	1	1	C20H24O11	0.0	CHEBI_182407
C[C@@H]1C(=O)O[C@H]2[C@H](O)C34[C@@H]5OC(=O)[C@]3(O[C@@H]3OC(=O)[C@H](O)C34[C@H](C(C)(C)C)[C@H]5O)[C@@]12O	1	1	C20H24O11	0.0	CHEBI_5357
C[C@@H]1C/C=C/CC/C=C/C(=O)Cc2cc(O)cc(O)c2C(=O)O1	1	1	C18H20O5	0.0	CHEBI_221006
C[C@@H]1CCC(=O)[C@H]2CC(=O)[C@@H]3[C@@H]([C@]3(C)CO)[C@@]12C	1	1	C15H22O3	0.0	CHEBI_206452
C[C@@H]1CCCC(=O)CCCc2cc(O)cc(O)c2C(=O)O1	1	1	C16H20O5	0.0	CHEBI_212328
C[C@@H]1CCCC2(CCC[C@H](C)O2)O1	1	1	C11H20O2	0.0	CHEBI_196470
C[C@@H]1CCCCCCCCCCCCC(=O)C1	1	1	C16H30O	0.0	CHEBI_167860
C[C@@H]1CCCCO[C@@H](CN(C)C(=O)Nc2ccc(F)cc2)[C@@H](C)CN([C@@H](C)CO)C(=O)c2cc(N(C)C)ccc2O1	1	1	C31H45FN4O5	0.0	CHEBI_117878
C[C@@H]1CCCCO[C@@H](CN(C)C(=O)Nc2ccc(F)cc2)[C@@H](C)CN([C@H](C)CO)C(=O)c2cc(N(C)C)ccc2O1	1	1	C31H45FN4O5	0.0	CHEBI_117689
C[C@@H]1CCCCO[C@@H](CN(C)C(=O)Nc2ccc(F)cc2)[C@H](C)CN([C@@H](C)CO)C(=O)c2cc(N(C)C)ccc2O1	1	1	C31H45FN4O5	0.0	CHEBI_111013
C[C@@H]1CCCCO[C@@H](CN(C)C(=O)Nc2ccc(F)cc2)[C@H](C)CN([C@H](C)CO)C(=O)c2cc(N(C)C)ccc2O1	1	1	C31H45FN4O5	0.0	CHEBI_104778
C[C@@H]1CCCCO[C@@H](CN(C)Cc2ccc(Cl)c(Cl)c2)[C@H](C)CN([C@@H](C)CO)C(=O)c2cc(NC(=O)Nc3ccc4c(c3)OCO4)ccc2O1	1	1	C37H46Cl2N4O7	0.0	CHEBI_129861
C[C@@H]1CCCCO[C@@H](CN(C)Cc2ccc(Cl)c(Cl)c2)[C@H](C)CN([C@H](C)CO)C(=O)c2cc(NC(=O)Nc3ccc4c(c3)OCO4)ccc2O1	1	1	C37H46Cl2N4O7	0.0	CHEBI_126749
C[C@@H]1CCCCO[C@@H](CN(C)S(=O)(=O)c2cccs2)[C@@H](C)CN([C@@H](C)CO)C(=O)c2cc(N(C)C)ccc2O1	1	1	C28H43N3O6S2	0.0	CHEBI_104867
C[C@@H]1CCCCO[C@@H](CN(C)S(=O)(=O)c2cccs2)[C@@H](C)CN([C@H](C)CO)C(=O)c2cc(N(C)C)ccc2O1	1	1	C28H43N3O6S2	0.0	CHEBI_106732
C[C@@H]1CCCCO[C@@H](CN(C)S(=O)(=O)c2cccs2)[C@H](C)CN([C@@H](C)CO)C(=O)c2cc(N(C)C)ccc2O1	1	1	C28H43N3O6S2	0.0	CHEBI_104603
C[C@@H]1CCCCO[C@@H](CN(C)S(=O)(=O)c2cccs2)[C@H](C)CN([C@H](C)CO)C(=O)c2cc(N(C)C)ccc2O1	1	1	C28H43N3O6S2	0.0	CHEBI_111021
C[C@@H]1CCCCO[C@H](CN(C)C(=O)Nc2ccc(F)cc2)[C@@H](C)CN([C@@H](C)CO)C(=O)c2cc(N(C)C)ccc2O1	1	1	C31H45FN4O5	0.0	CHEBI_111118
C[C@@H]1CCCCO[C@H](CN(C)C(=O)Nc2ccc(F)cc2)[C@@H](C)CN([C@H](C)CO)C(=O)c2cc(N(C)C)ccc2O1	1	1	C31H45FN4O5	0.0	CHEBI_97525
C[C@@H]1CCCCO[C@H](CN(C)C(=O)Nc2ccc(F)cc2)[C@H](C)CN([C@@H](C)CO)C(=O)c2cc(N(C)C)ccc2O1	1	1	C31H45FN4O5	0.0	CHEBI_123681
C[C@@H]1CCCCO[C@H](CN(C)C(=O)Nc2ccc(F)cc2)[C@H](C)CN([C@H](C)CO)C(=O)c2cc(N(C)C)ccc2O1	1	1	C31H45FN4O5	0.0	CHEBI_104824
C[C@@H]1CCCCO[C@H](CN(C)C(=O)c2ccccc2)[C@@H](C)CN([C@@H](C)CO)C(=O)c2cc(NC(=O)Nc3ccc(C(F)(F)F)cc3)ccc2O1	1	1	C37H45F3N4O6	0.0	CHEBI_129712
C[C@@H]1CCCCO[C@H](CN(C)Cc2ccc(Cl)c(Cl)c2)[C@@H](C)CN([C@H](C)CO)C(=O)c2cc(NC(=O)Nc3ccc4c(c3)OCO4)ccc2O1	1	1	C37H46Cl2N4O7	0.0	CHEBI_130906
C[C@@H]1CCCCO[C@H](CN(C)S(=O)(=O)c2cccs2)[C@@H](C)CN([C@@H](C)CO)C(=O)c2cc(N(C)C)ccc2O1	1	1	C28H43N3O6S2	0.0	CHEBI_107018
C[C@@H]1CCCCO[C@H](CN(C)S(=O)(=O)c2cccs2)[C@@H](C)CN([C@H](C)CO)C(=O)c2cc(N(C)C)ccc2O1	1	1	C28H43N3O6S2	0.0	CHEBI_123695
C[C@@H]1CCCCO[C@H](CN(C)S(=O)(=O)c2cccs2)[C@H](C)CN([C@@H](C)CO)C(=O)c2cc(N(C)C)ccc2O1	1	1	C28H43N3O6S2	0.0	CHEBI_123703
C[C@@H]1CCCCO[C@H](CN(C)S(=O)(=O)c2cccs2)[C@H](C)CN([C@H](C)CO)C(=O)c2cc(N(C)C)ccc2O1	1	1	C28H43N3O6S2	0.0	CHEBI_106812
C[C@@H]1CCC[C@H](C)N1CCCC(O)(c1ccccc1)c1ccccn1	1	1	C22H30N2O	0.0	CHEBI_135436
C[C@@H]1CC[C@@H]2[C@@H](CC[C@@H]3C[C@@H](O)CC(=O)O3)[C@@H](C)C=C[C@H]2C1	1	1	C19H30O3	0.0	CHEBI_14158
C[C@@H]1CC[C@@]2(C)[C@@H]3CC[C@H](O)[C@H](C)[C@@]3(C)CC[C@@H]2[C@@]1(C)Cc1c[nH]c2ccccc12	1	1	C28H41NO	0.0	CHEBI_197791
C[C@@H]1CC[C@@]2(OC1)O[C@H]1C[C@H]3[C@@H]4C[C@@H](O)[C@H]5C[C@@H](O)CC[C@]5(C)[C@H]4CC(=O)[C@]3(C)[C@H]1[C@@H]2C	1	1	C27H42O5	0.0	CHEBI_175573
C[C@@H]1CC[C@H]2[C@@](C)(CO)C[C@]3(C)[C@@H](O)C=C[C@]123	1	1	C15H24O2	0.0	CHEBI_205825
C[C@@H]1CC[C@H]2[C@](C)(CO)C[C@]3(C)[C@@H](O)C=C[C@]123	1	1	C15H24O2	0.0	CHEBI_200773
C[C@@H]1CN([C@@H](C)CO)C(=O)CCCn2cc(nn2)CO[C@@H]1CN(C)C(=O)C1CCCCC1	1	1	C23H39N5O4	0.0	CHEBI_96655
C[C@@H]1CN([C@@H](C)CO)C(=O)CCCn2cc(nn2)CO[C@@H]1CN(C)C(=O)NC1CCCCC1	1	1	C23H40N6O4	0.0	CHEBI_96807
C[C@@H]1CN([C@@H](C)CO)C(=O)CCCn2cc(nn2)CO[C@@H]1CN(C)C(=O)Nc1ccc(C(C)(C)C)cc1	1	1	C27H42N6O4	0.0	CHEBI_95583
C[C@@H]1CN([C@@H](C)CO)C(=O)CCCn2cc(nn2)CO[C@@H]1CN(C)Cc1ccccc1	1	1	C23H35N5O3	0.0	CHEBI_96855
C[C@@H]1CN([C@@H](C)CO)C(=O)CCCn2cc(nn2)CO[C@H]1CN(C)C(=O)NC1CCCCC1	1	1	C23H40N6O4	0.0	CHEBI_96849
C[C@@H]1CN([C@@H](C)CO)C(=O)CCCn2cc(nn2)CO[C@H]1CN(C)C(=O)Nc1ccc(C(C)(C)C)cc1	1	1	C27H42N6O4	0.0	CHEBI_96700
C[C@@H]1CN([C@@H](C)CO)C(=O)CCCn2cc(nn2)CO[C@H]1CN(C)C(=O)Nc1ccc(N2CCN(C)CC2)cc1	1	1	C28H44N8O4	0.0	CHEBI_95685
C[C@@H]1CN([C@@H](C)CO)C(=O)CCCn2cc(nn2)CO[C@H]1CN(C)Cc1ccccc1	1	1	C23H35N5O3	0.0	CHEBI_96090
C[C@@H]1CN([C@@H](C)CO)C(=O)Cc2cc(NC(=O)Nc3ccccc3)ccc2O[C@@H]1CN(C)Cc1ccc(C(=O)Nc2ccccc2N)cc1	1	1	C38H44N6O5	0.0	CHEBI_130886
C[C@@H]1CN([C@@H](C)CO)C(=O)Cc2cc(NS(=O)(=O)c3ccc(Cl)cc3)ccc2O[C@H]1CN(C)C(=O)Nc1ccc(C(F)(F)F)cc1	1	1	C31H34ClF3N4O6S	0.0	CHEBI_128735
C[C@@H]1CN([C@@H](C)CO)C(=O)Cc2cc(NS(=O)(=O)c3cn(C)cn3)ccc2O[C@H]1CN(C)CC1CCCCC1	1	1	C28H43N5O5S	0.0	CHEBI_123867
C[C@@H]1CN([C@@H](C)CO)C(=O)c2cc(-c3cncnc3)cnc2O[C@@H]1CN(C)Cc1ccc(Oc2ccccc2)cc1	1	1	C32H35N5O4	0.0	CHEBI_96398
C[C@@H]1CN([C@@H](C)CO)C(=O)c2cc(-c3cncnc3)cnc2O[C@H]1CN(C)Cc1ccc(Oc2ccccc2)cc1	1	1	C32H35N5O4	0.0	CHEBI_96093
C[C@@H]1CN([C@@H](C)CO)C(=O)c2cc(C#C[C@@H](C)O)cnc2O[C@@H]1CN(C)CC1CCOCC1	1	1	C25H37N3O5	0.0	CHEBI_95869
C[C@@H]1CN([C@@H](C)CO)C(=O)c2cc(C#C[C@@H](C)O)cnc2O[C@H]1CN(C)CC1CCOCC1	1	1	C25H37N3O5	0.0	CHEBI_96118
C[C@@H]1CN([C@@H](C)CO)C(=O)c2cc(N(C)C)ccc2O[C@@H](C)CCCCO[C@@H]1CN(C)C(=O)Nc1ccc(F)cc1	1	1	C31H45FN4O5	0.0	CHEBI_123838
C[C@@H]1CN([C@@H](C)CO)C(=O)c2cc(N(C)C)ccc2O[C@@H](C)CCCCO[C@@H]1CN(C)S(=O)(=O)c1cccs1	1	1	C28H43N3O6S2	0.0	CHEBI_99998
C[C@@H]1CN([C@@H](C)CO)C(=O)c2cc(N(C)C)ccc2O[C@@H](C)CCCCO[C@H]1CN(C)S(=O)(=O)c1cccs1	1	1	C28H43N3O6S2	0.0	CHEBI_111098
C[C@@H]1CN([C@@H](C)CO)C(=O)c2cc(N(C)C)ccc2O[C@@H]1CN(C)C(=O)NC1CCCCC1	1	1	C25H40N4O4	0.0	CHEBI_126515
C[C@@H]1CN([C@@H](C)CO)C(=O)c2cc(N(C)C)ccc2O[C@H]1CN(C)C(=O)NC1CCCCC1	1	1	C25H40N4O4	0.0	CHEBI_128279
C[C@@H]1CN([C@@H](C)CO)C(=O)c2cc(NC(=O)Nc3ccc4c(c3)OCO4)ccc2O[C@@H](C)CCCCO[C@H]1CN(C)Cc1ccc(Cl)c(Cl)c1	1	1	C37H46Cl2N4O7	0.0	CHEBI_127677
C[C@@H]1CN([C@@H](C)CO)C(=O)c2cc(NS(=O)(=O)c3cccs3)ccc2O[C@@H]1CN(C)Cc1ccc(Cl)c(Cl)c1	1	1	C27H31Cl2N3O5S2	0.0	CHEBI_124141
C[C@@H]1CN([C@@H](C)CO)C(=O)c2cc(NS(=O)(=O)c3cccs3)ccc2O[C@H]1CN(C)Cc1ccc(Cl)c(Cl)c1	1	1	C27H31Cl2N3O5S2	0.0	CHEBI_123916
C[C@@H]1CN([C@@H](C)CO)C(=O)c2cccc(NC(=O)C3CC3)c2O[C@@H]1CN(C)C(=O)Nc1ccc(F)cc1	1	1	C27H33FN4O5	0.0	CHEBI_124608
C[C@@H]1CN([C@@H](C)CO)C(=O)c2cccc(NC(=O)NC3CCCCC3)c2O[C@@H]1CN(C)Cc1ccc(Oc2ccccc2)cc1	1	1	C36H46N4O5	0.0	CHEBI_129481
C[C@@H]1CN([C@@H](C)CO)C(=O)c2cccc(NC(=O)c3ccncc3)c2O[C@@H]1CN(C)Cc1ccc(Oc2ccccc2)cc1	1	1	C35H38N4O5	0.0	CHEBI_94903
C[C@@H]1CN([C@@H](C)CO)C(=O)c2cccc(NC(=O)c3ccncc3)c2O[C@H]1CN(C)Cc1ccc(Oc2ccccc2)cc1	1	1	C35H38N4O5	0.0	CHEBI_94919
C[C@@H]1CN([C@@H](C)CO)C(=O)c2cccc(NC(=O)c3cnccn3)c2O[C@@H]1CN(C)C(=O)Nc1cccc2ccccc12	1	1	C32H34N6O5	0.0	CHEBI_124522
C[C@@H]1CN([C@@H](C)CO)C(=O)c2ccccc2-c2ccccc2CO[C@@H]1CN(C)C(=O)Nc1ccc2c(c1)OCO2	1	1	C31H35N3O6	0.0	CHEBI_100481
C[C@@H]1CN([C@@H](C)CO)C(=O)c2ccccc2-c2ccccc2CO[C@@H]1CN(C)C(=O)Nc1ccccc1C(F)(F)F	1	1	C31H34F3N3O4	0.0	CHEBI_100737
C[C@@H]1CN([C@@H](C)CO)C(=O)c2ccccc2-c2ccccc2CO[C@@H]1CN(C)S(=O)(=O)c1cccc(F)c1	1	1	C29H33FN2O5S	0.0	CHEBI_102280
C[C@@H]1CN([C@@H](C)CO)C(=O)c2ccccc2-c2ccccc2CO[C@H]1CN(C)C(=O)Nc1ccc2c(c1)OCO2	1	1	C31H35N3O6	0.0	CHEBI_99729
C[C@@H]1CN([C@@H](C)CO)C(=O)c2ccccc2-c2ccccc2CO[C@H]1CN(C)S(=O)(=O)c1cccc(F)c1	1	1	C29H33FN2O5S	0.0	CHEBI_100769
C[C@@H]1CN([C@@H](C)CO)S(=O)(=O)c2ccc(-c3cccnc3)cc2O[C@@H]1CN(C)C(=O)NC1CCCC1	1	1	C26H36N4O5S	0.0	CHEBI_119731
C[C@@H]1CN([C@@H](C)CO)S(=O)(=O)c2ccc(-c3cccnc3)cc2O[C@H]1CN(C)C(=O)NC1CCCC1	1	1	C26H36N4O5S	0.0	CHEBI_119623
C[C@@H]1CN([C@@H](C)CO)S(=O)(=O)c2ccc(C3=CCCCC3)cc2O[C@@H]1CN(C)Cc1ccccc1	1	1	C28H38N2O4S	0.0	CHEBI_127936
C[C@@H]1CN([C@@H](C)CO)S(=O)(=O)c2ccc(C3=CCCCC3)cc2O[C@H]1CN(C)Cc1ccccc1	1	1	C28H38N2O4S	0.0	CHEBI_129646
C[C@@H]1CN([C@H](C)CO)C(=O)CCCn2cc(nn2)CO[C@@H]1CN(C)C(=O)C1CCCCC1	1	1	C23H39N5O4	0.0	CHEBI_96567
C[C@@H]1CN([C@H](C)CO)C(=O)CCCn2cc(nn2)CO[C@@H]1CN(C)C(=O)NC1CCCCC1	1	1	C23H40N6O4	0.0	CHEBI_96079
C[C@@H]1CN([C@H](C)CO)C(=O)CCCn2cc(nn2)CO[C@@H]1CN(C)C(=O)Nc1ccc(C(C)(C)C)cc1	1	1	C27H42N6O4	0.0	CHEBI_95611
C[C@@H]1CN([C@H](C)CO)C(=O)CCCn2cc(nn2)CO[C@@H]1CN(C)Cc1ccccc1	1	1	C23H35N5O3	0.0	CHEBI_96441
C[C@@H]1CN([C@H](C)CO)C(=O)CCCn2cc(nn2)CO[C@H]1CN(C)C(=O)C1CCCCC1	1	1	C23H39N5O4	0.0	CHEBI_96843
C[C@@H]1CN([C@H](C)CO)C(=O)CCCn2cc(nn2)CO[C@H]1CN(C)C(=O)NC1CCCCC1	1	1	C23H40N6O4	0.0	CHEBI_96460
C[C@@H]1CN([C@H](C)CO)C(=O)CCCn2cc(nn2)CO[C@H]1CN(C)C(=O)Nc1ccc(N2CCN(C)CC2)cc1	1	1	C28H44N8O4	0.0	CHEBI_95747
C[C@@H]1CN([C@H](C)CO)C(=O)CCCn2cc(nn2)CO[C@H]1CN(C)Cc1ccccc1	1	1	C23H35N5O3	0.0	CHEBI_113518
C[C@@H]1CN([C@H](C)CO)C(=O)Cc2cc(NC(=O)Nc3ccc(F)cc3)ccc2O[C@@H]1CN(C)CC1CC1	1	1	C28H37FN4O4	0.0	CHEBI_124505
C[C@@H]1CN([C@H](C)CO)C(=O)Cc2cc(NS(=O)(=O)c3cn(C)cn3)ccc2O[C@@H]1CN(C)CC1CCCCC1	1	1	C28H43N5O5S	0.0	CHEBI_124417
C[C@@H]1CN([C@H](C)CO)C(=O)Cc2cc(NS(=O)(=O)c3cn(C)cn3)ccc2O[C@H]1CN(C)CC1CCCCC1	1	1	C28H43N5O5S	0.0	CHEBI_124565
C[C@@H]1CN([C@H](C)CO)C(=O)c2cc(-c3cncnc3)cnc2O[C@@H]1CN(C)Cc1ccc(Oc2ccccc2)cc1	1	1	C32H35N5O4	0.0	CHEBI_96690
C[C@@H]1CN([C@H](C)CO)C(=O)c2cc(-c3cncnc3)cnc2O[C@H]1CN(C)Cc1ccc(Oc2ccccc2)cc1	1	1	C32H35N5O4	0.0	CHEBI_95846
C[C@@H]1CN([C@H](C)CO)C(=O)c2cc(C#C[C@@H](C)O)cnc2O[C@@H]1CN(C)CC1CCOCC1	1	1	C25H37N3O5	0.0	CHEBI_95604
C[C@@H]1CN([C@H](C)CO)C(=O)c2cc(C#C[C@@H](C)O)cnc2O[C@H]1CN(C)CC1CCOCC1	1	1	C25H37N3O5	0.0	CHEBI_105183
C[C@@H]1CN([C@H](C)CO)C(=O)c2cc(N(C)C)ccc2O[C@@H](C)CCCCO[C@@H]1CN(C)C(=O)Nc1ccc(F)cc1	1	1	C31H45FN4O5	0.0	CHEBI_123659
C[C@@H]1CN([C@H](C)CO)C(=O)c2cc(N(C)C)ccc2O[C@@H](C)CCCCO[C@@H]1CN(C)S(=O)(=O)c1cccs1	1	1	C28H43N3O6S2	0.0	CHEBI_117826
C[C@@H]1CN([C@H](C)CO)C(=O)c2cc(N(C)C)ccc2O[C@@H](C)CCCCO[C@H]1CN(C)C(=O)Nc1ccc(F)cc1	1	1	C31H45FN4O5	0.0	CHEBI_117720
C[C@@H]1CN([C@H](C)CO)C(=O)c2cc(N(C)C)ccc2O[C@@H](C)CCCCO[C@H]1CN(C)S(=O)(=O)c1cccs1	1	1	C28H43N3O6S2	0.0	CHEBI_131237
C[C@@H]1CN([C@H](C)CO)C(=O)c2cc(N(C)C)ccc2O[C@@H]1CN(C)C(=O)NC1CCCCC1	1	1	C25H40N4O4	0.0	CHEBI_128261
C[C@@H]1CN([C@H](C)CO)C(=O)c2cc(N(C)C)ccc2O[C@H]1CN(C)C(=O)NC1CCCCC1	1	1	C25H40N4O4	0.0	CHEBI_130992
C[C@@H]1CN([C@H](C)CO)C(=O)c2cc(NC(=O)Nc3ccc4c(c3)OCO4)ccc2O[C@@H](C)CCCCO[C@@H]1CN(C)Cc1ccc(Cl)c(Cl)c1	1	1	C37H46Cl2N4O7	0.0	CHEBI_129546
C[C@@H]1CN([C@H](C)CO)C(=O)c2cc(NC(=O)Nc3ccc4c(c3)OCO4)ccc2O[C@@H](C)CCCCO[C@H]1CN(C)Cc1ccc(Cl)c(Cl)c1	1	1	C37H46Cl2N4O7	0.0	CHEBI_127845
C[C@@H]1CN([C@H](C)CO)C(=O)c2cc(NS(=O)(=O)c3cccs3)ccc2O[C@@H]1CN(C)Cc1ccc(Cl)c(Cl)c1	1	1	C27H31Cl2N3O5S2	0.0	CHEBI_124295
C[C@@H]1CN([C@H](C)CO)C(=O)c2cc(NS(=O)(=O)c3cccs3)ccc2O[C@H]1CN(C)Cc1ccc(Cl)c(Cl)c1	1	1	C27H31Cl2N3O5S2	0.0	CHEBI_113807
C[C@@H]1CN([C@H](C)CO)C(=O)c2cccc(NC(=O)C3CC3)c2O[C@H]1CN(C)C(=O)Nc1ccc(F)cc1	1	1	C27H33FN4O5	0.0	CHEBI_124583
C[C@@H]1CN([C@H](C)CO)C(=O)c2cccc(NC(=O)NC3CCCCC3)c2O[C@@H]1CN(C)Cc1ccc(Oc2ccccc2)cc1	1	1	C36H46N4O5	0.0	CHEBI_127555
C[C@@H]1CN([C@H](C)CO)C(=O)c2cccc(NC(=O)NC3CCCCC3)c2O[C@H]1CN(C)Cc1ccc(Oc2ccccc2)cc1	1	1	C36H46N4O5	0.0	CHEBI_127883
C[C@@H]1CN([C@H](C)CO)C(=O)c2cccc(NC(=O)c3ccncc3)c2O[C@@H]1CN(C)Cc1ccc(Oc2ccccc2)cc1	1	1	C35H38N4O5	0.0	CHEBI_94874
C[C@@H]1CN([C@H](C)CO)C(=O)c2cccc(NC(=O)c3ccncc3)c2O[C@H]1CN(C)Cc1ccc(Oc2ccccc2)cc1	1	1	C35H38N4O5	0.0	CHEBI_94942
C[C@@H]1CN([C@H](C)CO)C(=O)c2cccc(NC(=O)c3cnccn3)c2O[C@@H]1CN(C)C(=O)Nc1cccc2ccccc12	1	1	C32H34N6O5	0.0	CHEBI_124206
C[C@@H]1CN([C@H](C)CO)C(=O)c2cccc(NC(=O)c3cnccn3)c2O[C@H]1CN(C)C(=O)Nc1cccc2ccccc12	1	1	C32H34N6O5	0.0	CHEBI_124545
C[C@@H]1CN([C@H](C)CO)C(=O)c2ccccc2-c2ccccc2CO[C@@H]1CN(C)C(=O)Nc1ccc2c(c1)OCO2	1	1	C31H35N3O6	0.0	CHEBI_97831
C[C@@H]1CN([C@H](C)CO)C(=O)c2ccccc2-c2ccccc2CO[C@@H]1CN(C)C(=O)Nc1ccccc1C(F)(F)F	1	1	C31H34F3N3O4	0.0	CHEBI_98649
C[C@@H]1CN([C@H](C)CO)C(=O)c2ccccc2-c2ccccc2CO[C@@H]1CN(C)S(=O)(=O)c1cccc(F)c1	1	1	C29H33FN2O5S	0.0	CHEBI_99418
C[C@@H]1CN([C@H](C)CO)C(=O)c2ccccc2-c2ccccc2CO[C@H]1CN(C)C(=O)Nc1ccc2c(c1)OCO2	1	1	C31H35N3O6	0.0	CHEBI_99602
C[C@@H]1CN([C@H](C)CO)C(=O)c2ccccc2-c2ccccc2CO[C@H]1CN(C)C(=O)Nc1ccccc1C(F)(F)F	1	1	C31H34F3N3O4	0.0	CHEBI_102358
C[C@@H]1CN([C@H](C)CO)C(=O)c2ccccc2-c2ccccc2CO[C@H]1CN(C)S(=O)(=O)c1cccc(F)c1	1	1	C29H33FN2O5S	0.0	CHEBI_97390
C[C@@H]1CN([C@H](C)CO)S(=O)(=O)c2ccc(-c3cccnc3)cc2O[C@@H]1CN(C)C(=O)NC1CCCC1	1	1	C26H36N4O5S	0.0	CHEBI_119625
C[C@@H]1CN([C@H](C)CO)S(=O)(=O)c2ccc(-c3cccnc3)cc2O[C@H]1CN(C)C(=O)NC1CCCC1	1	1	C26H36N4O5S	0.0	CHEBI_119719
C[C@@H]1CN([C@H](C)CO)S(=O)(=O)c2ccc(C3=CCCCC3)cc2O[C@H]1CN(C)Cc1ccccc1	1	1	C28H38N2O4S	0.0	CHEBI_129936
C[C@@H]1C[C@@H](O)/C=C/C=C\CC(=O)Cc2c(Cl)c(O)cc(O)c2C(=O)O1	1	1	C18H19ClO6	0.0	CHEBI_199986
C[C@@H]1C[C@@H]2C=C[C@@H]3COC(=O)[C@]3(C)[C@H]2C[C@@H]1O	1	1	C14H20O3	0.0	CHEBI_211559
C[C@@H]1C[C@@H]2C=C[C@@H]3COC(=O)[C@]3(C)[C@H]2C[C@H]1O	1	1	C14H20O3	0.0	CHEBI_200444
C[C@@H]1C[C@@H]2O[C@H]2[C@@H](O)CC=C[C@@H](O)CC(=O)O1	1	1	C12H18O5	0.0	CHEBI_208092
C[C@@H]1C[C@H](C)[C@@](O)(C[C@H]2O[C@@](O)(C[C@@H](O)[C@@H](C)C(=O)[C@](C)(O)[C@@H]3CC[C@@](C)([C@H]4CC[C@@](C)(O)[C@H](C)O4)O3)[C@H](C)C[C@@H]2C)O[C@H]1C[C@H]1CC[C@H](C)[C@@H]([C@@H](C)C(=O)O)O1	1	1	C44H76O13	0.0	CHEBI_208321
C[C@@H]1Cc2c3c(c(Cl)c(O)c2C(=O)O1)O[C@@]1(C)[C@@H](O)C[C@H]2C(C)(C)C(=O)[C@@H](Cl)C[C@]2(C)[C@@H]1C3	1	1	C25H30Cl2O6	0.0	CHEBI_207024
C[C@@H]1NC(=O)[C@@H]2[C@H](O)[C@H](O)C=NN2C(=O)COC(=O)[C@](C)(CO)NC(=O)[C@@H]2CCCNN2C(=O)[C@H]2C[C@H](Cl)CNN2C1=O	1	1	C24H35ClN8O10	0.0	CHEBI_218790
C[C@@H]1NC(=O)[C@H](C[C@@](C)(O)CNC(=S)Nc2ccc(-c3c4ccc(=[N+](C)C)cc-4oc4cc(N(C)C)ccc34)c(C(=O)[O-])c2)NC(=O)[C@@H]2Cc3c([nH]c4ccccc34)SC[C@H](NC(=O)[C@@H]([C@H](C)O)NC1=O)C(=O)N1C[C@@H](O)C[C@H]1C(=O)N[C@@H](C)C(=O)N2	1	1	C60H70N12O13S2	0.0	CHEBI_52313
C[C@@H]1N[C@@H]2CCCCCCCC(=O)O[C@H]3CC[C@@H](CCCCCCCC(=O)O[C@H]1CC2)N[C@H]3C	1	1	C28H50N2O4	0.0	CHEBI_3433
C[C@@H]1OC(=O)C23C4(CO4)[C@@]4(C)CC5(C6=CC(=O)OC(C)(C)[C@]67O[C@@H]7C[C@]25C)[C@@]2(C)OC13[C@@]4(O)O2	1	1	C25H28O9	0.0	CHEBI_204511
C[C@@H]1OC(=O)Cc2cc(O)cc(O)c21	1	1	C10H10O4	0.0	CHEBI_198127
C[C@@H]1OC(=O)c2cc(O)c(O)c(O)c21	1	1	C9H8O5	0.0	CHEBI_223568
C[C@@H]1OC(=O)c2cc(O)cc(O)c2[C@H]1O	1	1	C10H10O5	0.0	CHEBI_214579
C[C@@H]1OC(O)[C@@H](O[C@@H]2O[C@H](CO)[C@H](O)[C@H](O[C@H]3O[C@H](CO)[C@H](O)[C@H](O)[C@H]3O)[C@H]2O)[C@H](O)[C@@H]1O	1	1	C18H32O15	0.0	CHEBI_150510
C[C@@H]1O[C@@H](O)[C@@H](O[C@@H]2O[C@H](CO)[C@H](O)[C@H](O[C@H]3O[C@H](CO)[C@H](O)[C@H](O)[C@H]3O)[C@H]2O)[C@H](O)[C@@H]1O	1	1	C18H32O15	0.0	CHEBI_153661
C[C@@H]1O[C@@H](OCCCCCCCCC/C=C/C(=O)SCCNC(=O)CCNC(=O)[C@H](O)C(C)(C)COP(=O)(O)OP(=O)(O)OC[C@H]2O[C@@H](n3cnc4c(N)ncnc43)[C@H](O)[C@@H]2OP(=O)(O)O)[C@H](O)C[C@H]1O	1	1	C39H66N7O21P3S	0.0	CHEBI_139991
C[C@@H]1O[C@@H](OCCCCCCCCC/C=C/C(=O)SCCNC(=O)CCNC(=O)[C@H](O)C(C)(C)COP(=O)([O-])OP(=O)([O-])OC[C@H]2O[C@@H](n3cnc4c(N)ncnc43)[C@H](O)[C@@H]2OP(=O)([O-])[O-])[C@H](O)C[C@H]1O	1	1	C39H62N7O21P3S-4	-4.0	CHEBI_139992
C[C@@H]1O[C@@H](OCCCCCCCCCC(=O)CC(=O)SCCNC(=O)CCNC(=O)[C@H](O)C(C)(C)COP(=O)(O)OP(=O)(O)OC[C@H]2O[C@@H](n3cnc4c(N)ncnc43)[C@H](O)[C@@H]2OP(=O)(O)O)[C@H](O)C[C@H]1O	1	1	C39H66N7O22P3S	0.0	CHEBI_139922
C[C@@H]1O[C@@H](OCCCCCCCCCC(=O)CC(=O)SCCNC(=O)CCNC(=O)[C@H](O)C(C)(C)COP(=O)([O-])OP(=O)([O-])OC[C@H]2O[C@@H](n3cnc4c(N)ncnc43)[C@H](O)[C@@H]2OP(=O)([O-])[O-])[C@H](O)C[C@H]1O	1	1	C39H62N7O22P3S-4	-4.0	CHEBI_139923
C[C@@H]1O[C@@H](OCCCCCCCCCCCC(=O)CC(=O)O)[C@H](O)C[C@H]1O	1	1	C20H36O7	0.0	CHEBI_139928
C[C@@H]1O[C@@H](OCCCCCCCCCCCC(=O)CC(=O)[O-])[C@H](O)C[C@H]1O	1	1	C20H35O7-	-1.0	CHEBI_139929
C[C@@H]1O[C@@H](OCCCCCCCCCCCCCCCC(=O)CC(=O)SCCNC(=O)CCNC(=O)[C@H](O)C(C)(C)COP(=O)(O)OP(=O)(O)OC[C@H]2O[C@@H](n3cnc4c(N)ncnc43)[C@H](O)[C@@H]2OP(=O)(O)O)[C@H](O)C[C@H]1O	1	1	C45H78N7O22P3S	0.0	CHEBI_139946
C[C@@H]1O[C@@H](OCCCCCCCCCCCCCCCC(=O)CC(=O)SCCNC(=O)CCNC(=O)[C@H](O)C(C)(C)COP(=O)([O-])OP(=O)([O-])OC[C@H]2O[C@@H](n3cnc4c(N)ncnc43)[C@H](O)[C@@H]2OP(=O)([O-])[O-])[C@H](O)C[C@H]1O	1	1	C45H74N7O22P3S-4	-4.0	CHEBI_139947
C[C@@H]1O[C@@H](OCCCCCCCCCCCCCCCCC/C=C/C(=O)O)[C@H](O)C[C@H]1O	1	1	C26H48O6	0.0	CHEBI_79157
C[C@@H]1O[C@@H](OCCCCCCCCCCCCCCCCC/C=C/C(=O)[O-])[C@H](O)C[C@H]1O	1	1	C26H47O6-	-1.0	CHEBI_140041
C[C@@H]1O[C@@H](OC[C@H]2O[C@@H](Oc3cc4c(O)cc(O)cc4[o+]c3-c3ccc(O)c(O)c3)[C@H](O)[C@@H](O)[C@@H]2O)[C@H](O)[C@H](O)[C@H]1O.[Cl-]	1	1	C27H31ClO15	0.0	CHEBI_16726
C[C@@H]1O[C@@H](O[C@@H]2[C@@H](O)[C@H](O)O[C@H](CO)[C@H]2O)[C@H](O)[C@H](O[C@@H]2O[C@H](CO)[C@@H](O)[C@H](O[C@@H]3O[C@H](CO)[C@@H](O)[C@H](O[C@@H]4O[C@H](CO)[C@@H](O)[C@H](O)[C@H]4O)[C@@H]3O[C@H]3O[C@H](CO)[C@@H](O)[C@H](O)[C@@H]3O)[C@@H]2O)[C@H]1O	1	1	C36H62O30	0.0	CHEBI_76887
C[C@@H]1O[C@@H](O[C@@H]2[C@H](O[C@@H]3O[C@H](CO)[C@@H](O)[C@H](O)[C@H]3O)[C@@H](O)C(O)O[C@@H]2CO)[C@@H](O)[C@H](O)[C@@H]1O	1	1	C18H32O15	0.0	CHEBI_147486
C[C@@H]1O[C@@H](O[C@@H]2[C@H](O[C@@H]3O[C@H](CO)[C@@H](O)[C@H](O)[C@H]3O)[C@@H](O)[C@@H](O)O[C@@H]2CO)[C@@H](O)[C@H](O)[C@@H]1O	1	1	C18H32O15	0.0	CHEBI_152999
C[C@@H]1O[C@@H](O[C@@H]2[C@H](O[C@H]3O[C@H](CO)[C@@H](O)[C@H](O)[C@H]3O)[C@@H](O)C(O)O[C@@H]2CO)[C@@H](O)[C@H](O)[C@@H]1O	1	1	C18H32O15	0.0	CHEBI_146573
C[C@@H]1O[C@@H](O[C@@H]2[C@H](O[C@H]3O[C@H](CO)[C@@H](O)[C@H](O)[C@H]3O)[C@@H](O)[C@@H](O)O[C@@H]2CO)[C@@H](O)[C@H](O)[C@@H]1O	1	1	C18H32O15	0.0	CHEBI_147151
C[C@@H]1O[C@@H](O[C@@H]2[C@H](O[C@H]3O[C@H](CO)[C@H](O)[C@H](O)[C@H]3O)[C@@H](O)C(O)O[C@@H]2CO)[C@@H](O)[C@H](O)[C@@H]1O	1	1	C18H32O15	0.0	CHEBI_152444
C[C@@H]1O[C@@H](O[C@H]2[C@@H](O[C@H]3[C@@H](O)[C@@H](CO)O[C@@H](O[C@H]4[C@H](O)[C@@H](O)[C@H](O)O[C@@H]4CO)[C@@H]3O)O[C@H](CO)[C@H](O)[C@@H]2O)[C@@H](O)[C@H](O)[C@@H]1O	1	1	C24H42O20	0.0	CHEBI_148096
C[C@@H]1O[C@@H](O[C@H]2[C@H](O)[C@@H](CO)OC(O)[C@@H]2O[C@@H]2O[C@H](CO)[C@H](O)[C@H](O)[C@H]2O)[C@@H](O)[C@H](O)[C@@H]1O	1	1	C18H32O15	0.0	CHEBI_150976
C[C@@H]1O[C@@H](O[C@H]2[C@H](O)[C@@H](CO)O[C@@H](O)[C@@H]2O[C@@H]2O[C@H](CO)[C@H](O)[C@H](O)[C@H]2O)[C@@H](O)[C@H](O)[C@@H]1O	1	1	C18H32O15	0.0	CHEBI_151479
C[C@@H]1O[C@@H](O[C@H]2[C@H](OC(=O)[C@]34CCC(C)(C)C[C@H]3C3=CC[C@@H]5[C@@]6(C)C[C@@H]7OC(=O)[C@](CO)([C@@H]6CC[C@@]5(C)[C@]3(C)C[C@H]4O)[C@H]7O[C@@H]3O[C@H](CO[C@@H]4O[C@H](CO)[C@@H](O)[C@H](O)[C@H]4O)[C@@H](O)[C@H](O)[C@H]3O)OC[C@H](O)[C@@H]2O)[C@H](O)[C@H](O)[C@H]1O[C@@H]1OC[C@@H](O)[C@H](O)[C@H]1O	1	1	C58H90O29	0.0	CHEBI_70433
C[C@@H]1O[C@@H](O[C@H]2[C@H](O[C@H]3[C@H](O)[C@@H](O)C(O)O[C@@H]3COS(=O)(=O)O)O[C@H](CO)[C@H](O)[C@@H]2O)[C@@H](O)[C@H](O)[C@@H]1O	1	1	C18H32O18S	0.0	CHEBI_67161
C[C@@H]1O[C@@H](O[C@H]2[C@H](O[C@H]3[C@H](O)[C@@H](O)[C@H](O)O[C@@H]3COS(=O)(=O)O)O[C@H](CO)[C@H](O)[C@@H]2O)[C@@H](O)[C@H](O)[C@@H]1O	1	1	C18H32O18S	0.0	CHEBI_145834
C[C@@H]1O[C@@H](O[C@H]2[C@H](Oc3c4cc5cc3Oc3ccc(cc3Cl)[C@@H](O)[C@@H](N)C(=O)N[C@@H](CC(N)=O)C(=O)N[C@H]5C(=O)N[C@H]3C(=O)N[C@H](C(=O)N[C@H](C(=O)O)c5cc(O)cc(O)c5-c5cc3ccc5O)[C@H](O)c3ccc(c(Cl)c3)O4)O[C@H](CO)[C@@H](O)[C@@H]2O)C[C@](C)(NCc2ccc(-c3ccc(Cl)cc3)cc2)[C@@H]1O	1	1	C72H71Cl3N8O23	0.0	CHEBI_29554
C[C@@H]1O[C@@H](n2c3ccc(O)cc3c3c4c(c5c6ccccc6[nH]c5c32)CNC4=O)C[C@@H](N)[C@H]1O	1	1	C26H24N4O4	0.0	CHEBI_209160
C[C@@H]1O[C@H](O[C@@H]2[C@H](O[C@@H]3O[C@H](CO)[C@@H](O)[C@H](O)[C@H]3O)[C@@H](O)C(O)O[C@@H]2CO)[C@@H](O)[C@H](O)[C@@H]1O	1	1	C18H32O15	0.0	CHEBI_149106
C[C@@H]1O[C@H](O[C@@H]2[C@H](O[C@@H]3O[C@H](CO)[C@@H](O)[C@H](O)[C@H]3O)[C@@H](O)[C@@H](O)O[C@@H]2CO)[C@@H](O)[C@H](O)[C@@H]1O	1	1	C18H32O15	0.0	CHEBI_154886
C[C@@H]1O[C@H](O[C@@H]2[C@H](O[C@H]3O[C@H](CO)[C@@H](O)[C@H](O)[C@H]3O)[C@@H](O)C(O)O[C@@H]2CO)[C@@H](O)[C@H](O)[C@@H]1O	1	1	C18H32O15	0.0	CHEBI_148296
C[C@@H]1O[C@H](O[C@@H]2[C@H](O[C@H]3O[C@H](CO)[C@@H](O)[C@H](O)[C@H]3O)[C@@H](O)[C@@H](O)O[C@@H]2CO)[C@@H](O)[C@H](O)[C@@H]1O	1	1	C18H32O15	0.0	CHEBI_149145
C[C@@H]1O[C@H](O[C@H]2[C@H](O)[C@@H](CO)OC(O)[C@@H]2O[C@@H]2O[C@H](CO)[C@H](O)[C@H](O)[C@H]2O)[C@@H](O)[C@H](O)[C@@H]1O	1	1	C18H32O15	0.0	CHEBI_152942
C[C@@H]1O[C@H](O[C@H]2[C@H](O)[C@@H](CO)O[C@@H](O)[C@@H]2O[C@@H]2O[C@H](CO)[C@H](O)[C@H](O)[C@H]2O)[C@@H](O)[C@H](O)[C@@H]1O	1	1	C18H32O15	0.0	CHEBI_153691
C[C@@H]1[C@@H]([Si](C)(C)F)[C@H](CCO)O[C@@]12C(=O)N(Cc1ccc(N3CCCCC3=O)cc1)c1ccccc12	1	1	C28H35FN2O4Si	0.0	CHEBI_125191
C[C@@H]1[C@H](O)[C@@H](C)/C=C/C=C/C=C/C=C/C=C/C=C/C=C/[C@H](O[C@@H]2O[C@H](C)[C@@H](O)[C@H](N)[C@@H]2O)C[C@@H]2O[C@](O)(C[C@@H](O)C[C@@H](O)[C@H](O)CC[C@@H](O)C[C@@H](O)CC(=O)O[C@H]1C)C[C@H](O)[C@H]2C(=O)O	1	1	C47H73NO17	0.0	CHEBI_2682
C[C@@H]1[C@H](O)[C@@H](C)C=CC=CC=CC=CC=CC=CC=C[C@H](O[C@@H]2O[C@H](C)[C@@H](O)[C@H](N)[C@@H]2O)C[C@H]2O[C@](O)(C[C@@H](O)C[C@@H](O)[C@H](O)CC[C@@H](O)C[C@@H](O)CC(=O)O[C@H]1C)C[C@H](O)[C@H]2C(=O)O	1	1	C47H73NO17	0.0	CHEBI_94570
C[C@@H]1[C@H](O)[C@@H]2OC(=O)C3=C2[C@H](CCC3)[C@@]12C[C@@H](c1ccoc1)OC2=O	1	1	C19H20O6	0.0	CHEBI_231305
C[C@@H]1c2ccc(O)c(O)c2CCN1C	1	1	C11H15NO2	0.0	CHEBI_179254
C[C@@]1(C(=O)O)[C@@H](O)CC[C@]2(C)c3cc4c5ccccc5n(-c5c6c(cc7c5[nH]c5ccccc57)[C@@]5(C)CC[C@H](O)[C@@](C)(C(=O)O)[C@@H]5CC6)c4cc3CC[C@@H]12	1	1	C46H48N2O6	0.0	CHEBI_204021
C[C@@]1(CO)[C@H](O)CC[C@@]2(C)[C@H]1CC=C1C[C@@H]3C[C@@]12CC[C@]3(O)CO	1	1	C20H32O4	0.0	CHEBI_224913
C[C@@]1(O)C=CC2=CC(=O)OC[C@H]2[C@H]1O	1	1	C10H12O4	0.0	CHEBI_214325
C[C@@]1(O)CC[C@]2([C@]3(C(=O)O)CO3)CC(=O)O/N=C(/[C@H]3CO3)c3nc(co3)/C=C\C=C\C(=O)C[C@@H]1S2	1	1	C23H24N2O9S	0.0	CHEBI_216046
C[C@@]12CCC[C@]3(C)C4=CC(=O)OC[C@H]4[C@H](O)[C@@H](OC1=O)[C@@H]23	1	1	C16H20O5	0.0	CHEBI_214048
C[C@@]12CCC[C@]3(C)C4=CC(=O)OC[C@]45O[C@@H]5[C@@H](OC1=O)[C@@H]23	1	1	C16H18O5	0.0	CHEBI_220526
C[C@@]12C[C@@H](c3ccoc3)OC(=O)[C@@H]1CC[C@]1(C)[C@H]2[C@H]2C=C[C@]1(O)C(=O)O2	1	1	C20H22O6	0.0	CHEBI_3829
C[C@@]12O[C@H]3[C@@H](O[C@H](CO)[C@@H](O)[C@@H]3O)O[C@@]13C[C@H]1C(=O)C[C@@H](O2)[C@]13COC(=O)c1ccccc1	1	1	C23H26O10	0.0	CHEBI_132792
C[C@H](/C=C/[C@@H]1C[C@H]1C)[C@H]1CC[C@@H]2[C@]1(C)CC[C@H]1[C@]23C=C[C@]2(C[C@@H](O)CC[C@]12C)OO3	1	1	C27H40O3	0.0	CHEBI_187563
C[C@H](CC(=O)C[C@@H](C)[C@H]1CC(=O)[C@@]2(C)C3=C(C(=O)C(=O)[C@]12C)[C@@]1(C)CCC(=O)C(C)(C)C1CC3=O)C(=O)O	1	1	C30H38O8	0.0	CHEBI_168325
C[C@H](CC(=O)C[C@H](C)C(=O)O)[C@H]1C[C@@H](O)[C@@]2(C)C3=C(C(=O)C[C@]12C)[C@@]1(C)CCC(O)C(C)(C)[C@@H]1CC3=O	1	1	C30H44O7	0.0	CHEBI_225203
C[C@H](CC(=O)C[C@H](C)C(=O)O)[C@H]1C[C@@H](O)[C@@]2(C)C3=C(C(=O)C[C@]12C)[C@@]1(C)CC[C@H](O)C(C)(CO)[C@@H]1CC3=O	1	1	C30H44O8	0.0	CHEBI_225227
C[C@H](CCC(=O)NCC(=O)O)[C@H]1CC[C@H]2[C@@H]3[C@H](O)C[C@@H]4C[C@H](O[C@@H]5O[C@H](C(=O)O)[C@@H](O)[C@H](O)[C@H]5O)CC[C@]4(C)[C@H]3CC[C@]12C	1	1	C32H51NO11	0.0	CHEBI_166729
C[C@H](CCC(=O)NCC(=O)[O-])[C@H]1CC[C@H]2[C@@H]3[C@H](O)C[C@@H]4C[C@H](O)CC[C@]4(C)[C@H]3CC[C@]12C.[Na+]	1	1	C26H42NNaO5	0.0	CHEBI_87818
C[C@H](CCC(=O)NCCCC[C@H](OC(=O)CC[C@@H](C)[C@H]1CC[C@H]2[C@@H]3[C@@H](O)C[C@@H]4C[C@H](O)CC[C@]4(C)[C@H]3CC[C@]12C)C(=O)O)[C@H]1CC[C@H]2[C@@H]3[C@@H](O)C[C@@H]4C[C@H](O)CC[C@]4(C)[C@H]3CC[C@]12C	1	1	C54H89NO9	0.0	CHEBI_232287
C[C@H](CCC(=O)NCCCC[C@H](OC(=O)CC[C@@H](C)[C@H]1CC[C@H]2[C@@H]3[C@H](O)C[C@@H]4C[C@H](O)CC[C@]4(C)[C@H]3CC[C@]12C)C(=O)O)[C@H]1CC[C@H]2[C@@H]3[C@H](O)C[C@@H]4C[C@H](O)CC[C@]4(C)[C@H]3CC[C@]12C	1	1	C54H89NO9	0.0	CHEBI_232212
C[C@H](CCC(=O)N[C@@H](CC(N)=O)C(=O)O)[C@H]1CC[C@H]2[C@@H]3CC[C@@H]4C[C@H](O)CC[C@]4(C)[C@H]3CC[C@]12C	1	1	C28H46N2O5	0.0	CHEBI_232181
C[C@H](CCC(=O)O)[C@H]1CC[C@H]2[C@@H]3CC[C@@H]4CCCC[C@]4(C)[C@H]3C=C[C@]12C	1	1	C24H38O2	0.0	CHEBI_185626
C[C@H](CCC(=O)O)[C@H]1CC[C@H]2[C@@H]3C[C@@H](O)C4=C[C@@H](O)CC[C@]4(C)[C@H]3CC[C@]12C	1	1	C24H38O4	0.0	CHEBI_173169
C[C@H](CCC(=O)O)[C@H]1CC[C@H]2[C@@H]3[C@H](O)C[C@@H]4C=CCC[C@]4(C)[C@H]3C[C@H](O)[C@]12C	1	1	C24H38O4	0.0	CHEBI_193541
C[C@H](CCC(=O)O)[C@H]1CC[C@H]2[C@@H]3[C@H](O)C[C@@H]4[C@@H](O)[C@@H](O)CC[C@]4(C)[C@H]3CC[C@]12C	1	1	C24H40O5	0.0	CHEBI_188392
C[C@H](CCC(=O)O)[C@H]1CC[C@H]2[C@@H]3[C@H](O)C[C@@H]4[C@@H](O)[C@H](O)CC[C@]4(C)[C@H]3CC[C@]12C	1	1	C24H40O5	0.0	CHEBI_181581
C[C@H](CCC(=O)O[C@@H]1O[C@H](C(=O)O)[C@@H](O)[C@H](O)[C@H]1O)[C@H]1CC[C@H]2[C@@H]3[C@H](O)C[C@@H]4C[C@H](O)CC[C@]4(C)[C@H]3C[C@H](O)[C@]12C	1	1	C30H48O11	0.0	CHEBI_137791
C[C@H](CCCC(=O)O)O[C@@H]1O[C@@H](C)[C@H](OC(=O)c2c[nH]c3ccccc23)C[C@H]1O	1	1	C21H27NO7	0.0	CHEBI_79060
C[C@H](CCCC(=O)[O-])O[C@@H]1O[C@@H](C)[C@H](OC(=O)c2c[nH]c3ccccc23)C[C@H]1O	1	1	C21H26NO7-	-1.0	CHEBI_229462
C[C@H](CCCC(C)(C)O)[C@H]1CC[C@@]2(O)C3=CC(=O)[C@@H]4CC(=O)CC[C@]4(C)[C@H]3CC[C@]12C	1	1	C27H42O4	0.0	CHEBI_80533
C[C@H](CCCC(C)(C)O)[C@H]1CC[C@H]2[C@@H]3CCC4=CC(=O)CC[C@]4(C)[C@H]3CC[C@]12C	1	1	C27H44O2	0.0	CHEBI_155845
C[C@H](CCCC(C)(C)O)[C@H]1CC[C@H]2[C@@H]3CCC4CC(=O)CC[C@]4(C)[C@H]3CC[C@]12C	1	1	C27H46O2	0.0	CHEBI_167167
C[C@H](CCCCCCCCC(=O)O)O[C@@H]1O[C@@H](C)[C@H](O)C[C@H]1O	1	1	C17H32O6	0.0	CHEBI_78955
C[C@H](CCCCCCCCC(=O)[O-])O[C@@H]1O[C@@H](C)[C@H](O)C[C@H]1O	1	1	C17H31O6-	-1.0	CHEBI_139639
C[C@H](CCCCCCCCCC(=O)CC(=O)O)O[C@@H]1O[C@@H](C)[C@H](O)C[C@H]1O	1	1	C20H36O7	0.0	CHEBI_139860
C[C@H](CCCCCCCCCC(=O)CC(=O)[O-])O[C@@H]1O[C@@H](C)[C@H](O)C[C@H]1O	1	1	C20H35O7-	-1.0	CHEBI_139861
C[C@H](CCCCCCCCCC(=O)O)O[C@@H]1O[C@@H](C)[C@H](OC(=O)c2c[nH]c3ccccc23)C[C@H]1O	1	1	C27H39NO7	0.0	CHEBI_78745
C[C@H](CCCCCCCCCCCC/C=C/C(=O)SCCNC(=O)CCNC(=O)[C@H](O)C(C)(C)COP(=O)(O)OP(=O)(O)OC[C@H]1O[C@@H](n2cnc3c(N)ncnc32)[C@H](O)[C@@H]1OP(=O)(O)O)O[C@@H]1O[C@@H](C)[C@H](O)C[C@H]1O	1	1	C44H76N7O21P3S	0.0	CHEBI_139675
C[C@H](CCCCCCCCCCCC/C=C/C(=O)SCCNC(=O)CCNC(=O)[C@H](O)C(C)(C)COP(=O)([O-])OP(=O)([O-])OC[C@H]1O[C@@H](n2cnc3c(N)ncnc32)[C@H](O)[C@@H]1OP(=O)([O-])[O-])O[C@@H]1O[C@@H](C)[C@H](O)C[C@H]1O	1	1	C44H72N7O21P3S-4	-4.0	CHEBI_139676
C[C@H](CCCC[C@@H](O)CC(=O)SCCNC(=O)CCNC(=O)[C@H](O)C(C)(C)COP(=O)(O)OP(=O)(O)OC[C@H]1O[C@@H](n2cnc3c(N)ncnc32)[C@H](O)[C@@H]1OP(=O)(O)O)O[C@@H]1O[C@@H](C)[C@H](O)C[C@H]1O	1	1	C36H62N7O22P3S	0.0	CHEBI_139720
C[C@H](CCCC[C@@H](O)CC(=O)SCCNC(=O)CCNC(=O)[C@H](O)C(C)(C)COP(=O)([O-])OP(=O)([O-])OC[C@H]1O[C@@H](n2cnc3c(N)ncnc32)[C@H](O)[C@@H]1OP(=O)([O-])[O-])O[C@@H]1O[C@@H](C)[C@H](O)C[C@H]1O	1	1	C36H58N7O22P3S-4	-4.0	CHEBI_139721
C[C@H](CCCO)[C@H]1CC[C@H]2[C@@H]3CC[C@@H]4C[C@H](O)CC[C@]4(C)[C@H]3CC[C@]12C	1	1	C24H42O2	0.0	CHEBI_187107
C[C@H](CC[C@@H](C)[C@H]1CC[C@H]2[C@@H]3CC=C4C[C@@H](O)CC[C@]4(C)[C@H]3CC[C@]12C)[C@@H]1C[C@H]1C	1	1	C29H48O	0.0	CHEBI_173046
C[C@H](CC[C@@H](O)[C@@H](O)[C@@H](O)CO[C@H]1[C@H](N)[C@@H](O)[C@H](O)[C@]1(O)CO)[C@H]1CC[C@]2(C)[C@H]3CC[C@@H]4[C@@]5(C)CCCC(C)(C)[C@@H]5CC[C@@]4(C)[C@]3(C)CC[C@@H]12	1	1	C41H73NO8	0.0	CHEBI_132144
C[C@H](CC[C@H](N)C(=O)O)NC(=N)N	1	1	C7H16N4O2	0.0	CHEBI_52505
C[C@H](CC[C@H](O)C(C)(C)O)[C@H]1CC[C@@]2(C)C3=CC[C@H]4C(C)(C)C(=O)CC[C@]4(C)C3=CC[C@]12C	1	1	C30H48O3	0.0	CHEBI_190726
C[C@H](CO)CCC(=O)[C@@H](C)[C@H]1CC[C@H]2[C@@H]3CC=C4C[C@@H](O)CC[C@]4(C)[C@H]3CC[C@]12C	1	1	C27H44O3	0.0	CHEBI_187863
C[C@H](CO)N1C[C@H](C)[C@@H](CN(C)C(=O)NC2CCCC2)Oc2cc(-c3cccnc3)ccc2S1(=O)=O	1	1	C26H36N4O5S	0.0	CHEBI_119668
C[C@H](CO)N1C[C@H](C)[C@@H](CN(C)C(=O)NC2CCCCC2)OCc2cn(nn2)CCCC1=O	1	1	C23H40N6O4	0.0	CHEBI_112652
C[C@H](CO)N1C[C@H](C)[C@@H](CN(C)C(=O)NC2CCCCC2)Oc2ccc(N(C)C)cc2C1=O	1	1	C25H40N4O4	0.0	CHEBI_130556
C[C@H](CO)N1C[C@H](C)[C@@H](CN(C)C(=O)Nc2ccc(F)cc2)OCCCC[C@H](C)Oc2ccc(N(C)C)cc2C1=O	1	1	C31H45FN4O5	0.0	CHEBI_124023
C[C@H](CO)N1C[C@H](C)[C@@H](CN(C)C(=O)Nc2ccc3c(c2)OCO3)OCc2ccccc2-c2ccccc2C1=O	1	1	C31H35N3O6	0.0	CHEBI_100898
C[C@H](CO)N1C[C@H](C)[C@@H](CN(C)CC2CC2)OCCCC[C@H](C)Oc2ccc(NC(=O)CCCCCC(=O)Nc3ccccc3N)cc2C1=O	1	1	C39H59N5O6	0.0	CHEBI_128417
C[C@H](CO)N1C[C@H](C)[C@@H](CN(C)CC2CC2)Oc2ccc(NC(=O)Nc3ccc(F)cc3)cc2CC1=O	1	1	C28H37FN4O4	0.0	CHEBI_124342
C[C@H](CO)N1C[C@H](C)[C@@H](CN(C)CC2CCCCC2)Oc2ccc(NS(=O)(=O)c3cn(C)cn3)cc2CC1=O	1	1	C28H43N5O5S	0.0	CHEBI_124664
C[C@H](CO)N1C[C@H](C)[C@@H](CN(C)CC2CCOCC2)Oc2ncc(C#C[C@@H](C)O)cc2C1=O	1	1	C25H37N3O5	0.0	CHEBI_95768
C[C@H](CO)N1C[C@H](C)[C@@H](CN(C)Cc2ccc(Cl)c(Cl)c2)OCCCC[C@H](C)Oc2ccc(NC(=O)Nc3ccc4c(c3)OCO4)cc2C1=O	1	1	C37H46Cl2N4O7	0.0	CHEBI_128050
C[C@H](CO)N1C[C@H](C)[C@@H](CN(C)Cc2ccc(Cl)c(Cl)c2)Oc2ccc(NS(=O)(=O)c3cccs3)cc2C1=O	1	1	C27H31Cl2N3O5S2	0.0	CHEBI_113627
C[C@H](CO)N1C[C@H](C)[C@@H](CN(C)Cc2ccc(Oc3ccccc3)cc2)Oc2c(NC(=O)NC3CCCCC3)cccc2C1=O	1	1	C36H46N4O5	0.0	CHEBI_129553
C[C@H](CO)N1C[C@H](C)[C@@H](CN(C)Cc2ccc(Oc3ccccc3)cc2)Oc2c(NC(=O)c3ccncc3)cccc2C1=O	1	1	C35H38N4O5	0.0	CHEBI_94853
C[C@H](CO)N1C[C@H](C)[C@@H](CN(C)Cc2ccc(Oc3ccccc3)cc2)Oc2ncc(-c3cncnc3)cc2C1=O	1	1	C32H35N5O4	0.0	CHEBI_96576
C[C@H](CO)N1C[C@H](C)[C@@H](CN(C)Cc2ccccc2)OCc2cn(nn2)CCCC1=O	1	1	C23H35N5O3	0.0	CHEBI_96964
C[C@H](CO)N1C[C@H](C)[C@@H](CN(C)Cc2ccccc2)Oc2cc(C3=CCCCC3)ccc2S1(=O)=O	1	1	C28H38N2O4S	0.0	CHEBI_126374
C[C@H](CO)N1C[C@H](C)[C@@H](CN(C)S(=O)(=O)c2cccc(F)c2)OCc2ccccc2-c2ccccc2C1=O	1	1	C29H33FN2O5S	0.0	CHEBI_101427
C[C@H](CO)N1C[C@H](C)[C@@H](CN(C)S(=O)(=O)c2cccs2)OCCCC[C@H](C)Oc2ccc(N(C)C)cc2C1=O	1	1	C28H43N3O6S2	0.0	CHEBI_124026
C[C@H](CO)N1C[C@H](C)[C@H](CN(C)C(=O)C2CCCCC2)OCc2cn(nn2)CCCC1=O	1	1	C23H39N5O4	0.0	CHEBI_96808
C[C@H](CO)N1C[C@H](C)[C@H](CN(C)C(=O)CCCN(C)C)OCCCC[C@H](C)Oc2ccc(NC(=O)Nc3ccccc3)cc2C1=O	1	1	C35H53N5O6	0.0	CHEBI_130471
C[C@H](CO)N1C[C@H](C)[C@H](CN(C)C(=O)NC2CCCC2)Oc2cc(-c3cccnc3)ccc2S1(=O)=O	1	1	C26H36N4O5S	0.0	CHEBI_119737
C[C@H](CO)N1C[C@H](C)[C@H](CN(C)C(=O)NC2CCCCC2)OCc2cn(nn2)CCCC1=O	1	1	C23H40N6O4	0.0	CHEBI_96824
C[C@H](CO)N1C[C@H](C)[C@H](CN(C)C(=O)NC2CCCCC2)Oc2ccc(N(C)C)cc2C1=O	1	1	C25H40N4O4	0.0	CHEBI_127206
C[C@H](CO)N1C[C@H](C)[C@H](CN(C)C(=O)Nc2ccc(C(C)(C)C)cc2)OCc2cn(nn2)CCCC1=O	1	1	C27H42N6O4	0.0	CHEBI_113333
C[C@H](CO)N1C[C@H](C)[C@H](CN(C)C(=O)Nc2ccc(F)cc2)OCCCC[C@H](C)Oc2ccc(N(C)C)cc2C1=O	1	1	C31H45FN4O5	0.0	CHEBI_123728
C[C@H](CO)N1C[C@H](C)[C@H](CN(C)C(=O)Nc2ccc(F)cc2)Oc2c(NC(=O)C3CC3)cccc2C1=O	1	1	C27H33FN4O5	0.0	CHEBI_124427
C[C@H](CO)N1C[C@H](C)[C@H](CN(C)C(=O)Nc2ccc3c(c2)OCO3)OCc2ccccc2-c2ccccc2C1=O	1	1	C31H35N3O6	0.0	CHEBI_97280
C[C@H](CO)N1C[C@H](C)[C@H](CN(C)C(=O)Nc2ccccc2C(F)(F)F)OCc2ccccc2-c2ccccc2C1=O	1	1	C31H34F3N3O4	0.0	CHEBI_101809
C[C@H](CO)N1C[C@H](C)[C@H](CN(C)CC2CCCCC2)Oc2ccc(NS(=O)(=O)c3cn(C)cn3)cc2CC1=O	1	1	C28H43N5O5S	0.0	CHEBI_124211
C[C@H](CO)N1C[C@H](C)[C@H](CN(C)CC2CCOCC2)Oc2ncc(C#C[C@@H](C)O)cc2C1=O	1	1	C25H37N3O5	0.0	CHEBI_96234
C[C@H](CO)N1C[C@H](C)[C@H](CN(C)Cc2ccc(Cl)c(Cl)c2)Oc2ccc(NS(=O)(=O)c3cccs3)cc2C1=O	1	1	C27H31Cl2N3O5S2	0.0	CHEBI_124345
C[C@H](CO)N1C[C@H](C)[C@H](CN(C)Cc2ccc(Oc3ccccc3)cc2)Oc2c(NC(=O)NC3CCCCC3)cccc2C1=O	1	1	C36H46N4O5	0.0	CHEBI_129452
C[C@H](CO)N1C[C@H](C)[C@H](CN(C)Cc2ccc(Oc3ccccc3)cc2)Oc2c(NC(=O)c3ccncc3)cccc2C1=O	1	1	C35H38N4O5	0.0	CHEBI_94922
C[C@H](CO)N1C[C@H](C)[C@H](CN(C)Cc2ccc(Oc3ccccc3)cc2)Oc2ncc(-c3cncnc3)cc2C1=O	1	1	C32H35N5O4	0.0	CHEBI_95943
C[C@H](CO)N1C[C@H](C)[C@H](CN(C)Cc2ccc3c(c2)OCO3)Oc2c(NC(=O)c3cnccn3)cccc2C1=O	1	1	C29H33N5O6	0.0	CHEBI_124429
C[C@H](CO)N1C[C@H](C)[C@H](CN(C)Cc2ccccc2)OCc2cn(nn2)CCCC1=O	1	1	C23H35N5O3	0.0	CHEBI_96755
C[C@H](CO)N1C[C@H](C)[C@H](CN(C)Cc2ccccc2)Oc2cc(C3=CCCCC3)ccc2S1(=O)=O	1	1	C28H38N2O4S	0.0	CHEBI_126084
C[C@H](CO)N1C[C@H](C)[C@H](CN(C)S(=O)(=O)c2cccc(F)c2)OCc2ccccc2-c2ccccc2C1=O	1	1	C29H33FN2O5S	0.0	CHEBI_98145
C[C@H](CO)N1C[C@H](C)[C@H](CN(C)S(=O)(=O)c2cccs2)OCCCC[C@H](C)Oc2ccc(N(C)C)cc2C1=O	1	1	C28H43N3O6S2	0.0	CHEBI_106768
C[C@H](CO)[C@H]1CC(=O)[C@@H]2[C@H]3OCC4=C3[C@@](C)(CCC4=O)CC[C@]12C	1	1	C20H28O4	0.0	CHEBI_226533
C[C@H](C[C@@H](O)C(=O)O)[C@@]1(O)CC[C@H]2[C@@H]3[C@H](O)C[C@@H]4C[C@H](O)CC[C@]4(C)[C@H]3CC[C@@]21C	1	1	C24H40O6	0.0	CHEBI_184830
C[C@H](Cc1cc(O)cc(O)c1C(=O)O[C@H](C)CC(=O)O)OC(=O)C[C@@H](C)OC(=O)c1c(O)cc(O)cc1C[C@@H](C)OC(=O)C[C@@H](C)O	1	1	C32H40O15	0.0	CHEBI_206331
C[C@H](Cc1ccccc1)NCCNC(=O)CNC(=O)[C@H](N)CCCCN	1	1	C19H33N5O2	0.0	CHEBI_233672
C[C@H](N)C(=O)N[C@@H](C)C(=O)N[C@@H](CC(N)=O)C(=O)O	1	1	C10H18N4O5	0.0	CHEBI_157913
C[C@H](N)C(=O)N[C@@H](CCCCN)C(=O)N[C@@H](CC(N)=O)C(=O)O	1	1	C13H25N5O5	0.0	CHEBI_158327
C[C@H](N)C(=O)N[C@@H](Cc1c[nH]c2ccccc12)C(=O)N[C@@H](CCCN=C(N)N)C(=O)O	1	1	C20H29N7O4	0.0	CHEBI_158563
C[C@H](N)C(=O)N[C@@H](Cc1ccc(O)cc1)C(=O)N[C@@H](C)C(=O)O	1	1	C15H21N3O5	0.0	CHEBI_158601
C[C@H](N)C(=O)N[C@@H](Cc1ccc(O)cc1)C(=O)N[C@@H](CC(N)=O)C(=O)O	1	1	C16H22N4O6	0.0	CHEBI_158605
C[C@H](N)C(=O)N[C@@H](Cc1ccc(O)cc1)C(=O)O	1	1	C12H16N2O4	0.0	CHEBI_73395
C[C@H](N)C(=O)N[C@@H](Cc1cnc[nH]1)C(=O)N[C@@H](CS)C(=O)O	1	1	C12H19N5O4S	0.0	CHEBI_158210
C[C@H](N)C(=O)N[C@H](C(=O)N[C@@H](Cc1cnc[nH]1)C(=O)O)[C@@H](C)O	1	1	C13H21N5O5	0.0	CHEBI_158537
C[C@H](NC#N)C(=O)O	1	1	C4H6N2O2	0.0	CHEBI_167475
C[C@H](NC(=O)CNC(=O)[C@@H](N)CCC(=O)O)C(=O)O	1	1	C10H17N3O6	0.0	CHEBI_162905
C[C@H](NC(=O)[C@@H](N)CC(N)=O)C(=O)N[C@@H](Cc1ccc(O)cc1)C(=O)O	1	1	C16H22N4O6	0.0	CHEBI_159511
C[C@H](NC(=O)[C@@H](N)CS)C(=O)NCC(=O)O	1	1	C8H15N3O4S	0.0	CHEBI_161080
C[C@H](NC(=O)[C@@H](N)CS)C(=O)N[C@@H](CCCN=C(N)N)C(=O)O	1	1	C12H24N6O4S	0.0	CHEBI_161069
C[C@H](NC(=O)[C@@H](N)Cc1ccccc1)C(=O)N[C@@H](CCC(N)=O)C(=O)O	1	1	C17H24N4O5	0.0	CHEBI_161252
C[C@H](NC(=O)[C@@H](N)Cc1cnc[nH]1)C(=O)N[C@@H](CCC(=O)O)C(=O)O	1	1	C14H21N5O6	0.0	CHEBI_164199
C[C@H](NC(=O)[C@@H](NC(=O)CN)C1CCCCC1)C(=O)NCC(=O)N[C@@H](Cc1ccncc1)C(=O)N[C@@H](CC[C@H](CN)O[C@@H]1O[C@H](CO)[C@H](O)[C@H](O)[C@H]1O)C(=O)NCC(=O)N[C@@H](CCC(=O)O)C(=O)N[C@@H](CCC(N)=O)C(=O)NCC(=O)N1CCC[C@H]1C(=O)N[C@@H](CCCCN)C(=O)NCC(=O)N[C@@H](CCC(=O)O)C(=O)N[C@H](C(=O)O)[C@@H](C)O	1	1	C71H113N19O28	0.0	CHEBI_62397
C[C@H](NC(=O)[C@@H]1CCCN1)C(=O)N[C@@H](CC(=O)O)C(=O)O	1	1	C12H19N3O6	0.0	CHEBI_162026
C[C@H](NC(=O)[C@@H]1CCCN1)C(=O)N[C@@H](CCC(N)=O)C(=O)O	1	1	C13H22N4O5	0.0	CHEBI_162030
C[C@H](NC(=O)[C@@H]1CCCN1)C(=O)N[C@@H](CS)C(=O)O	1	1	C11H19N3O4S	0.0	CHEBI_162028
C[C@H](NC(=O)[C@@H]1CCCN1C(=O)[C@@H](N)CC(=O)O)C(=O)N[C@@H](Cc1ccccc1)C(=O)N[C@@H](CC(N)=O)C(=O)N[C@@H](CO)C(=O)N[C@@H](Cc1c[nH]c2ccccc12)C(=O)NCC(N)=O	1	1	C41H53N11O12	0.0	CHEBI_80183
C[C@H](NC(=O)[C@@H]1CCCN1C(=O)[C@@H](N)CO)C(=O)O	1	1	C11H19N3O5	0.0	CHEBI_163377
C[C@H](NC(=O)[C@H](CC(N)=O)NC(=O)[C@@H](N)CCC(=O)O)C(=O)O	1	1	C12H20N4O7	0.0	CHEBI_162730
C[C@H](NC(=O)[C@H](CO)NC(=O)[C@@H](N)Cc1ccccc1)C(=O)O	1	1	C15H21N3O5	0.0	CHEBI_161827
C[C@H](NC(=O)[C@H](CS)NC(=O)[C@@H](N)CC(=O)O)C(=O)O	1	1	C10H17N3O6S	0.0	CHEBI_160437
C[C@H](NC(=O)[C@H](Cc1ccccc1)NC(=O)[C@@H](N)CCCCN)C(=O)O	1	1	C18H28N4O4	0.0	CHEBI_160176
C[C@H](N[C@@H](CCc1ccccc1)C(=O)O)C(=O)N1[C@H](C(=O)O)C[C@H]2CCCC[C@@H]21	1	1	C22H30N2O5	0.0	CHEBI_141521
C[C@H](O)C#Cc1cnc2c(c1)C(=O)N([C@@H](C)CO)C[C@@H](C)[C@@H](CN(C)CC1CCOCC1)O2	1	1	C25H37N3O5	0.0	CHEBI_95615
C[C@H](O)C#Cc1cnc2c(c1)C(=O)N([C@@H](C)CO)C[C@@H](C)[C@H](CN(C)CC1CCOCC1)O2	1	1	C25H37N3O5	0.0	CHEBI_95607
C[C@H](O)C#Cc1cnc2c(c1)C(=O)N([C@@H](C)CO)C[C@H](C)[C@@H](CN(C)CC1CCOCC1)O2	1	1	C25H37N3O5	0.0	CHEBI_96223
C[C@H](O)C#Cc1cnc2c(c1)C(=O)N([C@@H](C)CO)C[C@H](C)[C@H](CN(C)CC1CCOCC1)O2	1	1	C25H37N3O5	0.0	CHEBI_95534
C[C@H](O)C#Cc1cnc2c(c1)C(=O)N([C@H](C)CO)C[C@@H](C)[C@@H](CN(C)CC1CCOCC1)O2	1	1	C25H37N3O5	0.0	CHEBI_95754
C[C@H](O)C#Cc1cnc2c(c1)C(=O)N([C@H](C)CO)C[C@@H](C)[C@H](CN(C)CC1CCOCC1)O2	1	1	C25H37N3O5	0.0	CHEBI_95823
C[C@H](O)C#Cc1cnc2c(c1)C(=O)N([C@H](C)CO)C[C@H](C)[C@@H](CN(C)CC1CCOCC1)O2	1	1	C25H37N3O5	0.0	CHEBI_95960
C[C@H](O)C#Cc1cnc2c(c1)C(=O)N([C@H](C)CO)C[C@H](C)[C@H](CN(C)CC1CCOCC1)O2	1	1	C25H37N3O5	0.0	CHEBI_96236
C[C@H](O)C(=O)O[C@H]1C(O)O[C@H](COP(=O)([O-])OP(=O)([O-])OC[C@H]2O[C@@H](n3cnc4c(N)ncnc43)[C@H](O)[C@@H]2O)[C@H]1O	1	1	C18H25N5O16P2-2	-2.0	CHEBI_231484
C[C@H](O)CC(=O)NCCc1ccccc1	1	1	C12H17NO2	0.0	CHEBI_203137
C[C@H](O)CCCCCCCCCCCCc1cc(O)cc(O)c1O	1	1	C20H34O4	0.0	CHEBI_207429
C[C@H](O)Cc1cc(O)cc(O)c1	1	1	C9H12O3	0.0	CHEBI_225499
C[C@H](O)[C@@H](O)C#CC#CCCO	1	1	C9H12O3	0.0	CHEBI_204480
C[C@H](O)[C@@H](SC[C@H](N)C(=O)O)P(=O)(O)O	1	1	C6H14NO6PS	0.0	CHEBI_85917
C[C@H](O)[C@@H](SC[C@H]([NH3+])C(=O)[O-])P(=O)([O-])[O-]	1	1	C6H12NO6PS-2	-2.0	CHEBI_85580
C[C@H](O)[C@@H]1OC(O)[C@H](O)[C@@H]1O	1	1	C6H12O5	0.0	CHEBI_16935
C[C@H](O)[C@@H]1O[C@@H](O)[C@H](O)[C@@H]1O	1	1	C6H12O5	0.0	CHEBI_75892
C[C@H](O)[C@@H]1O[C@H](O)[C@H](O)[C@@H]1O	1	1	C6H12O5	0.0	CHEBI_76035
C[C@H](O)[C@H]1O[C@H](O[C@@H]2[C@@H](O[C@@H]3[C@@H](O[C@@H]4[C@H](O)[C@@H](O)O[C@H](CO)[C@H]4O)O[C@H](CO)[C@@H](O)[C@@H]3O)O[C@H](CO)[C@@H](O)[C@@H]2O)[C@@H](O)[C@@H](O)[C@@H]1O	1	1	C25H44O21	0.0	CHEBI_64175
C[C@H](Oc1ccc(Oc2cnc3cc(Cl)ccc3n2)cc1)C(=O)O	1	1	C17H13ClN2O4	0.0	CHEBI_137513
C[C@H](Oc1ccc(Oc2nc3ccc(Cl)cc3o2)cc1)C(=O)N(C)c1ccccc1F	1	1	C23H18ClFN2O4	0.0	CHEBI_145483
C[C@H]1/C=C/C=C/C=C/C=C/C=C/[C@@H](O)[C@H](C(=O)O)[C@H](O)C[C@H](O)CCC[C@H](O)C[C@H](O)C[C@H](O)[C@@H](C)C(=O)O[C@@H]1C	1	1	C31H48O10	0.0	CHEBI_181627
C[C@H]1C(=O)c2cc(O)ccc2N1NC(=O)c1ccc(Cl)c(S(N)(=O)=O)c1	1	1	C16H14ClN3O5S	0.0	CHEBI_143385
C[C@H]1C=C2N3CCC[C@@H]4C(=O)C[C@H](C1)[C@]24CCC3	1	1	C16H23NO	0.0	CHEBI_4988
C[C@H]1C=CC(=O)[C@]2(C)CC[C@H]3[C@@H]4C(C)(C)C(=O)C[C@]4(C)C[C@]132	1	1	C20H28O2	0.0	CHEBI_211199
C[C@H]1CCCC(=O)CCCCCc2cc(O)cc(O)c2C(=O)O1	1	1	C18H24O5	0.0	CHEBI_35051
C[C@H]1CCCC2(CCC[C@H](C)O2)O1	1	1	C11H20O2	0.0	CHEBI_196477
C[C@H]1CCCCO[C@@H](CN(C)C(=O)NC2CCCCC2)[C@@H](C)CN([C@@H](C)CO)C(=O)c2cc(NC(=O)Cc3ccccc3)ccc2O1	1	1	C37H54N4O6	0.0	CHEBI_126329
C[C@H]1CCCCO[C@@H](CN(C)C(=O)Nc2ccc(F)cc2)[C@@H](C)CN([C@@H](C)CO)C(=O)c2cc(N(C)C)ccc2O1	1	1	C31H45FN4O5	0.0	CHEBI_111053
C[C@H]1CCCCO[C@@H](CN(C)S(=O)(=O)c2cccs2)[C@@H](C)CN([C@@H](C)CO)C(=O)c2cc(N(C)C)ccc2O1	1	1	C28H43N3O6S2	0.0	CHEBI_111112
C[C@H]1CCCCO[C@H](CN(C)C(=O)Nc2ccc(F)cc2)[C@@H](C)CN([C@@H](C)CO)C(=O)c2cc(N(C)C)ccc2O1	1	1	C31H45FN4O5	0.0	CHEBI_110894
C[C@H]1CCCCO[C@H](CN(C)S(=O)(=O)c2cccs2)[C@@H](C)CN([C@@H](C)CO)C(=O)c2cc(N(C)C)ccc2O1	1	1	C28H43N3O6S2	0.0	CHEBI_104723
C[C@H]1CC[C@@H]2[C@@H](C)[C@H]3[C@H](C[C@H]4[C@@H]5CC=C6C[C@@H](O)CC[C@]6(C)[C@H]5C[C@H](O)[C@]34C)N2C1	1	1	C27H43NO2	0.0	CHEBI_232314
C[C@H]1CC[C@@]23C1=C[C@@]1(C)CC[C@](C)(CC(O)C(O)C4(C)CO4)[C@H]1[C@@H]2CC[C@@H]3C	1	1	C25H40O3	0.0	CHEBI_213349
C[C@H]1CC[C@H]2[C@@H](C=C[C@@H]3CO[C@@](O)(CO)C(=O)[C@@]32C)C1	1	1	C16H24O4	0.0	CHEBI_209400
C[C@H]1CC[C@H]2[C@H](C1)c1c(O)cc(/C=C/c3ccccc3O)cc1OC2(C)C	1	1	C24H28O3	0.0	CHEBI_188875
C[C@H]1CN([C@@H](C)CO)C(=O)CCCn2cc(nn2)CO[C@@H]1CN(C)C(=O)C1CCCCC1	1	1	C23H39N5O4	0.0	CHEBI_96903
C[C@H]1CN([C@@H](C)CO)C(=O)CCCn2cc(nn2)CO[C@@H]1CN(C)C(=O)NC1CCCCC1	1	1	C23H40N6O4	0.0	CHEBI_112556
C[C@H]1CN([C@@H](C)CO)C(=O)CCCn2cc(nn2)CO[C@@H]1CN(C)Cc1ccccc1	1	1	C23H35N5O3	0.0	CHEBI_113340
C[C@H]1CN([C@@H](C)CO)C(=O)CCCn2cc(nn2)CO[C@H]1CN(C)C(=O)C1CCCCC1	1	1	C23H39N5O4	0.0	CHEBI_96798
C[C@H]1CN([C@@H](C)CO)C(=O)CCCn2cc(nn2)CO[C@H]1CN(C)C(=O)NC1CCCCC1	1	1	C23H40N6O4	0.0	CHEBI_96974
C[C@H]1CN([C@@H](C)CO)C(=O)CCCn2cc(nn2)CO[C@H]1CN(C)C(=O)Nc1ccc(C(C)(C)C)cc1	1	1	C27H42N6O4	0.0	CHEBI_113274
C[C@H]1CN([C@@H](C)CO)C(=O)CCCn2cc(nn2)CO[C@H]1CN(C)Cc1ccccc1	1	1	C23H35N5O3	0.0	CHEBI_96912
C[C@H]1CN([C@@H](C)CO)C(=O)Cc2cc(NC(=O)Nc3ccc(F)cc3)ccc2O[C@H]1CN(C)CC1CC1	1	1	C28H37FN4O4	0.0	CHEBI_95416
C[C@H]1CN([C@@H](C)CO)C(=O)Cc2cc(NS(=O)(=O)c3cn(C)cn3)ccc2O[C@H]1CN(C)CC1CCCCC1	1	1	C28H43N5O5S	0.0	CHEBI_123633
C[C@H]1CN([C@@H](C)CO)C(=O)c2cc(-c3cncnc3)cnc2O[C@@H]1CN(C)Cc1ccc(Oc2ccccc2)cc1	1	1	C32H35N5O4	0.0	CHEBI_96428
C[C@H]1CN([C@@H](C)CO)C(=O)c2cc(-c3cncnc3)cnc2O[C@H]1CN(C)Cc1ccc(Oc2ccccc2)cc1	1	1	C32H35N5O4	0.0	CHEBI_96604
C[C@H]1CN([C@@H](C)CO)C(=O)c2cc(N(C)C)ccc2O[C@@H]1CN(C)C(=O)NC1CCCCC1	1	1	C25H40N4O4	0.0	CHEBI_129653
C[C@H]1CN([C@@H](C)CO)C(=O)c2cc(N(C)C)ccc2O[C@H]1CN(C)C(=O)NC1CCCCC1	1	1	C25H40N4O4	0.0	CHEBI_129922
C[C@H]1CN([C@@H](C)CO)C(=O)c2cc(NS(=O)(=O)c3cccs3)ccc2O[C@@H]1CN(C)Cc1ccc(Cl)c(Cl)c1	1	1	C27H31Cl2N3O5S2	0.0	CHEBI_111501
C[C@H]1CN([C@@H](C)CO)C(=O)c2cc(NS(=O)(=O)c3cccs3)ccc2O[C@H]1CN(C)Cc1ccc(Cl)c(Cl)c1	1	1	C27H31Cl2N3O5S2	0.0	CHEBI_111591
C[C@H]1CN([C@@H](C)CO)C(=O)c2cccc(NC(=O)NC3CCCCC3)c2O[C@@H]1CN(C)Cc1ccc(Oc2ccccc2)cc1	1	1	C36H46N4O5	0.0	CHEBI_127838
C[C@H]1CN([C@@H](C)CO)C(=O)c2cccc(NC(=O)NC3CCCCC3)c2O[C@H]1CN(C)Cc1ccc(Oc2ccccc2)cc1	1	1	C36H46N4O5	0.0	CHEBI_128221
C[C@H]1CN([C@@H](C)CO)C(=O)c2cccc(NC(=O)c3ccncc3)c2O[C@@H]1CN(C)Cc1ccc(Oc2ccccc2)cc1	1	1	C35H38N4O5	0.0	CHEBI_94937
C[C@H]1CN([C@@H](C)CO)C(=O)c2cccc(NC(=O)c3ccncc3)c2O[C@H]1CN(C)Cc1ccc(Oc2ccccc2)cc1	1	1	C35H38N4O5	0.0	CHEBI_94879
C[C@H]1CN([C@@H](C)CO)C(=O)c2cccc(NC(=O)c3cnccn3)c2O[C@H]1CN(C)Cc1ccc2c(c1)OCO2	1	1	C29H33N5O6	0.0	CHEBI_124805
C[C@H]1CN([C@@H](C)CO)C(=O)c2ccccc2-c2ccccc2CO[C@@H]1CN(C)C(=O)Nc1ccccc1C(F)(F)F	1	1	C31H34F3N3O4	0.0	CHEBI_98959
C[C@H]1CN([C@@H](C)CO)C(=O)c2ccccc2-c2ccccc2CO[C@H]1CN(C)C(=O)Nc1ccc2c(c1)OCO2	1	1	C31H35N3O6	0.0	CHEBI_99959
C[C@H]1CN([C@@H](C)CO)C(=O)c2ccccc2-c2ccccc2CO[C@H]1CN(C)C(=O)Nc1ccccc1C(F)(F)F	1	1	C31H34F3N3O4	0.0	CHEBI_102182
C[C@H]1CN([C@@H](C)CO)C(=O)c2ccccc2-c2ccccc2CO[C@H]1CN(C)S(=O)(=O)c1cccc(F)c1	1	1	C29H33FN2O5S	0.0	CHEBI_97128
C[C@H]1CN([C@@H](C)CO)S(=O)(=O)c2ccc(-c3cccnc3)cc2O[C@@H]1CN(C)C(=O)NC1CCCC1	1	1	C26H36N4O5S	0.0	CHEBI_119533
C[C@H]1CN([C@@H](C)CO)S(=O)(=O)c2ccc(-c3cccnc3)cc2O[C@H]1CN(C)C(=O)NC1CCCC1	1	1	C26H36N4O5S	0.0	CHEBI_119513
C[C@H]1CN([C@@H](C)CO)S(=O)(=O)c2ccc(C3=CCCCC3)cc2O[C@@H]1CN(C)Cc1ccccc1	1	1	C28H38N2O4S	0.0	CHEBI_127758
C[C@H]1CN([C@@H](C)CO)S(=O)(=O)c2ccc(C3=CCCCC3)cc2O[C@H]1CN(C)Cc1ccccc1	1	1	C28H38N2O4S	0.0	CHEBI_128810
C[C@H]1CO[C@@H]2Cn3cc(C(=O)NCc4ccc(F)cc4F)c(=O)c([O-])c3C(=O)N12.[Na+]	1	1	C19H16F2N3NaO5	0.0	CHEBI_172948
C[C@H]1CO[C@]2(CC1O)O[C@H]1C[C@H]3[C@@H]4CC=C5C[C@@H](O)[C@H](O)C[C@]5(C)[C@H]4CC[C@]3(C)[C@H]1[C@@H]2C	1	1	C27H42O5	0.0	CHEBI_186545
C[C@H]1C[C@@H](O)C2=C(CO)C(C)(C)[C@H]3CC[C@]21C3	1	1	C15H24O2	0.0	CHEBI_212245
C[C@H]1C[C@@H](O[C@H]2C=CC(=O)[C@@H](C)C2)C=CC1=O	1	1	C14H18O3	0.0	CHEBI_198937
C[C@H]1C[C@H](C)[C@H]2c3c(ccn(O)c3=O)O[C@@](C)(C1)[C@@H]2C	1	1	C16H23NO3	0.0	CHEBI_218111
C[C@H]1Cc2c(cccc2C(=O)O)O1	1	1	C10H10O3	0.0	CHEBI_209280
C[C@H]1OC(=O)[C@@]23[C@@H]4[C@H]5OC(=O)[C@]4(C)C[C@@H]4[C@]2(C)[C@H](C=C2C(=CC(=O)OC2(C)C)[C@@]42CO2)O[C@@]13O5	1	1	C25H26O9	0.0	CHEBI_208372
C[C@H]1OC(=O)c2c(O)cc(O)c(Cl)c2[C@H]1O	1	1	C10H9ClO5	0.0	CHEBI_198410
C[C@H]1O[C@@H](O[C@H]2[C@@H](O)C[C@H](O[C@H]3[C@@H](O)C[C@H](O[C@H]4CC[C@@]5(C)[C@H](CC[C@@H]6[C@@H]5C[C@@H](O)[C@]5(C)[C@@H](C7=CC(=O)OC7)[C@@H](O)C[C@]65O)C4)O[C@@H]3C)O[C@@H]2C)C[C@H](O)[C@@H]1O	1	1	C41H64O15	0.0	CHEBI_27614
C[C@H]1O[C@@H](c2ccc3c(c2O)C(=O)C2=C(C3=O)[C@@]3(O)C(=O)C[C@](C)(O)C[C@@]3(O)C[C@H]2O)C[C@@H](O)[C@@H]1O	1	1	C25H28O11	0.0	CHEBI_32284
C[C@H]1O[C@@H]2CC(=O)O[C@@H]2C2=C1C(=O)c1c(ccc([C@H]3C[C@@H]([N+](C)(C)[O-])[C@H](O)[C@@H](C)O3)c1O)C2=O	1	1	C24H27NO9	0.0	CHEBI_205036
C[C@H]1O[C@H](OP(=O)(O)OP(=O)(O)OC[C@H]2O[C@@H](n3cnc4c(=O)[nH]c(N)nc43)[C@H](O)[C@@H]2O)[C@@H](O)CC1=O	1	1	C16H23N5O14P2	0.0	CHEBI_73940
C[C@H]1O[C@H](OP(=O)([O-])OP(=O)([O-])OC[C@H]2O[C@@H](n3cnc4c(=O)[nH]c(N)nc43)[C@H](O)[C@@H]2O)[C@@H](O)CC1=O	1	1	C16H21N5O14P2-2	-2.0	CHEBI_73931
C[C@H]1O[C@H](O[C@@H]2[C@@H](O[C@@H]3[C@H](O)[C@@H](O[C@@H]4[C@@H](O[C@H]5[C@@H](O)[C@H](NC=O)[C@@H](C)O[C@@H]5O)O[C@H](C)[C@@H](NC=O)[C@@H]4O)O[C@H](C)[C@H]3NC=O)O[C@H](C)[C@@H](NC=O)[C@@H]2O)[C@@H](O)[C@@H](O)[C@@H]1NC=O	1	1	C35H57N5O21	0.0	CHEBI_85398
C[C@H]1O[C@H](O[C@H]2[C@H](O)[C@@H](O)[C@@H](O[C@@H]3C(CO)=C[C@H](N[C@H]4[C@H](O)[C@@H](O)[C@@H](O[C@H]5[C@H](O)[C@@H](O)[C@@H](O[C@@H]6C(CO)=C[C@H](N[C@H]7[C@H](O)[C@@H](O)C(O)O[C@@H]7C)[C@H](O)[C@H]6O)O[C@@H]5CO)O[C@@H]4C)[C@H](O)[C@H]3O)O[C@@H]2CO)[C@H](O)[C@@H](O)[C@@H]1N[C@H]1C=C(CO)[C@@H](O)[C@H](O)[C@H]1O	1	1	C51H85N3O32	0.0	CHEBI_214779
C[C@H]1[C@H](O)CCC2=C[C@@H]3OC[C@@](C)(O)[C@@H]3C[C@@]21C	1	1	C15H24O3	0.0	CHEBI_198526
C[C@H]1[C@H]2[C@@H](C[C@@]3(C)[C@@H]4CC=C5[C@@H](C=C(O[C@@H]6O[C@H](CO)[C@@H](O)[C@H](O)[C@H]6O)C(=O)C5(C)C)[C@]4(C)C(=O)C[C@]23C)O[C@@]2(O)CC(C)(C)O[C@@]12O	1	1	C36H52O12	0.0	CHEBI_68907
C[C@H]1[C@H]2[C@H](C[C@H]3[C@@H]4C[C@H](O)[C@H]5C[C@@H](O[C@@H]6O[C@H](CO[C@@H]7O[C@H](CO)[C@@H](O)[C@H](O)[C@H]7O)[C@@H](O)[C@H](O)[C@H]6O)CC[C@]5(C)[C@H]4CC[C@]23C)O[C@]12CC[C@@H](CO)CO2	1	1	C39H64O15	0.0	CHEBI_66499
C[C@](O)(CCCCCCCCCCCCc1ccccc1)C[C@@]1(C)OC(=O)C[C@H]1O	1	1	C26H42O4	0.0	CHEBI_68423
C[C@](O)(CCCCCCCCCCCCc1ccccc1)C[C@]1(C)OC(=O)C[C@@H]1O	1	1	C26H42O4	0.0	CHEBI_68417
C[C@]1(O)[C@H](O)[C@@H](O)[C@H](O)[C@@]1(O)CC(O)C=O	1	1	C9H16O7	0.0	CHEBI_204971
C[C@]12C=C(C=O)C(=O)C=C1CC[C@@H]1[C@@H]2[C@H](O)C[C@@]2(C)[C@H]1CC[C@]2(C)O	1	1	C21H28O4	0.0	CHEBI_135456
C[C@]12C=CC(=O)C(Cl)=C1CC[C@@H]1[C@@H]2CC[C@@]2(C)[C@H]1CC[C@]2(C)O	1	1	C20H27ClO2	0.0	CHEBI_166768
C[C@]12C=CC(=O)C=C1CC[C@@H]1[C@@H]2[C@@H](O)C[C@@]2(C)[C@H]1CC[C@]2(O)C(=O)COC(=O)CCC(=O)O	1	1	C25H32O8	0.0	CHEBI_135745
C[C@]12C=CC(=O)C=C1CC[C@@H]1[C@@H]2[C@@H](O)C[C@@]2(C)[C@H]1CC[C@]2(O)C(=O)COC(=O)CCC(=O)[O-]	1	1	C25H31O8-	-1.0	CHEBI_157677
C[C@]12CCC(=O)C=C1CC[C@@H]1[C@@H]2CC[C@@]2(C)[C@H]1CC[C@]2(O)CCO	1	1	C21H32O3	0.0	CHEBI_166775
C[C@]12CCC(=O)C=C1CC[C@H]1[C@@H]3CC[C@](O)(C(=O)CO)[C@@]3(C)C[C@H](O)[C@@]12F	1	1	C21H29FO5	0.0	CHEBI_50885
C[C@]12CCC(=O)C[C@@H]1CC[C@@H]1[C@@H]2[C@@H](O)C[C@@]2(C)[C@H]1CC[C@]2(O)C(=O)CO	1	1	C21H32O5	0.0	CHEBI_167505
C[C@]12CCCCC1=CC=C1C(=O)C=CC=C12	1	1	C15H16O	0.0	CHEBI_215392
C[C@]12CC[C@@H](O)C[C@@H]1CC[C@@H]1[C@@H]2[C@@H](O)C[C@@]2(C)[C@H]1CC[C@]2(O)C(=O)CO	1	1	C21H34O5	0.0	CHEBI_89627
C[C@]12CC[C@@H](O)C[C@H]1CC[C@@H]1[C@@H]2[C@@H](O)C[C@@]2(C)[C@H]1CC[C@]2(O)C(=O)CO	1	1	C21H34O5	0.0	CHEBI_28320
C[C@]12CC[C@@H]3c4ccc(O)cc4CC[C@H]3[C@@H]1CC(=O)C2=O	1	1	C18H20O3	0.0	CHEBI_34166
C[C@]12CC[C@@H]3c4ccc(O)cc4CC[C@H]3[C@@H]1[C@@H](O)[C@@H](O)[C@@H]2O	1	1	C18H24O4	0.0	CHEBI_142773
C[C@]12CC[C@@H]3c4ccc(OC(=O)N(CCCl)CCCl)cc4CC[C@H]3[C@@H]1CC[C@@H]2OP(=O)(O)O	1	1	C23H32Cl2NO6P	0.0	CHEBI_68643
C[C@]12CC[C@@H]3c4ccc(OC(=O)N(CCCl)CCCl)cc4CC[C@H]3[C@@H]1CC[C@@H]2OP(=O)([O-])[O-]	1	1	C23H30Cl2NO6P-2	-2.0	CHEBI_68644
C[C@]12CC[C@H](O)C[C@@H]1CC[C@@H]1[C@@H]2[C@@H](O)C[C@@]2(C)[C@H]1CC[C@]2(O)C(=O)CO	1	1	C21H34O5	0.0	CHEBI_166779
C[C@]12CC[C@H](OS(=O)(=O)O)CC1=CC[C@@H]1[C@@H]2CC[C@]2(C)C(=O)[C@H](O)C[C@@H]12	1	1	C19H28O6S	0.0	CHEBI_87774
C[C@]12CC[C@H](OS(=O)(=O)O)CC1=CC[C@@H]1[C@@H]2CC[C@]2(C)C(c3ccc[n+]([O-])c3)=CC[C@@H]12	1	1	C24H31NO5S	0.0	CHEBI_186211
C[C@]12CC[C@H](OS(=O)(=O)[O-])CC1=CC[C@@H]1[C@@H]2CC[C@]2(C)C(=O)[C@H](O)C[C@@H]12	1	1	C19H27O6S-	-1.0	CHEBI_87538
C[C@]12CC[C@H](O[C@@H]3O[C@H](CO)[C@@H](O)[C@H](O)[C@H]3O)C[C@H]1CC[C@@H]1[C@@H]2CC[C@]2(C)[C@@H](C3=CCOC3=O)CC[C@]12O	1	1	C29H44O9	0.0	CHEBI_177433
C[C@]12CC[C@H]3C(=CC(=O)[C@@H]3O)[C@]1(O)CC[C@H]1Cc3c([nH]c4ccccc34)[C@@]12C	1	1	C24H27NO3	0.0	CHEBI_215444
C[C@]12CC[C@H]3[C@@H](CC=C4C[C@@H](O)CC[C@@]43C)[C@@H]1CC(=O)[C@@H]2O	1	1	C19H28O3	0.0	CHEBI_173191
C[C@]12CC[C@H]3[C@@H](CCC4=CC(=O)CC[C@@H]43)[C@@H]1[C@@H](O[C@@H]1O[C@H](C(=O)O)[C@@H](O)[C@H](O)[C@H]1O)CC2=O	1	1	C24H32O9	0.0	CHEBI_166759
C[C@]12CC[C@H]3[C@@H](CCC4CCCC[C@@]43C)[C@H]1CC[C@@H]2[C@@H]1COC(=O)C1	1	1	C23H36O2	0.0	CHEBI_35543
C[C@]12CC[C@H]3[C@@H](CC[C@@H]4CCCC[C@@]43C)[C@H]1CC[C@@H]2[C@@H]1COC(=O)C1	1	1	C23H36O2	0.0	CHEBI_35542
C[C@]12CC[C@H]3[C@@H](CC[C@H]4CC(=O)CC[C@@]43C=O)[C@@H]1CC[C@@H]2O	1	1	C19H28O3	0.0	CHEBI_137032
C[C@]12CC[C@H]3[C@@H](CC[C@H]4CCCC[C@@]43C)[C@H]1CC[C@@H]2[C@@H]1COC(=O)C1	1	1	C23H36O2	0.0	CHEBI_35541
C[C@]12C[C@H](OC1=O)[C@@H](O)[C@H]1C(=O)O[C@@H](c3ccoc3)[C@H](OC(=O)c3ccccc3)[C@@H]12	1	1	C22H20O8	0.0	CHEBI_212904
C[C@]12C[C@H](c3ccoc3)OC(=O)[C@@H]1CC[C@@]1(C)[C@@H]2[C@@H]2C=C[C@@]1(O)C(=O)O2	1	1	C20H22O6	0.0	CHEBI_81144
C[C@]12OC[C@H](O)[C@@]1(O)O[B-](O)(O)O2	1	1	C5H10BO7-	-1.0	CHEBI_40646
C[C@]12O[C@H](C[C@]1(O)C(=O)O)n1c3ccccc3c3c4c(c5c6ccccc6n2c5c31)CNC4=O	1	1	C26H19N3O5	0.0	CHEBI_208814
C[C@]12[C@H]3C[C@H]4O[C@@H]5[C@H](C[C@]41O)[C@@](C)(O)CC[C@@]52COC(=O)C=C1CCOC2(CCC=CC(=O)O3)[C@@H]1O[C@H](O)[C@H]2O	1	1	C29H38O11	0.0	CHEBI_224140
C[C@]12[C@H]3C[C@H]4O[C@@H]5[C@H](C[C@]41O)[C@@](C)(O)CC[C@]52COC(=O)C=C1CCO[C@@]2(CCC=CC(=O)O3)[C@@H]1O[C@H](O)[C@@H]2O	1	1	C29H38O11	0.0	CHEBI_225575
C[N+](C)(C)C(Cc1c[nH]c2ccccc12)C(=O)[O-]	1	1	C14H18N2O2	0.0	CHEBI_181719
C[N+](C)(C)CC(CC(=O)[O-])OC(=O)CCCCCCCCCCCCC(=O)O	1	1	C21H39NO6	0.0	CHEBI_73071
C[N+](C)(C)CCC(=O)[O-]	1	1	C6H13NO2	0.0	CHEBI_28825
C[N+](C)(C)CCOC(N)=O.[Cl-]	1	1	C6H15ClN2O2	0.0	CHEBI_3385
C[N+](C)(C)C[C@@H](CC(=O)[O-])OC(=O)CCCCCCCCCC(=O)O	1	1	C18H33NO6	0.0	CHEBI_165626
C[N+](C)(C)C[C@@H](CC(=O)[O-])OC(=O)CCCCCCCCCCCCC(=O)O	1	1	C21H39NO6	0.0	CHEBI_165605
C[N+](C)(C)[C@@H](Cc1c[nH]c2ccccc12)C(=O)[O-]	1	1	C14H18N2O2	0.0	CHEBI_5832
C[N+]([O-])(CCCl)CCCl	1	1	C5H11Cl2NO	0.0	CHEBI_82354
C[N+]1(C)CCC(OC(=O)C(O)(c2ccccc2)C2CCCC2)C1	1	1	C19H28NO3+	1.0	CHEBI_94449
C[N+]1(CC(=O)OC2CCCCCCCCCCC2)CCCC1	1	1	C19H36NO2+	1.0	CHEBI_104146
C[N+]1([O-])CC[C@]23c4c5ccc(O)c4O[C@H]2[C@@H](O)C=C[C@H]3[C@H]1C5	1	1	C17H19NO4	0.0	CHEBI_7002
C[S+](O)c1ccc(CSc2nc(-c3ccc(F)cc3)c(-c3ccncc3)[nH]2)cc1	1	1	C22H19FN3OS2+	1.0	CHEBI_93664
C[Si](C)(C)OCc1ccccc1	1	1	C10H16OSi	0.0	CHEBI_76351
C[n+]1ccc(-c2c3nc(c(-c4cc[n+](C)cc4)c4ccc([nH]4)c(-c4cc[n+](C)cc4)c4nc(c(-c5cc[n+](C)cc5)c5ccc2[nH]5)C=C4)C=C3)cc1	1	1	C44H38N8+4	4.0	CHEBI_37447
C[n+]1ccc(-c2c3nc(c(-c4cc[n+](C)cc4)c4ccc([nH]4)c(-c4cc[n+](C)cc4)c4nc(c(-c5cc[n+](C)cc5)c5ccc2[nH]5)C=C4)C=C3)cc1.Cc1ccc(S(=O)(=O)[O-])cc1.Cc1ccc(S(=O)(=O)[O-])cc1.Cc1ccc(S(=O)(=O)[O-])cc1.Cc1ccc(S(=O)(=O)[O-])cc1	1	1	C72H66N8O12S4	0.0	CHEBI_78039
C[n+]1cn([C@@H]2O[C@H](COP(=O)(O)O)[C@@H](O)[C@H]2O)c2nc(N)[nH]c(=O)c21	1	1	C11H17N5O8P+	1.0	CHEBI_17825
C[n+]1cn([C@@H]2O[C@H](COP(=O)([O-])O)[C@@H](O)[C@H]2O)c2nc(N)[nH]c(=O)c21	1	1	C11H16N5O8P	0.0	CHEBI_74720
C[n+]1cn([C@@H]2O[C@H](COP(=O)([O-])[O-])[C@@H](O)[C@H]2O)c2nc(N)[nH]c(=O)c21	1	1	C11H15N5O8P-	-1.0	CHEBI_58285
Cc1[nH]cnc1C[C@H]1CCc2c(C)c3ccccc3n2C1=O	1	1	C18H19N3O	0.0	CHEBI_31588
Cc1[nH]nc(N=CC2C(=O)CC(C)(C)CC2=O)c1-c1ccccc1	1	1	C19H21N3O2	0.0	CHEBI_119889
Cc1c(C(=O)NN2CCOCC2)nn(-c2ccc(Cl)cc2Cl)c1-c1ccc(I)cc1	1	1	C21H19Cl2IN4O2	0.0	CHEBI_93039
Cc1c(C(=O)O)c[nH]c1C(=O)Nc1c(O)c2ccc(O)cc2oc1=O	1	1	C16H12N2O7	0.0	CHEBI_176937
Cc1c(C)c(O)c(CCC2(C)CCC(=O)O2)c(C)c1O	1	1	C16H22O4	0.0	CHEBI_137827
Cc1c(C)c2c(c(C)c1OC(=O)CCC(=O)OCCO)CCC(C)(CCCC(C)CCCC(C)CCCC(C)C)O2	1	1	C35H58O6	0.0	CHEBI_176233
Cc1c(C)n2c(CBr)c(C)c(=O)n2c1=O	1	1	C10H11BrN2O2	0.0	CHEBI_62825
Cc1c(CCC(=O)N2CCCC2)c(=O)n2c([nH]c3ccccc32)c1C#N	1	1	C20H20N4O2	0.0	CHEBI_158799
Cc1c(F)c(N2CCNC(C)C2)cc2c1c(=O)c(C(=O)O)cn2C1CC1	1	1	C19H22FN3O3	0.0	CHEBI_5543
Cc1c(N)cc(O)cc1C(C)C(C)O	1	1	C11H17NO2	0.0	CHEBI_214431
Cc1c(O)c(C(=O)O)c(O)c2c1[C@H](C)[C@@H](C)O[C@@H]2CC(=O)CC(C)(C)O	1	1	C19H26O7	0.0	CHEBI_217504
Cc1c(O)c(O)c2c(c1C=O)[C@@H]1O[C@H](O2)c2c(C)c(O)c(O)c(O)c2C1=O	1	1	C18H14O9	0.0	CHEBI_199431
Cc1c(O)c2c(c(C(=O)/C=C/c3ccccc3)c1O)OC(C)(C)C=C2	1	1	C21H20O4	0.0	CHEBI_180262
Cc1c(O)c2c(c(C)c1OCC[C@H](C)C(=O)O)COC2=O	1	1	C15H18O6	0.0	CHEBI_214525
Cc1c(O)cc(O)c2c1[C@@H](C)[C@@](O)(CO)OC2=O	1	1	C12H14O6	0.0	CHEBI_205785
Cc1c(O)cc(O)c2c1[C@@](C)(O)[C@H](CO)OC2=O	1	1	C12H14O6	0.0	CHEBI_212699
Cc1c(O[C@@H]2OC(CO)[C@@H](O)[C@H](O)C2O)c(CO)c(O[C@@H]2OC(CO)[C@@H](O)[C@H](O)C2O)c2c1O[C@H](c1ccccc1)C[C@H]2O	1	1	C29H38O15	0.0	CHEBI_184667
Cc1c(SC[C@H](NC(=O)CC[C@H](N)C(=O)O)C(=O)NCC(=O)O)c(O)c2ccccc2c1O	1	1	C21H25N3O8S	0.0	CHEBI_136423
Cc1c(SC[C@H](NC(=O)CC[C@H]([NH3+])C(=O)[O-])C(=O)NCC(=O)[O-])c(O)c2ccccc2c1O	1	1	C21H24N3O8S-	-1.0	CHEBI_133881
Cc1c2c(c(O)c3c(=O)c4cccc(O)c4oc13)-c1c(cc3c(c1O)C(=O)N1[C@@H](C(=O)O)CO[C@]1(C)C3)CC2	1	1	C29H23NO9	0.0	CHEBI_219711
Cc1c2c(c(O)c3c1oc1c(O)c(O)c(C(=O)O)c(C)c13)COC2	1	1	C17H14O7	0.0	CHEBI_212703
Cc1c2c(cn1-c1ccccc1C(N)=O)C(=O)c1cc(O)c(O)c(O)c1C2=O	1	1	C20H14N2O6	0.0	CHEBI_225938
Cc1c2cc(O)c(O)c1OS(=O)(=O)O2	1	1	C7H6O6S	0.0	CHEBI_232803
Cc1c2ccccc2cc[n+]1C	1	1	C11H12N+	1.0	CHEBI_125476
Cc1c2oc3c(C)ccc(C(=O)N[C@@H]4C(=O)N[C@H](C(C)C)C(=O)N5[C@H](C(=O)N(C)CC(=O)N(C)[C@@H](C(C)C)C(=O)O[C@@H]4C)[C@@H](O)C[C@@H]5C)c3nc-2c(C(=O)OC[C@H](O)[C@@H]2NC(=O)[C@H](C)N(C)C(=O)CN(C)C(=O)[C@@H]3CC(O)CN3C(=O)[C@@H](C(C)C)NC2=O)c(N)c1=O	1	1	C61H84N12O19	0.0	CHEBI_199683
Cc1c2oc3c(C)ccc(C(=O)N[C@@H]4C(=O)N[C@H](C(C)C)C(=O)N5[C@H](C(=O)N(C)CC(=O)N(C)[C@@H](C(C)C)C(=O)O[C@@H]4C)[C@@H](O)C[C@@H]5C)c3nc-2c2c(c1=O)NC[C@H]1OC(=O)[C@H](C)N(C)C(=O)CN(C)C(=O)[C@@H]3CC(=O)CN3C(=O)[C@@H](C(C)C)NC(=O)[C@H]1NC2=O	1	1	C61H80N12O18	0.0	CHEBI_201977
Cc1cc(/N=N/c2ccc3c(c2)CCC(=O)N3)c(N)cc1O	1	1	C16H16N4O2	0.0	CHEBI_232047
Cc1cc(=O)[nH]c2ccccc12	1	1	C10H9NO	0.0	CHEBI_48986
Cc1cc(=O)c2c(O)oc(O)c3c(=O)c4c(c1c23)O[C@](C)(O)C4(C)C	1	1	C18H16O7	0.0	CHEBI_217906
Cc1cc(=O)n(-c2ccc(O)cc2)[nH]1	1	1	C10H10N2O2	0.0	CHEBI_112727
Cc1cc(=O)n([C@H]2O[C@H](CO)[C@@H](O)[C@H](O)[C@H]2O)o1	1	1	C10H15NO7	0.0	CHEBI_5829
Cc1cc(=O)oc(C)c1C(=O)NCc1c(F)cc(F)cc1F	1	1	C15H12F3NO3	0.0	CHEBI_116844
Cc1cc(C(=C2C=CC(=Nc3ccccc3)C=C2)c2ccc(Nc3ccccc3S(=O)(=O)[O-])cc2)ccc1N.[Na+]	1	1	C32H26N3NaO3S	0.0	CHEBI_90522
Cc1cc(C(=O)CCl)c(C)n1-c1ccon1	1	1	C11H11ClN2O2	0.0	CHEBI_105168
Cc1cc(C(=O)COC(=O)CNS(=O)(=O)c2ccc3ccccc3c2)c(C)n1-c1ccccc1	1	1	C26H24N2O5S	0.0	CHEBI_113166
Cc1cc(C(=O)CS(=O)(=O)c2ccccc2)cc(C)c1OC(=O)N(C)C	1	1	C19H21NO5S	0.0	CHEBI_105205
Cc1cc(C(=O)NCCC2=CCCCC2)no1	1	1	C13H18N2O2	0.0	CHEBI_112326
Cc1cc(C(=O)Nc2cccc3c2O[C@@H](CN(C)C)[C@@H](C)CN([C@H](C)CO)C3=O)n(C)n1	1	1	C23H33N5O4	0.0	CHEBI_108698
Cc1cc(C(=O)Nc2cccc3c2O[C@@H](CN(C)C)[C@H](C)CN([C@@H](C)CO)C3=O)n(C)n1	1	1	C23H33N5O4	0.0	CHEBI_113584
Cc1cc(C(=O)Nc2cccc3c2O[C@@H](CN(C)C)[C@H](C)CN([C@H](C)CO)C3=O)n(C)n1	1	1	C23H33N5O4	0.0	CHEBI_111578
Cc1cc(C(=O)Nc2cccc3c2O[C@H](CN(C)C)[C@@H](C)CN([C@H](C)CO)C3=O)n(C)n1	1	1	C23H33N5O4	0.0	CHEBI_111569
Cc1cc(C(=O)Nc2cccc3c2O[C@H](CN(C)C)[C@H](C)CN([C@H](C)CO)C3=O)n(C)n1	1	1	C23H33N5O4	0.0	CHEBI_108705
Cc1cc(C(=O)O)c2c(=O)c3c(O)cc(O)cc3oc2c1C(=O)OC[C@H](O)CO	1	1	C19H16O10	0.0	CHEBI_218202
Cc1cc(C)c(-n2nnnc2SCC(=O)c2cc3ccccc3o2)c(C)c1	1	1	C20H18N4O2S	0.0	CHEBI_120582
Cc1cc(C)c(C(=O)O)c(CC(C)(C)C(=O)O)c1	1	1	C14H18O4	0.0	CHEBI_228744
Cc1cc(C)cc(N2C(=O)NC(=O)/C(=C/C=C/c3ccc(N(C)C)cc3)C2=O)c1	1	1	C23H23N3O3	0.0	CHEBI_139527
Cc1cc(C)nc(NS(=O)(=O)c2ccc(NC(=O)c3ccccc3[N+](=O)[O-])cc2)n1	1	1	C19H17N5O5S	0.0	CHEBI_109274
Cc1cc(C2(c3cc(C)c(O)c(Br)c3)OS(=O)(=O)c3ccccc32)cc(Br)c1O	1	1	C21H16Br2O5S	0.0	CHEBI_86154
Cc1cc(CC(C)C)c(=O)oc1[C@H](C)O	1	1	C12H18O3	0.0	CHEBI_211085
Cc1cc(N(CCO)CCO)ccc1/N=N/c1ccc([N+](=O)[O-])cc1	1	1	C17H20N4O4	0.0	CHEBI_189501
Cc1cc(N2CCN(C)CC2)nc2ccc(NC(=O)c3ccc4c(c3)OCO4)cc12	1	1	C23H24N4O3	0.0	CHEBI_105606
Cc1cc(N2CCOCC2)n2nc(-c3cccc(F)c3)cc2n1	1	1	C17H17FN4O	0.0	CHEBI_108550
Cc1cc(N2CCOCC2)nc(SCc2ccc(Cl)cc2Cl)n1	1	1	C16H17Cl2N3OS	0.0	CHEBI_114588
Cc1cc(NC(=O)CSc2nnc(Cn3c(=O)sc4ccccc43)n2-c2ccccc2C)no1	1	1	C23H20N6O3S2	0.0	CHEBI_107468
Cc1cc(O)c(C(=O)CCC(C)C)c(=O)o1	1	1	C12H16O4	0.0	CHEBI_138756
Cc1cc(O)c(C)c(OC(=O)c2c(C)c(C)c(OC(=O)c3c(C)cc(O)cc3O)c(C)c2O)c1C	1	1	C27H28O8	0.0	CHEBI_216817
Cc1cc(O)c(C[C@@H]2[C@@]3(C)CCCC(C)(C)[C@@H]3CC[C@@]2(C)O)c(O)c1	1	1	C22H34O3	0.0	CHEBI_202365
Cc1cc(O)c(O)c(Oc2cc(C)cc(Oc3cc(C)cc(O)c3O)c2O)c1	1	1	C21H20O7	0.0	CHEBI_217356
Cc1cc(O)c2c(c1)C(=O)c1cc(O[C@@H]3OC[C@](O)(CO)[C@H]3O)cc(O)c1C2=O	1	1	C20H18O9	0.0	CHEBI_5168
Cc1cc(O)c2c(c1)C(=O)c1cc(O[C@H]3O[C@H](CO)[C@@H](O)[C@H]3O)cc(O)c1C2=O	1	1	C20H18O9	0.0	CHEBI_225682
Cc1cc(O)c2c(c1)C(=O)c1ccccc1C2=O	1	1	C15H10O3	0.0	CHEBI_202083
Cc1cc(O)c2c(c1)C(C1c3cccc(O)c3C(=O)c3c(O)cc(CO)cc31)c1cccc(O)c1C2=O	1	1	C30H22O7	0.0	CHEBI_175809
Cc1cc(O)c2c(c1)C[C@@H](O)C1=C2C(=O)c2cccc(OC3CC(O)C(OC4CC(OC5CCC(OC6CCC(OC7CC(O)C(O)C(C)O7)C(C)O6)C(C)O5)C(O)C(C)O4)C(C)O3)c2C1=O	1	1	C49H64O18	0.0	CHEBI_207240
Cc1cc(O)c2c(c1)C[C@@H](O)C1=C2C(=O)c2cccc(OC3CC(O)C(OC4CC(OC5CCC(OC6CCC(OC7CC(OC8CCC(O)C(C)O8)C(O)C(C)O7)C(C)O6)C(C)O5)C(O)C(C)O4)C(C)O3)c2C1=O	1	1	C55H74O20	0.0	CHEBI_203446
Cc1cc(O)c2c3c4c(cc(O)c13)C(C)(C)C(=O)c1c(O)cc(O)c(c1-4)C2=O	1	1	C22H16O6	0.0	CHEBI_29671
Cc1cc(O)cc(C(=O)c2cccc(O)c2O)c1O	1	1	C14H12O5	0.0	CHEBI_212220
Cc1cc(O)cc(O)c1C(=O)O	1	1	C8H8O4	0.0	CHEBI_32807
Cc1cc(O)cc(O)c1C(=O)OC1CC2(C)C3CC(C)(C)CC3(O)C=C(CO)C12O	1	1	C23H30O7	0.0	CHEBI_175348
Cc1cc(O)cc(O)c1C(=O)O[C@@H]1C[C@]2(C)C3CC(C)(C)CC3C=C[C@]12O	1	1	C22H28O5	0.0	CHEBI_174952
Cc1cc(O)cc(O)c1C(=O)O[C@@H]1C[C@]2(C)[C@H]3CC(C)(C)C[C@H]3C=C(C(=O)O)[C@]12O	1	1	C23H28O7	0.0	CHEBI_169037
Cc1cc(O)cc(O)c1C(=O)[O-]	1	1	C8H7O4-	-1.0	CHEBI_16162
Cc1cc(O)cc(Oc2cc(O)cc(CO)c2)c1	1	1	C14H14O4	0.0	CHEBI_216024
Cc1cc(O)cc2c1[C@H]1CC[C@]3(C)C(=O)CC[C@H]3[C@@H]1CC2	1	1	C19H24O2	0.0	CHEBI_79825
Cc1cc(O)cc2oc3cc4cc(=O)cc(O)c4c(O)c3c(O)c12	1	1	C18H12O6	0.0	CHEBI_218025
Cc1cc(O[C@@H]2O[C@@H](C)[C@H](O)[C@@H](O)[C@H]2O)c(C)c(O)c1C	1	1	C15H22O6	0.0	CHEBI_189204
Cc1cc(S(=O)(=O)NCC(=O)O)ccc1F	1	1	C9H10FNO4S	0.0	CHEBI_94000
Cc1cc([C@@H](C)C(=O)CCO)cc(C)c1O	1	1	C13H18O3	0.0	CHEBI_204198
Cc1cc2c(O)c3c(cc2c2oc(C4(C)OC4C4CO4)cc(=O)c12)C(=O)C1OC1(C1CC(=O)C(O)C(C)O1)C3=O	1	1	C29H24O11	0.0	CHEBI_221244
Cc1cc2c(c(C)c1CCOS(=O)(=O)O)C(=O)[C@@H](C)[C@@H]2O	1	1	C14H18O6S	0.0	CHEBI_69466
Cc1cc2c(c(C)c1CCOS(=O)(=O)O)C(=O)[C@H](C)[C@@H]2O	1	1	C14H18O6S	0.0	CHEBI_69465
Cc1cc2c(c3oc([C@@]4(C)O[C@H]4[C@@H]4O[C@H]4C)cc(=O)c13)C(=O)c1c(ccc([C@@H]3C[C@@](C)(N(C)C)[C@@H](O)[C@H](C)O3)c1O)C2=O	1	1	C33H35NO9	0.0	CHEBI_221897
Cc1cc2c(o1)C(=O)[C@]1(C[C@H]1C(C)(C)O)[C@@H](O)C2	1	1	C14H18O4	0.0	CHEBI_222746
Cc1cc2cc(n1)-c1cnn(C)c1OCCC[C@@H](C)CN1/C(=N/C2=O)Nc2ccc(CN3CCN(C)CC3)cc21	1	1	C30H38N8O2	0.0	CHEBI_232716
Cc1cc2nc3c(=O)[n-]c(=O)nc-3n(C[C@H](O)[C@H](O)[C@H](O)COP(=O)([O-])OP(=O)([O-])OC[C@H]3O[C@@H](n4ccc(N)nc4=O)[C@H](O)[C@@H]3O)c2cc1C	1	1	C26H30N7O16P2-3	-3.0	CHEBI_194244
Cc1cc2nc3c(=O)[n-]c(=O)nc-3n(C[C@H](O)[C@H](O)[C@H](O)COP(=O)([O-])[O-])c2cc1C	1	1	C17H18N4O9P-3	-3.0	CHEBI_58210
Cc1ccc(-c2nn(-c3ccccc3)cc2C=CC(=O)O)o1	1	1	C17H14N2O3	0.0	CHEBI_105691
Cc1ccc(-c2nn(Cc3ccccc3)cc2C=O)cc1C	1	1	C19H18N2O	0.0	CHEBI_108327
Cc1ccc(-c2nn3c(C)nnc3s2)cc1NC(=O)c1ccc(-c2cccc(Cl)c2)o1	1	1	C22H16ClN5O2S	0.0	CHEBI_92979
Cc1ccc(-c2nnc(SCC(=O)N3CCN(c4ccccc4)CC3)o2)cc1	1	1	C21H22N4O2S	0.0	CHEBI_123283
Cc1ccc(-c2noc(C3CCCN(S(=O)(=O)c4ccc(S(=O)(=O)N(C)C)cc4)C3)n2)o1	1	1	C20H24N4O6S2	0.0	CHEBI_116768
Cc1ccc(-c2onc3ccc(C=O)cc23)cc1	1	1	C15H11NO2	0.0	CHEBI_107585
Cc1ccc(C(=O)C(C)N2CCCC2)cc1	1	1	C14H19NO	0.0	CHEBI_181456
Cc1ccc(C(=O)CSc2nc3ccccc3c(=O)n2-c2ccccc2)s1	1	1	C21H16N2O2S2	0.0	CHEBI_114898
Cc1ccc(C(=O)Nc2ccc3c(c2)nc(CCNC(=O)c2ccco2)n3C)cc1	1	1	C23H22N4O3	0.0	CHEBI_108360
Cc1ccc(C(=O)Oc2coc(CSc3ncccn3)cc2=O)cc1[N+](=O)[O-]	1	1	C18H13N3O6S	0.0	CHEBI_93304
Cc1ccc(C(C)C)c(C)c1	1	1	C11H16	0.0	CHEBI_88567
Cc1ccc(C(C)C)c(OC2OC(C(=O)O)C(O)C(O)C2O)c1	1	1	C16H22O7	0.0	CHEBI_230210
Cc1ccc(C(CC(=O)N2CCOCC2)c2ccco2)cc1	1	1	C18H21NO3	0.0	CHEBI_115557
Cc1ccc(C(NC(=O)C2CCCCC2)c2c(O)ccc3ccccc23)cc1	1	1	C25H27NO2	0.0	CHEBI_108339
Cc1ccc(C(O)(c2ccc(C)c(C)c2)C2CN3CCC2CC3)cc1C	1	1	C24H31NO	0.0	CHEBI_93886
Cc1ccc(C)c2ccccc12	1	1	C12H12	0.0	CHEBI_48609
Cc1ccc(C2(O)CCN(CCCC(=O)c3ccc(F)cc3)CC2)cc1	1	1	C22H26FNO2	0.0	CHEBI_135500
Cc1ccc(C2=NN3C(=O)c4ccccc4C3C2)cc1	1	1	C17H14N2O	0.0	CHEBI_109266
Cc1ccc(C2CC2c2n[nH]c(=S)n2-c2ccc(Cl)cc2)cc1	1	1	C18H16ClN3S	0.0	CHEBI_105975
Cc1ccc(C2CCN(C(=O)Nc3ccccc3)C2)cc1	1	1	C18H20N2O	0.0	CHEBI_114970
Cc1ccc(CNC(=O)c2cc3c(C)nc4ccccc4c3o2)cc1	1	1	C21H18N2O2	0.0	CHEBI_123420
Cc1ccc(Cc2cnc(NC(=O)C(C#N)=Cc3ccc(-c4ccc([N+](=O)[O-])cc4)o3)s2)cc1	1	1	C25H18N4O4S	0.0	CHEBI_111304
Cc1ccc(F)cc1S(=O)(=O)N[C@@H]1CCN(Cc2ccc3[nH]ccc3c2)C1	1	1	C20H22FN3O2S	0.0	CHEBI_93981
Cc1ccc(N(C)S(=O)(=O)c2ccc(C)cc2)cc1	1	1	C15H17NO2S	0.0	CHEBI_115645
Cc1ccc(N(CC(=O)O)CC(=O)O)c(OCCOc2cc(-c3cc4ccc(C(=O)O)cc4[nH]3)ccc2N(CC(=O)O)CC(=O)O)c1	1	1	C32H31N3O12	0.0	CHEBI_52084
Cc1ccc(N2C(=O)C3C4C=CC(CNC(=S)Nc5ccc(F)cc5)(O4)C3C2=O)cc1	1	1	C23H20FN3O3S	0.0	CHEBI_107254
Cc1ccc(N2C=Nc3ccc(C)c4nc(C)cc2c34)cc1	1	1	C19H17N3	0.0	CHEBI_109089
Cc1ccc(N2CN=C(c3ccccc3)NC2=S)cc1	1	1	C16H15N3S	0.0	CHEBI_106019
Cc1ccc(NC(=O)C(Nc2ccccc2)c2ccccc2)cc1	1	1	C21H20N2O	0.0	CHEBI_123442
Cc1ccc(NC(=O)CSCC(N)=O)cc1C	1	1	C12H16N2O2S	0.0	CHEBI_116888
Cc1ccc(NC(=O)CSc2nc3sc(C)cc3c(=O)n2C)cc1	1	1	C17H17N3O2S2	0.0	CHEBI_119786
Cc1ccc(NC(=O)CSc2nnc(-c3ccc(S(=O)(=O)N4CCOCC4)cc3)n2C)cc1	1	1	C22H25N5O4S2	0.0	CHEBI_112924
Cc1ccc(NN=Cc2ccc3c(c2)OCCO3)cc1Cl	1	1	C16H15ClN2O2	0.0	CHEBI_122062
Cc1ccc(NO)cc1[N+](=O)[O-]	1	1	C7H8N2O3	0.0	CHEBI_231447
Cc1ccc(OCCOc2ccc(Cl)cc2Cl)c(Br)n1	1	1	C14H12BrCl2NO2	0.0	CHEBI_92299
Cc1ccc(OS(=O)(=O)O)c(C)c1	1	1	C8H10O4S	0.0	CHEBI_191380
Cc1ccc(S(=O)(=O)N(C)C[C@@H]2Oc3c(cccc3N(C)C)C(=O)N([C@@H](C)CO)C[C@H]2C)cc1	1	1	C25H35N3O5S	0.0	CHEBI_113842
Cc1ccc(S(=O)(=O)N(C)C[C@@H]2Oc3c(cccc3N(C)C)C(=O)N([C@H](C)CO)C[C@@H]2C)cc1	1	1	C25H35N3O5S	0.0	CHEBI_111803
Cc1ccc(S(=O)(=O)N(C)C[C@H]2Oc3c(cccc3N(C)C)C(=O)N([C@@H](C)CO)C[C@@H]2C)cc1	1	1	C25H35N3O5S	0.0	CHEBI_113608
Cc1ccc(S(=O)(=O)N(C)C[C@H]2Oc3c(cccc3N(C)C)C(=O)N([C@@H](C)CO)C[C@H]2C)cc1	1	1	C25H35N3O5S	0.0	CHEBI_108854
Cc1ccc(S(=O)(=O)N(C)C[C@H]2Oc3c(cccc3N(C)C)C(=O)N([C@H](C)CO)C[C@H]2C)cc1	1	1	C25H35N3O5S	0.0	CHEBI_111770
Cc1ccc(S(=O)(=O)N2CCCN(c3nc4cc(C)ccc4cc3C#N)CC2)cc1	1	1	C23H24N4O2S	0.0	CHEBI_105217
Cc1ccc(S(=O)(=O)N[C@@H]2CC[C@@H](CCn3cc(-c4cccnc4)nn3)O[C@@H]2CO)cc1	1	1	C22H27N5O4S	0.0	CHEBI_99582
Cc1ccc(S(=O)(=O)N[C@@H]2CC[C@@H](CCn3cc(-c4cccnc4)nn3)O[C@H]2CO)cc1	1	1	C22H27N5O4S	0.0	CHEBI_101394
Cc1ccc(S(=O)(=O)N[C@@H]2CC[C@H](CCn3cc(-c4cccnc4)nn3)O[C@@H]2CO)cc1	1	1	C22H27N5O4S	0.0	CHEBI_102986
Cc1ccc(S(=O)(=O)N[C@@H]2CC[C@H](CCn3cc(-c4cccnc4)nn3)O[C@H]2CO)cc1	1	1	C22H27N5O4S	0.0	CHEBI_99331
Cc1ccc(S(=O)(=O)N[C@H]2CC[C@@H](CCn3cc(-c4cccnc4)nn3)O[C@@H]2CO)cc1	1	1	C22H27N5O4S	0.0	CHEBI_100785
Cc1ccc(S(=O)(=O)N[C@H]2CC[C@@H](CCn3cc(-c4cccnc4)nn3)O[C@H]2CO)cc1	1	1	C22H27N5O4S	0.0	CHEBI_97192
Cc1ccc(S(=O)(=O)N[C@H]2CC[C@H](CCn3cc(-c4cccnc4)nn3)O[C@@H]2CO)cc1	1	1	C22H27N5O4S	0.0	CHEBI_102219
Cc1ccc(S(=O)(=O)N[C@H]2CC[C@H](CCn3cc(-c4cccnc4)nn3)O[C@H]2CO)cc1	1	1	C22H27N5O4S	0.0	CHEBI_99763
Cc1ccc([N+](=O)[O-])cc1N(S(C)(=O)=O)S(C)(=O)=O	1	1	C9H12N2O6S2	0.0	CHEBI_228730
Cc1ccc2c(C(=O)CN3CCCC3)c(C)[nH]c2c1	1	1	C16H20N2O	0.0	CHEBI_120959
Cc1ccc2c(Cl)c(C(=O)Nc3cccnc3)sc2c1	1	1	C15H11ClN2OS	0.0	CHEBI_113183
Cc1ccc2c(c1)/C(=C/C(C)C)C[C@]2(O)CO	1	1	C15H20O2	0.0	CHEBI_209693
Cc1ccc2c(c1)/C(=N\N=C1\CC(C)(C)Oc3ccc(C)cc31)CC(C)(C)O2	1	1	C24H28N2O2	0.0	CHEBI_226048
Cc1ccc2c(c1)C1CCC2(C)OOC1(C)C	1	1	C15H20O2	0.0	CHEBI_180530
Cc1ccc2c(c1)C=C[C@H](C)[C@@H]2CC[C@@H]1CC=CC(=O)O1	1	1	C19H22O2	0.0	CHEBI_227738
Cc1ccc2c(c1)O[C@@](C)(CCC(=O)O)O2	1	1	C12H14O4	0.0	CHEBI_210961
Cc1ccc2c(c1)Sc1ccc(C)cc1S2	1	1	C14H12S2	0.0	CHEBI_134995
Cc1ccc2cc(C=C(C#N)C(N)=O)c(N3CCCCC3)nc2c1	1	1	C19H20N4O	0.0	CHEBI_112844
Cc1cccc(-c2ccc3ncnc(NCc4cccnc4)c3c2)c1	1	1	C21H18N4	0.0	CHEBI_93104
Cc1cccc(C(=O)O)c1S(=O)(=O)NC(=O)Nc1nc(OCC(F)(F)F)nc(N(C)C)n1	1	1	C16H17F3N6O6S	0.0	CHEBI_142847
Cc1cccc(CN2C(=O)[C@@H]3Cc4c([nH]c5ccccc45)C(C)(C)N3C2=O)c1	1	1	C23H23N3O2	0.0	CHEBI_92515
Cc1cccc(CN2C(=O)[C@H]3Cc4c([nH]c5ccccc45)C(C)(C)N3C2=O)c1	1	1	C23H23N3O2	0.0	CHEBI_93684
Cc1cccc(N(C)C(=S)Oc2ccc3c(c2)CCC3)c1	1	1	C18H19NOS	0.0	CHEBI_135257
Cc1cccc(N2C(=O)CC(N(Cc3c(C)nn(C)c3C)C(=S)Nc3ccc(N(C)C)cc3)C2=O)c1	1	1	C27H32N6O2S	0.0	CHEBI_108090
Cc1cccc(NNC(=O)C2CCC2)c1	1	1	C12H16N2O	0.0	CHEBI_109280
Cc1cccc(S(=O)(=O)N(C)[C@H](C)CCN2CCC(C)CC2)c1	1	1	C18H30N2O2S	0.0	CHEBI_234391
Cc1cccc2cc(COC(=O)COc3ccccc3)c(=O)[nH]c12	1	1	C19H17NO4	0.0	CHEBI_121147
Cc1ccccc1C(=O)Nc1ccc(C(=O)Nc2ccc(Cl)cc2C(O)CCC(=O)O)c(C)c1	1	1	C26H25ClN2O5	0.0	CHEBI_183656
Cc1ccccc1N1C(=O)c2cc(S(N)(=O)=O)c(Cl)cc2NC1C	1	1	C16H16ClN3O3S	0.0	CHEBI_64354
Cc1ccccc1N=C1C(OC(=O)c2ccco2)OC(=O)C1Cl	1	1	C16H12ClNO5	0.0	CHEBI_115084
Cc1ccccc1NC(=O)CN1C(=O)NC(=Cc2cccn2-c2cccc(C(=O)O)c2)C1=O	1	1	C24H20N4O5	0.0	CHEBI_109208
Cc1ccccc1S(=O)(=O)N1C[C@@H](O)COC[C@@H]2O[C@@H](CC(=O)N3CCN(C)CC3)CC[C@H]21	1	1	C23H35N3O6S	0.0	CHEBI_97496
Cc1ccccc1S(=O)(=O)N1C[C@@H](O)COC[C@@H]2O[C@H](CC(=O)N3CCN(C)CC3)CC[C@H]21	1	1	C23H35N3O6S	0.0	CHEBI_100535
Cc1ccccc1S(=O)(=O)N1C[C@@H](O)COC[C@H]2O[C@@H](CC(=O)N3CCN(C)CC3)CC[C@@H]21	1	1	C23H35N3O6S	0.0	CHEBI_97089
Cc1ccccc1S(=O)(=O)N1C[C@@H](O)COC[C@H]2O[C@H](CC(=O)N3CCN(C)CC3)CC[C@@H]21	1	1	C23H35N3O6S	0.0	CHEBI_102006
Cc1ccccc1S(=O)(=O)N1C[C@H](O)COC[C@@H]2O[C@@H](CC(=O)N3CCN(C)CC3)CC[C@H]21	1	1	C23H35N3O6S	0.0	CHEBI_102815
Cc1ccccc1S(=O)(=O)N1C[C@H](O)COC[C@@H]2O[C@H](CC(=O)N3CCN(C)CC3)CC[C@H]21	1	1	C23H35N3O6S	0.0	CHEBI_97884
Cc1ccccc1S(=O)(=O)N1C[C@H](O)COC[C@H]2O[C@@H](CC(=O)N3CCN(C)CC3)CC[C@@H]21	1	1	C23H35N3O6S	0.0	CHEBI_101696
Cc1ccccc1S(=O)(=O)N1C[C@H](O)COC[C@H]2O[C@H](CC(=O)N3CCN(C)CC3)CC[C@@H]21	1	1	C23H35N3O6S	0.0	CHEBI_97781
Cc1ccccc1S(=O)(=O)NCC[C@@H]1CC[C@@H](NC(=O)Nc2cccc(Cl)c2)[C@H](CO)O1	1	1	C22H28ClN3O5S	0.0	CHEBI_123615
Cc1cccn2c(=O)c(C=C(C#N)C(=O)NC3CCS(=O)(=O)C3)c(Oc3ccc(F)cc3)nc12	1	1	C23H19FN4O5S	0.0	CHEBI_122040
Cc1ccn2cc(-c3cccc(NC(=O)c4cccs4)c3)nc2c1	1	1	C19H15N3OS	0.0	CHEBI_112422
Cc1cn(C2CC(N)C(CO)O2)c(=O)[nH]c1=O	1	1	C10H15N3O4	0.0	CHEBI_179582
Cc1cn([C@H]2C[C@H](O)[C@@H](COP(=O)(O)OP(=O)(O)OC3C[C@@H](O)C(=O)[C@@H](C)O3)O2)c(=O)[nH]c1=O	1	1	C16H24N2O14P2	0.0	CHEBI_30940
Cc1cn([C@H]2C[C@H](O)[C@@H](COP(=O)(O)OP(=O)(O)O[C@@H]3CC[C@H](O)[C@H](C)O3)O2)c(=O)[nH]c1=O	1	1	C16H26N2O13P2	0.0	CHEBI_32341
Cc1cn([C@H]2C[C@H](O)[C@@H](COP(=O)(O)OP(=O)(O)O[C@@H]3C[C@@H](O)C(=O)[C@@H](C)O3)O2)c(=O)[nH]c1=O	1	1	C16H24N2O14P2	0.0	CHEBI_85368
Cc1cn([C@H]2C[C@H](O)[C@@H](COP(=O)(O)OP(=O)(O)O[C@@H]3C[C@@H](O)C(=O)[C@H](C)O3)O2)c(=O)[nH]c1=O	1	1	C16H24N2O14P2	0.0	CHEBI_28176
Cc1cn([C@H]2C[C@H](O)[C@@H](COP(=O)(O)OP(=O)(O)O[C@@H]3C[C@H](O)C(=O)[C@@H](C)O3)O2)c(=O)[nH]c1=O	1	1	C16H24N2O14P2	0.0	CHEBI_29722
Cc1cn([C@H]2C[C@H](O)[C@@H](COP(=O)([O-])OP(=O)([O-])O[C@@H]3C[C@@H](O)C(=O)[C@@H](C)O3)O2)c(=O)[nH]c1=O	1	1	C16H22N2O14P2-2	-2.0	CHEBI_84537
Cc1cn([Si](C)(C)C)c2ccccc12	1	1	C12H17NSi	0.0	CHEBI_180849
Cc1cnc(=O)[nH]c1N.Cl	1	1	C5H8ClN3O	0.0	CHEBI_165844
Cc1cnc2c(C(=O)O)c(Cl)ccc2c1	1	1	C11H8ClNO2	0.0	CHEBI_84199
Cc1cnc2ccccc2n1	1	1	C9H8N2	0.0	CHEBI_132812
Cc1coc(C)c1	1	1	C6H8O	0.0	CHEBI_89526
Cc1coc2c1C(=O)C(=O)c1c-2ccc2c(C)cccc12	1	1	C18H12O3	0.0	CHEBI_149906
Cc1coc2c1C(O)C1(C)C(C)CCCC1C2	1	1	C15H22O2	0.0	CHEBI_191450
Cc1coc2ccccc2c1=O	1	1	C10H8O2	0.0	CHEBI_134790
Cc1csc(-c2cnn(-c3ccccc3)c2NC(=O)c2cccc(C(F)(F)F)c2)n1	1	1	C21H15F3N4OS	0.0	CHEBI_116434
Cc1nc(C)c2c(n1)N(Cc1ccc(-c3ccccc3-c3nnn[nH]3)cc1)C(=O)CC2	1	1	C23H21N7O	0.0	CHEBI_135666
Cc1nc(Cc2ccccc2)c(=O)[nH]c1CCCCCC(C)C	1	1	C20H28N2O	0.0	CHEBI_200736
Cc1nc2c(nc1C)CCC2	1	1	C9H12N2	0.0	CHEBI_192291
Cc1nc2ccc(NC(=O)Nc3ccnc4cccnc34)cc2o1	1	1	C17H13N5O2	0.0	CHEBI_92733
Cc1nc2ccccc2c2cc[nH]c12	1	1	C12H10N2	0.0	CHEBI_67839
Cc1nc2n(c(=O)c1CCN1CCC(c3noc4cc(F)ccc34)CC1)CC(O)CC2	1	1	C23H27FN4O3	0.0	CHEBI_188072
Cc1ncc(COP(=O)(O)OP(=O)(O)O)c(N)n1	1	1	C6H11N3O7P2	0.0	CHEBI_16629
Cc1ncc(COP(=O)([O-])OP(=O)([O-])[O-])c(N)n1	1	1	C6H8N3O7P2-3	-3.0	CHEBI_57841
Cc1nccc2c1[nH]c1cc(OC(C)(C)C)ccc12	1	1	C16H18N2O	0.0	CHEBI_195234
Cc1ncn2cc(-c3ccc(Cl)cc3Cl)[nH]c(=O)c12	1	1	C13H9Cl2N3O	0.0	CHEBI_228786
Cc1nn(-c2ccccc2)c(N2CCCC2)c1C=C1N=C(c2ccc(OC(C)C)cc2)OC1=O	1	1	C27H28N4O3	0.0	CHEBI_112867
Cc1nn(-c2ccccc2)c2sc(C(=O)NCCN3CCOCC3)cc12	1	1	C19H22N4O2S	0.0	CHEBI_107110
Cc1nn(-c2ccccc2)c2sc(C(=O)NNC(=O)COc3ccccc3)cc12	1	1	C21H18N4O3S	0.0	CHEBI_105042
Cc1nn(C(=O)Cn2nc([N+](=O)[O-])cc2C)c(C)c1Cl	1	1	C11H12ClN5O3	0.0	CHEBI_93926
Cc1nn(C)c(/C(OC(=O)C(C)(C)C)=C(\C#N)c2ccc(C(C)(C)C)cc2)c1C	1	1	C24H31N3O2	0.0	CHEBI_81820
Cc1nnsc1C1=NNC2SC(C(Cl)(Cl)Cl)=NN12	1	1	C7H5Cl3N6S2	0.0	CHEBI_143904
Cc1noc(C)c1-c1ccc2[nH]cnc(=O)c2c1	1	1	C13H11N3O2	0.0	CHEBI_93637
Cc1noc(C)c1CN1C(=O)C(=O)c2cc(C#N)ccc21	1	1	C15H11N3O3	0.0	CHEBI_149839
Cc1noc(C)c1NC(=O)N(C)C[C@@H]1Oc2ccc(NC(=O)C3CCCCC3)cc2CC(=O)N([C@@H](C)CO)C[C@@H]1C	1	1	C30H43N5O6	0.0	CHEBI_124142
Cc1noc(C)c1NC(=O)N(C)C[C@@H]1Oc2ccc(NC(=O)C3CCCCC3)cc2CC(=O)N([C@H](C)CO)C[C@H]1C	1	1	C30H43N5O6	0.0	CHEBI_124758
Cc1noc(C)c1NC(=O)N(C)C[C@H]1Oc2ccc(N(C)C)cc2C(=O)N([C@@H](C)CO)C[C@H]1C	1	1	C24H35N5O5	0.0	CHEBI_124806
Cc1noc(C)c1NC(=O)N(C)C[C@H]1Oc2ccc(NC(=O)C3CCCCC3)cc2CC(=O)N([C@H](C)CO)C[C@H]1C	1	1	C30H43N5O6	0.0	CHEBI_124825
Cc1noc(C)c1NC(=O)Nc1cccc2c1O[C@@H](CN(C)C(=O)Nc1ccc(C(F)(F)F)cc1)[C@H](C)CN([C@H](C)CO)C2=O	1	1	C30H35F3N6O6	0.0	CHEBI_95260
Cc1noc(C)c1S(=O)(=O)N(CCc1ccccc1)Cc1ccccc1	1	1	C20H22N2O3S	0.0	CHEBI_109097
Cc1noc(NS(=O)(=O)c2ccc(NC(=O)c3cnc4scc(C)n4c3=O)cc2)c1C	1	1	C19H17N5O5S2	0.0	CHEBI_107595
Cc1nsc(-c2ccccc2)n1	1	1	C9H8N2S	0.0	CHEBI_194902
Cc1onc(-c2ccccc2Cl)c1C(=O)Nc1nnc(C(C)C)s1	1	1	C16H15ClN4O2S	0.0	CHEBI_114881
Cl.Cl.O.O=S(=O)(c1cccc2cnccc12)N1CCCNCC1.O=S(=O)(c1cccc2cnccc12)N1CCCNCC1	1	1	C28H38Cl2N6O5S2	0.0	CHEBI_180695
Cl.N=C(N)NC(=O)c1nc(Cl)c(N)nc1N	1	1	C6H9Cl2N7O	0.0	CHEBI_84743
Cl.NC(C(O)C=O)C(O)C(O)CO	1	1	C6H14ClNO5	0.0	CHEBI_201728
Cl.NNc1ccccc1Cl	1	1	C6H8Cl2N2	0.0	CHEBI_1046
Clc1cc(Cl)c(Cl)c(-c2cc(Cl)cc(Cl)c2Cl)c1	1	1	C12H4Cl6	0.0	CHEBI_34197
Clc1ccc(-c2noc(-c3cn[nH]c3-c3ccccc3)n2)cc1	1	1	C17H11ClN4O	0.0	CHEBI_183698
Clc1ccc(C(c2ccc(Cl)cc2)C(Cl)Cl)cc1	1	1	C14H10Cl4	0.0	CHEBI_27841
Clc1ccc(C2(Cn3cncn3)OCCO2)c(Cl)c1	1	1	C12H11Cl2N3O2	0.0	CHEBI_81898
Clc1ccc(CSC(Cn2ccnc2)c2ccc(Cl)cc2Cl)cc1	1	1	C18H15Cl3N2S	0.0	CHEBI_77776
Clc1ccc(CSC(Cn2cncn2)=Nc2ccc(Cl)cc2Cl)cc1	1	1	C17H13Cl3N4S	0.0	CHEBI_81767
Clc1ccccc1-c1ccc2ncnc(NCc3cccnc3)c2c1	1	1	C20H15ClN4	0.0	CHEBI_93292
Clc1ccccc1OCc1nnc(-c2ccccc2Br)o1	1	1	C15H10BrClN2O2	0.0	CHEBI_105095
Cn1c(=NC(=O)c2cnccn2)sc2ccccc21	1	1	C13H10N4OS	0.0	CHEBI_107814
Cn1c(=O)c2[nH]c(CNc3ccc(C(=O)O)cc3)nc2n(C)c1=O	1	1	C15H15N5O4	0.0	CHEBI_109304
Cn1c(=O)cc(OCCCC(=O)Nc2cccc(Cl)c2)c2ccccc21	1	1	C20H19ClN2O3	0.0	CHEBI_93552
Cn1c(C2CCc3cc(O)ccc3C2)cccc1=O	1	1	C16H17NO2	0.0	CHEBI_79427
Cn1c(N)nc2c(c1=O)n(C)c[n+]2[C@@H]1O[C@H](CO)[C@@H](O)[C@H]1[O-]	1	1	C12H17N5O5	0.0	CHEBI_165836
Cn1cnc(S(=O)(=O)N[C@@H]2C=C[C@@H](CC(=O)N3CCN(c4ccccc4)CC3)O[C@@H]2CO)c1	1	1	C22H29N5O5S	0.0	CHEBI_101163
Cn1cnc(S(=O)(=O)N[C@@H]2C=C[C@@H](CC(=O)N3CCN(c4ccccc4)CC3)O[C@H]2CO)c1	1	1	C22H29N5O5S	0.0	CHEBI_97718
Cn1cnc(S(=O)(=O)N[C@@H]2C=C[C@H](CC(=O)N3CCN(c4ccccc4)CC3)O[C@H]2CO)c1	1	1	C22H29N5O5S	0.0	CHEBI_103076
Cn1cnc(S(=O)(=O)N[C@H]2C=C[C@@H](CC(=O)N3CCN(c4ccccc4)CC3)O[C@@H]2CO)c1	1	1	C22H29N5O5S	0.0	CHEBI_101203
Cn1cnc(S(=O)(=O)N[C@H]2C=C[C@@H](CC(=O)N3CCN(c4ccccc4)CC3)O[C@H]2CO)c1	1	1	C22H29N5O5S	0.0	CHEBI_99504
Cn1cnc(S(=O)(=O)N[C@H]2C=C[C@H](CC(=O)N3CCN(c4ccccc4)CC3)O[C@@H]2CO)c1	1	1	C22H29N5O5S	0.0	CHEBI_98911
Cn1cnc(S(=O)(=O)N[C@H]2C=C[C@H](CC(=O)N3CCN(c4ccccc4)CC3)O[C@H]2CO)c1	1	1	C22H29N5O5S	0.0	CHEBI_99962
Cn1cnc2c(F)c(Nc3ccc(Br)cc3F)c(C(=O)NOCCO)cc21	1	1	C17H15BrF2N4O3	0.0	CHEBI_145371
Cn1cnnc1C1CCN(c2ncccc2-c2ccc(F)nc2)CC1	1	1	C18H19FN6	0.0	CHEBI_188811
Cn1nc(C(C)(C)C)cc1C(=O)NCc1ccc2c(c1)CCO2	1	1	C18H23N3O2	0.0	CHEBI_180545
Cn1nc(C(F)(F)F)c(C=NOC(=O)c2ccccc2)c1SCc1ccccc1Cl	1	1	C20H15ClF3N3O2S	0.0	CHEBI_115520
Cn1ncc(Cl)c(Cl)c1=O	1	1	C5H4Cl2N2O	0.0	CHEBI_194728
Cn1ncc(Cl)c1-c1cc(C(=O)N[C@H](CN)Cc2cccc(F)c2)sc1Cl	1	1	C18H17Cl2FN4OS	0.0	CHEBI_131168
FC(F)(Cl)C(F)(Cl)Cl	1	1	C2Cl3F3	0.0	CHEBI_193131
FC(F)(F)c1ccc(OCCCOc2c(Cl)cc(OCC=C(Cl)Cl)cc2Cl)nc1	1	1	C18H14Cl4F3NO3	0.0	CHEBI_38887
F[Si-2](F)(F)(F)(F)F.[Pb+2]	1	1	F6PbSi	0.0	CHEBI_37192
Fc1cc(-c2ccnc(Nc3ccc(-n4cnc(N5CCOCC5)n4)cc3)n2)cc(N2CCOCC2)c1	1	1	C26H27FN8O2	0.0	CHEBI_124929
Fc1cc(NC(=S)NCc2ccc(CNC(=S)Nc3ccc(Cl)c(F)c3)cc2)ccc1Cl	1	1	C22H18Cl2F2N4S2	0.0	CHEBI_105872
Fc1ccc(Br)cc1	1	1	C6H4BrF	0.0	CHEBI_141551
Fc1ccc(C2CCNCC2COc2ccc3c(c2)OCO3)cc1	1	1	C19H20FNO3	0.0	CHEBI_94410
Fc1ccc(Nc2nnc(-c3ccncc3)s2)cc1Cl	1	1	C13H8ClFN4S	0.0	CHEBI_92924
Fc1ccc([C@@H]2CCNC[C@H]2COc2ccc3c(c2)OCO3)cc1	1	1	C19H20FNO3	0.0	CHEBI_7936
Fc1ccc([C@@H]2CCNC[C@H]2COc2ccc3c(c2)OCO3)cc1.O=C(O)/C=C\C(=O)O	1	1	C23H24FNO7	0.0	CHEBI_64194
Fc1ccc([C@@H]2CC[NH2+]C[C@H]2COc2ccc3c(c2)OCO3)cc1	1	1	C19H21FNO3+	1.0	CHEBI_64197
N#C/C(=C\c1ccc(O)cc1)C(=O)O	1	1	C10H7NO3	0.0	CHEBI_64340
N#CC1=C(N)NC(SCc2ccc(Br)cc2)=C(C#N)C12CCCCC2	1	1	C19H19BrN4S	0.0	CHEBI_109842
N#CCC[NH3+]	1	1	C3H7N2+	1.0	CHEBI_91086
N#CCCc1ccccc1	1	1	C9H9N	0.0	CHEBI_85426
N#CSCc1ccccc1	1	1	C8H7NS	0.0	CHEBI_16017
N#C[C@@H](O)P(=O)(O)O	1	1	C2H4NO4P	0.0	CHEBI_217028
N#C[C@@H]1C[C@@H]2C[C@@H]2N1C(=O)[C@@H](N)C12CC3CC(CC(O)(C3)C1)C2.O	1	1	C18H27N3O3	0.0	CHEBI_71271
N#C[C@@H]1N[C@@H](CO)[C@@H]1c1ccc(C#CC2CCCCC2)cc1	1	1	C19H22N2O	0.0	CHEBI_98813
N#C[C@@H]1N[C@@H](CO)[C@H]1c1ccc(C#CC2CCCCC2)cc1	1	1	C19H22N2O	0.0	CHEBI_98749
N#C[C@@H]1N[C@H](CO)[C@H]1c1ccc(C#CC2CCCCC2)cc1	1	1	C19H22N2O	0.0	CHEBI_101611
N#C[C@H]1N[C@@H](CO)[C@@H]1c1ccc(C#CC2CCCCC2)cc1	1	1	C19H22N2O	0.0	CHEBI_102410
N#C[C@H]1N[C@@H](CO)[C@H]1c1ccc(C#CC2CCCCC2)cc1	1	1	C19H22N2O	0.0	CHEBI_99323
N#C[C@H]1N[C@H](CO)[C@@H]1c1ccc(C#CC2CCCCC2)cc1	1	1	C19H22N2O	0.0	CHEBI_95363
N#C[C@H]1N[C@H](CO)[C@H]1c1ccc(C#CC2CCCCC2)cc1	1	1	C19H22N2O	0.0	CHEBI_101640
N#Cc1ccc(F)cc1	1	1	C7H4FN	0.0	CHEBI_194793
N#Cc1cn(CCCOc2ccccc2)c2ccccc12	1	1	C18H16N2O	0.0	CHEBI_109287
N#Cc1cnn(-c2ccc(F)cc2)c1NC(=O)C1CCCCC1	1	1	C17H17FN4O	0.0	CHEBI_190602
N#Cc1nc(-c2ccc(OCc3ccc(Cl)cc3)cc2)oc1N1CCOCC1	1	1	C21H18ClN3O3	0.0	CHEBI_122201
N#Cc1nc(-c2cccs2)oc1NCC1CCCO1	1	1	C13H13N3O2S	0.0	CHEBI_116357
N#[C][Au-]([C]#N)([C]#N)[C]#N	1	1	C4AuN4-	-1.0	CHEBI_30324
N#[N+]/C=C(\O)OC[C@H](N)C(=O)O	1	1	C5H8N3O4+	1.0	CHEBI_177591
N/C(=C\C(=O)O)C(=O)O	1	1	C4H5NO4	0.0	CHEBI_145328
N/C=C/P(=O)([O-])O	1	1	C2H5NO3P-	-1.0	CHEBI_229566
N=C(N)C=CNC(=O)c1cc(NC(=O)[C@@H]2C[C@@H](O)C(N)=N2)c[nH]1	1	1	C13H17N7O3	0.0	CHEBI_203315
N=C(N)N1Cc2ccccc2C(O)C1	1	1	C10H13N3O	0.0	CHEBI_63800
N=C(N)NCCCCNC(=O)/C=C/c1ccc(O)cc1	1	1	C14H20N4O2	0.0	CHEBI_86080
N=C(N)NCCCCNC(=O)/C=C\c1ccc(O)cc1	1	1	C14H20N4O2	0.0	CHEBI_86085
N=C(N)NCCCCNC(=O)C=Cc1ccc(O)cc1	1	1	C14H20N4O2	0.0	CHEBI_32818
N=C(N)NCCCCNC(=O)[C@@]1(O)[C@H](c2c[nH]c3cc(Br)ccc23)[C@@](O)(Cc2c[nH]c3cc(Br)ccc23)C(=O)N1CCCCNC(=N)N	1	1	C32H40Br2N10O4	0.0	CHEBI_68031
N=C(N)NCCC[C@@H](NC(=O)c1ccc(OC(=O)c2ccc(O)cc2)cc1)C(=O)O	1	1	C20H22N4O6	0.0	CHEBI_69268
N=C(N)NCCC[C@H](N)C(=O)N[C@@H](CC(=O)O)C(=O)N[C@@H](CCC(N)=O)C(=O)N[C@@H](CO)C(=O)O	1	1	C18H32N8O9	0.0	CHEBI_137242
N=C(N)NCCC[C@H](N)C(=O)OP(=O)(O)OC[C@H]1O[C@@H](n2cnc3c(N)ncnc32)[C@H](O)[C@@H]1O	1	1	C16H26N9O8P	0.0	CHEBI_229719
N=C(N)NCCN1CCCCCCC1	1	1	C10H22N4	0.0	CHEBI_5557
N=C1C=CC(=C(c2ccc(N)cc2)c2ccc(N)cc2)C=C1	1	1	C19H17N3	0.0	CHEBI_75372
N=C1N(O)[C@@H](COC(=O)NS(=O)(=O)O)[C@@H]2N=C(N)N[C@]23N1CCC3(O)O	1	1	C10H17N7O8S	0.0	CHEBI_214686
N=P(=N)N	1	1	H4N3P	0.0	CHEBI_144043
N=S(N)c1ccccc1	1	1	C6H8N2S	0.0	CHEBI_37828
NC(=NOC(=O)COc1ccc(Cl)cc1Cl)c1ccccn1	1	1	C14H11Cl2N3O3	0.0	CHEBI_121043
NC(=O)/C=C/c1ccccc1	1	1	C9H9NO	0.0	CHEBI_76320
NC(=O)/C=C\c1ccccc1	1	1	C9H9NO	0.0	CHEBI_76321
NC(=O)C(CCCCNC(=O)c1ccc([N+](=O)[O-])o1)NC(=O)CCOCCOCCOCCOCCOCCOCCNC(=O)CCCc1c[nH]c2ccccc12	1	1	C38H56N6O13	0.0	CHEBI_63096
NC(=O)C(N)CCC(=O)O	1	1	C5H10N2O3	0.0	CHEBI_21305
NC(=O)C(O)C(O)CO	1	1	C4H9NO4	0.0	CHEBI_214639
NC(=O)C1=CN([C@@H]2O[C@H](COP(=O)(O)OP(=O)(O)OC[C@H]3O[C@@H](n4cnc5c(N)ncnc54)[C@H](OP(=O)(O)O)[C@@H]3O)[C@@H](O)[C@H]2O)C=CC1	1	1	C21H30N7O17P3	0.0	CHEBI_16474
NC(=O)C1=CN([C@@H]2O[C@H](COP(=O)([O-])OP(=O)([O-])OC[C@H]3O[C@@H](n4cnc5c(N)ncnc54)[C@H](OP(=O)([O-])[O-])[C@@H]3O)[C@@H](O)[C@H]2O)C=CC1	1	1	C21H26N7O17P3-4	-4.0	CHEBI_57783
NC(=O)C1=CN([C@H]2O[C@H](COP(=O)(O)OP(=O)(O)OC[C@H]3O[C@@H](n4cnc5c(N)ncnc54)[C@H](OP(=O)(O)O)[C@@H]3O)[C@@H](O)[C@H]2O)C=CC1	1	1	C21H30N7O17P3	0.0	CHEBI_77312
NC(=O)C1=CN([C@H]2O[C@H](COP(=O)([O-])OP(=O)([O-])OC[C@H]3O[C@@H](n4cnc5c(N)ncnc54)[C@H](OP(=O)([O-])[O-])[C@@H]3O)[C@@H](O)[C@H]2O)C=CC1	1	1	C21H26N7O17P3-4	-4.0	CHEBI_77177
NC(=O)C1CC1	1	1	C4H7NO	0.0	CHEBI_51457
NC(=O)C=Cc1ccccc1	1	1	C9H9NO	0.0	CHEBI_23246
NC(=O)C=O	1	1	C2H3NO2	0.0	CHEBI_59839
NC(=O)CCCCn1ccc(NC(N)=NCC(F)(F)F)n1	1	1	C11H17F3N6O	0.0	CHEBI_93167
NC(=O)CC[C@H](N)C(=O)N[C@@H](CS)C(=O)NCC(=O)O	1	1	C10H18N4O5S	0.0	CHEBI_162033
NC(=O)CC[C@H](NC(=O)[C@@H](N)CCC(=O)O)C(=O)N[C@@H](CC(N)=O)C(=O)O	1	1	C14H23N5O8	0.0	CHEBI_162844
NC(=O)CC[C@H](NC(=O)[C@@H](N)Cc1c[nH]c2ccccc12)C(=O)N[C@@H](Cc1ccccc1)C(=O)O	1	1	C25H29N5O5	0.0	CHEBI_164620
NC(=O)CC[C@H](NC(=O)[C@@H](N)Cc1ccccc1)C(=O)N[C@@H](Cc1ccc(O)cc1)C(=O)O	1	1	C23H28N4O6	0.0	CHEBI_161470
NC(=O)CC[C@H](NC(=O)[C@@H]1CCCN1C(=O)[C@@H](N)CCC(=O)O)C(=O)O	1	1	C15H24N4O7	0.0	CHEBI_163182
NC(=O)CC[C@H](NC(=O)[C@H](CC(=O)O)NC(=O)[C@@H](N)Cc1cnc[nH]1)C(=O)O	1	1	C15H22N6O7	0.0	CHEBI_164319
NC(=O)CC[C@H](NC(=O)[C@H](CC(=O)O)NC(=O)[C@H](Cc1ccccc1)NC(=O)[C@@H](N)CC(=O)O)C(=O)O	1	1	C22H29N5O10	0.0	CHEBI_73437
NC(=O)CC[C@H](NC(=O)[C@H](CS)NC(=O)[C@@H](N)CC(=O)O)C(=O)O	1	1	C12H20N4O7S	0.0	CHEBI_160447
NC(=O)COc1ccccc1	1	1	C8H9NO2	0.0	CHEBI_195066
NC(=O)C[C@H](N)C(=O)N[C@@H](Cc1c[nH]c2ccccc12)C(=O)N1CCC[C@@H]1C(=O)O	1	1	C20H25N5O5	0.0	CHEBI_160185
NC(=O)C[C@H](N)C(=O)N[C@@H](Cc1cnc[nH]1)C(=O)N[C@@H](CO)C(=O)O	1	1	C13H20N6O6	0.0	CHEBI_159824
NC(=O)C[C@H](NC(=O)[C@@H](N)CC(N)=O)C(=O)N1CCC[C@H]1C(=O)N[C@@H](CO)C(=O)O	1	1	C16H26N6O8	0.0	CHEBI_73407
NC(=O)C[C@H](NC(=O)[C@H](CC(N)=O)NC(=O)[C@@H](N)CC(N)=O)C(=O)O	1	1	C12H20N6O7	0.0	CHEBI_159558
NC(=O)C[C@H](NC(=O)[C@H](CCCN=C(N)N)NC(=O)[C@@H](N)Cc1ccc(O)cc1)C(=O)O	1	1	C19H29N7O6	0.0	CHEBI_164954
NC(=O)C[C@H](NC(=O)[C@H](CO)NC(=O)[C@@H](N)CCC(=O)O)C(=O)O	1	1	C12H20N4O8	0.0	CHEBI_163215
NC(=O)C[C@H](NC(=O)[C@H](CO)NC(=O)[C@@H](N)CCCN=C(N)N)C(=O)O	1	1	C13H25N7O6	0.0	CHEBI_159282
NC(=O)N/C=C\C(=O)OO	1	1	C4H6N2O4	0.0	CHEBI_59889
NC(=O)N[C@@H](CS)C(=O)O	1	1	C4H8N2O3S	0.0	CHEBI_64855
NC(=O)N[C@@H](CS)C(=O)[O-]	1	1	C4H7N2O3S-	-1.0	CHEBI_64772
NC(=O)O[C@@H]1[C@@H](O)[C@@H](NC(=O)C[C@@H]([NH3+])CCC[NH3+])[C@H](/[NH+]=C2\N[C@H]([C@H](O)C[NH3+])[C@@H](C(=O)[O-])N2)O[C@@H]1CO	1	1	C19H39N8O9+3	3.0	CHEBI_60838
NC(=O)[C@@H](N)CCC(=O)O	1	1	C5H10N2O3	0.0	CHEBI_192480
NC(=O)[C@H](N)CCC(=O)O	1	1	C5H10N2O3	0.0	CHEBI_192481
NC(=O)[C@H]1CCCCc2c1[nH]c1ccc(Cl)cc21	1	1	C14H15ClN2O	0.0	CHEBI_142489
NC(=O)[C@H]1[C@@H]2C(=O)O[C@@H](c3ccccc3)[C@@H](c3ccccc3)N2[C@@H](c2ccc(OCCO)cc2)[C@]12C(=O)Nc1ccc(C#CC3(O)CCCCCC3)cc12	1	1	C44H43N3O7	0.0	CHEBI_94148
NC(=O)c1cc[n+](COC[n+]2ccc(/C=N/O)cc2/C=N\O)cc1.[I-].[I-]	1	1	C15H17I2N5O4	0.0	CHEBI_5592
NC(=O)c1ccc(C(F)(F)F)n(Cc2ccccc2Cl)c1=O	1	1	C14H10ClF3N2O2	0.0	CHEBI_114321
NC(=O)c1ccc(F)c(Cl)c1	1	1	C7H5ClFNO	0.0	CHEBI_194632
NC(=O)c1cn(-c2ccc(F)cc2)c2cc(-c3ccncc3)ccc2c1=O	1	1	C21H14FN3O2	0.0	CHEBI_8729
NC(=O)c1csc(-c2ccccc2O)n1	1	1	C10H8N2O2S	0.0	CHEBI_70580
NC(=O)c1nc(-c2ccccc2)n(-c2ccc(Cl)c(COCC(F)(F)C(F)(F)F)c2)n1	1	1	C19H14ClF5N4O2	0.0	CHEBI_81818
NC(=O)c1ncn([C@@H]2O[C@H](COP(=O)(O)O)[C@@H](O)[C@H]2O)c1NC=O	1	1	C10H15N4O9P	0.0	CHEBI_18381
NC(=S)c1ccsc1	1	1	C5H5NS2	0.0	CHEBI_195164
NC(=[NH2+])NCCCCNC(=O)/C=C/c1ccc(O)cc1	1	1	C14H21N4O2+	1.0	CHEBI_86078
NC(=[NH2+])NCCCCNC(=O)/C=C\c1ccc(O)cc1	1	1	C14H21N4O2+	1.0	CHEBI_86083
NC(=[NH2+])NCCCCNC(=O)C=Cc1ccc(O)cc1	1	1	C14H21N4O2+	1.0	CHEBI_58644
NC(=[NH2+])NCCCC[NH2+]CCC[NH2+]CCC[NH3+]	1	1	C11H32N6+4	4.0	CHEBI_230478
NC(=[NH2+])NCCC[C@@H]1NC(=O)/C(=C/c2ccc(O)cc2)NC1=O	1	1	C15H20N5O3+	1.0	CHEBI_230544
NC(=[NH2+])NCCC[C@H]([NH3+])C(=O)N1CCC[C@H]1C(=O)N[C@@H](CCCC[NH3+])C(=O)N1CCC[C@H]1C(=O)N[C@@H](CCC(N)=O)C(=O)N[C@@H](CCC(N)=O)C(=O)N[C@@H](Cc1ccccc1)C(=O)N[C@@H](Cc1ccccc1)C(=O)[O-]	1	1	C50H76N14O11+2	2.0	CHEBI_190694
NC(=[NH2+])NCCC[C@H]([NH3+])C(=O)OP(=O)([O-])OC[C@H]1O[C@@H](n2cnc3c(N)ncnc32)[C@H](O)[C@@H]1O	1	1	C16H27N9O8P+	1.0	CHEBI_144944
NC(C(=O)O)C(=O)c1ccc[nH]1	1	1	C7H8N2O3	0.0	CHEBI_180143
NC(C(=O)O)C(O)C1(C(=O)O)CCC(CC(NC(=O)c2cc(Cl)c(O)c(Cl)c2)C(=O)O)N1	1	1	C18H21Cl2N3O9	0.0	CHEBI_216599
NC(CCC(=O)C(SSCC(N)C(=O)O)C(N)C(=O)O)C(=O)O	1	1	C11H19N3O7S2	0.0	CHEBI_231576
NC(CCC(=O)NC(CSC(c1ccccc1)C(O)CO)C(=O)NCC(=O)O)C(=O)O	1	1	C19H27N3O8S	0.0	CHEBI_186389
NC(CCC[C@H](N)C(=O)O)CCC(=O)O	1	1	C9H18N2O4	0.0	CHEBI_195572
NC(Cc1ccc(Oc2cc(CC(N)C(=O)O)cc(-c3cc(CC(N)C(=O)O)cc(Oc4ccc(CC(N)C(=O)O)cc4)c3O)c2O)cc1)C(=O)O	1	1	C36H38N4O12	0.0	CHEBI_172807
NC(N)=NCCCC(NC(=O)C1CCCN1C(=O)C(Cc1ccccc1)NC(=O)C(N)Cc1ccccc1)C(=O)O	1	1	C29H39N7O5	0.0	CHEBI_230030
NC(N)=NCCCCNC(=O)/C=C\c1cc(O)c2c(c1)C(C(=O)NCCCCN=C(N)N)C(c1ccc(OC3OC(CO)C(O)C(O)C3O)cc1)O2	1	1	C34H48N8O10	0.0	CHEBI_192210
NC(N)=NCCC[C@H](N)C(=O)N[C@@H](CO)C(=O)N[C@@H](CC(=O)O)C(=O)O	1	1	C13H24N6O7	0.0	CHEBI_159284
NC(N)=NCCC[C@H](N)C(=O)N[C@@H](CS)C(=O)N[C@@H](CS)C(=O)O	1	1	C12H24N6O4S2	0.0	CHEBI_158848
NC(N)=NCCC[C@H](N)C(=O)N[C@@H](Cc1ccc(O)cc1)C(=O)N[C@@H](CC(=O)O)C(=O)O	1	1	C19H28N6O7	0.0	CHEBI_159401
NC(N)=NCCC[C@H](N)C(=O)N[C@@H](Cc1ccccc1)C(=O)N[C@@H](CO)C(=O)O	1	1	C18H28N6O5	0.0	CHEBI_159229
NC(N)=NCCC[C@H](NC(=O)CC[C@H](N)C(=O)O)C(=O)O	1	1	C11H21N5O5	0.0	CHEBI_174900
NC(N)=NCCC[C@H](NC(=O)CNC(=O)[C@@H](N)CO)C(=O)O	1	1	C11H22N6O5	0.0	CHEBI_163100
NC(N)=NCCC[C@H](NC(=O)[C@@H](N)Cc1c[nH]c2ccccc12)C(=O)N[C@@H](Cc1ccccc1)C(=O)O	1	1	C26H33N7O4	0.0	CHEBI_164461
NC(N)=NCCC[C@H](NC(=O)[C@@H](N)Cc1ccc(O)cc1)C(=O)NCC(=O)O	1	1	C17H26N6O5	0.0	CHEBI_164959
NC(N)=NCCC[C@H](NC(=O)[C@H](CO)NC(=O)[C@@H](N)Cc1c[nH]c2ccccc12)C(=O)O	1	1	C20H29N7O5	0.0	CHEBI_164834
NC(N)=NCCC[C@H](NC(=O)[C@H](CS)NC(=O)[C@@H]1CCCN1)C(=O)O	1	1	C14H26N6O4S	0.0	CHEBI_162179
NC(N)=NCCC[C@H](NC(=O)[C@H](Cc1c[nH]c2ccccc12)NC(=O)[C@@H](N)Cc1ccc(O)cc1)C(=O)O	1	1	C26H33N7O5	0.0	CHEBI_165996
NC(N)=NCCC[C@H](NC(=O)[C@H](Cc1cnc[nH]1)NC(=O)[C@@H](N)CS)C(=O)O	1	1	C15H26N8O4S	0.0	CHEBI_161383
NC(N)=NCCC[C@H](NC(=O)[C@H](Cc1cnc[nH]1)NC(=O)[C@@H](N)Cc1ccc(O)cc1)C(=O)O	1	1	C21H30N8O5	0.0	CHEBI_165092
NC(N)=O.O=S(=O)([O-])[O-].[NH4+].[NH4+]	1	1	CH12N4O5S	0.0	CHEBI_91240
NC(O)C(c1ccccc1)C(c1ccccc1)C(O)C(=O)O	1	1	C17H19NO4	0.0	CHEBI_169686
NC1=C/C(=C2/C=C(N)C(=O)NC2=O)C(=O)NC1=O	1	1	C10H8N4O4	0.0	CHEBI_79296
NC1=NC2C(CO)N=C(N)N3CC(OS(=O)(=O)O)C(O)(O)C23N1	1	1	C9H16N6O7S	0.0	CHEBI_166661
NC1=NC2C(COC(=O)NO)N=C(N)N3CCC(O)(O)C23N1	1	1	C10H17N7O5	0.0	CHEBI_174292
NC1=NCCN1CC(=O)O	1	1	C5H9N3O2	0.0	CHEBI_229254
NC1=N[C@H]2[C@H](CO)N=C(N)N3CC[C@@H](O)[C@]23N1	1	1	C9H16N6O2	0.0	CHEBI_188785
NC1=N[C@H]2[C@H](CO)N=C(N)N3CC[C@H](O)[C@]23N1	1	1	C9H16N6O2	0.0	CHEBI_214666
NC1=N[C@H]2[C@H](CO)N=C(N)N3C[C@@H](OS(=O)(=O)O)C(O)(O)[C@]23N1	1	1	C9H16N6O7S	0.0	CHEBI_212428
NC1=N[C@H]2[C@H](CO)N=C(N)N3C[C@H](OS(=O)(=O)O)C(O)(O)[C@]23N1	1	1	C9H16N6O7S	0.0	CHEBI_212434
NC1CC1c1ccccc1	1	1	C9H11N	0.0	CHEBI_131512
NC1C[C@H]1c1ccccc1	1	1	C9H11N	0.0	CHEBI_91711
NC1N=NN=N1	1	1	CH3N5	0.0	CHEBI_229356
NCC(=O)N[C@@H](CC(N)=O)C(=O)N[C@@H](CC(=O)O)C(=O)O	1	1	C10H16N4O7	0.0	CHEBI_163490
NCC(=O)N[C@@H](CO)C(=O)N1CCC[C@@H]1C(=O)O	1	1	C10H17N3O5	0.0	CHEBI_164015
NCC(=O)N[C@@H](Cc1c[nH]c2ccccc12)C(=O)O	1	1	C13H15N3O3	0.0	CHEBI_73921
NCC(=O)N[C@@H](Cc1cnc[nH]1)C(=O)NCC(=O)O	1	1	C10H15N5O4	0.0	CHEBI_163724
NCC(=O)Nc1ccc2ccccc2c1	1	1	C12H12N2O	0.0	CHEBI_90347
NCCCC(N)C(=O)O	1	1	C5H12N2O2	0.0	CHEBI_18257
NCCCC(N)C(=O)[O-]	1	1	C5H11N2O2-	-1.0	CHEBI_32964
NCCCCC(NC(=O)C(N)Cc1cnc[nH]1)C(=O)NC(Cc1c[nH]c2ccccc12)C(=O)N1CCCC1C(=O)O	1	1	C28H38N8O5	0.0	CHEBI_183152
NCCCCCCNc1ncnc2c1ncn2[C@@H]1O[C@@H]2COP(=O)(O)O[C@H]2[C@H]1O	1	1	C16H25N6O6P	0.0	CHEBI_84606
NCCCCNC(=O)[C@H](CCCN(O)C=O)NC(=O)[C@H](CO)NC(=O)[C@H](NC(=O)[C@H](CCC/N=[N+](\[O-])CCC[C@H](NC=O)C(=O)N[C@@H](C(=O)N[C@@H](CO)C(=O)N[C@@H](CCCN(O)C=O)C(=O)NCCCCN)[C@@H](O)C(=O)O)NC=O)[C@@H](O)C(=O)O	1	1	C46H80N16O23	0.0	CHEBI_203138
NCCCCNC(=O)[C@H](CCCN(O)C=O)NC(=O)[C@H](CO)NC(=O)[C@H](NC(=O)[C@H](CCCN=O)NC=O)[C@@H](O)C(=O)O	1	1	C23H40N8O12	0.0	CHEBI_205131
NCCCC[C@H](N)C(=O)N1CCC[C@H]1C(=O)N[C@@H](CCCN=C(N)N)C(=O)O	1	1	C17H33N7O4	0.0	CHEBI_160217
NCCCC[C@H](N)C(=O)N1CCC[C@H]1C(=O)O	1	1	C11H21N3O3	0.0	CHEBI_74567
NCCCC[C@H](N)C(=O)N[C@@H](CC(=O)O)C(=O)NCC(=O)O	1	1	C12H22N4O6	0.0	CHEBI_159798
NCCCC[C@H](N)C(=O)N[C@@H](CC(N)=O)C(=O)N[C@@H](CC(N)=O)C(=O)O	1	1	C14H26N6O6	0.0	CHEBI_159748
NCCCC[C@H](N)C(=O)N[C@@H](CCCN=C(N)N)C(=O)N[C@@H](CC(N)=O)C(=O)O	1	1	C16H32N8O5	0.0	CHEBI_159709
NCCCC[C@H](N)C(=O)N[C@@H](CS)C(=O)N[C@@H](Cc1ccccc1)C(=O)O	1	1	C18H28N4O4S	0.0	CHEBI_159849
NCCCC[C@H](N)C(=O)N[C@@H](Cc1ccccc1)C(=O)N1CCC[C@@H]1C(=O)O	1	1	C20H30N4O4	0.0	CHEBI_160205
NCCCC[C@H](NC(=O)CNc1ccc([N+](=O)[O-])cc1[N+](=O)[O-])C(=O)NCCC(=O)O	1	1	C17H24N6O8	0.0	CHEBI_139251
NCCCC[C@H](NC(=O)[C@@H](N)CC(=O)O)C(=O)N[C@@H](Cc1cnc[nH]1)C(=O)O	1	1	C16H26N6O6	0.0	CHEBI_160725
NCCCC[C@H](NC(=O)[C@@H](N)CC(N)=O)C(=O)N[C@@H](CCCN=C(N)N)C(=O)O	1	1	C16H32N8O5	0.0	CHEBI_159918
NCCCC[C@H](NC(=O)[C@@H](N)CCC(N)=O)C(=O)N[C@@H](Cc1c[nH]c2ccccc12)C(=O)O	1	1	C22H32N6O5	0.0	CHEBI_162330
NCCCC[C@H](NC(=O)[C@@H](N)CCCCN)C(=O)N[C@@H](CC(=O)O)C(=O)O	1	1	C16H31N5O6	0.0	CHEBI_160104
NCCCC[C@H](NC(=O)[C@@H](N)CCCCN)C(=O)N[C@@H](CS)C(=O)O	1	1	C15H31N5O4S	0.0	CHEBI_160106
NCCCC[C@H](NC(=O)[C@@H](N)Cc1ccc(O)cc1)C(=O)O	1	1	C15H23N3O4	0.0	CHEBI_75004
NCCCC[C@H](NC(=O)[C@@H]1CCCN1)C(=O)NCC(=O)O	1	1	C13H24N4O4	0.0	CHEBI_162471
NCCCC[C@H](NC(=O)[C@H](CC(N)=O)NC(=O)[C@@H](N)CC(N)=O)C(=O)O	1	1	C14H26N6O6	0.0	CHEBI_159577
NCCCC[C@H](NC(=O)[C@H](CS)NC(=O)[C@@H](N)CC(=O)O)C(=O)O	1	1	C13H24N4O6S	0.0	CHEBI_160459
NCCCC[C@H](NC(=O)[C@H](Cc1cnc[nH]1)NC(=O)[C@@H](N)Cc1cnc[nH]1)C(=O)O	1	1	C18H28N8O4	0.0	CHEBI_164531
NCCCCc1ccccc1	1	1	C10H15N	0.0	CHEBI_44814
NCCCNC(=S)NCCCN(Cc1ccc(Cl)cc1)c1ccc(Br)cn1	1	1	C19H25BrClN5S	0.0	CHEBI_93258
NCCCNCCCCNC(=O)CCC(=O)O	1	1	C11H23N3O3	0.0	CHEBI_195642
NCCC[C@@H](N)C(=O)O	1	1	C5H12N2O2	0.0	CHEBI_16176
NCCC[C@@H](NC(=O)c1ccc(Cl)c(O)c1O)C(=O)N[C@H](CCCN(O)C=O)C(=O)O	1	1	C18H25ClN4O8	0.0	CHEBI_200932
NCCC[C@H](N)C(=O)O	1	1	C5H12N2O2	0.0	CHEBI_15729
NCCC[C@H](N)C(=O)[O-]	1	1	C5H11N2O2-	-1.0	CHEBI_46914
NCCCn1cc(C2=C(c3c[nH]c4ccccc34)C(=O)NC2=O)c2ccccc21	1	1	C23H20N4O2	0.0	CHEBI_41059
NCCNC(=O)c1ccc(Cl)cc1	1	1	C9H11ClN2O	0.0	CHEBI_92783
NCCNS(=O)(=O)c1cccc2c(Cl)cccc12	1	1	C12H13ClN2O2S	0.0	CHEBI_107666
NCCOP(=O)(O)OC[C@H]1O[C@H](O[C@@H]2[C@@H](OC[C@H]3O[C@H](O[C@H]4[C@H](O)[C@@H](N)[C@H](OCCCCCCS)O[C@@H]4CO)[C@@H](O)[C@@H](O)[C@@H]3O)O[C@H](CO)[C@@H](O)[C@@H]2O)[C@@H](O[C@H]2O[C@H](CO)[C@@H](O)[C@H](O)[C@@H]2O)[C@@H](O)[C@@H]1O	1	1	C38H71N2O28PS	0.0	CHEBI_146149
NCCSSCCN	1	1	C4H12N2S2	0.0	CHEBI_78757
NCCc1c[nH]c2ccccc12	1	1	C10H12N2	0.0	CHEBI_16765
NNc1cc2c(nn1)CCN(C(=O)c1ccccc1)C2	1	1	C14H15N5O	0.0	CHEBI_135105
NS(=O)(=O)c1ccc(N2N=C(c3ccccc3)CC2c2cccc(F)c2)cc1	1	1	C21H18FN3O2S	0.0	CHEBI_109330
NS(=O)(=O)c1ccc2c(c1)C(=NO)c1cc(S(N)(=O)=O)ccc1-2	1	1	C13H11N3O5S2	0.0	CHEBI_114722
N[C@@H](C=O)[C@@H](O)[C@H](O)[C@H](O)COP(=O)(O)O	1	1	C6H14NO8P	0.0	CHEBI_20995
N[C@@H](CC(=O)O)C(=O)N1CCC[C@H]1C(=O)N[C@@H](CCC(=O)O)C(=O)O	1	1	C14H21N3O8	0.0	CHEBI_160840
N[C@@H](CC(=O)O)C(=O)N[C@@H](CC(=O)O)C(=O)N[C@@H](CS)C(=O)O	1	1	C11H17N3O8S	0.0	CHEBI_160405
N[C@@H](CC(=O)O)C(=O)N[C@@H](CS)C(=O)N[C@@H](CS)C(=O)O	1	1	C10H17N3O6S2	0.0	CHEBI_160445
N[C@@H](CC(=O)O)C(=O)N[C@@H](Cc1ccc(O)cc1)C(=O)N[C@@H](Cc1ccc(O)cc1)C(=O)O	1	1	C22H25N3O8	0.0	CHEBI_161023
N[C@@H](CC1=CC(=O)C(O)=CC1=O)C(=O)O	1	1	C9H9NO5	0.0	CHEBI_36076
N[C@@H](CCC(=O)NCC(=O)O)C(=O)O	1	1	C7H12N2O5	0.0	CHEBI_73845
N[C@@H](CCC(=O)N[C@@H](CSCC(=O)Nc1ccc([As](O)O)cc1)C(=O)NCC(=O)O)C(=O)O	1	1	C18H25AsN4O9S	0.0	CHEBI_50016
N[C@@H](CCC(=O)O)C(=O)N[C@@H](CCC(=O)O)C(=O)N[C@@H](Cc1cnc[nH]1)C(=O)O	1	1	C16H23N5O8	0.0	CHEBI_162887
N[C@@H](CS(=O)O)C(=O)O	1	1	C3H7NO4S	0.0	CHEBI_16345
N[C@@H](CS)C(=O)N[C@@H](CCC(=O)O)C(=O)N[C@@H](Cc1ccc(O)cc1)C(=O)O	1	1	C17H23N3O7S	0.0	CHEBI_161338
N[C@@H](CS)C(=O)N[C@@H](CO)C(=O)N1CCC[C@@H]1C(=O)O	1	1	C11H19N3O5S	0.0	CHEBI_161688
N[C@@H](CS)C(=O)N[C@@H](Cc1cnc[nH]1)C(=O)N[C@@H](CC(=O)O)C(=O)O	1	1	C13H19N5O6S	0.0	CHEBI_161387
N[C@@H](CS/C(Cc1ccc(O)cc1)=N\O)C(=O)O	1	1	C11H14N2O4S	0.0	CHEBI_80980
N[C@@H](CS[C@H](/C=C/C=C/C=C\CC(=O)O)[C@@H](O)CCCC(=O)O)C(=O)O	1	1	C17H25NO7S	0.0	CHEBI_74019
N[C@@H](Cc1c[nH]c2ccccc12)C(=O)N[C@@H](CO)C(=O)N[C@@H](Cc1ccc(O)cc1)C(=O)O	1	1	C23H26N4O6	0.0	CHEBI_164851
N[C@@H](Cc1c[nH]c2ccccc12)C(=O)N[C@@H](Cc1c[nH]c2ccccc12)C(=O)N[C@@H](CS)C(=O)O	1	1	C25H27N5O4S	0.0	CHEBI_164877
N[C@@H](Cc1c[nH]c2ccccc12)C(=O)N[C@@H](Cc1c[nH]c2ccccc12)C(=O)N[C@@H](Cc1ccccc1)C(=O)O	1	1	C31H31N5O4	0.0	CHEBI_164886
N[C@@H](Cc1c[nH]c2ccccc12)C(=O)N[C@@H](Cc1ccccc1)C(=O)NCC(=O)O	1	1	C22H24N4O4	0.0	CHEBI_164800
N[C@@H](Cc1cc(I)c(Oc2cc(I)c(O)c(I)c2)c(I)c1)C(=O)[O-].O.[Na+]	1	1	C15H12I4NNaO5	0.0	CHEBI_6447
N[C@@H](Cc1ccc(O)cc1)C(=O)NCC(=O)N[C@@H](CC(=O)O)C(=O)O	1	1	C15H19N3O7	0.0	CHEBI_165075
N[C@@H](Cc1ccc(O)cc1)C(=O)N[C@@H](C(=O)O)[C@H]1O[C@@H](n2cc(C=O)[nH]c2=O)[C@H](O)[C@H]1O	1	1	C19H22N4O9	0.0	CHEBI_221677
N[C@@H](Cc1ccc(O)cc1)C(=O)N[C@@H](Cc1c[nH]c2ccccc12)C(=O)N[C@@H](Cc1ccccc1)C(=O)O	1	1	C29H30N4O5	0.0	CHEBI_166008
N[C@@H](Cc1ccc(O)cc1)C(=O)N[C@@H](Cc1ccc(O)cc1)C(=O)N[C@@H](CO)C(=O)O	1	1	C21H25N3O7	0.0	CHEBI_166030
N[C@@H](Cc1ccc(O)cc1)C(=O)N[C@@H](Cc1ccc(O)cc1)C(=O)N[C@@H](CS)C(=O)O	1	1	C21H25N3O6S	0.0	CHEBI_166019
N[C@@H](Cc1ccc(O)cc1)C(=O)N[C@@H](Cc1ccc(O)cc1)C(=O)N[C@@H](Cc1cnc[nH]1)C(=O)O	1	1	C24H27N5O6	0.0	CHEBI_166023
N[C@@H](Cc1ccccc1)C(=O)N1CCC[C@H]1C(=O)N[C@@H](CC(=O)O)C(=O)O	1	1	C18H23N3O6	0.0	CHEBI_161796
N[C@@H](Cc1ccccc1)C(=O)N[C@@H](CCC(=O)O)C(=O)N[C@@H](Cc1cnc[nH]1)C(=O)O	1	1	C20H25N5O6	0.0	CHEBI_161490
N[C@@H](Cc1ccccc1)C(=O)N[C@@H](CS)C(=O)NCC(=O)O	1	1	C14H19N3O4S	0.0	CHEBI_161408
N[C@@H](Cc1ccccc1)C(=O)N[C@@H](CS)C(=O)N[C@@H](CS)C(=O)O	1	1	C15H21N3O4S2	0.0	CHEBI_161402
N[C@@H](Cc1ccccc1)C(=O)N[C@@H](Cc1c[nH]c2ccccc12)C(=O)N1CCC[C@@H]1C(=O)O	1	1	C25H28N4O4	0.0	CHEBI_161933
N[C@@H](Cc1ccccc1)C(=O)N[C@@H](Cc1c[nH]c2ccccc12)C(=O)N[C@@H](Cc1ccc(O)cc1)C(=O)O	1	1	C29H30N4O5	0.0	CHEBI_161940
N[C@@H](Cc1ccccc1)C(=O)N[C@@H](Cc1ccc(O)cc1)C(=O)N[C@@H](CCC(=O)O)C(=O)O	1	1	C23H27N3O7	0.0	CHEBI_161953
N[C@@H](Cc1ccccc1)C(=O)N[C@@H](Cc1ccc(O)cc1)C(=O)N[C@@H](CO)C(=O)O	1	1	C21H25N3O6	0.0	CHEBI_161972
N[C@@H](Cc1cnc[nH]1)C(=O)N[C@@H](CCC(=O)O)C(=O)NCC(=O)O	1	1	C13H19N5O6	0.0	CHEBI_164443
N[C@@H](Cc1cnc[nH]1)C(=O)N[C@@H](CS)C(=O)N[C@@H](Cc1cnc[nH]1)C(=O)O	1	1	C15H21N7O4S	0.0	CHEBI_164365
N[C@@H](Cc1nc[nH]c1I)C(=O)O	1	1	C6H8IN3O2	0.0	CHEBI_53694
N[C@@H]1CC1c1ccccc1	1	1	C9H11N	0.0	CHEBI_182949
N[C@@H]1C[C@H]1c1ccccc1	1	1	C9H11N	0.0	CHEBI_131510
N[C@@H]1[C@@H](O)[C@H](N)[C@@H](O)[C@H](O)[C@H]1O	1	1	C6H14N2O4	0.0	CHEBI_27955
N[C@@H]1[C@@H](O)[C@H](O[C@@H]2O[C@@H](C(=O)O)[C@@H](O)[C@H](O)[C@H]2O)[C@@H](COS(=O)(=O)O)O[C@@H]1O	1	1	C12H21NO14S	0.0	CHEBI_138713
N[C@@H]1[C@H](O)[C@H](N)[C@@H](O)[C@H](O)[C@H]1O	1	1	C6H14N2O4	0.0	CHEBI_81194
N[C@H](CCC(=O)NCC(=O)O)C(=O)O	1	1	C7H12N2O5	0.0	CHEBI_73843
N[C@H]1C[C@@H]1c1ccccc1	1	1	C9H11N	0.0	CHEBI_131511
N[C@H]1[C@@H](OC[C@H](O)[C@H]2O[C@H](O[C@@H]3[C@@H](O[C@@H]4[C@H](O)[C@@H](O[C@H]5[C@@H](O)[C@@H](CO)O[C@@H]5C[C@H](O)C(=O)O)O[C@H]([C@H](CO)O[C@H]5O[C@H](CO)[C@@H](O)[C@H](O)[C@H]5O)[C@H]4O[C@@H]4O[C@H](CO)[C@@H](O)[C@H](O)[C@H]4O)O[C@H]([C@H](CO)O[C@H]4O[C@H]([C@@H](O)CO)[C@@H](O)[C@H](O)[C@@H]4O)[C@@H](O)[C@@H]3O)[C@@H](O)[C@@H](O)[C@@H]2O)O[C@H](CO)[C@@H](O)[C@@H]1O	1	1	C54H93NO45	0.0	CHEBI_176525
Nc1c(-c2ccccc2)cc(-c2ccccc2)cc1-c1ccccc1	1	1	C24H19N	0.0	CHEBI_212714
Nc1c(/N=N/c2ccc([N+](=O)[O-])cc2)c(S(=O)(=O)[O-])cc2cc(S(=O)(=O)[O-])c(/N=N/c3ccccc3)c(O)c12.[Na+].[Na+]	1	1	C22H14N6Na2O9S2	0.0	CHEBI_86230
Nc1c(O)c(S(=O)(=O)O)c(O)c2c1C(=O)c1ccccc1C2=O	1	1	C14H9NO7S	0.0	CHEBI_88179
Nc1c(O)c(S(=O)(=O)[O-])c(O)c2c1C(=O)c1ccccc1C2=O	1	1	C14H8NO7S-	-1.0	CHEBI_88181
Nc1cc(S(N)(=O)=O)ccc1[As](=O)(O)O	1	1	C6H9AsN2O5S	0.0	CHEBI_135247
Nc1ccc(/N=N/c2cccc3ccccc23)c(N)c1	1	1	C16H14N4	0.0	CHEBI_82536
Nc1ccc(C(=C2C=CC(=[NH2+])C=C2)c2ccc(N)cc2)cc1	1	1	C19H18N3+	1.0	CHEBI_87664
Nc1ccc(C(=O)Nc2ccc(C(=O)O)cc2N)cc1	1	1	C14H13N3O3	0.0	CHEBI_94062
Nc1ccc2nc3ccc(N)cc3[s+]c2c1.[Cl-]	1	1	C12H10ClN3S	0.0	CHEBI_52295
Nc1ccccc1C(=O)/C=C/C=C(/O)C(=O)O	1	1	C12H11NO4	0.0	CHEBI_61027
Nc1ccccc1C(=O)/C=C/C=C(/O)C(=O)[O-]	1	1	C12H10NO4-	-1.0	CHEBI_60885
Nc1ccccc1C(=O)C=CC=C(O)C(=O)O	1	1	C12H11NO4	0.0	CHEBI_197289
Nc1ccccc1C(=O)C=CC=C(O)C(=O)[O-]	1	1	C12H10NO4-	-1.0	CHEBI_36537
Nc1ccccc1[As](O)O	1	1	C6H8AsNO2	0.0	CHEBI_50024
Nc1ccn([C@@H]2O[C@H](COP(=O)(O)OC[C@H](O)[C@H](O)[C@@H]3O[C@](O)(C(=O)O)C[C@H](O)C3NC(=O)CO)[C@@H](O)[C@H]2O)c(=O)n1	1	1	C20H31N4O17P	0.0	CHEBI_184650
Nc1ccn([C@@H]2O[C@H](COP(=O)(O)O[C@H]3[C@@H](O)[C@H](n4cnc5c(=O)nc[nH]c54)O[C@@H]3COP(=O)(O)O)[C@@H](O)[C@H]2O)c(=O)n1	1	1	C19H25N7O15P2	0.0	CHEBI_230697
Nc1nc(C2C(=O)CCCC2=O)cs1	1	1	C9H10N2O2S	0.0	CHEBI_103923
Nc1nc(N2CC(F)C2)c2ncn([C@H]3C=C[C@@H](CO)C3)c2n1	1	1	C14H17FN6O	0.0	CHEBI_149434
Nc1nc(NC[C@H](O)[C@H](O)[C@H](O)COP(=O)(O)O)c(N)c(=O)[nH]1	1	1	C9H18N5O8P	0.0	CHEBI_52402
Nc1nc(NC[C@H](O)[C@H](O)[C@H](O)COP(=O)([O-])[O-])c(N)c(=O)[nH]1	1	1	C9H16N5O8P-2	-2.0	CHEBI_58890
Nc1nc2c(c(=O)[nH]1)N1CN(c3ccc(C[C@H](O)[C@H](O)[C@H](O)CO)cc3)CC1CN2	1	1	C19H26N6O5	0.0	CHEBI_140606
Nc1nc2c(c(=O)[nH]1)N[C@H]1C3=C([S][W]4(=[O])([S]C5=C([S]4)[C@@H]4Nc6c(nc(N)[nH]c6=O)N[C@@H]4O[C@@H]5COP(=O)(O)OP(=O)(O)OC[C@H]4O[C@@H](n5cnc6c(=O)[nH]c(N)nc65)[C@H](O)[C@@H]4O)[S]3)[C@@H](COP(=O)(O)OP(=O)(O)OC[C@H]3O[C@@H](n4cnc5c(=O)[nH]c(N)nc54)[C@H](O)[C@@H]3O)O[C@H]1N2	1	1	C40H48N20O27P4S4W	0.0	CHEBI_61128
Nc1nc2c(c(=O)[nH]1)N[C@H]1C3=C([S][W]4(=[O])([S]C5=C([S]4)[C@@H]4Nc6c(nc(N)[nH]c6=O)N[C@@H]4O[C@@H]5COP(=O)([O-])OP(=O)([O-])OC[C@H]4O[C@@H](n5cnc6c(=O)[nH]c(N)nc65)[C@H](O)[C@@H]4O)[S]3)[C@@H](COP(=O)([O-])OP(=O)([O-])OC[C@H]3O[C@@H](n4cnc5c(=O)[nH]c(N)nc54)[C@H](O)[C@@H]3O)O[C@H]1N2	1	1	C40H44N20O27P4S4W-4	-4.0	CHEBI_60537
Nc1nc2c(ncn2[C@@H]2O[C@H](CO)[C@@H](OP(=O)([O-])OC[C@H]3O[C@@H](n4cnc5c(N)ncnc54)[C@H](O)[C@@H]3OP(=O)([O-])OC[C@H]3O[C@@H](n4cnc5c(N)ncnc54)[C@H](O)[C@@H]3OP(=O)([O-])[O-])[C@H]2O)c(=O)[nH]1	1	1	C30H34N15O20P3-4	-4.0	CHEBI_192532
Nc1nc2c(ncn2[C@@H]2O[C@H](COP(=O)(O)OP(=O)(O)OP(=O)(O)O)[C@@H](O)[C@H]2OP(=O)(O)OC[C@H]2O[C@@H](n3cnc4c(N)ncnc43)[C@H](O)[C@@H]2O)c(=O)[nH]1	1	1	C20H28N10O20P4	0.0	CHEBI_79187
Nc1nc2c(ncn2[C@@H]2O[C@H](COP(=O)([O-])OP(=O)([O-])O[C@H]3O[C@H]([C@H](O)CO)C(=O)[C@H](O)[C@@H]3O)[C@@H](O)[C@H]2O)c(=O)[nH]1	1	1	C17H23N5O17P2-2	-2.0	CHEBI_189049
Nc1nc2c(ncn2[C@@H]2O[C@H](CO[N+](=O)[O-])[C@@H](O)[C@H]2O)c(=O)[nH]1	1	1	C10H12N6O7	0.0	CHEBI_55423
Nc1nc2ccccc2n1-c1nc(NCc2ccccc2)c2ccccc2n1	1	1	C22H18N6	0.0	CHEBI_92372
Nc1nc2ccccc2n1S(=O)(=O)c1ccc([N+](=O)[O-])cc1	1	1	C13H10N4O4S	0.0	CHEBI_93634
Nc1ncnc2c1c(Br)cn2[C@@H]1O[C@@H]2CO[P@@](=O)(S)O[C@H]2[C@H]1O	1	1	C11H12BrN4O5PS	0.0	CHEBI_84625
Nc1ncnc2c1c(Br)cn2[C@@H]1O[C@@H]2CO[P@](=O)(S)O[C@H]2[C@H]1O	1	1	C11H12BrN4O5PS	0.0	CHEBI_84621
Nc1ncnc2c1nc(Sc1ccc(Cl)cc1)n2[C@@H]1O[C@@H]2COP(=O)(O)O[C@H]2[C@H]1O	1	1	C16H15ClN5O6PS	0.0	CHEBI_84612
Nc1ncnc2c1nc(Sc1ccc(Cl)cc1)n2[C@H]1O[C@H]2COP(=O)(O)O[C@@H]2[C@@H]1O	1	1	C16H15ClN5O6PS	0.0	CHEBI_124936
Nc1ncnc2c1ncn2[C@@H]1O[C@H](COP(=O)(O)OC(=O)[C@@H](N)Cc2ccc(O)c(O)c2)[C@@H](O)[C@H]1O	1	1	C19H23N6O10P	0.0	CHEBI_1531
Nc1ncnc2c1ncn2[C@@H]1O[C@H](COP(=O)(O)OC(=O)c2ccccc2O)[C@@H](O)[C@H]1O	1	1	C17H18N5O9P	0.0	CHEBI_86457
Nc1ncnc2c1ncn2[C@@H]1O[C@H](COP(=O)(O)OP(=O)(O)OC[C@H]2OC(O)[C@H](OC(=O)CCC(=O)O)[C@@H]2O)[C@@H](O)[C@H]1O	1	1	C19H27N5O17P2	0.0	CHEBI_88145
Nc1ncnc2c1ncn2[C@@H]1O[C@H](COP(=O)(O)OP(=O)(O)OC[C@H]2O[C@@H](n3cnc4c(N)ncnc43)[C@H](O)[C@@H]2O)[C@@H](O)[C@H]1O	1	1	C20H26N10O13P2	0.0	CHEBI_47191
Nc1ncnc2c1ncn2[C@@H]1O[C@H](COP(=O)([O-])OC(=O)c2ccccc2O)[C@@H](O)[C@H]1O	1	1	C17H17N5O9P-	-1.0	CHEBI_86458
Nc1ncnc2c1ncn2[C@@H]1O[C@H](COP(=O)([O-])OP(=O)([O-])OCC(O)C(=O)[O-])[C@@H](O)[C@H]1O	1	1	C13H16N5O13P2-3	-3.0	CHEBI_57800
Nc1ncnc2c1ncn2[C@@H]1O[C@H](COP(=O)([O-])OP(=O)([O-])OC[C@H]2OC(O)[C@H](OC(=O)CCC(=O)[O-])[C@@H]2O)[C@@H](O)[C@H]1O	1	1	C19H24N5O17P2-3	-3.0	CHEBI_87832
Nc1ncnc2c1ncn2[C@@H]1O[C@H](COP(=O)([O-])OP(=O)([O-])OC[C@H]2O[C@@H](n3cnc4c(N)ncnc43)[C@H](O)[C@@H]2O)[C@@H](O)[C@H]1O	1	1	C20H24N10O13P2-2	-2.0	CHEBI_143965
Nc1ncnc2c1ncn2[C@@H]1O[C@H](COP(=O)([O-])[O-])[C@@H](O)[C@H]1OP(=O)([O-])[O-]	1	1	C10H11N5O10P2-4	-4.0	CHEBI_194156
Nc1nonc1-n1nnc(C(=O)NN=Cc2ccccc2Br)c1CN1CCCC1	1	1	C17H18BrN9O2	0.0	CHEBI_95243
O.O.O.O.O.O.O.O.O.O.O.O.O.O.O.O.O.O.O=S(=O)([O-])[O-].O=S(=O)([O-])[O-].O=S(=O)([O-])[O-].[Al+3].[Al+3]	1	1	H36Al2O30S3	0.0	CHEBI_74779
O.O.O.O.O.O.O.O.O.O.O=P([O-])([O-])[O-].[Na+].[Na+].[Na+]	1	1	H20Na3O14P	0.0	CHEBI_132107
O.O.O.O.O.O.O.O.O=S(=O)([O-])[O-].O=S(=O)([O-])[O-].O=S(=O)([O-])[O-].[Cd+2].[Cd+2].[Cd+2]	1	1	H16Cd3O20S3	0.0	CHEBI_86157
O.O.O.O.O.O.[Cl][Sr][Cl]	1	1	H12Cl2O6Sr	0.0	CHEBI_36385
O.O.O=S(=O)([O-])[O-].[O]=[V+2]	1	1	H4O7SV	0.0	CHEBI_87009
O.O.[Cu]	1	1	H4CuO2	0.0	CHEBI_232589
O.O=C([O-])CC(O)(CC(=O)[O-])C(=O)[O-].[Fe+3]	1	1	C6H7FeO8	0.0	CHEBI_144434
O/C(CN1CCCCC1)=N\N1c2ccccc2Sc2ccccc21	1	1	C19H21N3OS	0.0	CHEBI_233406
O/N=C\c1ccnc2ccccc12	1	1	C10H8N2O	0.0	CHEBI_200679
O=C(/C=C/c1ccc(Cl)cc1)c1ccccc1	1	1	C15H11ClO	0.0	CHEBI_34398
O=C(/C=C/c1ccc(O)c(O)c1)OCC1OC(c2c(O)cc3oc(-c4ccc(O)c(O)c4)cc(=O)c3c2O)C(O)C(O)C1O	1	1	C30H26O14	0.0	CHEBI_191789
O=C(/C=C/c1ccc(O)c(O)c1)O[C@H](C(=O)O)[C@](O)(Cc1ccc(O)c(O)c1)C(=O)O	1	1	C20H18O11	0.0	CHEBI_177596
O=C(/C=C/c1ccc(O)c(O)c1)c1cc(O)c(O)cc1O	1	1	C15H12O6	0.0	CHEBI_168738
O=C(/C=C/c1ccccc1)c1ccccc1O	1	1	C15H12O2	0.0	CHEBI_27916
O=C(/C=C\c1ccccc1)OC1C(OC(=O)c2cc(O)c(O)c(O)c2)OC(COC(=O)c2cc(O)c(O)c(O)c2)C(O)C1O	1	1	C29H26O15	0.0	CHEBI_192048
O=C(CC(=O)c1ccc2c(c1)OCO2)OC1OC(C(=O)O)C(O)C(O)C1O	1	1	C16H16O11	0.0	CHEBI_177977
O=C(CC(=O)c1ccc2occc2c1OC1OC(C(=O)O)C(O)C(O)C1O)c1ccc2c(c1)OCO2	1	1	C24H20O12	0.0	CHEBI_193486
O=C(CCCCCC(=O)NN=Cc1ccc(-c2ccccc2)cc1)NO	1	1	C20H23N3O3	0.0	CHEBI_125541
O=C(CCCCCNc1c(C(=O)O)cc([N+](=O)[O-])cc1[N+](=O)[O-])N[C@@H]1[C@@H](O)[C@H](O)[C@@H](CO)O[C@H]1O	1	1	C19H26N4O12	0.0	CHEBI_63119
O=C(CCCCCn1c(=S)[nH]c2ccccc2c1=O)N1CCC2(CC1)OCCO2	1	1	C21H27N3O4S	0.0	CHEBI_105729
O=C(CCCCc1ccc2c(c1)OCO2)N1CCCCC1	1	1	C17H23NO3	0.0	CHEBI_184110
O=C(CCNc1ccc(F)cc1)c1cccc([N+](=O)[O-])c1	1	1	C15H13FN2O3	0.0	CHEBI_108419
O=C(CC[C@@H]1NC(=O)[C@@H](Cc2ccccc2)NC1=O)NCCc1ccccc1	1	1	C22H25N3O3	0.0	CHEBI_199664
O=C(CC[C@@H]1NC(=O)[C@H](Cc2ccccc2)NC1=O)NCCc1ccccc1	1	1	C22H25N3O3	0.0	CHEBI_218939
O=C(CC[C@H]1NC(=O)[C@@H](Cc2ccccc2)NC1=O)NCCc1ccccc1	1	1	C22H25N3O3	0.0	CHEBI_199705
O=C(CC[C@H]1NC(=O)[C@H](Cc2ccccc2)NC1=O)NCCc1ccccc1	1	1	C22H25N3O3	0.0	CHEBI_204763
O=C(CCc1ccc(OS(=O)(=O)O)cc1)C1=C(O)C(O)(C2OC(CO)C(O)C(O)C2O)C(O)=C(C(O)C2OCC(O)C(O)C2O)C1=O	1	1	C27H34O19S	0.0	CHEBI_194042
O=C(CN1C(=O)CSC1=Cc1nc(-c2ccc(Cl)cc2)cs1)Nc1cccnc1Cl	1	1	C20H14Cl2N4O2S2	0.0	CHEBI_107282
O=C(CN1CCN(C(=O)N2CCCCC2)CC1)Nc1ccc(F)cc1	1	1	C18H25FN4O2	0.0	CHEBI_108246
O=C(CNc1ccc2ccccc2c1)NNC1=NCCC1	1	1	C16H18N4O	0.0	CHEBI_122000
O=C(CO)[C@@H](O)[C@H](O)[C@H](O)[C@@H](O)[C@@H](O)C(=O)[O-]	1	1	C8H13O9-	-1.0	CHEBI_146210
O=C(COC(=O)c1ccc([N+](=O)[O-])s1)NC(=O)NCc1ccccc1	1	1	C15H13N3O6S	0.0	CHEBI_123164
O=C(COP(=O)(O)O)[C@@H](O)[C@H](O)[C@H](O)[C@H](O)[C@H](O)CO	1	1	C8H17O11P	0.0	CHEBI_138395
O=C(COc1ccccc1)NNc1nc2c(F)cccc2s1	1	1	C15H12FN3O2S	0.0	CHEBI_114775
O=C(CSc1ccccc1)N1CCCCC1	1	1	C13H17NOS	0.0	CHEBI_195053
O=C(CSc1ncnc2c1cnn2-c1ccc(F)cc1)NCC1CCCO1	1	1	C18H18FN5O2S	0.0	CHEBI_117240
O=C(CSc1nnc(-c2cccnc2)o1)Nc1ccccn1	1	1	C14H11N5O2S	0.0	CHEBI_121001
O=C(C[C@@H]1C=C[C@@H](NC(=O)C2CCC2)[C@@H](CO)O1)NCCCN1CCOCC1	1	1	C20H33N3O5	0.0	CHEBI_118144
O=C(C[C@@H]1C=C[C@@H](NC(=O)C2CCC2)[C@H](CO)O1)NCCCN1CCOCC1	1	1	C20H33N3O5	0.0	CHEBI_118138
O=C(C[C@@H]1C=C[C@H](NC(=O)C2CCC2)[C@@H](CO)O1)NCCCN1CCOCC1	1	1	C20H33N3O5	0.0	CHEBI_117919
O=C(C[C@@H]1C=C[C@H](NC(=O)C2CCC2)[C@H](CO)O1)NCCCN1CCOCC1	1	1	C20H33N3O5	0.0	CHEBI_118106
O=C(C[C@@H]1CC[C@@H]2[C@H](COC[C@@H](O)CN2C(=O)c2ccccc2)O1)NCCCN1CCOCC1	1	1	C25H37N3O6	0.0	CHEBI_98783
O=C(C[C@@H]1CC[C@@H]2[C@H](COC[C@H](O)CN2C(=O)c2ccccc2)O1)NCCCN1CCOCC1	1	1	C25H37N3O6	0.0	CHEBI_98554
O=C(C[C@@H]1CC[C@H]2[C@@H](COC[C@@H](O)CN2C(=O)c2ccccc2)O1)NCCCN1CCOCC1	1	1	C25H37N3O6	0.0	CHEBI_101034
O=C(C[C@@H]1CC[C@H]2[C@@H](COC[C@H](O)CN2Cc2ccc(Oc3ccccc3)cc2)O1)N1CCCCC1	1	1	C29H38N2O5	0.0	CHEBI_125348
O=C(C[C@@H]1C[C@@H]2c3cc(NC(=O)NC4CCCC4)ccc3O[C@@H]2[C@@H](CO)O1)NCc1ccc(Cl)cc1	1	1	C27H32ClN3O5	0.0	CHEBI_110362
O=C(C[C@@H]1C[C@H]2c3cc(NC(=O)NC4CCCC4)ccc3O[C@H]2[C@@H](CO)O1)NCc1ccc(Cl)cc1	1	1	C27H32ClN3O5	0.0	CHEBI_110335
O=C(C[C@@H]1C[C@H]2c3cc(NC(=O)NC4CCCC4)ccc3O[C@H]2[C@H](CO)O1)NCc1ccc(Cl)cc1	1	1	C27H32ClN3O5	0.0	CHEBI_110379
O=C(C[C@H]1C=C[C@@H](NC(=O)C2CCC2)[C@@H](CO)O1)NCCCN1CCOCC1	1	1	C20H33N3O5	0.0	CHEBI_118124
O=C(C[C@H]1C=C[C@@H](NC(=O)C2CCC2)[C@H](CO)O1)NCCCN1CCOCC1	1	1	C20H33N3O5	0.0	CHEBI_118091
O=C(C[C@H]1C=C[C@H](NC(=O)C2CCC2)[C@@H](CO)O1)NCCCN1CCOCC1	1	1	C20H33N3O5	0.0	CHEBI_118221
O=C(C[C@H]1C=C[C@H](NC(=O)C2CCC2)[C@H](CO)O1)NCCCN1CCOCC1	1	1	C20H33N3O5	0.0	CHEBI_117953
O=C(C[C@H]1CC[C@@H]2[C@H](COC[C@@H](O)CN2Cc2nccs2)O1)NCc1ccc(Oc2ccccc2)cc1	1	1	C28H33N3O5S	0.0	CHEBI_129288
O=C(C[C@H]1CC[C@@H]2[C@H](COC[C@H](O)CN2C(=O)c2ccccc2)O1)NCCCN1CCOCC1	1	1	C25H37N3O6	0.0	CHEBI_102839
O=C(C[C@H]1CC[C@H]2[C@@H](COC[C@@H](O)CN2C(=O)c2ccccc2)O1)NCCCN1CCOCC1	1	1	C25H37N3O6	0.0	CHEBI_100155
O=C(C[C@H]1CC[C@H]2[C@@H](COC[C@H](O)CN2C(=O)c2ccccc2)O1)NCCCN1CCOCC1	1	1	C25H37N3O6	0.0	CHEBI_98951
O=C(C[C@H]1C[C@@H]2c3cc(NC(=O)NC4CCCC4)ccc3O[C@@H]2[C@@H](CO)O1)NCc1ccc(Cl)cc1	1	1	C27H32ClN3O5	0.0	CHEBI_110272
O=C(C[C@H]1C[C@@H]2c3cc(NC(=O)NC4CCCC4)ccc3O[C@@H]2[C@H](CO)O1)NCc1ccc(Cl)cc1	1	1	C27H32ClN3O5	0.0	CHEBI_110284
O=C(C[C@H]1C[C@H]2c3cc(NC(=O)NC4CCCC4)ccc3O[C@H]2[C@@H](CO)O1)NCc1ccc(Cl)cc1	1	1	C27H32ClN3O5	0.0	CHEBI_110222
O=C(C[C@H]1C[C@H]2c3cc(NC(=O)NC4CCCC4)ccc3O[C@H]2[C@H](CO)O1)NCc1ccc(Cl)cc1	1	1	C27H32ClN3O5	0.0	CHEBI_110351
O=C(Cc1ccc(O)cc1)O[C@@H]1[C@@H](OC(=O)Cc2ccc(O)cc2)[C@H](O)O[C@H](CO)[C@H]1OC(=O)Cc1ccc(O)cc1	1	1	C30H30O12	0.0	CHEBI_138086
O=C(Cc1ccccc1)N/C(=N\OCC1CC1)c1c(C(F)(F)F)ccc(F)c1F	1	1	C20H17F5N2O2	0.0	CHEBI_81797
O=C(Cc1ccccc1)OC1OC(C(=O)O)C(O)C(O)C1O	1	1	C14H16O8	0.0	CHEBI_169719
O=C(Cc1ccccc1)n1nc(-c2ccccc2)nc1NCc1ccco1	1	1	C21H18N4O2	0.0	CHEBI_104917
O=C(Cn1c(CC(=O)N2CCOCC2)nc2ccccc21)Nc1ccc2c(c1)OC(F)(F)O2	1	1	C22H20F2N4O5	0.0	CHEBI_116788
O=C(Cn1cnc2sc(-c3ccccc3)cc2c1=O)NCc1ccco1	1	1	C19H15N3O3S	0.0	CHEBI_105189
O=C(N1C[C@@H]2C[C@H](C1)c1cccc(=O)n1C2)N1C[C@@H]2C[C@H](C1)c1cccc(=O)n1C2	1	1	C23H26N4O3	0.0	CHEBI_2819
O=C(NC(=S)Nc1cccnc1Cl)c1ccco1	1	1	C11H8ClN3O2S	0.0	CHEBI_116460
O=C(NC(Cc1cc(=O)[nH]c2ccccc12)C(=O)O)c1ccc(Cl)cc1	1	1	C19H15ClN2O4	0.0	CHEBI_93814
O=C(NC1CCCCC1)NC1CCCCC1	1	1	C13H24N2O	0.0	CHEBI_93429
O=C(NC1CCCCCC1)c1ccc(OCC2CCCO2)cc1	1	1	C19H27NO3	0.0	CHEBI_111442
O=C(NCC(O)CO)c1c(I)c(C(=O)NCC(O)CO)c(I)c(N(CCO)C(=O)CO)c1I	1	1	C18H24I3N3O9	0.0	CHEBI_31717
O=C(NCC1CC1)[C@@H]1[C@@H](CO)[C@@H]2Cn3c(ccc(C4=CCCC4)c3=O)[C@H]1N2CCC(F)(F)F	1	1	C24H30F3N3O3	0.0	CHEBI_101949
O=C(NCC1CC1)[C@H]1[C@H](CO)[C@H]2Cn3c(ccc(C4=CCCC4)c3=O)[C@@H]1N2CCC(F)(F)F	1	1	C24H30F3N3O3	0.0	CHEBI_99464
O=C(NCCCCc1ccccc1)C12CN(Cc3ccccc3)CC1C(c1ccc([N+](=O)[O-])cc1)=NO2	1	1	C29H30N4O4	0.0	CHEBI_119969
O=C(NCCCN1CCCCCC1)C(c1ccccc1)C1CCCCC1	1	1	C23H36N2O	0.0	CHEBI_91621
O=C(NCCCN1CCOCC1)c1cc2ccccc2oc1=O	1	1	C17H20N2O4	0.0	CHEBI_108114
O=C(NCCc1ccccc1)NC(Cc1ccc(O)cc1)C(=O)NC1Cc2c[nH]c3cc(ccc23)-c2cc3cc(c2O)Oc2ccc(cc2)CC2NC(=O)C(NC(=O)C3NC(=O)C(c3cc(O)cc(O)c3)NC1=O)c1ccc(c(Cl)c1)Oc1cc(ccc1O)C(C(=O)O)NC2=O	1	1	C70H60ClN9O16	0.0	CHEBI_204363
O=C(NCCc1ccccc1)c1ccccc1NC(=O)C1CCCCC1C(=O)O	1	1	C23H26N2O4	0.0	CHEBI_109500
O=C(NCc1ccc(Cl)cc1)c1[nH]nc([N+](=O)[O-])c1Cl	1	1	C11H8Cl2N4O3	0.0	CHEBI_117249
O=C(NCc1ccc2ccc3cccc4ccc1c2c34)c1cccc(C(=O)NCc2ccc3ccc4cccc5ccc2c3c45)c1	1	1	C42H28N2O2	0.0	CHEBI_188675
O=C(NCc1cccc2ccccc12)c1cccs1	1	1	C16H13NOS	0.0	CHEBI_93744
O=C(NCc1ccco1)C1CCC(Cn2c(SCc3ccc(Cl)cc3)nc3ccccc3c2=O)CC1	1	1	C28H28ClN3O3S	0.0	CHEBI_232783
O=C(NN=CC=Cc1ccccc1[N+](=O)[O-])c1cccs1	1	1	C14H11N3O3S	0.0	CHEBI_116402
O=C(NN=Cc1ccc(OCc2ccccc2)cc1)c1cc[n+](Cc2ccccc2)cc1	1	1	C27H24N3O2+	1.0	CHEBI_103952
O=C(NN=Cc1ccc2nccnc2c1)c1cccc([N+](=O)[O-])c1	1	1	C16H11N5O3	0.0	CHEBI_107073
O=C(NN=Cc1sc(N2CCCCC2)nc1-c1cccs1)C1CC1	1	1	C17H20N4OS2	0.0	CHEBI_116136
O=C(NNC(=O)c1ccccc1Br)c1cccc(Cl)c1	1	1	C14H10BrClN2O2	0.0	CHEBI_120457
O=C(NNC(=O)c1ccccn1)c1cccc([N+](=O)[O-])c1	1	1	C13H10N4O4	0.0	CHEBI_119813
O=C(NNC=C1C=CC=N1)c1cc(-c2ccc(Cl)cc2)nc2ccccc12	1	1	C21H15ClN4O	0.0	CHEBI_121097
O=C(N[C@@H]1C(=O)O[C@@H]1Cc1ccc([N+](=O)[O-])cc1)c1cccc(O)c1O	1	1	C17H14N2O7	0.0	CHEBI_199965
O=C(Nc1cc2c(cc1Br)OCCO2)c1ccco1	1	1	C13H10BrNO4	0.0	CHEBI_114756
O=C(Nc1ccc(-c2nc3ccccc3[nH]2)cc1)c1c(F)c(F)c(F)c(F)c1F	1	1	C20H10F5N3O	0.0	CHEBI_107372
O=C(Nc1ccc(Cl)c(C(F)(F)F)c1)Nc1ccc(Cl)c(C(F)(F)F)c1	1	1	C15H8Cl2F6N2O	0.0	CHEBI_59242
O=C(Nc1ccc(S(=O)(=O)N2CCOCC2)cc1)c1ccc(Cl)cc1	1	1	C17H17ClN2O4S	0.0	CHEBI_228747
O=C(Nc1ccc2c(c1)[C@@H]1C[C@@H](CC(=O)N3CCc4ccccc4C3)O[C@@H](CO)[C@@H]1O2)C1CCOCC1	1	1	C29H34N2O6	0.0	CHEBI_98413
O=C(Nc1ccc2c(c1)[C@@H]1C[C@@H](CC(=O)N3CCc4ccccc4C3)O[C@@H](CO)[C@@H]1O2)c1cccnc1	1	1	C29H29N3O5	0.0	CHEBI_99247
O=C(Nc1ccc2c(c1)[C@@H]1C[C@@H](CC(=O)N3CCc4ccccc4C3)O[C@H](CO)[C@@H]1O2)C1CCOCC1	1	1	C29H34N2O6	0.0	CHEBI_97558
O=C(Nc1ccc2c(c1)[C@@H]1C[C@@H](CC(=O)N3CCc4ccccc4C3)O[C@H](CO)[C@@H]1O2)c1cccnc1	1	1	C29H29N3O5	0.0	CHEBI_102157
O=C(Nc1ccc2c(c1)[C@@H]1C[C@H](CC(=O)N3CCc4ccccc4C3)O[C@@H](CO)[C@@H]1O2)C1CCOCC1	1	1	C29H34N2O6	0.0	CHEBI_100426
O=C(Nc1ccc2c(c1)[C@@H]1C[C@H](CC(=O)N3CCc4ccccc4C3)O[C@H](CO)[C@@H]1O2)C1CCOCC1	1	1	C29H34N2O6	0.0	CHEBI_98331
O=C(Nc1ccc2c(c1)[C@@H]1C[C@H](CC(=O)N3CCc4ccccc4C3)O[C@H](CO)[C@@H]1O2)c1cccnc1	1	1	C29H29N3O5	0.0	CHEBI_100578
O=C(Nc1ccc2c(c1)[C@H]1C[C@@H](CC(=O)N3CCc4ccccc4C3)O[C@@H](CO)[C@H]1O2)C1CCOCC1	1	1	C29H34N2O6	0.0	CHEBI_98243
O=C(Nc1ccc2c(c1)[C@H]1C[C@@H](CC(=O)N3CCc4ccccc4C3)O[C@@H](CO)[C@H]1O2)c1cccnc1	1	1	C29H29N3O5	0.0	CHEBI_101556
O=C(Nc1ccc2c(c1)[C@H]1C[C@@H](CC(=O)N3CCc4ccccc4C3)O[C@H](CO)[C@H]1O2)C1CCOCC1	1	1	C29H34N2O6	0.0	CHEBI_100601
O=C(Nc1ccc2c(c1)[C@H]1C[C@@H](CC(=O)N3CCc4ccccc4C3)O[C@H](CO)[C@H]1O2)c1cccnc1	1	1	C29H29N3O5	0.0	CHEBI_98837
O=C(Nc1ccc2c(c1)[C@H]1C[C@H](CC(=O)N3CCc4ccccc4C3)O[C@@H](CO)[C@H]1O2)C1CCOCC1	1	1	C29H34N2O6	0.0	CHEBI_101455
O=C(Nc1ccc2c(c1)[C@H]1C[C@H](CC(=O)N3CCc4ccccc4C3)O[C@H](CO)[C@H]1O2)C1CCOCC1	1	1	C29H34N2O6	0.0	CHEBI_97931
O=C(Nc1ccc2c(c1)[C@H]1C[C@H](CC(=O)N3CCc4ccccc4C3)O[C@H](CO)[C@H]1O2)c1cccnc1	1	1	C29H29N3O5	0.0	CHEBI_98584
O=C(Nc1ccccc1F)N[C@@H]1CC[C@@H](CCNC(=O)C2CCCCC2)O[C@@H]1CO	1	1	C22H32FN3O4	0.0	CHEBI_100220
O=C(Nc1ccccc1F)N[C@@H]1CC[C@@H](CCNC(=O)C2CCCCC2)O[C@H]1CO	1	1	C22H32FN3O4	0.0	CHEBI_101721
O=C(Nc1ccccc1F)N[C@@H]1CC[C@H](CCNC(=O)C2CCCCC2)O[C@@H]1CO	1	1	C22H32FN3O4	0.0	CHEBI_98163
O=C(Nc1ccccc1F)N[C@@H]1CC[C@H](CCNC(=O)C2CCCCC2)O[C@H]1CO	1	1	C22H32FN3O4	0.0	CHEBI_123138
O=C(Nc1ccccc1F)N[C@H]1CC[C@@H](CCNC(=O)C2CCCCC2)O[C@@H]1CO	1	1	C22H32FN3O4	0.0	CHEBI_97616
O=C(Nc1ccccc1F)N[C@H]1CC[C@@H](CCNC(=O)C2CCCCC2)O[C@H]1CO	1	1	C22H32FN3O4	0.0	CHEBI_98221
O=C(Nc1ccccc1F)N[C@H]1CC[C@H](CCNC(=O)C2CCCCC2)O[C@@H]1CO	1	1	C22H32FN3O4	0.0	CHEBI_102445
O=C(Nc1ccccc1F)N[C@H]1CC[C@H](CCNC(=O)C2CCCCC2)O[C@H]1CO	1	1	C22H32FN3O4	0.0	CHEBI_123137
O=C(Nc1cccnc1)c1ccc(F)cc1	1	1	C12H9FN2O	0.0	CHEBI_93337
O=C(Nc1cccnc1)c1scc2c1OCCO2	1	1	C12H10N2O3S	0.0	CHEBI_116616
O=C(Nc1cnn(Cc2ccc(Cl)cc2)c1)c1cnccn1	1	1	C15H12ClN5O	0.0	CHEBI_121016
O=C(O)/C(Cl)=C(/Cl)C(=O)C(Cl)C(=O)O	1	1	C6H3Cl3O5	0.0	CHEBI_19297
O=C(O)/C(Cl)=C(Cl)\C=C(\Cl)C(=O)O	1	1	C6H3Cl3O4	0.0	CHEBI_31069
O=C(O)/C=C/C#CC#C/C=C/CO	1	1	C10H8O3	0.0	CHEBI_179284
O=C(O)/C=C/C#CC#C/C=C\CO	1	1	C10H8O3	0.0	CHEBI_173809
O=C(O)/C=C/C1=CC=C[C@@H](O)[C@H]1O	1	1	C9H10O4	0.0	CHEBI_62195
O=C(O)/C=C/C1=CC=C[C@H](O)[C@@H]1O	1	1	C9H10O4	0.0	CHEBI_61462
O=C(O)/C=C/C=C/CCCCCCCCCCCCCOO	1	1	C18H32O4	0.0	CHEBI_231069
O=C(O)/C=C/c1cc(O)c(O)c(O)c1	1	1	C9H8O5	0.0	CHEBI_229990
O=C(O)/C=C/c1ccc(C(F)(F)F)cc1	1	1	C10H7F3O2	0.0	CHEBI_60705
O=C(O)/C=C/c1ccccc1C(F)(F)F	1	1	C10H7F3O2	0.0	CHEBI_60703
O=C(O)/C=C1/C=C(Cl)C(=O)O1	1	1	C6H3ClO4	0.0	CHEBI_16773
O=C(O)/C=C1\C=C(Cl)C(=O)O1	1	1	C6H3ClO4	0.0	CHEBI_16211
O=C(O)/C=C\C#CC#C/C=C\CO	1	1	C10H8O3	0.0	CHEBI_179286
O=C(O)/C=C\C(=O)O.c1ccc2sc(C3(N4CCCCC4)CCCCC3)cc2c1	1	1	C23H29NO4S	0.0	CHEBI_64144
O=C(O)C(=O)/C=C/c1ccccc1C(=O)O	1	1	C11H8O5	0.0	CHEBI_15612
O=C(O)C(=O)/C=C\c1ccccc1C(=O)O	1	1	C11H8O5	0.0	CHEBI_49222
O=C(O)C(=O)C=Cc1ccccc1C(=O)O	1	1	C11H8O5	0.0	CHEBI_49223
O=C(O)C(=O)CC1C=CC(O)CC1	1	1	C9H12O4	0.0	CHEBI_64808
O=C(O)C(=O)C[C@@H]1C=C[C@H](O)CC1	1	1	C9H12O4	0.0	CHEBI_137659
O=C(O)C(=O)C[C@H]1C=C[C@H](O)CC1	1	1	C9H12O4	0.0	CHEBI_137660
O=C(O)C(=O)Cc1cc([N+](=O)[O-])c(O)c([N+](=O)[O-])c1	1	1	C9H6N2O8	0.0	CHEBI_27981
O=C(O)C(=O)OCC1O[C@@H](Oc2cc3c(O)cc(O)cc3[o+]c2-c2ccc(O)c(O)c2)C(O)C(O)[C@@H]1O	1	1	C23H21O14+	1.0	CHEBI_169199
O=C(O)C(F)(F)C(F)(F)OC(F)(F)F	1	1	C4HF7O3	0.0	CHEBI_231617
O=C(O)C(O)Cc1cnc[nH]1	1	1	C6H8N2O3	0.0	CHEBI_27487
O=C(O)C1(O)CC(O)C(O)C(O)C1	1	1	C7H12O6	0.0	CHEBI_177632
O=C(O)C1=NCC(O)C1	1	1	C5H7NO3	0.0	CHEBI_16352
O=C(O)C1=NC[C@@H](O)C1	1	1	C5H7NO3	0.0	CHEBI_88149
O=C(O)C1Cc2ccc(O)c3c2C(=Cc2ccc(O)c(O)c2O3)C1=O	1	1	C18H12O7	0.0	CHEBI_191549
O=C(O)C1OC(O)C(O)C(O)C1O	1	1	C6H10O7	0.0	CHEBI_229940
O=C(O)C1OC(O[C@H]2[C@H](O)[C@@H](NS(=O)(=O)O)[C@@H](OC3C(C(=O)O)OC(O[C@H]4[C@H](O)[C@@H](NS(=O)(=O)O)[C@@H](O[C@H]5[C@H](O)[C@@H](OS(=O)(=O)O)[C@H](O)O[C@H]5C(=O)O)O[C@@H]4CO)C(O)C3O)O[C@@H]2CO)C(O)C(O)C1O	1	1	C30H48N2O36S3	0.0	CHEBI_157085
O=C(O)C1OC(Oc2cc3oc(-c4ccc(O)cc4)c(OC4OC(CO)C(O)C(O)C4O)c(=O)c3c(O)c2OC2OC(CO)C(O)C(O)C2O)C(O)C(O)C1O	1	1	C33H38O23	0.0	CHEBI_169422
O=C(O)C1OC(Oc2cccc(CCc3cc(O)cc(O)c3)c2)C(O)C(O)C1O	1	1	C20H22O9	0.0	CHEBI_193297
O=C(O)C=C1C=C(Cl)C(=O)O1	1	1	C6H3ClO4	0.0	CHEBI_38122
O=C(O)C=CC1=CC=C[C@@H](O)[C@H]1O	1	1	C9H10O4	0.0	CHEBI_49070
O=C(O)C=CC1=CC=C[C@H](O)[C@@H]1O	1	1	C9H10O4	0.0	CHEBI_49071
O=C(O)CC(NC(=O)CC1(OC2OC(CO)C(O)C(O)C2O)C(=O)Nc2ccccc21)C(=O)O	1	1	C20H24N2O12	0.0	CHEBI_184657
O=C(O)CC(O)c1ccc(O)cc1	1	1	C9H10O4	0.0	CHEBI_166658
O=C(O)CC1(O)CCCCC1	1	1	C8H14O3	0.0	CHEBI_37276
O=C(O)CC1CCC(O)CC1	1	1	C8H14O3	0.0	CHEBI_89344
O=C(O)CC1CCCN1	1	1	C6H11NO2	0.0	CHEBI_166840
O=C(O)CCC(=O)N1CCc2cc(S(=O)(=O)NC3CCCc4ccccc43)ccc21	1	1	C22H24N2O5S	0.0	CHEBI_107416
O=C(O)CCC(=O)N[C@@H](CO)C(=O)O	1	1	C7H11NO6	0.0	CHEBI_176470
O=C(O)CCC(F)(F)C(F)(F)C(F)(F)C(F)(F)C(F)(F)F	1	1	C8H5F11O2	0.0	CHEBI_177062
O=C(O)CCC(O)/C=C(\O)C(=O)O	1	1	C7H10O6	0.0	CHEBI_165377
O=C(O)CCC(O)C=C(O)C(=O)O	1	1	C7H10O6	0.0	CHEBI_915
O=C(O)CCC/C=C\CC(O)/C=C/C=C\C/C=C\CCCCCO	1	1	C20H32O4	0.0	CHEBI_90982
O=C(O)CCCCC1CCSS1	1	1	C8H14O2S2	0.0	CHEBI_16494
O=C(O)CCCCCCC/C=C\C#CC#Cc1ccco1	1	1	C18H20O3	0.0	CHEBI_82672
O=C(O)CCCCCCCCO	1	1	C9H18O3	0.0	CHEBI_79121
O=C(O)CCCC[C@H]1CCSS1	1	1	C8H14O2S2	0.0	CHEBI_43796
O=C(O)CCO	1	1	C3H6O3	0.0	CHEBI_33404
O=C(O)CC[C@H](NC(=O)[C@H](Cc1cnc[nH]1)NC(=O)[C@@H]1CCCN1)C(=O)O	1	1	C16H23N5O6	0.0	CHEBI_162349
O=C(O)CCc1ccc(O)c(O[C@@H]2O[C@H](C(=O)O)[C@@H](O)[C@H](O)[C@H]2O)c1	1	1	C15H18O10	0.0	CHEBI_176466
O=C(O)CN1CCN(CC(=O)O)CCN(CC(=O)O)[C@@H](Cc2ccc(NC(=O)CBr)cc2)CN(CC(=O)O)CC1	1	1	C25H36BrN5O9	0.0	CHEBI_63643
O=C(O)CNC(=O)[C@H](Cc1ccccc1)NC(=O)[C@@H]1CCCN1	1	1	C16H21N3O4	0.0	CHEBI_162551
O=C(O)CNCc1cn([C@@H]2O[C@H](COP(=O)(O)O)[C@@H](O)[C@H]2O)c(=S)[nH]c1=O	1	1	C12H18N3O10PS	0.0	CHEBI_115218
O=C(O)CO	1	1	C2H4O3	0.0	CHEBI_17497
O=C(O)COCC(=O)Nc1ccccn1	1	1	C9H10N2O4	0.0	CHEBI_228446
O=C(O)COc1ccc(C(=O)c2cccs2)c(Cl)c1Cl	1	1	C13H8Cl2O4S	0.0	CHEBI_9590
O=C(O)CS(=O)(=O)O	1	1	C2H4O5S	0.0	CHEBI_50519
O=C(O)C[C@@H]1CCCN1	1	1	C6H11NO2	0.0	CHEBI_182597
O=C(O)C[C@H](O)CCCCCCCCO	1	1	C11H22O4	0.0	CHEBI_79275
O=C(O)C[C@H]1CCCN1	1	1	C6H11NO2	0.0	CHEBI_180914
O=C(O)C[C@H]1CC[C@H](O)CC1	1	1	C8H14O3	0.0	CHEBI_88508
O=C(O)Cc1c[nH]c2ccc(-c3ccccc3)cc12	1	1	C16H13NO2	0.0	CHEBI_232046
O=C(O)Cc1cn([C@@H]2O[C@H](CO)[C@@H](O)[C@H]2O)cn1	1	1	C10H14N2O6	0.0	CHEBI_141
O=C(O)Cl	1	1	CHClO2	0.0	CHEBI_192415
O=C(O)[C@@H](O)Cc1cnc[nH]1	1	1	C6H8N2O3	0.0	CHEBI_16373
O=C(O)[C@@H](O)[C@@H](O)[C@H](O)[C@@H](O)COc1ccc2occ(-c3ccccc3OS(=O)(=O)O)c(=O)c2c1O	1	1	C21H20O14S	0.0	CHEBI_55446
O=C(O)[C@@H](S)[C@@H](S)C(=O)O	1	1	C4H6O4S2	0.0	CHEBI_63623
O=C(O)[C@@H]1CSC([C@H](O)[C@H](O)[C@H](O)CO)N1	1	1	C8H15NO6S	0.0	CHEBI_233278
O=C(O)[C@@H]1C[C@H]1c1ccccc1	1	1	C10H10O2	0.0	CHEBI_79920
O=C(O)[C@@H]1OC(O)[C@@H](O)[C@@H](O)[C@@H]1O	1	1	C6H10O7	0.0	CHEBI_182510
O=C(O)[C@@H]1OC(O)[C@@H](O)[C@H](O)[C@H]1O	1	1	C6H10O7	0.0	CHEBI_79049
O=C(O)[C@@H]1OC(O)[C@H](O)[C@@H](O)[C@@H]1O	1	1	C6H10O7	0.0	CHEBI_47903
O=C(O)[C@@H]1OC(O)[C@H](O)[C@@H](O)[C@H]1O	1	1	C6H10O7	0.0	CHEBI_182514
O=C(O)[C@@H]1O[C@@H](O)[C@@H](O)[C@H](O)[C@H]1O	1	1	C6H10O7	0.0	CHEBI_43832
O=C(O)[C@@H]1O[C@@H](O)[C@H](O)[C@@H](O)[C@@H]1O	1	1	C6H10O7	0.0	CHEBI_43394
O=C(O)[C@@H]1O[C@@H](O)[C@H](O)[C@@H](O)[C@H]1O	1	1	C6H10O7	0.0	CHEBI_180367
O=C(O)[C@@H]1O[C@@H](O[C@H]2[C@H](O)[C@@H](NS(=O)(=O)O)[C@H](O[C@H]3[C@H](O)[C@@H](O)[C@H](O[C@H]4[C@H](O)[C@@H](NS(=O)(=O)O)[C@@H](O[C@H]5[C@H](O)[C@@H](OS(=O)(=O)O)C(O)O[C@H]5C(=O)O)O[C@@H]4CO)O[C@H]3C(=O)O)O[C@@H]2CO)[C@H](O)[C@@H](O)[C@@H]1O	1	1	C30H48N2O36S3	0.0	CHEBI_154490
O=C(O)[C@@H]1O[C@@H](O[C@H]2[C@H](O)[C@@H](NS(=O)(=O)O)[C@H](O[C@H]3[C@H](O)[C@@H](O)[C@H](O[C@H]4[C@H](O)[C@@H](NS(=O)(=O)O)[C@@H](O[C@H]5[C@H](O)[C@@H](OS(=O)(=O)O)[C@H](O)O[C@H]5C(=O)O)O[C@@H]4CO)O[C@H]3C(=O)O)O[C@@H]2CO)[C@H](O)[C@@H](O)[C@@H]1O	1	1	C30H48N2O36S3	0.0	CHEBI_146686
O=C(O)[C@@H]1[C@H]2C[C@H]3c4[nH]c5ccccc5c4CCN3C[C@@H]2CC[C@@H]1O	1	1	C20H24N2O3	0.0	CHEBI_35633
O=C(O)[C@H](CO)NC(=O)[C@@H]1CCCN1	1	1	C8H14N2O4	0.0	CHEBI_73648
O=C(O)[C@H](Cc1ccc(O)cc1)NC(=O)[C@@H]1CCCN1C(=O)[C@@H]1CCCN1	1	1	C19H25N3O5	0.0	CHEBI_162612
O=C(O)[C@H]1OC(O)[C@@H](O)[C@@H](O)[C@@H]1O	1	1	C6H10O7	0.0	CHEBI_79047
O=C(O)[C@H]1OC(O)[C@@H](O)[C@@H](O)[C@H]1O	1	1	C6H10O7	0.0	CHEBI_182517
O=C(O)[C@H]1OC(O)[C@H](O)[C@@H](O)[C@@H]1O	1	1	C6H10O7	0.0	CHEBI_47952
O=C(O)[C@H]1OC(O)[C@H](O)[C@@H](O)[C@H]1O	1	1	C6H10O7	0.0	CHEBI_4153
O=C(O)[C@H]1OC(O)[C@H](O)[C@H](O)[C@@H]1O	1	1	C6H10O7	0.0	CHEBI_182515
O=C(O)[C@H]1OC(O)[C@H](O)[C@H](O)[C@H]1O	1	1	C6H10O7	0.0	CHEBI_182516
O=C(O)[C@H]1OC(OP(=O)(O)O)[C@H](O)[C@@H](O)[C@@H]1O	1	1	C6H11O10P	0.0	CHEBI_35145
O=C(O)[C@H]1O[C@@H](O)[C@H](O)[C@@H](O)[C@@H]1O	1	1	C6H10O7	0.0	CHEBI_28860
O=C(O)[C@H]1O[C@@H](Oc2cc(O)cc3oc(-c4ccc(O)cc4)c(O)c(=O)c23)[C@H](O)[C@@H](O)[C@@H]1O	1	1	C21H18O12	0.0	CHEBI_75723
O=C(O)[C@H]1O[C@H](O)[C@@H](O)[C@@H](O)[C@@H]1O	1	1	C6H10O7	0.0	CHEBI_16224
O=C(O)[C@H]1O[C@H](O)[C@H](O)[C@@H](O)[C@@H]1O	1	1	C6H10O7	0.0	CHEBI_42717
O=C(O)[C@H]1O[C@H](OP(=O)(O)O)[C@H](O)[C@@H](O)[C@@H]1O	1	1	C6H11O10P	0.0	CHEBI_16787
O=C(O)[C@H]1O[C@H](OP(=O)(O)O)[C@H](O)[C@@H](O)[C@H]1O	1	1	C6H11O10P	0.0	CHEBI_17543
O=C(O)[C@]1(O)C[C@@H](O)[C@@H](O)[C@H](O)C1	1	1	C7H12O6	0.0	CHEBI_17521
O=C(O)[C@]1(O)C[C@H](O)[C@@H](O)[C@@H](O)C1	1	1	C7H12O6	0.0	CHEBI_36124
O=C(O)c1c(C(F)(F)F)ccnc1F	1	1	C7H3F4NO2	0.0	CHEBI_194798
O=C(O)c1c(O)c(Cl)cc(Br)c1O	1	1	C7H4BrClO4	0.0	CHEBI_233864
O=C(O)c1c(O)cccc1O	1	1	C7H6O4	0.0	CHEBI_68465
O=C(O)c1cc(C(=O)S)c[n+]([C@@H]2O[C@H](COP(=O)(O)O)[C@@H](O)[C@H]2O)c1	1	1	C12H15NO10PS+	1.0	CHEBI_139057
O=C(O)c1cc(O)c(O)c(OC(=O)c2cc(O)c(O)c(OC(=O)c3cc(O)c(OS(=O)(=O)O)c(O)c3)c2)c1	1	1	C21H14O16S	0.0	CHEBI_180888
O=C(O)c1cc(O)cc(=O)c(O)c1	1	1	C8H6O5	0.0	CHEBI_15957
O=C(O)c1cc2ccccc2cc1O	1	1	C11H8O3	0.0	CHEBI_80383
O=C(O)c1cc2ccccc2oc1=O	1	1	C10H6O4	0.0	CHEBI_192605
O=C(O)c1ccc(Cl)nc1Cl	1	1	C6H3Cl2NO2	0.0	CHEBI_194742
O=C(O)c1ccc2[nH]cc(CCCCN3CC=C(c4ccccc4)CC3)c2c1	1	1	C24H26N2O2	0.0	CHEBI_64200
O=C(O)c1ccc2[nH]cc(CCCC[NH+]3CC=C(c4ccccc4)CC3)c2c1	1	1	C24H27N2O2+	1.0	CHEBI_64201
O=C(O)c1cccc([N+](=O)[O-])c1	1	1	C7H5NO4	0.0	CHEBI_231494
O=C(O)c1cccc2c1ccc1c(CCN3CCOCC3)noc12	1	1	C18H18N2O4	0.0	CHEBI_207136
O=C(O)c1ccccc1-n1c2ccccc2c2ccccc21	1	1	C19H13NO2	0.0	CHEBI_186498
O=C(OC1C(O)C(=O)OC1C(O)C(=O)O)c1cc(O)c(O)c(O)c1	1	1	C13H12O11	0.0	CHEBI_193885
O=C(OCC(=O)c1ccc(Cl)s1)c1ccccn1	1	1	C12H8ClNO3S	0.0	CHEBI_123385
O=C(OCC(O)CO)c1ccccc1Nc1ccnc2c(C(F)(F)F)cccc12	1	1	C20H17F3N2O4	0.0	CHEBI_31612
O=C(O[C@@H]1O[C@@H]2COC(=O)c3cc(O)c(O)c(O)c3-c3c(cc(Oc4c(C(=O)O)cc(O)c(O)c4O)c(O)c3O)C(=O)O[C@H]([C@H]1O)[C@@H]2O)c1cc(O)c(O)c(O)c1	1	1	C34H26O23	0.0	CHEBI_81154
O=C(O[C@@H]1O[C@H](C(=O)O)[C@@H](O)[C@H](O)[C@H]1O)c1ccccc1Nc1cccc(Cl)c1CO	1	1	C20H20ClNO9	0.0	CHEBI_169230
O=C(Oc1c(-c2ccc(O)cc2)c(O)c2oc3cc(O)c(O)cc3c2c1OC(=O)c1ccc(O)cc1)c1ccc(O)cc1	1	1	C32H20O11	0.0	CHEBI_224252
O=C([N-]c1c[n+](N2CCOCC2)no1)C1CCCCC1	1	1	C13H20N4O3	0.0	CHEBI_135166
O=C([O-])/C=C/C1=CC=C[C@@H](O)[C@H]1O	1	1	C9H9O4-	-1.0	CHEBI_62057
O=C([O-])/C=C/C1=CC=C[C@H](O)[C@@H]1O	1	1	C9H9O4-	-1.0	CHEBI_61451
O=C([O-])/C=C1/C=C(Cl)C(=O)O1	1	1	C6H2ClO4-	-1.0	CHEBI_57891
O=C([O-])/C=C1\C=C(Cl)C(=O)O1	1	1	C6H2ClO4-	-1.0	CHEBI_57681
O=C([O-])C(=O)/C=C/c1ccccc1C(=O)[O-]	1	1	C11H6O5-2	-2.0	CHEBI_27040
O=C([O-])C(=O)/C=C\c1ccccc1C(=O)[O-]	1	1	C11H6O5-2	-2.0	CHEBI_58794
O=C([O-])C(=O)CC1C=CC(O)CC1	1	1	C9H11O4-	-1.0	CHEBI_64790
O=C([O-])C(=O)C[C@@H]1C=C[C@H](O)CC1	1	1	C9H11O4-	-1.0	CHEBI_136783
O=C([O-])C(=O)C[C@H]1C=C[C@H](O)CC1	1	1	C9H11O4-	-1.0	CHEBI_136784
O=C([O-])C1=C(C[n+]2ccc(CCS(=O)(=O)[O-])cc2)CS[C@@H]2[C@H](NC(=O)[C@H](NC(=O)c3c[nH]c(C(=O)O)n3)c3ccccc3)C(=O)N12.[Na+]	1	1	C28H25N6NaO10S2	0.0	CHEBI_31376
O=C([O-])C1=CC(=C(c2ccc(O)c(C(=O)[O-])c2)c2ccc(O)c(C(=O)[O-])c2)C=CC1=O.[NH4+].[NH4+].[NH4+]	1	1	C22H23N3O9	0.0	CHEBI_87398
O=C([O-])C1=NC[C@@H](O)C1	1	1	C5H6NO3-	-1.0	CHEBI_87834
O=C([O-])C=CC1=CC=C[C@@H](O)[C@H]1O	1	1	C9H9O4-	-1.0	CHEBI_60109
O=C([O-])C=CC1=CC=C[C@H](O)[C@@H]1O	1	1	C9H9O4-	-1.0	CHEBI_60108
O=C([O-])CC(=O)OC[C@H]1O[C@@H](Oc2cc(O)c3c(c2)O[C@H](c2ccc(O)cc2)CC3=O)[C@H](O)[C@@H](O)[C@@H]1O	1	1	C24H23O13-	-1.0	CHEBI_169950
O=C([O-])CC(O)(CC(=O)[O-])C(=O)[O-].[Bi+3]	1	1	C6H5BiO7	0.0	CHEBI_157700
O=C([O-])CC(O)c1ccc(O)cc1	1	1	C9H9O4-	-1.0	CHEBI_229975
O=C([O-])CCC/C=C\CC(O)/C=C/C=C\C/C=C\CCCCCO	1	1	C20H31O4-	-1.0	CHEBI_90717
O=C([O-])CCCCC1CCSS1	1	1	C8H13O2S2-	-1.0	CHEBI_30313
O=C([O-])CCCC[C@@H]1CCSS1	1	1	C8H13O2S2-	-1.0	CHEBI_83088
O=C([O-])CN(CC(=O)[O-])c1ccccc1OCCOc1cc(NC(=O)c2ccc3c(c2)C(=O)OC32c3cc(Cl)c([O-])cc3Oc3cc([O-])c(Cl)cc32)ccc1N(CC(=O)[O-])CC(=O)[O-].[K+].[K+].[K+].[K+].[K+].[K+]	1	1	C43H27Cl2K6N3O16	0.0	CHEBI_52695
O=C([O-])C[C@@H](C(=O)[O-])[N+](=O)[O-]	1	1	C4H3NO6-2	-2.0	CHEBI_180682
O=C([O-])[C@@H](O)Cc1cnc[nH]1	1	1	C6H7N2O3-	-1.0	CHEBI_57752
O=C([O-])[C@@H](O)[C@@H](O)[C@H](O)[C@@H](O)COc1ccc2occ(-c3ccccc3OS(=O)(=O)O)c(=O)c2c1O	1	1	C21H19O14S-	-1.0	CHEBI_55447
O=C([O-])[C@@H]1O[C@@H](O)[C@H](O)[C@@H](O)[C@@H]1O	1	1	C6H9O7-	-1.0	CHEBI_193037
O=C([O-])[C@H]1/C(=C/CO)O[C@@H]2CC(=O)N21.[K+]	1	1	C8H8KNO5	0.0	CHEBI_85264
O=C([O-])[C@H]1OC(O)[C@H](O)[C@@H](O)[C@H]1O	1	1	C6H9O7-	-1.0	CHEBI_75525
O=C([O-])[C@H]1OC(OP(=O)(O)O)[C@H](O)[C@@H](O)[C@@H]1O	1	1	C6H10O10P-	-1.0	CHEBI_28547
O=C([O-])[C@H]1O[C@@H](O)[C@H](O)[C@@H](O)[C@@H]1O	1	1	C6H9O7-	-1.0	CHEBI_85313
O=C([O-])[C@H]1O[C@@H](O)[C@H](O)[C@@H](O)[C@H]1O	1	1	C6H9O7-	-1.0	CHEBI_85312
O=C([O-])[C@H]1O[C@@H](Oc2ccc(-c3cc(=O)c4c(O)cc(O[C@@H]5O[C@H](C(=O)[O-])[C@@H](O)[C@H](O)[C@H]5O[C@@H]5O[C@H](C(=O)[O-])[C@@H](O)[C@H](O)[C@H]5O)cc4o3)cc2O)[C@H](O)[C@@H](O)[C@@H]1O	1	1	C33H31O24-3	-3.0	CHEBI_58678
O=C([O-])[C@H]1O[C@@H](Oc2ccc(-c3cc(=O)c4c([O-])cc(O[C@@H]5O[C@H](C(=O)[O-])[C@@H](O)[C@H](O)[C@H]5O[C@@H]5O[C@H](C(=O)[O-])[C@@H](O)[C@H](O)[C@H]5O)cc4o3)cc2O)[C@H](O)[C@@H](O)[C@@H]1O	1	1	C33H30O24-4	-4.0	CHEBI_77825
O=C([O-])[C@H]1O[C@H](O)[C@@H](O)[C@@H](O)[C@@H]1O	1	1	C6H9O7-	-1.0	CHEBI_157625
O=C([O-])[C@H]1O[C@H](O)[C@@H](O)[C@@H](O)[C@H]1O	1	1	C6H9O7-	-1.0	CHEBI_157627
O=C([O-])[C@H]1O[C@H](O)[C@H](O)[C@@H](O)[C@@H]1O	1	1	C6H9O7-	-1.0	CHEBI_189642
O=C([O-])[C@H]1O[C@H](OP(=O)([O-])[O-])[C@H](O)[C@@H](O)[C@@H]1O	1	1	C6H8O10P-3	-3.0	CHEBI_57897
O=C([O-])[C@H]1O[C@H](OP(=O)([O-])[O-])[C@H](O)[C@@H](O)[C@H]1O	1	1	C6H8O10P-3	-3.0	CHEBI_58186
O=C([O-])c1c(O)cccc1O	1	1	C7H5O4-	-1.0	CHEBI_131450
O=C([O-])c1cc(C(=O)[S-])c[n+]([C@@H]2O[C@H](COP(=O)([O-])[O-])[C@@H](O)[C@H]2O)c1	1	1	C12H11NO10PS-3	-3.0	CHEBI_138330
O=C([O-])c1cc(O)cc(=O)c(O)c1	1	1	C8H5O5-	-1.0	CHEBI_77842
O=C([O-])c1cc(O)cc(=O)c([O-])c1	1	1	C8H4O5-2	-2.0	CHEBI_57587
O=C([O-])c1cccc([N+](=O)[O-])c1	1	1	C7H4NO4-	-1.0	CHEBI_231488
O=C([O-])c1ccccc1O.[Na+]	1	1	C7H5NaO3	0.0	CHEBI_9180
O=C(c1cc2ccccc2[nH]1)c1cc2cc(O)ccc2[nH]1	1	1	C17H12N2O2	0.0	CHEBI_92486
O=C(c1ccc(Cl)c(Cl)c1)N1CCN(c2ccnc3cc(Cl)ccc23)CC1	1	1	C20H16Cl3N3O	0.0	CHEBI_92353
O=C(c1ccc(Cl)cc1)N1CCN(c2ccnc3cc(Cl)ccc23)CC1	1	1	C20H17Cl2N3O	0.0	CHEBI_92634
O=C(c1ccc(OCCCc2cnc[nH]2)cc1)C1CC1	1	1	C16H18N2O2	0.0	CHEBI_125467
O=C(c1ccc2nccnc2c1)N1CCCCC1	1	1	C14H15N3O	0.0	CHEBI_34605
O=C(c1cccc2ccccc12)c1cn(CCCCCF)c2ccccc12	1	1	C24H22FNO	0.0	CHEBI_185785
O=C(c1ccccn1)N1CC2(C1)[C@H](c1ccccc1)[C@@H](CO)N2Cc1ccccc1	1	1	C25H25N3O2	0.0	CHEBI_126070
O=C1C(=Cc2cc(O)c(O)c(O)c2)Oc2cc(O)cc(O)c21	1	1	C15H10O7	0.0	CHEBI_3163
O=C1C(=Cc2ccc(O)cc2)Oc2cc(O)cc(O)c21	1	1	C15H10O5	0.0	CHEBI_196251
O=C1C(=O)N(Cc2cc3ccccc3s2)c2ccc(F)cc21	1	1	C17H10FNO2S	0.0	CHEBI_149840
O=C1C(=O)c2cccc3cccc1c23	1	1	C12H6O2	0.0	CHEBI_15342
O=C1C(O)=C(c2ccccc2)[C@@H]2CCCN12	1	1	C13H13NO2	0.0	CHEBI_217734
O=C1C(O)=Cc2cccc3ccc(-c4ccccc4)c1c23	1	1	C19H12O2	0.0	CHEBI_189798
O=C1C=C(Cl)C(=O)C(CO)=C1	1	1	C7H5ClO3	0.0	CHEBI_224983
O=C1C=CC(=O)c2c(OC3OC(CO)C(O)C(O)C3O)cccc21	1	1	C16H16O8	0.0	CHEBI_175269
O=C1C=CC[C@@H]2[C@H]3CCCN4CCC[C@@H](CN12)[C@@H]34	1	1	C15H22N2O	0.0	CHEBI_228910
O=C1CC(=O)N([C@@H]2O[C@H](COP(=O)(O)O)[C@@H](O)[C@H]2O)C(=O)N1	1	1	C9H13N2O10P	0.0	CHEBI_41150
O=C1CC(Sc2ncccn2)C(=O)N1c1ccccc1C(F)(F)F	1	1	C15H10F3N3O2S	0.0	CHEBI_114828
O=C1CC(c2ccccc2)c2c(O)cc(O)c(C(=O)CCc3ccccc3)c2O1	1	1	C24H20O5	0.0	CHEBI_179409
O=C1CC(c2ccco2)CC(=O)C1=CNc1ccccc1-c1ccccc1	1	1	C23H19NO3	0.0	CHEBI_107789
O=C1CCC(=O)NCCCCCN(O)C(=O)CCC(=O)NCCCCCN(O)C(=O)CCC(=O)NCCCCCN1	1	1	C27H48N6O8	0.0	CHEBI_181218
O=C1CCC/C=C\CCCCCCCCCC1	1	1	C16H28O	0.0	CHEBI_181321
O=C1CCCc2cc3c(cc21)CC1(C3)Cc2cc3c(cc2C1)C(=O)CCC3	1	1	C25H24O2	0.0	CHEBI_105887
O=C1CCCc2nc3c(cc21)C(=O)CCC3	1	1	C13H13NO2	0.0	CHEBI_195161
O=C1CC[C@@H](C(=O)N[C@@H](CC2C=NC=N2)C(=O)N2CCC[C@H]2C(=O)O)N1	1	1	C16H21N5O5	0.0	CHEBI_230411
O=C1CC[C@H](c2ccc(O)c3c2C(=O)[C@@H](O)[C@@H]2O[C@H]32)c2cccc(O)c21	1	1	C20H16O6	0.0	CHEBI_227367
O=C1CN2C(=C1c1ccccc1)NC(=O)c1ccccc12	1	1	C17H12N2O2	0.0	CHEBI_108111
O=C1CN=C(c2ccccc2)c2c(sc3c2CCCC3)N1	1	1	C17H16N2OS	0.0	CHEBI_135252
O=C1C[C@@H](O)C2(Oc3cccc4cccc(c34)O2)[C@H]2[C@H]1[C@@H](O)CC[C@H]2O	1	1	C20H20O6	0.0	CHEBI_225858
O=C1C[C@@H](O)[C@@H](Cc2ccccc2)N1	1	1	C11H13NO2	0.0	CHEBI_204321
O=C1C[C@@H](O)[C@H](O)[C@@]23O[C@@]12C1(Oc2cccc4cccc(c24)O1)[C@@H]1O[C@@H]1[C@@H]3O	1	1	C20H16O8	0.0	CHEBI_204711
O=C1C[C@@H]2OCC=C3C[N+]4([O-])CC[C@]56c7ccccc7N1[C@H]5[C@H]2[C@H]3C[C@@H]64	1	1	C21H22N2O3	0.0	CHEBI_132703
O=C1C[C@@]2(C(=O)O)CC[C@@H]3OC[C@]2(O3)c2c(O)ccc(O)c21	1	1	C15H14O7	0.0	CHEBI_198645
O=C1C[C@H](CO)[C@@H](O)[C@H](O)[C@H]1O	1	1	C7H12O5	0.0	CHEBI_111542
O=C1C[C@H](O)[C@H](O)[C@@]23O[C@@]12C1(Oc2cccc4cccc(c24)O1)[C@@H]1O[C@@H]1[C@@H]3O	1	1	C20H16O8	0.0	CHEBI_201938
O=C1C[C@](O)(c2ccccc2)[C@@H](c2cc(O)cc(=O)o2)c2cccc(O)c21	1	1	C21H16O6	0.0	CHEBI_207224
O=C1C[C@]2(C(=O)O)CC[C@H]3OC[C@@]2(O3)c2c(O)ccc(O)c21	1	1	C15H14O7	0.0	CHEBI_204935
O=C1N2CN3C(=O)N4CN5C(=O)N6CN7C(=O)N8CN9C(=O)N%10CN%11C(=O)N%12CN%13C(=O)N%14CN%15C(=O)N%16CN%17C(=O)N%18CN%19C(=O)N%20CN1[C@H]1[C@@H]2N2CN%21C(=O)N(CN%22C(=O)N(CN%23C(=O)N(CN%24C(=O)N(CN%25C(=O)N(CN%26C(=O)N(CN%27C(=O)N(CN%28C(=O)N(CN%29C(=O)N(CN1C2=O)[C@H]%20[C@@H]%29%19)[C@H]%18[C@@H]%28%17)[C@H]%16[C@@H]%27%15)[C@H]%14[C@@H]%26%13)[C@H]%12[C@@H]%25%11)[C@H]%10[C@@H]%249)[C@H]8[C@@H]%237)[C@H]6[C@@H]%225)[C@H]4[C@@H]%213	1	1	C60H60N40O20	0.0	CHEBI_51439
O=C1N=C(c2c[nH]c3ccc(O)cc23)C=C1c1c[nH]c2ccccc12	1	1	C20H13N3O2	0.0	CHEBI_131916
O=C1NC(=Cc2ccc(O)cc2)C(=O)C1C=NCc1ccccc1	1	1	C19H16N2O3	0.0	CHEBI_116966
O=C1NC(=O)c2cc(Nc3ccccc3)c(Nc3ccccc3)cc21	1	1	C20H15N3O2	0.0	CHEBI_53110
O=C1NCCCc2c1oc1ccc(O)cc21	1	1	C12H11NO3	0.0	CHEBI_92059
O=C1NCCN1Cc1ccc(Cl)nc1	1	1	C9H10ClN3O	0.0	CHEBI_83544
O=C1NCCc2ccc(c(Br)c2)Oc2cc(cc(Br)c2O)CCNC(=O)/C(=N/O)Cc2cc(Br)c(O)c(c2)Oc2c(Br)cc(cc2Br)C/C1=N/O	1	1	C34H27Br5N4O8	0.0	CHEBI_68322
O=C1NCCc2ccc(c(Br)c2)Oc2cc(cc(Br)c2O)CCNC(=O)/C(=N/O)Cc2cc(Br)c(O)c(c2)Oc2c(Br)cc(cc2Br)C/C1=N\O	1	1	C34H27Br5N4O8	0.0	CHEBI_68321
O=C1Nc2ccc(Cl)cc2C(c2ccccc2)=NC1O	1	1	C15H11ClN2O2	0.0	CHEBI_7823
O=C1Nc2ccccc2-c2ccccc2N1	1	1	C13H10N2O	0.0	CHEBI_170021
O=C1OC(Cc2ccccc2)=NC1=CO	1	1	C11H9NO3	0.0	CHEBI_61229
O=C1OC(Cc2ccccc2)=NC1=C[O-]	1	1	C11H8NO3-	-1.0	CHEBI_61228
O=C1OC(OC(=O)c2cccnc2Nc2cccc(C(F)(F)F)c2)c2ccccc21	1	1	C21H13F3N2O4	0.0	CHEBI_91991
O=C1OC(c2ccc(O)cc2)C(O)=C1Cc1ccccc1	1	1	C17H14O4	0.0	CHEBI_183721
O=C1O[C@H](CCCO)Cc2cccc(O)c21	1	1	C12H14O4	0.0	CHEBI_220203
O=C1O[C@H]([C@@H](O)CO)C(O)=C1OP(=O)([O-])[O-].[Mg+2]	1	1	C6H7MgO9P	0.0	CHEBI_81686
O=C1[C@@H](O)C(O)O[C@H](CO)[C@H]1O	1	1	C6H10O6	0.0	CHEBI_55402
O=C1c2c(O)cc(O)cc2OC(c2cccc(OC3OC(C(=O)O)C(O)C(O)C3O)c2)C1OC1OC(CO)C(O)C1O	1	1	C26H28O16	0.0	CHEBI_190891
O=C1c2c(O)cccc2C([C@@H]2O[C@H](CO)[C@@H](O)[C@H](O)[C@H]2O)c2cc(CO)cc(O)c21	1	1	C21H22O9	0.0	CHEBI_73222
O=C1c2c(O)cccc2[C@@H]([C@@H]2O[C@H](CO)[C@@H](O)[C@H](O)[C@H]2O)c2cc(CO)cc(O)c21	1	1	C21H22O9	0.0	CHEBI_74131
O=C1c2c(O)cccc2[C@H]([C@@H]2O[C@H](CO)[C@@H](O)[C@H](O)[C@H]2O)c2cc(CO)cc(O)c21	1	1	C21H22O9	0.0	CHEBI_2991
O=C1c2cc3c(cc2-c2c4c(cc5ccnc1c25)OCO4)OCO3	1	1	C18H9NO5	0.0	CHEBI_132894
O=C1c2ccc(O)cc2C(=O)c2ccc(O)cc21	1	1	C14H8O4	0.0	CHEBI_34250
O=C1c2cccc(O)c2N[C@@H](c2c[nH]c3ccccc23)[C@@H]2CCCN12	1	1	C20H19N3O2	0.0	CHEBI_156292
O=C1c2cccc3cccc(c23)C(=O)N1CCCSc1ncn[nH]1	1	1	C17H14N4O2S	0.0	CHEBI_93939
O=C1c2ccccc2-c2n[nH]c3cccc1c23	1	1	C14H8N2O	0.0	CHEBI_90695
O=C1c2ccccc2C(=O)c2c1cc(O)c(CO)c2O	1	1	C15H10O5	0.0	CHEBI_6554
O=C1c2ccccc2C(=O)c2c1cc(O)c(O)c2O	1	1	C14H8O5	0.0	CHEBI_2755
O=C=Nc1ccc(Cc2ccccc2)cc1	1	1	C14H11NO	0.0	CHEBI_55312
O=CC(CO)Cc1ccccc1	1	1	C10H12O2	0.0	CHEBI_193702
O=CC1=C2Nc3ccccc3[C@@]23CC[NH+]2C/C(=C/CO)[C@@H]1C[C@H]23	1	1	C19H21N2O2+	1.0	CHEBI_231652
O=CCCc1cc(O)ccc1O	1	1	C9H10O3	0.0	CHEBI_193714
O=CCCc1cccc(O)c1	1	1	C9H10O2	0.0	CHEBI_193677
O=CCCc1cccc(O)c1O	1	1	C9H10O3	0.0	CHEBI_193713
O=CC[C@H](O)[C@H](O)COP(=O)(O)O	1	1	C5H11O7P	0.0	CHEBI_16132
O=CC[C@H](O)[C@H](O)COP(=O)([O-])[O-]	1	1	C5H9O7P-2	-2.0	CHEBI_57651
O=CN1CCCC1	1	1	C5H9NO	0.0	CHEBI_178202
O=CNCCCCC(NC(=O)C1COC(c2ccccc2O)=N1)C(=O)O	1	1	C17H21N3O6	0.0	CHEBI_205432
O=CN[C@@H](CCC(=O)O)C(=O)O	1	1	C6H9NO5	0.0	CHEBI_48309
O=COCCCc1ccccc1	1	1	C10H12O2	0.0	CHEBI_180396
O=C[C@H](F)[C@@H](O)[C@H](O)[C@H](O)CO	1	1	C6H11FO5	0.0	CHEBI_49135
O=C[C@H](O)[C@@H](O[C@@H]1OC[C@H](O)[C@H](O)[C@H]1O)[C@@H](O)CO	1	1	C10H18O9	0.0	CHEBI_174689
O=C[C@H]([18F])[C@@H](O)[C@H](O)[C@H](O)CO	1	1	C6H11FO5	0.0	CHEBI_49136
O=Cc1cc2cc3nc(cc4ccc(cc5nc(cc1[nH]2)C=C5)[nH]4)C=C3	1	1	C21H14N4O	0.0	CHEBI_52558
O=Cc1cc2ccc(O)cc2c(=O)o1	1	1	C10H6O4	0.0	CHEBI_177957
O=Cc1cc2ccccc2c(=O)o1	1	1	C10H6O3	0.0	CHEBI_173471
O=Cc1cc2ccccc2o1	1	1	C9H6O2	0.0	CHEBI_193658
O=NN1C[C@H](O)C[C@H]1C(=O)O	1	1	C5H8N2O4	0.0	CHEBI_82513
O=P(O)(O)C(Cl)(Cl)P(=O)(O)O	1	1	CH4Cl2O6P2	0.0	CHEBI_110423
O=P(O)(O)OC[C@H]1OC(OP(=O)(O)O)[C@H](O)[C@@H]1O	1	1	C5H12O11P2	0.0	CHEBI_17994
O=P(O)(O)OC[C@H]1O[C@H](O)C[C@@H]1OP(=O)(O)OC[C@H]1O[C@H](O)C[C@@H]1O	1	1	C10H20O13P2	0.0	CHEBI_132205
O=P(O)(O)OC[C@H]1O[C@H](OP(=O)(O)O)[C@H](O)[C@@H]1O	1	1	C5H12O11P2	0.0	CHEBI_68819
O=P(O)(O)[C@H](O)c1ccc2ccccc2c1	1	1	C11H11O4P	0.0	CHEBI_94580
O=P(O)(OCCC(F)(F)C(F)(F)C(F)(F)C(F)(F)C(F)(F)C(F)(F)C(F)(F)C(F)(F)F)OCCC(F)(F)C(F)(F)C(F)(F)C(F)(F)C(F)(F)C(F)(F)C(F)(F)C(F)(F)F	1	1	C20H9F34O4P	0.0	CHEBI_83540
O=P([O-])(O)C(Cl)(Cl)P(=O)([O-])O	1	1	CH2Cl2O6P2-2	-2.0	CHEBI_59585
O=P([O-])(O)O.[Na+]	1	1	H2NaO4P	0.0	CHEBI_37585
O=P([O-])([O-])OC[C@H]1OC(OP(=O)([O-])[O-])[C@H](O)[C@@H]1O	1	1	C5H8O11P2-4	-4.0	CHEBI_58345
O=P([O-])([O-])OC[C@H]1O[C@H](OP(=O)([O-])[O-])[C@H](O)[C@@H]1O	1	1	C5H8O11P2-4	-4.0	CHEBI_68688
O=S(=O)(Nc1ccccn1)c1ccc(NO)cc1	1	1	C11H11N3O3S	0.0	CHEBI_61021
O=S(=O)(O)COc1ccccn1	1	1	C6H7NO4S	0.0	CHEBI_1274
O=S(=O)(O)O/N=C(\CCCc1ccccc1)SC1OC(CO)C(O)C(O)C1O	1	1	C16H23NO9S2	0.0	CHEBI_191822
O=S(=O)(O)OC/C=C/c1cccc(O)c1	1	1	C9H10O5S	0.0	CHEBI_193821
O=S(=O)(O)c1ccc(/N=N/c2ccccc2)cc1	1	1	C12H10N2O3S	0.0	CHEBI_58975
O=S(=O)(O)c1ccccc1/N=N/c1ccccc1S(=O)(=O)O	1	1	C12H10N2O6S2	0.0	CHEBI_63947
O=S(=O)([O-])CCN(CCO)CCO	1	1	C6H14NO5S-	-1.0	CHEBI_39046
O=S(=O)([O-])[S-].[Na+].[Na+]	1	1	Na2O3S2	0.0	CHEBI_132112
O=S(=O)([O-])c1ccc(/N=N/c2ccccc2)cc1	1	1	C12H9N2O3S-	-1.0	CHEBI_58976
O=S(=O)([O-])c1ccccc1/N=N/c1ccccc1S(=O)(=O)[O-]	1	1	C12H8N2O6S2-2	-2.0	CHEBI_63950
O=S(=O)=O	1	1	O3S	0.0	CHEBI_29384
O=S1(=O)CCN(CN2CCS(=O)(=O)NC2)CN1	1	1	C7H16N4O4S2	0.0	CHEBI_135173
O=[Br+]	1	1	BrO+	1.0	CHEBI_29873
O=[N+]([O-])c1ccc(N2CCCCC2)s1	1	1	C9H12N2O2S	0.0	CHEBI_121793
O=[N+]([O-])c1ccc(O)cc1[N+](=O)[O-]	1	1	C6H4N2O5	0.0	CHEBI_39358
O=[N+]([O-])c1ccc2c(c1)[nH]c(=S)n2-c1ccccc1	1	1	C13H9N3O2S	0.0	CHEBI_111367
O=[N+]([O-])c1ccc2ccc([N+](=O)[O-])cc2c1	1	1	C10H6N2O4	0.0	CHEBI_50645
O=[N+]([O-])c1ccc2ccc3cccc4ccc1c2c34	1	1	C16H9NO2	0.0	CHEBI_34107
O=[N+]([O-])c1ccccc1S(=O)(=O)N1CCCCC1	1	1	C11H14N2O4S	0.0	CHEBI_109746
O=[N+]([O-])c1cnc2ccccc2c1Sc1ccccc1	1	1	C15H10N2O2S	0.0	CHEBI_92556
O=[PH2]O	1	1	H3O2P	0.0	CHEBI_29031
O=[PH2][O-]	1	1	H2O2P-	-1.0	CHEBI_29198
O=[PH](O)O	1	1	H3O3P	0.0	CHEBI_44976
O=c1[nH][nH]c(-c2ccccc2O)c1C(C[N+](=O)[O-])c1ccc(Cl)cc1Cl	1	1	C17H13Cl2N3O4	0.0	CHEBI_121541
O=c1[nH]c(=O)c2ncn([C@H]3C[C@H](O)[C@@H](COP(=O)(O)OP(=O)(O)O)O3)c2[nH]1	1	1	C10H14N4O11P2	0.0	CHEBI_10534
O=c1[nH]c(=O)n([C@@H]2O[C@H](CO)[C@@H](O)[C@H]2O)cc1Br	1	1	C9H11BrN2O6	0.0	CHEBI_20553
O=c1[nH]c(O)c2cc3ccccc3nc2c1-c1ccc(CO)o1	1	1	C17H12N2O4	0.0	CHEBI_219165
O=c1[nH]c2c(c3ccccc13)CCc1ccccc1-2	1	1	C17H13NO	0.0	CHEBI_187922
O=c1[nH]c2cc(Cl)c(O)cc2o1	1	1	C7H4ClNO3	0.0	CHEBI_184399
O=c1[nH]cc(CCCC(O)CO)c(=O)[nH]1	1	1	C9H14N2O4	0.0	CHEBI_132195
O=c1[nH]cc[nH]1	1	1	C3H4N2O	0.0	CHEBI_51022
O=c1[nH]cnc2c1-c1cccn1CC2	1	1	C10H9N3O	0.0	CHEBI_221146
O=c1[nH]cnc2c1ncn2[C@@H]1O[C@H](COP(=O)([O-])[O-])[C@@H](O)[C@H]1O.[Na+].[Na+]	1	1	C10H11N4Na2O8P	0.0	CHEBI_184785
O=c1c(Cl)c(NCc2ccc(F)cc2)cnn1C12CC3CC(CC(C3)C1)C2	1	1	C21H23ClFN3O	0.0	CHEBI_109676
O=c1c2cc(O)c(O)cc2oc2cc(O)c([C@@H]3O[C@H](CO)[C@@H](O)[C@H](O)[C@H]3O)c(O)c12	1	1	C19H18O11	0.0	CHEBI_6682
O=c1c2cc(O)c(O)cc2oc2cc([O-])c([C@@H]3O[C@H](CO)[C@@H](O)[C@H](O)[C@H]3O)c(O)c12	1	1	C19H17O11-	-1.0	CHEBI_194216
O=c1c2ccccc2nc2n1CCc1c-2[nH]c2ccccc12	1	1	C18H13N3O	0.0	CHEBI_8922
O=c1cc(-c2cc(O)c(O)c(OS(=O)(=O)O)c2)oc2cc(O)cc(O)c12	1	1	C15H10O10S	0.0	CHEBI_229857
O=c1cc(-c2cc(O)c(O)c(OS(=O)(=O)O)c2)oc2cc(OS(=O)(=O)O)cc(O)c12	1	1	C15H10O13S2	0.0	CHEBI_169884
O=c1cc(-c2ccc(O)cc2)oc2cc(O)c([C@@H]3O[C@H](CO)[C@@H](O)[C@H](O)[C@H]3O[C@@H]3OC[C@H](O)[C@H](O)[C@H]3O)c(O)c12	1	1	C26H28O14	0.0	CHEBI_75435
O=c1cc(-c2cccc(O)c2)oc2c1ccc1ccccc12	1	1	C19H12O3	0.0	CHEBI_180571
O=c1cc(-c2cccc(OS(=O)(=O)O)c2)oc2cc(O)ccc12	1	1	C15H10O7S	0.0	CHEBI_184194
O=c1cc([OH2+])cc2oc(-c3cccc(OS(=O)(=O)O)c3)c(O)cc1-2	1	1	C15H11O8S+	1.0	CHEBI_193512
O=c1cccc2n1CC1CNCC2C1	1	1	C11H14N2O	0.0	CHEBI_111178
O=c1cccc2n1C[C@@H]1CNC[C@H]2C1	1	1	C11H14N2O	0.0	CHEBI_4055
O=c1cccc2n1C[C@H]1CNCC2C1	1	1	C11H14N2O	0.0	CHEBI_95183
O=c1cccc2n1C[C@H]1C[C@@H]2CN2CC[C@H](O)C[C@H]12	1	1	C15H20N2O2	0.0	CHEBI_2990
O=c1cccc2n1C[C@H]1C[C@H]2CN2CC[C@H](O)C[C@H]12	1	1	C15H20N2O2	0.0	CHEBI_182504
O=c1ccccc(O)c1O	1	1	C7H6O3	0.0	CHEBI_223314
O=c1ccn([C@@H]2O[C@@H]3COP(=O)([O-])O[C@H]4[C@@H](O)[C@H](n5ccc(=O)[nH]c5=O)O[C@@H]4COP(=O)([O-])O[C@H]3[C@H]2O)c(=O)[nH]1	1	1	C18H20N4O16P2-2	-2.0	CHEBI_143807
O=c1ccn([C@H]2C[C@H](O)[C@@H](COP(=O)(O)OP(=O)(O)OP(=O)(O)O)O2)c(=O)[nH]1	1	1	C9H15N2O14P3	0.0	CHEBI_17625
O=c1ccn([C@H]2C[C@H](O)[C@@H](COP(=O)([O-])OP(=O)([O-])OP(=O)([O-])O)O2)c(=O)[nH]1	1	1	C9H12N2O14P3-3	-3.0	CHEBI_58212
O=c1ccoc(=O)o1	1	1	C4H2O4	0.0	CHEBI_209544
O=c1ccoc([C@H](O)c2ccccc2)c1	1	1	C12H10O3	0.0	CHEBI_207988
O=c1ccoc2cc3c(c(O)c12)OCO3	1	1	C10H6O5	0.0	CHEBI_67361
O=c1oc(-c2ccc(O)cc2)cc(Cc2ccc(O)cc2)c1Cc1ccc(O)cc1O	1	1	C25H20O6	0.0	CHEBI_223895
O=c1oc2c(O)c(O)cc3c(=O)oc4c(O)c(O)cc1c4c23	1	1	C14H6O8	0.0	CHEBI_4775
O=c1oc2cc(OCc3ccc([N+](=O)[O-])cc3)ccc2c2c1CCCC2	1	1	C20H17NO5	0.0	CHEBI_115544
OC(Cc1ccccc1)(c1ccccc1)C(O)(Cc1ccccc1)c1ccccc1	1	1	C28H26O2	0.0	CHEBI_176663
OC(c1ccccc1)c1ccc(Cl)cc1	1	1	C13H11ClO	0.0	CHEBI_35091
OC1c2ccccc2-c2ccccc21	1	1	C13H10O	0.0	CHEBI_16904
OCC(O)CNCCOc1ccccc1O	1	1	C11H17NO4	0.0	CHEBI_190076
OCC1(CCc2ccccc2)CCN(Cc2ccc3nsnc3c2)CC1	1	1	C21H25N3OS	0.0	CHEBI_116913
OCC1C[C@@H](O)C(O)[C@H](O)C1	1	1	C7H14O4	0.0	CHEBI_226407
OCC1OC(OC2C(CO)OC(OC3C(O)C(CO)OC(OC4C(CO)OC(O)C(O)C4O)C3O)C(O)C2O)C(O)C(O)C1O	1	1	C24H42O21	0.0	CHEBI_193928
OCC1OC(Oc2cc3c(O)cc(O)cc3[o+]c2-c2ccc(O)cc2)C(O)C(O)C1O	1	1	C21H21O10+	1.0	CHEBI_176349
OCC1O[C@@H](Oc2cc(O)c3c(c2)OC(c2ccccc2)CC3)C(O)[C@@H](O)[C@@H]1O	1	1	C21H24O8	0.0	CHEBI_186188
OCC1O[C@@H](Oc2cc(O)cc3[o+]c(-c4ccc(O)cc4)c(O)cc23)C(O)[C@@H](O)[C@H]1O	1	1	C21H21O10+	1.0	CHEBI_176113
OCC1O[C@@H](Oc2cc3c(O)c(O)c(O)cc3[o+]c2-c2cc(O)c(O)c(O)c2)C(O)[C@@H](O)[C@@H]1O	1	1	C21H21O13+	1.0	CHEBI_168056
OCCCCCCCCCO	1	1	C9H20O2	0.0	CHEBI_167089
OCCCCCO	1	1	C5H12O2	0.0	CHEBI_185431
OCCOCCN1CCN(C(c2ccccc2)c2ccc(Cl)cc2)CC1.[Cl-].[Cl-].[H+].[H+]	1	1	C21H29Cl3N2O2	0.0	CHEBI_5819
OCCc1ccccc1O	1	1	C8H10O2	0.0	CHEBI_64803
OC[C@@H](O)[C@@H]1OC(O)[C@H](O)[C@H]1O[C@H]1O[C@H](CO)[C@H](O[C@H]2O[C@H](CO)[C@H](O)[C@H](O)[C@H]2O)[C@H](O)[C@H]1O	1	1	C18H32O16	0.0	CHEBI_147159
OC[C@@H](O)[C@@H]1O[C@@H](O)[C@H](O)[C@H]1O[C@H]1O[C@H](CO)[C@H](O[C@H]2O[C@H](CO)[C@H](O)[C@H](O)[C@H]2O)[C@H](O)[C@H]1O	1	1	C18H32O16	0.0	CHEBI_153930
OC[C@@H]1[C@@H](O)[C@H](O)[C@@H]2[C@@H](O)CCN21	1	1	C8H15NO4	0.0	CHEBI_2568
OC[C@@H]1[C@@H](O)[C@H](O)[C@H]2[C@@H](O)CCN21	1	1	C8H15NO4	0.0	CHEBI_2931
OC[C@H]1O[C@@H](OC[C@H]2O[C@@H](O)[C@H](O)[C@@H](O[C@@H]3O[C@H](CO)[C@@H](O[C@@H]4O[C@H](CO)[C@H](O)[C@H](O)[C@H]4O)[C@H](O)[C@H]3O)[C@H]2O)[C@H](O)[C@@H](O)[C@H]1O	1	1	C24H42O21	0.0	CHEBI_154197
OC[C@H]1O[C@@H](OC[C@H]2O[C@@H](O[C@H]3[C@H](O)[C@H](O)[C@H](O[C@H]4[C@H](O)[C@H](O)C(O)O[C@@H]4CO)O[C@@H]3CO)[C@@H](O)[C@@H](O)[C@@H]2O[C@@H]2O[C@H](CO)[C@@H](O)[C@H](O)[C@@H]2O)[C@H](O)[C@@H](O)[C@H]1O	1	1	C30H52O26	0.0	CHEBI_189417
OC[C@H]1O[C@@H](O[C@@H]2[C@@H](O)[C@H](OC[C@H]3O[C@@H](OC[C@H]4O[C@@H](OC[C@H]5O[C@@H](OC[C@H]6OC(O)[C@H](O)[C@@H](O)[C@@H]6O)[C@H](O)[C@@H](O)[C@@H]5O)[C@H](O)[C@@H](O[C@@H]5O[C@H](CO)[C@@H](O)[C@H](O)[C@H]5O)[C@@H]4O)[C@H](O)[C@@H](O)[C@@H]3O)O[C@H](CO)[C@H]2O)[C@H](O)[C@@H](O)[C@@H]1O	1	1	C42H72O36	0.0	CHEBI_152168
OC[C@H]1O[C@@H](O[C@@H]2[C@@H](O)[C@H](O[C@@H]3[C@@H](O)[C@H](O[C@@H]4[C@@H](O)[C@H](O[C@@H]5[C@@H](O)[C@H](O[C@@H]6[C@@H](O)[C@H](O[C@@H]7[C@@H](O)[C@H](O[C@@H]8[C@@H](O)[C@H](O[C@@H]9[C@@H](O)[C@H](O[C@@H]%10[C@@H](O)[C@H](O[C@@H]%11[C@@H](O)[C@H](O[C@@H]%12[C@@H](O)[C@H](O[C@@H]%13[C@@H](O)[C@H](O[C@@H]%14[C@@H](O)[C@H](O[C@@H]%15[C@@H](O)[C@H](O)O[C@H](CO)[C@H]%15O)O[C@H](CO)[C@H]%14O)O[C@H](CO)[C@H]%13O)O[C@H](CO)[C@H]%12O)O[C@H](CO)[C@H]%11O)O[C@H](CO)[C@H]%10O)O[C@H](CO)[C@H]9O)O[C@H](CO)[C@H]8O)O[C@H](CO)[C@H]7O)O[C@H](CO)[C@H]6O)O[C@H](CO)[C@H]5O)O[C@H](CO)[C@H]4O)O[C@H](CO)[C@H]3O)O[C@H](CO)[C@H]2O)[C@H](O)[C@@H](O)[C@@H]1O	1	1	C90H152O76	0.0	CHEBI_62312
OC[C@H]1O[C@@H](O[C@H]2[C@H](O)[C@@H](O)[C@H](O[C@@H]3[C@@H](O)[C@H](O[C@H]4[C@H](O)[C@@H](O)C(O)O[C@@H]4CO)O[C@H](CO)[C@H]3O)O[C@@H]2CO)[C@H](O)[C@@H](O)[C@@H]1O	1	1	C24H42O21	0.0	CHEBI_147627
OC[C@H]1O[C@@H](O[C@H]2[C@H](O)[C@@H](O)[C@H](O[C@@H]3[C@@H](O)[C@H](O[C@H]4[C@H](O)[C@@H](O)[C@H](O)O[C@@H]4CO)O[C@H](CO)[C@H]3O)O[C@@H]2CO)[C@H](O)[C@@H](O)[C@@H]1O	1	1	C24H42O21	0.0	CHEBI_153966
OC[C@H]1O[C@@H](Oc2cc3c(O)cc(O)cc3[o+]c2-c2ccc(O)cc2)[C@H](O)[C@@H](O)[C@@H]1O	1	1	C21H21O10+	1.0	CHEBI_31967
OC[C@H]1O[C@@H](c2ccc(F)c(Cc3cc4ccccc4s3)c2)[C@H](O)[C@@H](O)[C@@H]1O	1	1	C21H21FO5S	0.0	CHEBI_134724
OC[C@H]1O[C@H](OC[C@H]2OC(O)[C@H](O[C@H]3O[C@H](CO)[C@@H](O)[C@H](O[C@H]4O[C@H](CO)[C@@H](O)[C@H](O)[C@H]4O)[C@H]3O)[C@@H](O)[C@@H]2O)[C@H](O)[C@@H](O)[C@@H]1O	1	1	C24H42O21	0.0	CHEBI_152308
OC[C@H]1O[C@H](OC[C@H]2O[C@H](OC[C@@H](O)[C@H]3OC(O)[C@H](O)[C@H]3O)[C@H](O)[C@@H](O)[C@@H]2O)[C@H](O)[C@@H](O)[C@@H]1O	1	1	C18H32O16	0.0	CHEBI_151696
OC[C@H]1O[C@H](OC[C@H]2O[C@H](OC[C@@H](O)[C@H]3O[C@@H](O)[C@H](O)[C@H]3O)[C@H](O)[C@@H](O)[C@@H]2O)[C@H](O)[C@@H](O)[C@@H]1O	1	1	C18H32O16	0.0	CHEBI_146112
OC[C@H]1O[C@H](OC[C@H]2O[C@H](OC[C@@H](O)[C@H]3O[C@H](O)[C@H](O)[C@H]3O)[C@H](O)[C@@H](O)[C@@H]2O)[C@H](O)[C@@H](O)[C@@H]1O	1	1	C18H32O16	0.0	CHEBI_150221
OC[C@H]1O[C@H](OC[C@H]2O[C@H](O[C@@H]3[C@@H](O)[C@@H](O[C@H]4C(O)O[C@H](CO)[C@@H](O)[C@@H]4O)O[C@H](CO)[C@H]3O)[C@H](O)[C@@H](O)[C@@H]2O)[C@H](O)[C@@H](O)[C@@H]1O	1	1	C24H42O21	0.0	CHEBI_148710
OC[C@H]1O[C@H](O[C@@H]2[C@@H](O)[C@@H](O[C@]3(CO)O[C@H](CO)[C@@H](O)[C@@H]3O)O[C@H](CO)[C@H]2O)[C@H](O)[C@@H](O)[C@H]1O	1	1	C18H32O16	0.0	CHEBI_50661
OC[C@H]1O[C@H](O[C@@H]2[C@@H](OC[C@H]3OC(O)[C@@H](O[C@H]4O[C@H](CO)[C@@H](O)[C@H](O)[C@@H]4O[C@H]4O[C@H](CO)[C@@H](O)[C@H](O)[C@@H]4O)[C@@H](O)[C@@H]3O)O[C@H](CO)[C@@H](O)[C@@H]2O)[C@@H](O)[C@@H](O)[C@@H]1O	1	1	C30H52O26	0.0	CHEBI_61315
OC[C@H]1O[C@H](O[C@@H]2[C@@H](OC[C@H]3O[C@H](O)[C@@H](O[C@H]4O[C@H](CO)[C@@H](O)[C@H](O)[C@@H]4O[C@H]4O[C@H](CO)[C@@H](O)[C@H](O)[C@@H]4O)[C@@H](O)[C@@H]3O)O[C@H](CO)[C@@H](O)[C@@H]2O)[C@@H](O)[C@@H](O)[C@@H]1O	1	1	C30H52O26	0.0	CHEBI_154497
OC[C@H]1O[C@H](O[C@@H]2[C@H](O)[C@@H](O)[C@H](O[C@H]3[C@@H](O)[C@@H](CO)O[C@@H](O[C@H]4[C@H](O)[C@@H](O)C(O)O[C@@H]4CO)[C@@H]3O)O[C@@H]2CO)[C@H](O)[C@@H](O)[C@H]1O	1	1	C24H42O21	0.0	CHEBI_61805
OC[C@H]1O[C@H](O[C@@H]2[C@H](O)[C@@H](OC[C@H]3O[C@H](OC[C@H]4OC(O)[C@@H](O)[C@@H](O[C@H]5O[C@H](CO)[C@@H](O)[C@H](O)[C@@H]5O)[C@@H]4O)[C@@H](O)[C@@H](O)[C@@H]3O)O[C@H](CO)[C@H]2O)[C@@H](O)[C@@H](O)[C@@H]1O	1	1	C30H52O26	0.0	CHEBI_140840
OC[C@H]1O[C@H](O[C@H]2C(O)O[C@H](CO[C@H]3O[C@H](CO[C@H]4O[C@H](CO)[C@@H](O)[C@H](O)[C@H]4O)[C@@H](O)[C@H](O)[C@H]3O)[C@@H](O)[C@@H]2O)[C@H](O)[C@@H](O)[C@@H]1O	1	1	C24H42O21	0.0	CHEBI_152885
OC[C@H]1O[C@H](O[C@H]2[C@H](O)[C@@H](O)[C@@H](O[C@@H]3[C@@H](O)[C@@H](O[C@H]4[C@H](O)[C@@H](O)C(O)O[C@@H]4CO)O[C@H](CO)[C@H]3O)O[C@@H]2CO)[C@H](O)[C@@H](O)[C@@H]1O	1	1	C24H42O21	0.0	CHEBI_153224
OC[C@H]1O[C@H](Oc2cccc3cccc(O)c23)[C@H](O)[C@@H](O)[C@@H]1O	1	1	C16H18O7	0.0	CHEBI_207644
OC[Si](O)(O)O	1	1	CH6O4Si	0.0	CHEBI_24725
OP(O)(O)(O)O	1	1	H5O5P	0.0	CHEBI_189149
Oc1c(Cl)cc(Cl)c(Cl)c1Cc1c(O)c(Cl)cc(Cl)c1Cl	1	1	C13H6Cl6O2	0.0	CHEBI_5693
Oc1c(Cl)cc(Cl)cc1-c1c(Cl)cc(Cl)c(Oc2ccc(Cl)cc2Cl)c1O	1	1	C18H8Cl6O3	0.0	CHEBI_214078
Oc1c(Cl)cc(Cl)cc1-c1ccccc1	1	1	C12H8Cl2O	0.0	CHEBI_34279
Oc1cc(-c2ccccc2)on1	1	1	C9H7NO2	0.0	CHEBI_38713
Oc1cc(O)c(CC(O)C(c2ccc(O)c(O)c2)c2c(O)cc(O)c3c2OC(c2ccc(O)c(O)c2)C(O)C3)c(O)c1	1	1	C30H28O12	0.0	CHEBI_184417
Oc1cc(O)c(C[C@H](O)[C@H](c2ccc(O)c(O)c2)c2c(O)cc(O)c3c2O[C@@H](c2ccc(O)c(O)c2)[C@@H](O)C3)c(O)c1	1	1	C30H28O12	0.0	CHEBI_81326
Oc1cc(O)c(C[C@H](O)[C@H](c2ccc(O)c(O)c2)c2c(O)cc(O)c3c2O[C@H](c2ccc(O)c(O)c2)[C@@H](O)C3)c(O)c1	1	1	C30H28O12	0.0	CHEBI_81325
Oc1ccc(-c2c(-c3ccccc3)nn3c(C(F)(F)F)cc(C(F)(F)F)nc23)cc1	1	1	C20H11F6N3O	0.0	CHEBI_93344
Oc1ccc(/N=N/c2c(O)ccc3cc(O)ccc23)cc1	1	1	C16H12N2O3	0.0	CHEBI_179843
Oc1ccc(C2=CCNCC2)cc1O	1	1	C11H13NO2	0.0	CHEBI_93565
Oc1ccc(C2COc3cc(O)ccc3C2)cc1	1	1	C15H14O3	0.0	CHEBI_181441
Oc1ccc(CC2NCCc3cc(O)c(O)cc32)cc1O	1	1	C16H17NO4	0.0	CHEBI_28770
Oc1ccc(C[C@@H]2NCCc3cc(O)c(O)cc32)cc1O	1	1	C16H17NO4	0.0	CHEBI_28651
Oc1ccc(C[C@H]2NCCc3cc(O)c(O)cc32)cc1O	1	1	C16H17NO4	0.0	CHEBI_27702
Oc1ccc(C[C@H]2[NH2+]CCc3cc(O)c(O)cc32)cc1O	1	1	C16H18NO4+	1.0	CHEBI_193125
Oc1ccc(Cl)cc1Nc1nc(NCC2CCCO2)c2ccccc2n1	1	1	C19H19ClN4O2	0.0	CHEBI_91632
Oc1ccc(Cl)cc1Sc1cc(Cl)ccc1O	1	1	C12H8Cl2O2S	0.0	CHEBI_556580
Oc1ccc(O)c(Cl)c1	1	1	C6H5ClO2	0.0	CHEBI_27675
Oc1ccc(O)c2c1[C@@H](O)CCC21Oc2cccc3cccc(c23)O1	1	1	C20H16O5	0.0	CHEBI_202287
Oc1ccc([C@@H]2COc3cc(O)ccc3C2)cc1	1	1	C15H14O3	0.0	CHEBI_156169
Oc1ccc([C@H]2COc3cc(O)ccc3C2)cc1	1	1	C15H14O3	0.0	CHEBI_34741
Oc1ccc2c(c1)O[C@H](c1ccc(O)c(O)c1)[C@@H](O[C@@H]1OCC(O)[C@@H](O)[C@@H]1O)C2	1	1	C20H22O9	0.0	CHEBI_229867
Oc1ccc2c3c1OC1c4[nH]c5c(c4CC4(O)C(C2)N(CC2CC2)CCC314)CC1(O)C2Cc3ccc(O)c4c3C1(CCN2CC1CC1)C5O4	1	1	C40H43N3O6	0.0	CHEBI_91526
Oc1ccc2c3c1O[C@H]1c4[nH]c5c(c4C[C@@]4(O)[C@@H](C2)N(CC2CC2)CC[C@]314)C[C@@]1(O)[C@H]2Cc3ccc(O)c4c3[C@@]1(CCN2CC1CC1)[C@H]5O4	1	1	C40H43N3O6	0.0	CHEBI_81529
Oc1cccc(-c2cccc(O)c2O)c1O	1	1	C12H10O4	0.0	CHEBI_147330
Oc1cccc2c1[nH]c1c(C3=C[C@@]4(O)CC/C=C\CCCCN5CC[C@@H]3[C@]3(C[C@@H]6/C=C\CCCCN6[C@H]34)C5)nccc12	1	1	C36H44N4O2	0.0	CHEBI_66669
Oc1cccc2cc3ccc4cccc5ccc(c12)c3c45	1	1	C20H12O	0.0	CHEBI_34124
Oc1ccccc1-c1nc(-c2nc3c(Cl)cccc3c3cc[nH]c23)cs1	1	1	C20H12ClN3OS	0.0	CHEBI_226083
Oc1ccccc1/C=N/c1ccc(Sc2ccccc2)nc1Sc1ccccc1	1	1	C24H18N2OS2	0.0	CHEBI_228594
Oc1ccccc1C(=S)S	1	1	C7H6OS2	0.0	CHEBI_37999
Oc1nc(SCCN2CCN(c3ccccn3)CC2)nc2ccccc12	1	1	C19H21N5OS	0.0	CHEBI_232977
S=C([S-])NCCNC(=S)[S-].[Zn+2]	1	1	C4H6N2S4Zn	0.0	CHEBI_52498
S=Cc1ccccc1	1	1	C7H6S	0.0	CHEBI_137675
S=c1[nH]c2cc(Br)c[nH+]c2[nH]1	1	1	C6H5BrN3S+	1.0	CHEBI_116394
S=c1nc[nH]c2c1ncn2C1CCCC1	1	1	C10H12N4S	0.0	CHEBI_112922
[2H]C([2H])(N)C([2H])([2H])C([2H])([2H])[C@H](N)C(=O)O	1	1	C5H12N2O2	0.0	CHEBI_192081
[2H]CCCCCCCC(=O)N[C@@H](CO)[C@H](O)/C=C/CCCCCCCCCCCCC	1	1	C26H51NO3	0.0	CHEBI_183821
[Br-].[Li+]	1	1	BrLi	0.0	CHEBI_63042
[Br][Cr-2]([Br])([Br])[Br]	1	1	Br4Cr-2	-2.0	CHEBI_33037
[Br][Mg][c]1ccccc1	1	1	C6H5BrMg	0.0	CHEBI_51238
[C-]#[N+]C(=C\c1ccc(OC)cc1)/C(=C/c1cc(OC)c(OC)c(OC)c1)[N+]#[C-]	1	1	C22H20N2O4	0.0	CHEBI_215293
[C-]#[N+]C(=C\c1ccc(OC)cc1)/C(=C/c1ccc(OS(=O)(=O)O)cc1)[N+]#[C-]	1	1	C19H14N2O5S	0.0	CHEBI_68208
[C-]#[N+][C@@H]1[C@@H]2c3c([nH]c4ccccc34)C(C)(C)[C@H]2C[C@@H](Cl)[C@@]1(C)C=C	1	1	C21H23ClN2	0.0	CHEBI_141002
[C-]#[N+][C@@H]1[C@H]2c3c([nH]c4ccccc34)C(C)(C)[C@H]2C[C@@H](Cl)[C@@]1(C)C=C	1	1	C21H25ClN2	0.0	CHEBI_210957
[C-]#[N+][C@@]1(/C=C/C)O[C@H]1[C@@H](O)CCCCC(=O)CCCCCCC(=O)O	1	1	C19H29NO5	0.0	CHEBI_219586
[C]#[C+]	1	1	C2+	1.0	CHEBI_30084
[Ca+2].[S-2]	1	1	CaS	0.0	CHEBI_81055
[Cl-].[Cl-].[Sr+2]	1	1	Cl2Sr	0.0	CHEBI_36383
[Cl-].[Cs+]	1	1	ClCs	0.0	CHEBI_63039
[Cl][Mo]([Cl])([Cl])=[Se]	1	1	Cl3MoSe	0.0	CHEBI_30713
[F][Fe-2]([F])([F])([F])[F]	1	1	F5Fe-2	-2.0	CHEBI_30947
[F][Mo]([F])([F])([F])=[Se]	1	1	F4MoSe	0.0	CHEBI_30714
[F][Sn][F]	1	1	F2Sn	0.0	CHEBI_135933
[H]C/C(C)=C/CC1=C(C)C(=O)C([O-])=C(OC)C1=O	1	1	C13H15O4-	-1.0	CHEBI_231825
[H]C/C(C)=C/CC1=C(C)C(=O)c2ccccc2C1=O	1	1	C16H16O2	0.0	CHEBI_16374
[H]O[C@@H]1C(C(=O)O)O[C@@H](O)[C@@H](O)[C@H]1O	1	1	C6H10O7	0.0	CHEBI_17548
[H]O[C@@H]1C(C(=O)[O-])O[C@@H](O)[C@@H](O)[C@H]1O	1	1	C6H9O7-	-1.0	CHEBI_58187
[H]O[C@@H]1O[C@H](CO)[C@@H](O)[C@H](O[C@@H]2O[C@H](C(=O)[O-])[C@@H](O[C@@H]3O[C@H](CO)[C@@H](O)[C@H](O)[C@H]3NC(C)=O)[C@H](O)[C@H]2O)[C@H]1NC(C)=O	1	1	C22H35N2O17-	-1.0	CHEBI_132154
[H]O[C@H]1[C@H](O)[C@H](O)[C@H](O)O[C@@H]1C(=O)O	1	1	C6H10O7	0.0	CHEBI_468
[H]O[C@H]1[C@H](O)[C@H](O)[C@H](O)O[C@@H]1C(=O)[O-]	1	1	C6H9O7-	-1.0	CHEBI_85311
[In]	1	1	In	0.0	CHEBI_30430
[Li][CH]1c2ccccc2-c2ccccc21	1	1	C13H9Li	0.0	CHEBI_51471
[Li][C]#C	1	1	C2HLi	0.0	CHEBI_51481
[NH2][Co+2]([NH2])([NH2])([NH2])([NH2])[NH2]	1	1	H18CoN6+2	2.0	CHEBI_30330
[NH3+]C(CO)COCC[C@H]([NH3+])C(=O)[O-]	1	1	C7H17N2O4+	1.0	CHEBI_140642
[NH3+]CCC(=O)NCCc1c[nH]c2ccccc12	1	1	C13H18N3O+	1.0	CHEBI_192794
[NH3+]CCC(=O)NCCc1c[nH]cn1	1	1	C8H15N4O+	1.0	CHEBI_192797
[NH3+]CCCC([NH3+])C(=O)O	1	1	C5H14N2O2+2	2.0	CHEBI_46913
[NH3+]CCCC([NH3+])C(=O)[O-]	1	1	C5H13N2O2+	1.0	CHEBI_46912
[NH3+]CCCC[C@H]([NH3+])C(=O)N1CCC[C@H]1C(=O)[O-]	1	1	C11H22N3O3+	1.0	CHEBI_190703
[NH3+]CCC[C@H]([NH3+])C(=O)O	1	1	C5H14N2O2+2	2.0	CHEBI_44667
[NH3+][C@@H](CCC(=O)NCC(=O)[O-])C(=O)[O-]	1	1	C7H11N2O5-	-1.0	CHEBI_133031
[NH3+][C@@H](CS(=O)[O-])C(=O)[O-]	1	1	C3H6NO4S-	-1.0	CHEBI_61085
[NH3+][C@@H]1C[C@H]1c1ccccc1	1	1	C9H12N+	1.0	CHEBI_131517
[NH3+][C@H]1C[C@@H]1c1ccccc1	1	1	C9H12N+	1.0	CHEBI_131520
[NH3+]c1ccc(C(=O)O)cc1	1	1	C7H8NO2+	1.0	CHEBI_194473
[NH4+].[NH4+].[O]=[Mo](=[O])([O-])[O-]	1	1	H8MoN2O4	0.0	CHEBI_91249
[O-2]	1	1	O-2	-2.0	CHEBI_29356
[O-]I	1	1	IO-	-1.0	CHEBI_29232
[O-][O-]	1	1	O2-2	-2.0	CHEBI_44785
[O-]c1cc(O)cc2[o+]c(-c3ccc(O)cc3)c(O[C@@H]3O[C@H](CO)[C@@H](O)[C@H](O)[C@H]3O)cc12	1	1	C21H20O10	0.0	CHEBI_144778
[O-]c1cc(O)cc2[o+]c(-c3ccc(O)cc3)c(O[C@@H]3O[C@H](CO)[C@H](O)[C@H](O)[C@H]3O)cc12	1	1	C21H20O10	0.0	CHEBI_193099
[O]=[Al+]	1	1	AlO+	1.0	CHEBI_30129
[O]=[Al]	1	1	AlO	0.0	CHEBI_30128
[O]=[Cr](=[O])([Cl])[Cl]	1	1	Cl2CrO2	0.0	CHEBI_33038
[O]=[Cr]12([O][O]1)[O][O]2	1	1	CrO5	0.0	CHEBI_30726
[O]=[Mo](=[O])([O-])[O][Mo](=[O])(=[O])[O-]	1	1	Mo2O7-2	-2.0	CHEBI_36269
[O]=[V](=[O])[O-]	1	1	O3V-	-1.0	CHEBI_75224
[O]=[V]1([O-])[O][V](=[O])([O-])[O][V](=[O])([O-])[O][V](=[O])([O-])[O]1	1	1	O12V4-4	-4.0	CHEBI_46272
[O]I	1	1	IO	0.0	CHEBI_29896
[O]OP(=O)([O-])O	1	1	HO5P-	-1.0	CHEBI_29928
[O]OP(=O)([O-])[O-]	1	1	O5P-2	-2.0	CHEBI_29933
[SH]12[Fe]3[SH]4[Fe]1[SH]1[Fe]2[SH]3[Fe+]41	1	1	H4Fe4S4+	1.0	CHEBI_33723
[S]=[Sn]=[S]	1	1	S2Sn	0.0	CHEBI_50886
[SbH+]	1	1	H3Sb+	1.0	CHEBI_30290
[Se]=[Cd]	1	1	CdSe	0.0	CHEBI_50834
[U+2]	1	1	U+2	2.0	CHEBI_32993
[U+5]	1	1	U+5	5.0	CHEBI_32991
[U+6]	1	1	U+6	6.0	CHEBI_32992
c1ccc(-c2nnc3ccccc3n2)cc1	1	1	C13H9N3	0.0	CHEBI_234095
c1ccc(C(c2ccccc2)c2ccccc2)cc1	1	1	C19H16	0.0	CHEBI_76212
c1ccc(C2CCC2c2ccccc2)cc1	1	1	C16H16	0.0	CHEBI_151035
c1ccc(CC2CCN(c3ncnc4sccc34)CC2)cc1	1	1	C18H19N3S	0.0	CHEBI_92238
c1ccc(OCCOc2nc3ccccc3nc2N2CCOCC2)cc1	1	1	C20H21N3O3	0.0	CHEBI_119887
c1ccc(SCc2cc(-c3ccccc3)no2)cc1	1	1	C16H13NOS	0.0	CHEBI_112869
c1ccc([C@@H]2CC[C@H]2c2ccccc2)cc1	1	1	C16H16	0.0	CHEBI_79947
c1ccc([C@H]2CC[C@H]2c2ccccc2)cc1	1	1	C16H16	0.0	CHEBI_35077
c1ccc2c(CCNCCSSCCNCCc3c[nH]c4ccccc34)c[nH]c2c1	1	1	C24H30N4S2	0.0	CHEBI_143872
c1ccc2c(c1)-c1cc3ccccc3cc1C1OC21	1	1	C18H12O	0.0	CHEBI_142240
c1ccc2c(c1)C2	1	1	C7H6	0.0	CHEBI_189198
c1ccc2c(c1)ccc1nc3ccc4ccccc4c3cc12	1	1	C21H13N	0.0	CHEBI_82311
c1ccc2c(c1)oc1c(NCc3ccc4c(c3)OCO4)ncnc12	1	1	C18H13N3O3	0.0	CHEBI_114568
c1ccc2cc3cc4c(ccc5cc6cc7ccccc7cc6cc54)cc3cc2c1	1	1	C30H18	0.0	CHEBI_33155
c1ccc2sc(SSc3nc4ccccc4s3)nc2c1	1	1	C14H8N2S4	0.0	CHEBI_53239
c1nc(NCC2CCOC2)c2cc(-c3ccc4c(c3)OCO4)ccc2n1	1	1	C20H19N3O3	0.0	CHEBI_91890
c1ncc2[nH]ncc2n1	1	1	C5H4N4	0.0	CHEBI_50092
C/C(C=O)=C/C=C(/O)C(=O)O	2	1	C7H8O4	0.0	CHEBI_28027, mucosald2oh5mt
C/C1=C2/N/C(=C\C3=N/C(=C\c4[nH]c(c(CCC(=O)[O-])c4CC(=O)[O-])Cc4[nH]c1c(CC(=O)[O-])c4CCC(=O)[O-])[C@@H](CCC(=O)[O-])[C@]3(C)CC(=O)[O-])[C@@H](CCC(=O)[O-])[C@]2(C)CC(=O)O	2	1	C43H43N4O16-7	-7.0	CHEBI_58561, pre3a
C=C(CC)C(=O)SCCNC(=O)CCNC(=O)[C@H](O)C(C)(C)COP(=O)([O-])OP(=O)([O-])OC[C@H]1O[C@@H](n2cnc3c(N)ncnc32)[C@H](O)[C@@H]1OP(=O)([O-])[O-]	2	1	C26H38N7O17P3S-4	-4.0	CHEBI_156440, acrl2etcoa
C=C1CC[C@H](OS(=O)(=O)[O-])C/C1=C/C=C1\CCC[C@]2(C)[C@@H]([C@H](C)CCCC(C)(C)O)CC[C@@H]12	2	1	C27H43O5S-	-1.0	CHEBI_194336, clctr3s
C=Cc1c(C)c2cc3nc(c4c5nc(cc6[nH]c(cc1[n-]2)c(C)c6CC)C(C)=C5C(=O)[C@@H]4C(=O)OC)[C@@H](CCC(=O)[O-])[C@@H]3C.[Mg+2]	2	1	C35H34MgN4O5	0.0	CHEBI_16900, chlphyllide
CC(=O)C=O	2	1	C3H4O2	0.0	CHEBI_17158, mthgxl
CC(=O)N[C@@H]1[C@@H](O[C@@H]2O[C@@H](C)[C@@H](O)[C@@H](O)[C@@H]2O)[C@H](O[C@@H]2O[C@H](CO)[C@@H](O[C@@H]3O[C@H](CO[C@H]4O[C@H](CO)[C@@H](O)[C@H](O)[C@@H]4O)[C@@H](O)[C@H](O[C@H]4O[C@H](CO)[C@@H](O)[C@H](O)[C@@H]4O)[C@@H]3O)[C@H](O)[C@H]2NC(C)=O)[C@@H](CO[C@@H]2O[C@@H](C)[C@@H](O)[C@@H](O)[C@@H]2O)O[C@H]1O	2	1	C46H78N2O34	0.0	CHEBI_147577, CHEBI_193160
CC(=O)OCC(=O)[C@@]1(O)CC[C@H]2[C@@H]3CCC4=CC(=O)CC[C@]4(C)[C@H]3[C@@H](O)C[C@@]21C	2	1	C23H32O6	0.0	CHEBI_17609, hcsnact
CC(=O)SCCNC(=O)CCNC(=O)[C@H](O)C(C)(C)COP(=O)([O-])[O-]	2	1	C13H23N2O8PS-2	-2.0	CHEBI_156266, acpan4p_S
CC(=O)[C@@H](O)[C@H](O)COP(=O)([O-])[O-]	2	1	C5H9O7P-2	-2.0	CHEBI_57792, dxyl5p
CC(=O)c1c(C)c2cnc(Nc3ccc(N4CCNCC4)cn3)nc2n(C2CCCC2)c1=O	2	1	C24H29N7O2	0.0	CHEBI_43717, CHEBI_85993
CC(C)(COP(=O)([O-])OP(=O)([O-])OC[C@H]1O[C@@H](n2cnc3c(N)ncnc32)[C@H](O)[C@@H]1OP(=O)([O-])[O-])[C@@H](O)C(=O)NCCC(=O)NCCSC(=O)CC(O)c1ccccc1	2	1	C30H40N7O18P3S-4	-4.0	CHEBI_71294, ppa3phcoaoh
CC(C)(COP(=O)([O-])OP(=O)([O-])OC[C@H]1O[C@@H](n2cnc3c(N)ncnc32)[C@H](O)[C@@H]1OP(=O)([O-])[O-])[C@@H](O)C(=O)NCCC(=O)NCCSC(=O)CCCCO	2	1	C26H40N7O18P3S-4	-4.0	CHEBI_57357, ptcawalccoa
CC(C)C(=O)SCCN=C([O-])CCN=C([O-])[C@H](O)C(C)(C)COP(=O)(O)OP(=O)(O)OC[C@H]1O[C@@H](n2cnc3c(N)ncnc32)[C@H](O)[C@@H]1OP(=O)([O-])[O-]	2	1	C25H38N7O17P3S-4	-4.0	CHEBI_57338, ibutcoa
CC(C)C=O	2	1	C4H8O	0.0	CHEBI_48943, ibutald
CC(O)=N[C@@H]1[C@@H](O)[C@H](O[C@H]2O[C@@H](CO)[C@H](O)[C@@H](O[C@H]3O[C@@H](CO)[C@H](O)[C@@H](O[C@@H]4O[C@@H](CO)[C@H](O)[C@@H](O)[C@H]4O)[C@H]3O)[C@H]2O)[C@@H](CO)O[C@H]1O	2	1	C26H45NO21	0.0	CHEBI_188319, m2mn
CC/C=C/CC/C=C/C/C=C/CC/C=C/CC/C=C/CCC(=O)OC(CC(=O)[O-])C[N+](C)(C)C	2	1	C29H47NO4	0.0	CHEBI_134424, clpndcrn
CC/C=C\C/C=C\C/C=C\CCCCCCCCCC(=O)[O-]	2	1	C20H33O2-	-1.0	CHEBI_77223, dlnlnca
CC/C=C\C/C=C\C=C1/OC1CCCCCCCC(=O)O	2	1	C18H28O3	0.0	CHEBI_80445, aepote9
CC/C=C\C/C=C\C[C@H](O)[C@H](O)/C=C/C=C/C=C\C/C=C\CCC(=O)[O-]	2	1	C22H31O4-	-1.0	CHEBI_137442, mar2
CCC(=O)SC	2	1	C4H8OS	0.0	3mtp, CHEBI_179441
CCC(C)C([NH3+])C(=O)[O-]	2	1	C6H13NO2	0.0	CHEBI_38264, aile_L
CCCCC/C=C\C/C=C\CCCCCCCC(=O)O[C@H](COC(=O)CCCCCCCCCCCCCCCCC)COP(=O)([O-])OC[C@H]([NH3+])C(=O)[O-]	2	1	C42H77NO10P-	-1.0	CHEBI_84466, g3pser_1ocdca_2lnlc
CCCCCCCCCCCCC/C=C/[C@@H](O)[C@H](COP(=O)([O-])[O-])NC(=O)CCCCCCCCCCCCCCCCCCCCCCCCC	2	1	C44H86NO6P-2	-2.0	CHEBI_72971, crmp_hcsa
CCCCCCCCCCCCCC(=O)O[C@H](CCCCCCCCCCC)CC(=O)O[C@@H]1[C@@H](N=C(O)C[C@@H](CCCCCCCCCCC)OC(=O)CCCCCCCCCCC)[C@H](OC[C@H]2O[C@H](OP(=O)(O)O)[C@H](N=C(O)C[C@H](O)CCCCCCCCCCC)[C@@H](OC(=O)C[C@H](O)CCCCCCCCCCC)[C@@H]2O)O[C@H](CO[C@]2(C(=O)O)C[C@@H](O[C@]3(C(=O)O)C[C@@H](O[C@]4(C(=O)O)C[C@@H](OP(=O)(O)OCCN)[C@H](O)[C@@H]([C@@H](O)CO)O4)[C@H](O)[C@@H]([C@@H](O)CO)O3)[C@H](OC3O[C@H]([C@@H](O)CO)[C@@H](OP(=O)(O)OP(=O)(O)OCCN)[C@H](OC4O[C@H]([C@@H](O)COC5O[C@H]([C@@H](O)CO)[C@@H](OP(=O)(O)O)[C@H](O)[C@@H]5O)[C@@H](O)[C@H](OC5O[C@H](CO[C@H]6O[C@H](CO)[C@H](O)[C@H](O)[C@H]6O)[C@@H](O)[C@H](O[C@H]6O[C@H](CO)[C@H](O)[C@H](O)[C@H]6OC6O[C@H](CO)[C@@H](O)[C@H](O)[C@H]6O[C@@H]6O[C@H](CO)[C@@H](O)[C@H](O)[C@H]6N=C(C)O)[C@H]5O)[C@@H]4O)[C@@H]3O)[C@@H]([C@@H](O)CO)O2)[C@H]1OP(=O)(O)O	2	1	C175H317N5O101P6	0.0	CHEBI_89983, colipa
CCCCCCCCCCCCCCCCCCCCCCCC(=O)O[C@H]1CC[C@@]2(C)C(=CC[C@H]3[C@@H]4CC[C@H]([C@H](C)CCCC(C)C)[C@@]4(C)CC[C@@H]32)C1	2	1	C51H92O2	0.0	CHEBI_88740, xol_tecsa
CCCCCCCCCCCCCC[C@@H](O)[C@@H](O)[C@@H]([NH3+])CO	2	1	C18H40NO3+	1.0	CHEBI_64124, psphsn
CC[C@@H](O)/C=C/C=C\C[C@@H](O)/C=C/C=C/C=C\[C@@H](O)CCCC(=O)O	2	1	C20H30O5	0.0	CHEBI_81559, rve1
CC[C@@H](O)/C=C/C=C\C[C@@H](O)/C=C/C=C/C=C\[C@@H](O)CCCC(=O)[O-]	2	1	C20H29O5-	-1.0	CHEBI_91000, trihepe4
CC[C@H](O)/C=C/C=C\C[C@@H](O)/C=C/C=C/C=C\[C@@H](O)CCCC(=O)[O-]	2	1	C20H29O5-	-1.0	CHEBI_136057, srve1
CC[C@H](O)C(=O)[O-]	2	1	C4H7O3-	-1.0	2hb, CHEBI_73709
CN(C)CC(=O)N[C@@H]1C[C@@H]2O[C@H](CO)CC[C@@H]2O[C@@H]1CCc1ccc(C2=CCCCC2)cc1	2	1	C27H40N2O4	0.0	CHEBI_127791, cnn
CN1C(=O)CN=C(c2ccccc2)c2cc(Cl)ccc21	2	1	C16H13ClN2O	0.0	CHEBI_49575, diazp
CN1C(=O)c2ccccc2NC(=O)C12OC2c1ccccc1	2	1	C17H14N2O3	0.0	CHEBI_193018, CHEBI_201426
COC1=C(OC)C(=O)C(C/C=C(\C)CC/C=C(\C)CC/C=C(\C)CC/C=C(\C)CC/C=C(\C)CC/C=C(\C)CC/C=C(\C)CC/C=C(\C)CC/C=C(\C)CCC=C(C)C)=C(C)C1=O	2	1	C59H90O4	0.0	CHEBI_46245, q10
CO[C@@H](C=O)[C@@H](O)[C@H](O)CO	2	1	C6H12O5	0.0	2omxyl, CHEBI_173727
COc1cc2c(cc1OC)C(=O)C(CC1CCN(Cc3ccccc3)CC1)C2	2	1	C24H29NO3	0.0	CHEBI_145499, CHEBI_53289
COc1cc2c(cc1OC)C(=O)[C@H](CC1CCN(Cc3ccccc3)CC1)C2	2	1	C24H29NO3	0.0	CHEBI_42208, CHEBI_53292
COc1ccc([C@@H]2CC(=O)c3c(O)cc(O)cc3O2)cc1O	2	1	C16H14O6	0.0	CHEBI_28230, hst
COc1ccc2c3c1O[C@H]1C[C@@H](O)C=C[C@@]31CCNC2	2	1	C16H19NO3	0.0	CHEBI_31919, engthmn
CS(=O)(=O)[O-]	2	1	CH3O3S-	-1.0	CHEBI_25224, mso3
C[C@H](CCC(=O)O[C@@H]1O[C@H](C(=O)[O-])[C@@H](O)[C@H](O)[C@H]1O)[C@H]1CC[C@H]2[C@@H]3[C@H](O)C[C@@H]4C[C@H](O)CC[C@]4(C)[C@H]3C[C@H](O)[C@]12C	2	1	C30H47O11-	-1.0	CHEBI_136900, chac24glcur
C[C@]12CCC(=O)C=C1CC[C@@H]1[C@@H]2CC[C@]2(C)C(=O)CC[C@@H]12	2	1	C19H26O2	0.0	CHEBI_16422, andrstndn
C[C@]12CCC(=O)C[C@H]1CC[C@@H]1[C@@H]2[C@@H](O)C[C@@]2(C)[C@H]1CC[C@]2(O)C(=O)CO	2	1	C21H32O5	0.0	CHEBI_732, crtsldh5b
C[SeH]	2	1	CH4Se	0.0	CHEBI_64685, semt
Cc1cn([C@H]2C[C@H](O)[C@@H](COP(=O)(O)OP(=O)(O)O[C@@H]3C[C@H](O)C(=O)[C@H](C)O3)O2)c(=O)[nH]c1=O	2	1	C16H24N2O14P2	0.0	CHEBI_29724, dtdpodman
N#CCCN	2	1	C3H6N2	0.0	3apntrl, CHEBI_27413
NC(=O)c1ncn([C@@H]2O[C@H](COP(=O)([O-])O)[C@@H](O)[C@H]2O)c1N=C[O-]	2	1	C10H13N4O9P-2	-2.0	CHEBI_58467, fprica
N[C@@H](CCC[NH3+])C(=O)O	2	1	C5H13N2O2+	1.0	CHEBI_46911, orn_L
N[C@@H](CS(=O)[O-])C(=O)[O-]	2	1	C3H5NO4S-2	-2.0	3sala, CHEBI_224037
N[C@H](CCC[NH3+])C(=O)O	2	1	C5H13N2O2+	1.0	CHEBI_57668, orn_D
Nc1ccc(/N=N/c2ccc(S(N)(=O)=O)cc2)c(N)c1	2	1	C12H13N5O2S	0.0	CHEBI_8464, pront
Nc1ccc(C(=O)[O-])cc1	2	1	C7H6NO2-	-1.0	4abz, CHEBI_17836
Nc1nc2c(ncn2[C@@H]2O[C@H](COP(=O)([O-])OP(=O)([O-])OP(=O)([O-])[O-])[C@@H](O)[C@H]2OP(=O)([O-])OC[C@H]2O[C@@H](n3cnc4c(N)ncnc43)[C@H](O)[C@@H]2O)c(=O)[nH]1	2	1	C20H23N10O20P4-5	-5.0	CHEBI_78318, pppgp25a
Nc1ncnc2c1ncn2[C@@H]1O[C@H](COP(=O)(O)OP(=O)(O)OCC(O)C(=O)O)[C@@H](O)[C@H]1O	2	1	C13H19N5O13P2	0.0	3adpg, CHEBI_16515
O=C(O)CCCC[C@@H]1CCSS1	2	1	C8H14O2S2	0.0	CHEBI_30314, lipoate
O=C(O)[C@H]1O[C@@H](O)[C@H](O)[C@@H](O)[C@H]1O	2	1	C6H10O7	0.0	CHEBI_47954, pect
O=C(O)[C@H]1O[C@@H](Oc2ccc(-c3cc(=O)c4c(O)cc(O[C@@H]5O[C@H](C(=O)O)[C@@H](O)[C@H](O)[C@H]5O[C@@H]5O[C@H](C(=O)O)[C@@H](O)[C@H](O)[C@H]5O)cc4o3)cc2O)[C@H](O)[C@@H](O)[C@@H]1O	2	1	C33H34O24	0.0	CHEBI_37645, ltlntglcur
O=C([O-])/C(Cl)=C(Cl)\C=C(\Cl)C(=O)[O-]	2	1	C6HCl3O4-2	-2.0	CHEBI_19298, mucoac235tcl
O=C([O-])C(O)Cc1cnc[nH]1	2	1	C6H7N2O3-	-1.0	CHEBI_24773, imdzllac
O=C([O-])C1=NCC(O)C1	2	1	C5H6NO3-	-1.0	CHEBI_57745, pyrln2cox4oh
O=C([O-])CCC(O)C=C([O-])C(=O)O	2	1	C7H8O6-2	-2.0	24dhhed, CHEBI_58936
O=C([O-])CCO	2	1	C3H5O3-	-1.0	3hpp, CHEBI_16510
O=C([O-])CC[C@H](N=C[O-])C(=O)O	2	1	C6H7NO5-2	-2.0	CHEBI_17684, gluNfor
O=C([O-])CO	2	1	C2H3O3-	-1.0	CHEBI_29805, glyclt
O=C([O-])CS(=O)(=O)[O-]	2	1	C2H2O5S-2	-2.0	CHEBI_58824, sulfac
O=C([O-])[C@H]1OC(O)[C@H](O)[C@@H](O)[C@@H]1O	2	1	C6H9O7-	-1.0	CHEBI_58720, glcur
O=C([O-])[C@]1(O)C[C@@H](O)[C@@H](O)[C@H](O)C1	2	1	C7H11O6-	-1.0	CHEBI_29751, quint
O=C1/C(=C/c2ccc(O)c(O)c2)Oc2cc(O[C@@H]3O[C@H](CO)[C@@H](O)[C@H](O)[C@H]3O)cc(O)c21	2	1	C21H20O11	0.0	CHEBI_66905, asdn6og
O=C1[C@@H](O)[C@H](O)O[C@H](CO)[C@@H]1O	2	1	C6H10O6	0.0	3kbgal, CHEBI_27453
O=CCCO	2	1	C3H6O2	0.0	3hppnl, CHEBI_17871
O=[N+]([O-])c1cnc(CO)n1CCO	2	1	C6H9N3O4	0.0	2oh_mtz, CHEBI_166538
O=[PH]([O-])O	2	1	H2O3P-	-1.0	CHEBI_33462, h2o3p
O=[PH]([O-])[O-]	2	1	HO3P-2	-2.0	10fthfglu_L, CHEBI_16215
O=c1nc([O-])ccn1[C@H]1C[C@H](O)[C@@H](COP(=O)([O-])OP(=O)(O)OP(=O)([O-])[O-])O1	2	1	C9H11N2O14P3-4	-4.0	CHEBI_61555, dutp
OC1=Nc2ccc(Cl)cc2C(c2ccccc2)=NC1	2	1	C15H11ClN2O	0.0	CHEBI_111762, ndiazp
O[C@H]1C=CC=C[C@]1(O)F	2	1	C6H7FO2	0.0	1fchhdl, CHEBI_80526
Oc1c(O)c2cc3ccccc3c3ccc4cccc1c4c23	2	1	C20H12O2	0.0	CHEBI_81630, bap45doh
[NH3+]CCC[NH2+]CCCC[NH2+]CCC=O	2	1	C10H26N3O+3	3.0	CHEBI_180903, sprmmald
[NH3+]CCc1c[nH]c2ccccc12	2	1	C10H13N2+	1.0	CHEBI_57887, trypta
c1ccc2c(c1)[nH]c1cnccc12	2	1	C11H8N2	0.0	CHEBI_109895, crbln
CC(C)=CCC/C(C)=C/CC/C(C)=C/CC/C(C)=C\CCC(C)CCOP(=O)(O)OC1O[C@H](CO)[C@@H](O)[C@H](O)[C@@H]1O	3	1	C31H55O9P	0.0	CHEBI_15809, dolmanp_L, dolmanp_U
CC(C)=CCC/C(C)=C/CC/C(C)=C/CC/C(C)=C\CCC(C)CCOP(=O)(O)O[C@@H]1O[C@H](CO)[C@@H](O)[C@H](O)[C@H]1O	3	1	C31H55O9P	0.0	CHEBI_15812, dolglcp_L, dolglcp_U
C/C(=C\CCC1(C)CCc2c(C)c(O)c(C)c(C)c2O1)CCCC(C)CCC(=O)SCCNC(=O)CCNC(=O)[C@H](O)C(C)(C)COP(=O)([O-])OP(=O)([O-])OC[C@H]1O[C@@H](n2cnc3c(N)ncnc32)[C@H](O)[C@@H]1OP(=O)([O-])[O-]	1	0			vitEamentncoxcoa
C/C(=C\CCC1(C)CCc2c(C)c(OS(=O)(=O)[O-])c(C)c(C)c2O1)CC/C=C(\C)CCCC(C)C(=O)[O-]	1	0			vitEadenscox
C/C(=C\CC[C@@]1(C)CCc2cc([O-])c(C)c(C)c2O1)C(=O)CC(=O)SCCNC(=O)CCNC(=O)[C@H](O)C(C)(C)COP(=O)([O-])OP(=O)([O-])OC[C@H]1O[C@@H](n2cnc3c(N)ncnc32)[C@H](O)[C@@H]1OP(=O)([O-])[O-]	1	0			vitEgmenoncoxcoaox
C/C1=C/CC/C(C)=C\[C@@H]2[C@@H](C(C)C)CC[C@]2(C)/C=C\C1	1	0			CHEBI_235310
C/C1=C2/N=C(/C=C3/N=C(/C(C)=C4/NC([C@H](CC(=O)[O-])[C@@]4(C)CCC(=O)[O-])[C@]4(C)N=C1[C@@H](CCC(=O)[O-])[C@]4(C)CC(=O)O)[C@@H](CCC(=O)[O-])C3(C)C)[C@@H](CCC(=O)[O-])[C@]2(C)CC(=O)[O-]	1	0			hgbyr
C=C1/C(=C\C=C2CCCC3(C)[C@@H]2CC[C@H]3[C@@H](C)CC=O)C[C@@H](O)C[C@H]1O	1	0			clctrald
C=CC(C)(C)C1NC2CCCCC2C1/C=C1\NC(=O)[C@H](C)NC1=O	1	0			CHEBI_68794
CC(=O)C(N)CCC(O)=NC(CSc1cc(N=C(C)O)ccc1O)C(O)=NCC(=O)O	1	0			acmpglut
CC(=O)N(C)c1cccc(-c2nnc3ccc(-c4ccccc4)nn23)c1	1	0			CHEBI_41534
CC(C)(C)NC(=O)[C@@H]1CN(Cc2cc3ccccc3o2)CCN1C[C@@H](O)C[C@@H](Cc1ccccc1)C(=O)N[C@H]1c2ccccc2C[C@H]1O	1	0			CHEBI_43700
CC(C)(COP(=O)(O)OP(=O)(O)OCC1OC(n2cnc3c(N)ncnc32)C(O)C1OP(=O)([O-])O)C(O)C([O-])=NCCC([O-])=NCCSC(=O)CC=CCCC=CC=CC=CC(SCC(N)C(=O)[O-])C(O)CCCC(=O)[O-]	1	0			lktrE4dncox15Ewcoa
CC(C)(COP(=O)(O)OP(=O)(O)OC[C@H]1O[C@@H](n2cnc3c(N)ncnc32)[C@@H](O)[C@H]1OP(=O)([O-])O)C(O)C([O-])=NCCC([O-])=NCCSC(=O)C[C@@H](O)CCC/C=C\C=C/C=C/[C@@H](SC[C@@H](N)C(=O)[O-])[C@@H](O)CCCC(=O)[O-]	1	0			lktrE4dncoxwcoaoh
CC(C)(COP(=O)([O-])OP(=O)([O-])OC[C@@H]1O[C@@H](n2cnc3c(N)ncnc32)[C@H](O)[C@@H]1OP(=O)([O-])[O-])[C@@H](O)C(=O)NCCC(=O)NCCSC(=O)C[C@@H](O)CC/C=C/C[C@@H](O)CC/C=C/C=C/[C@@H](O)CCCC(=O)[O-]	1	0			deltb4wacoab2
CC(C)(COP(=O)([O-])OP(=O)([O-])OC[C@H]1O[C@@H](n2cnc3c(N)ncnc32)[C@H](O)[C@@H]1OP(=O)([O-])[O-])[C@@H](O)C(=O)NCCC(=O)NCCSC(=O)CCCCCCCC(=O)[O-]	1	0			azlaccoa
CC(C)(COP(=O)([O-])OP(=O)([O-])OC[C@H]1O[C@@H](n2cnc3c(N)ncnc32)[C@H](O)[C@@H]1OP(=O)([O-])[O-])[C@@H](O)C(=O)NCCC(=O)NCCSC(=O)C[C@@H](O)CC/C=C\C[C@@H](O)CC/C=C/C=C\[C@@H](O)CCCC(=O)[O-]	1	0			dltb4wacoab2
CC(C)CC(N=C(O)C(Cc1c[nH]c2ccccc12)N=C(O)C(N)Cc1ccccc1)C(=O)O	1	0			phetrpleu
CC(C)CCCCCCCCCCC(=O)SCCNC(=O)CCNC(=O)[C@H](O)C(C)(C)COP(=O)([O-])OP(=O)([O-])OC[C@H]1O[C@H](n2cnc3c(N)ncnc32)[C@H](O)[C@@H]1OP(=O)([O-])[O-]	1	0			itedcacoa
CC(C)CCC[C@@H](C)[C@@H](O)CC(=O)SCCNC(=O)CCNC(=O)[C@H](O)C(C)(C)COP(=O)([O-])OP(=O)([O-])OC[C@H]1O[C@@H](n2cnc3c(N)ncnc32)[C@H](O)[C@@H]1OP(=O)([O-])[O-]	1	0			nncadmtcoaoh
CC(C)CCC[C@@H](C)[C@H]1CC[C@H]2C3[C@H](O)C[C@@H]4C[C@H](O)CCC4(C)[C@H]3CCC12C	1	0			xoldiolh
CC(C)Cc1ccc(C(C)C(=O)OC2OC(C(=O)[O-])C(O)C(O)C2O)cc1	1	0			ibupgluc
CC(C)c1nc(C(C)C)c(CO)c(-c2ccc(F)cc2)c1C=CC(O)CC(O)C(=O)[O-].[Na+]	1	0			crvsm1
CC(O)C(C)(O)C(=O)[O-]	1	0			but2mt23doh
CC(O)C(C)C(=O)OC1CC(O)C=C2C=CC(C)C(CCC(O)CC(O)CC(=O)[O-])C21.[Na+]	1	0			3hpvs
CC([O-])=Nc1ccc(OS(=O)(=O)O)c(S(C)=O)c1	1	0			tsacmsul
CC/C=C/C/C=C/C/C=C/CCCCCC(=O)SCCN=C([O-])CCN=C([O-])[C@@H](O)C(C)(C)COP(=O)(O)OP(=O)(O)OC[C@@H]1O[C@H](n2cnc3c(N)ncnc32)[C@@H](O)[C@H]1OP(=O)([O-])[O-]	1	0			hdcatenw3coa
CC/C=C\C[C@@H](/C=C/C=C\C=C\[C@H](C/C=C\C/C=C\CCC(=O)[O-])OO)OO	1	0			dihpdha
CC/C=C\C[C@@H]1C(=O)CC[C@@H]1CCCC(=O)CC(=O)SCCNC(=O)CCNC(=O)[C@H](O)C(C)(C)COP(=O)([O-])OP(=O)([O-])OC[C@H]1O[C@@H](n2cnc3c(N)ncnc32)[C@H](O)[C@@H]1OP(=O)([O-])[O-]	1	0			3oopc6coa
CC/C=C\C[C@H](/C=C/C=C\C=C\[C@H](C/C=C\C/C=C\CCC(=O)[O-])OO)OO	1	0			10s17rdihpdha
CC/C=C\C[C@H](O)/C=C/[C@H]1C(=O)C[C@H](O)[C@@H]1C/C=C/CCCC(=O)[O-]	1	0			pgD3
CC1(C)CCCN(c2ccc(O)c(C(=O)c3ccc(C(=O)N[C@@H]4CCCNC[C@H]4NC(=O)c4ccncc4)cc3)c2)C1	1	0			CHEBI_45445
CC1(C)SCCN(S(=O)(=O)c2ccc(OCC#CCN)cc2)[C@H]1C(=O)NO	1	0			CHEBI_40107
CC1=C[C@H]2[C@]3(CC1)[C@H](C)CC[C@@]1(C)[C@H](C(C)C)CC[C@@]231	1	0			CHEBI_235311
CCC(C)C(N=C(O)C1CCCN1C(=O)C(CCC(=O)O)N=C(O)C(N=C(O)C(Cc1ccccc1)N=C(O)C1CCCN1C(=O)C(N)Cc1ccc([O-])cc1)C(C)C)C(=O)O	1	0			cmrphb
CCC(OC(C)=O)c1cc(OC)c(OC(C)=O)c(-c2cc(C(CC)OC(C)=O)cc(OC)c2OC(C)=O)c1	1	0			CHEBI_86805
CCC/C=C\CCC(=O)SCCNC(=O)CCNC(=O)C(O)C(C)(C)COP(=O)([O-])OP(=O)([O-])OC[C@H]1O[C@@H](n2cnc3c(N)ncnc32)[C@H](O)[C@@H]1OP(=O)([O-])[O-]	1	0			occa4Zcoa
CCC=CCC=CCC=CCC=CCCCCC(=O)OCC(O)COP(=O)([O-])[O-]	1	0			g3p_1strdnc
CCCC/C=C\CCCCCCC/C=C/C(=O)SCCNC(=O)CCNC(=O)[C@H](O)C(C)(C)COP(=O)([O-])OP(=O)([O-])OC[C@H]1O[C@@H](n2cnc3c(N)ncnc32)[C@H](O)[C@H]1OP(=O)([O-])[O-]	1	0			hdca11ZcoaE
CCCC/C=C\CCCCCCCC(=O)OC(CC(=O)[O-])C[N+](C)(C)C	1	0			mrsteldccrn
CCCC/C=C\CCCCCCCCCCCC(=O)N[C@@H](COC1OC(CO)C(O)C(O)C1O)[C@H](O)/C=C/CCCCCCCCCCCCC	1	0			crbs_ocdca13Z_gal
CCCC/C=C\CCCCCCCCCCCC(=O)N[C@@H](COC1O[C@H](CO)[C@@H](O)[C@H](O)[C@H]1O)[C@H](O)/C=C/CCCCCCCCCCCCC	1	0			crbs_ocdca13Z_glc
CCCCC/C=C\CC(=O)CC/C=C/C=C\[C@H](O)CCCC(=O)[O-]	1	0			lktrB410dh12ox
CCCCC/C=C\C[C@@H](/C=C/C=C\C=C\C(=O)CCCC(=O)O)OO	1	0			5k12shpete
CCCCC=CCCCCCCCC(=O)O[C@H](CC(=O)[O-])C[N+](C)(C)C	1	0			mrstlcrn
CCCCCC(=O)CC[C@@H]1[C@@H](C/C=C\CC(=O)SCCNC(=O)CCNC(=O)[C@H](O)C(C)(C)COP(=O)([O-])OP(=O)([O-])OC[C@H]2O[C@@H](n3cnc4c(N)ncnc43)[C@H](O)[C@@H]2OP(=O)([O-])[O-])[C@@H](O)C[C@H]1O	1	0			ddkpgf2coa
CCCCCC(=O)CC[C@H]1[C@H](O)CC(=O)[C@@H]1C/C=C\C[C@H](O)CC(=O)SCCNC(=O)CCNC(=O)[C@H](O)C(C)(C)COP(=O)([O-])OP(=O)([O-])OC[C@H]1O[C@@H](n2cnc3c(N)ncnc32)[C@H](O)[C@@H]1OP(=O)([O-])[O-]	1	0			dkpge2coab2
CCCCCC/C=C\CCC(=O)SCCNC(=O)CCNC(=O)[C@H](O)C(C)(C)COP(=O)([O-])OP(=O)([O-])OC[C@H]1O[C@@H](n2cnc3c(N)ncnc32)[C@H](O)[C@@H]1OP(=O)([O-])[O-]	1	0			udca4Zcoa
CCCCCC/C=C\CCC(O)CC(=O)SCCNC(=O)CCNC(=O)[C@H](O)C(C)(C)COP(=O)([O-])OP(=O)([O-])OC[C@H]1O[C@@H](n2cnc3c(N)ncnc32)[C@H](O)[C@@H]1OP(=O)([O-])[O-]	1	0			tdca6Zcoaoh
CCCCCC/C=C\CCCCC(=O)CC(=O)SCCNC(=O)CCNC(=O)[C@H](O)C(C)(C)COP(=O)([O-])OP(=O)([O-])OC[C@H]1O[C@@H](n2cnc3c(N)ncnc32)[C@H](O)[C@@H]1OP(=O)([O-])[O-]	1	0			ptdca8Zcoaox
CCCCCCCCCC/C=C\CCC/C=C/C(=O)SCCNC(=O)CCNC(=O)[C@H](O)C(C)(C)COP(=O)([O-])OP(=O)([O-])OC[C@H]1O[C@@H](n2cnc3c(N)ncnc32)[C@H](O)[C@H]1OP(=O)([O-])[O-]	1	0			ocdca7ZcoaE
CCCCCCCCCCCCC/C=C/[C@@H](O)[C@H](CO[C@@H]1O[C@H](CO)[C@@H](O[C@@H]2O[C@H](CO)[C@H](O[C@@H]3O[C@H](CO)[C@H](O)[C@H](O[C@@H]4O[C@H](CO)[C@H](O)[C@H](O)[C@H]4O)[C@H]3N=C(C)O)[C@H](O)[C@H]2O)[C@H](O)C1O)N=C(O)CCCCCCCCCCC	1	0			ga1_hs
CCCCCCCCCCCCCC(=O)O[C@H](CO)COP(=O)([O-])[O-]	1	0			g3p_2tedca
CCCCCCCCCCCCCC=CC(O)C(COP(=O)(O)OCC[N+](C)(C)C)N=C(O)CCCCCCCCCCCCCCCCCCC	1	0			sphmyln18120_hs
CCCCCCCCCCCCCCC(=O)OC(CO)COP(=O)([O-])OCC[N+](C)(C)C	1	0			g3pc_2hdca
CCCc1cc(OC)c2c(c1)C(C)C(c1ccc(OC)c(OC)c1)O2	1	0			CHEBI_86886
CCOC(=O)N[C@H](Cc1ccccc1)C(=O)N1CCC[C@H]1C(=O)NNCCCCN	1	0			CHEBI_40922
CC[C@@H](O)/C=C/C=C\C[C@H](O)/C=C/C=C/C=C\[C@@H](O)CCCC(=O)[O-]	1	0			trihepe3
CC[C@@H](O)/C=C/C=C\C[C@H](O)/C=C/C=C\C=C\[C@H](O)CCCC(=O)[O-]	1	0			trihepa51218
CCc1nc(N)nc(N)c1-c1ccc2ccc[n+](CCCOC)c2c1	1	0			CHEBI_43760
CN(C(=O)Oc1ccc(Cl)cc1)[C@H]1CC[C@H](c2ccc(CN3CCCCC3)cc2)CC1	1	0			CHEBI_47642
CN(C)c1ccc(-c2c(N)ncnc2C#Cc2ccc(N3CCOCC3)nc2)cc1	1	0			CHEBI_40297
COCC(Cn1ccnc1[N+](=O)[O-])O[C@@H]1O[C@H](C(=O)[O-])[C@@H](O)[C@H](O)[C@H]1O	1	0			miso_glc
COCCS(=O)(=O)c1ccc(/N=N/c2c(O)cc3cc(O)c(N)c(N)c3c2O)cc1	1	0			CHEBI_747413
CO[C@H]1[C@H](O)[C@@H](COP(=O)(O)O)O[C@H]1n1cc(C)c(=O)[nH]c1=O	1	0			CHEBI_45953
COc1c(C)c2c(c(O)c1CCO[P@@](=O)(O)C[P@@](=O)(O)OC[C@H]1O[C@@H](n3cnc4c(N)ncnc43)[C@H](O)[C@@H]1O)C(=O)OC2	1	0			CHEBI_44124
COc1c(OP(=O)([O-])[O-])c(C)cc2c1C(=O)c1c(O)cccc1C2=O	1	0			CHEBI_747548
COc1cc(/C=C/C(=O)O)ccc1Oc1cc(/C=C/C(=O)O)cc(OC)c1O	1	0			CHEBI_86824
COc1cc([C@@H]2Oc3cc([C@H]4Oc5cc(OP(=O)([O-])[O-])cc(O)c5C(=O)[C@@H]4O)ccc3O[C@H]2CO)ccc1O	1	0			CHEBI_747519
COc1cc([C@H]2Oc3cc([C@H]4Oc5cc(OP(=O)([O-])[O-])cc(O)c5C(=O)[C@@H]4O)ccc3O[C@@H]2CO)ccc1O	1	0			CHEBI_747518
COc1ccc(OCCCCC(=O)O)cc1Cc1cnc(N)nc1N	1	0			CHEBI_41904
CSC[C@H]1O[C@@H](n2cnc3c(N)ncnc32)[C@H](O)[C@@H]1OC(C)=O	1	0			CHEBI_747149
C[C@@H](/C(O)=N/c1nc(-c2ccccc2Cl)cs1)N1C(=O)C2CC=CCC2C1=O	1	0			CHEBI_234564
C[C@@H](C(=O)N1CCOCC1)N1CC[C@H](NS(=O)(=O)/C=C/c2ccc(Cl)s2)C1=O	1	0			CHEBI_47179
C[C@@H]1c2ccc(O)c(O)c2CC[NH+]1C	1	0			tehiqnl12dmt56doh
C[C@H](O)[C@H](C)C(=O)C(O)(CC(=O)[O-])C[N+](C)(C)C	1	0			but2mt3ohcrn
C[C@H](c1ccccc1)[C@H](C[C@H](O)CN1CCN(Cc2cccnc2)C[C@H]1C(=O)NC(C)(C)C)C(=O)N[C@H]1c2ccccc2C[C@H]1O	1	0			CHEBI_46549
Cc1c(C)c2c(c(C)c1OS(=O)(=O)[O-])CC[C@@](C)(CCC[C@@H](C)CCC[C@@H](C)CCCC(C)C(=O)[O-])O2	1	0			vitEascox
Cc1c(O)nc(CC(=O)OP(=O)([O-])OC[C@H]2O[C@@H](n3cnc4c(N)ncnc43)[C@H](O)[C@@H]2O)c(C)c1OP(=O)([O-])OC[C@H]1O[C@@H](n2cnc3c(=O)[nH]c(N)nc32)[C@H](O)[C@@H]1O	1	0			CHEBI_234400
Cc1c([O-])cc2c(c1C)O[C@@](C)(CCC[C@@H](C)CCC(=O)O[C@H](CC(=O)[O-])C[N+](C)(C)C)CC2	1	0			vitEgoncoxcrn
Cc1cc(OS(=O)(=O)[O-])cc2c1OC(C)(CCCC(C)CCCC(C)CCCC(C)C(=O)[O-])CC2	1	0			vitEdscox
Cc1ccc(S(=O)(=O)NC([O-])=NN2CC3C=CCC3C2)cc1	1	0			dhglz
NC(=[NH2+])N1Cc2ccccc2C(O)C1	1	0			4hdebrisoquine
NC(CCCC[NH3+])C(=O)N1CCCC1C(=O)O	1	0			lyspro
NC(Cc1ccc(O)cc1)C(O)=NC(Cc1c[nH]c2ccccc12)C(O)=NC(Cc1ccccc1)C(=O)O	1	0			tyrtrpphe
NCCCC[C@H](N=C(O)[C@H](N)CC(=O)O)C(O)=N[C@H](Cc1cnc[nH]1)C(=O)O	1	0			asplyshis
NCCOP(=O)(O)OC[C@H]1O[C@H](O[C@@H]2[C@@H](OC[C@H]3O[C@H](OCCCCCCS)[C@@H](O)[C@@H](O)[C@@H]3O)O[C@H](CO)[C@@H](O)[C@@H]2O)[C@@H](O)[C@@H](O)[C@@H]1O	1	0			CHEBI_235511
NC[C@@H]1O[C@H](O[C@H]2[C@@H](OCCNC[C@@H]3CCCNC3)[C@H](O[C@@H]3[C@@H](O)[C@H](N)C[C@H](N)[C@H]3O[C@H]3O[C@H](CO)[C@@H](O)[C@H](O)[C@H]3N)O[C@@H]2CO)[C@H](N)[C@@H](O)[C@@H]1O	1	0			CHEBI_43466
N[C@@H](CC(=O)N1CCC[C@H]1CNC(=O)c1ccccc1)Cc1ccccc1F	1	0			CHEBI_42621
N[C@@H](Cc1cnc[nH]1)C(O)=N[C@@H](Cc1cnc[nH]1)C(O)=N[C@@H](CCCC[NH3+])C(=O)O	1	0			hishislys
N[C@@H](Cn1cc(Br)c(=O)[nH]c1=O)C(=O)O	1	0			CHEBI_47280
N[C@H](CSC(CC(=O)[O-])c1cnc[nH]1)C(=O)O	1	0			urcancys
N[C@H](Cc1c[nH]c2ccccc12)C(O)=N[C@@H](CO)C(O)=N[C@H](Cc1ccc(O)cc1)C(=O)O	1	0			trpsertyr
N[C@H](Cc1cc([O-])c2c(c1)SC[C@H](C(=O)O)N2)C(=O)O	1	0			bznthzcbxl34dh
N[C@H](Cc1ccc(Oc2ccc(OC3O[C@H](C(=O)O)[C@H](O)[C@H](O)[C@@H]3O)c(I)c2)c(I)c1)C(=O)[O-]	1	0			t2_33glcur
N[C@H]1CC[C@H](N[C@@H]2C[C@H]2c2ccccc2)CC1	1	0			CHEBI_234592
Nc1ccccc1C(=O)/C=C\C=C(\O)C(=O)O	1	0			2hoaphd
Nc1ncnc2c1ncn2[C@@H]1O[C@H](COP(=O)(O)O)[C@@H](O)[C@H]1OP(=O)(O)O	1	0			CHEBI_28355
O=C(Nc1ccncc1)[C@@H](NS(=O)(=O)c1cccc2nsnc12)c1ccccc1	1	0			CHEBI_41568
O=C([O-])C=CC1=CC=CC(O)C1O	1	0			cenchddd
O=C([O-])CC1(O)C=CC(O)CC1	1	0			qlacacteh
O=C([O-])CC1CCC(O)CC1	1	0			cychxacac4oh
O=C([O-])CCCCCCCCO	1	0			nncalc
O=C([O-])CC[C@H]1[C@@H](O)CC(=O)[C@@H]1CCC(=O)CCCCCO	1	0			tdkpgd2woh
O=C([O-])CI.[Na+]	1	0			CHEBI_234594
O=C([O-])[C@@H]1OC(O)[C@@H](O)[C@@H](O)[C@@H]1O	1	0			gulur
O=C([O-])[C@H]1OC(O)[C@@H](O)[C@@H](O)[C@@H]1O	1	0			mannur
O=C([O-])[C@H]1OC(OP(=O)([O-])[O-])[C@H](O)[C@@H](O)[C@@H]1O	1	0			glcur1p
O=CCCCCC(=O)CC[C@@H]1[C@@H](CCC(=O)[O-])[C@@H](O)C[C@H]1O	1	0			tdkpgf2wo
O=CCc1cc(I)c(Oc2cc(I)c(O)c(I)c2)c(I)c1	1	0			t4acald
O=P(O)(O)OC[C@H]1O[C@@H](n2cnc3c(Cl)[nH+]cnc32)[C@H](O)[C@@H]1O	1	0			CHEBI_47346
O=P([O-])([O-])OCC1OC(OP(=O)([O-])[O-])C(O)C1O	1	0			r15bp
O=c1oc2c(O)c([O-])cc3c(=O)oc4c(O)c([O-])cc1c4c23	1	0			CHEBI_235343
OCC(O)(Cc1ccc(O)cc1)c1ccc(O)cc1	1	0			CHEBI_19304
OC[C@@H]1O[C@H](O[C@H]2[C@H](O)[C@@H](O)[C@H](O)N[C@@H]2CO)[C@H](O)[C@H](O)[C@@H]1O	1	0			CHEBI_40441
OC[C@H]1N/C(=N/O)[C@H](O)[C@@H](O)[C@@H]1O[C@H]1O[C@H](CO)[C@@H](O[C@H]2O[C@H](CO)[C@@H](O)[C@H](O)[C@H]2O)[C@H](O)[C@H]1O	1	0			CHEBI_43712
OC[C@H]1O[C@@](CO)(OC[C@H]2O[C@@](CO)(CO[C@H]3O[C@](O)(CO)[C@@H](O)[C@@H]3O)[C@@H](O)[C@@H]2O)[C@@H](O)[C@@H]1O	1	0			levan1000
O[CH][C@H]1OC(O)[C@H](O)[C@@H](O)[C@@H]1O	1	0			r_glc
Oc1ccc(C[C@@H]2[NH2+]CCc3cc(O)c(O)cc32)cc1O	1	0			nnsln
Oc1cnoc1	1	0			4oh_vcz
[H]/N=C(/N)NCCC[C@@H](N=C(O)[C@H](CO)N=C(O)[C@H]([NH3+])C(C)C)C(=O)O	1	0			valserarg
[H]/N=C(/N)NCCC[C@H](N=C(O)[C@H](CCCN/C(N)=N/[H])N=C(O)[C@H](CC(C)C)N=C(O)[C@H](Cc1ccccc1)N=C(O)CN=C(O)CN=C(O)[C@@H]([NH3+])Cc1ccc(O)cc1)C(O)=N[C@@H](CCC(=[NH2+])O)C(O)=N[C@@H](Cc1ccccc1)C(O)=N[C@@H](CCCC[NH3+])C(O)=N[C@H](C(O)=N[C@H](C(O)=N[C@H](C(=O)O)[C@@H](C)O)C(C)C)C(C)C	1	0			dnrphB
[H]/N=C(/O)CC[C@H](N)C(O)=N[C@@H](CCCC[NH3+])C(O)=N[C@@H](Cc1c[nH]c2ccccc12)C(=O)O	1	0			glnlystrp
[H]/N=C(\O)C1=CN(C2OC(COP(=O)(O)OP(=O)(O)OCC3OC(n4cnc5c(N)ncnc54)C(OP(=O)(O)O)C3O)C(O)C2O)C=CC1	1	0			nadph_redoxp
[H]/N=C1\NC(=O)/C(=C(\C)c2ccc(-c3ccc(S(N)(=O)=O)cc3)o2)S1	1	0			CHEBI_41388
[NH3+][C@H](CS[C@H](/C=C/C=C/C=C\CC(=O)[O-])[C@@H](O)CCCC(=O)[O-])C(=O)[O-]	1	0			hlte3wa
CCCCCCCC/C=C\CCCC(=O)[O-]	2	0			CHEBI_234425, tedca5Z
