chebi_id,hmdb_id
CHEBI:10002,HMDB0259840
CHEBI:100147,HMDB0014917
CHEBI:10022,HMDB0036156
CHEBI:10023,HMDB0014720
CHEBI:100241,HMDB0014677
CHEBI:100246,HMDB0015192
CHEBI:10025,HMDB0304684
CHEBI:10029,HMDB0259896
CHEBI:10037,HMDB0259891
CHEBI:100417,HMDB0012488
CHEBI:10049,HMDB0000293
CHEBI:10056,HMDB0259915
CHEBI:10057,HMDB0029923
CHEBI:10072,HMDB0000881
CHEBI:100922,HMDB0257525
CHEBI:10093,HMDB0015464
CHEBI:10100,HMDB0014689
CHEBI:101009,HMDB0015508
CHEBI:10101,HMDB0015078
CHEBI:10102,HMDB0015097
CHEBI:101085,HMDB0015275
CHEBI:101096,HMDB0014456
CHEBI:10110,HMDB0014638
CHEBI:10112,HMDB0014882
CHEBI:10119,HMDB0014391
CHEBI:101202,HMDB0014767
CHEBI:10124,HMDB0014460
CHEBI:10125,HMDB0005023
CHEBI:10127,HMDB0015045
CHEBI:101278,HMDB0014487
CHEBI:101355,HMDB0253560
CHEBI:10136,HMDB0005783
CHEBI:101369,HMDB0015380
CHEBI:1015,HMDB0304940
CHEBI:10150,HMDB0037658
CHEBI:101853,HMDB0015286
CHEBI:101967,HMDB0015438
CHEBI:102130,HMDB0015521
CHEBI:10216,HMDB0059695
CHEBI:102166,HMDB0014737
CHEBI:102167,HMDB0258688
CHEBI:10217,HMDB0303103
CHEBI:10221,HMDB0061851
CHEBI:102216,HMDB0014617
CHEBI:102218,HMDB0251540
CHEBI:10223,HMDB0002268
CHEBI:10224,HMDB0036413
CHEBI:10225,HMDB0061838
CHEBI:102265,HMDB0015522
CHEBI:102408,HMDB0014606
CHEBI:102484,HMDB0014408
CHEBI:102485,HMDB0060774
CHEBI:102516,HMDB0258575
CHEBI:102524,HMDB0014386
CHEBI:102630,HMDB0029393
CHEBI:10274,HMDB0034964
CHEBI:10280,HMDB0036065
CHEBI:10284,HMDB0035631
CHEBI:10295,HMDB0001266
CHEBI:103183,HMDB0005035
CHEBI:10319,HMDB0012138
CHEBI:103210,HMDB0253140
CHEBI:10332,HMDB0038215
CHEBI:10334,HMDB0036995
CHEBI:10335,HMDB0245378
CHEBI:10357,HMDB0036792
CHEBI:10360,HMDB0035093
CHEBI:10362,HMDB0033844
CHEBI:10363,HMDB0061853
CHEBI:103729,HMDB0030768
CHEBI:103836,HMDB0246956
CHEBI:103854,HMDB0247729
CHEBI:103977,HMDB0247631
CHEBI:103981,HMDB0244925
CHEBI:103982,HMDB0249512
CHEBI:104011,HMDB0001867
CHEBI:104019,HMDB0253773
CHEBI:104023,HMDB0258454
CHEBI:104045,HMDB0244964
CHEBI:104120,HMDB0246945
CHEBI:104121,HMDB0006978
CHEBI:104131,HMDB0259889
CHEBI:10418,HMDB0062763
CHEBI:10418,HMDB0035913
CHEBI:104234,HMDB0251444
CHEBI:10429,HMDB0249138
CHEBI:10432,HMDB0012322
CHEBI:10441,HMDB0036716
CHEBI:10443,HMDB0034997
CHEBI:10444,HMDB0035643
CHEBI:10447,HMDB0035213
CHEBI:104586,HMDB0056387
CHEBI:104872,HMDB0257294
CHEBI:10565,HMDB0060478
CHEBI:10577,HMDB0005806
CHEBI:10588,HMDB0061008
CHEBI:10607,HMDB0033835
CHEBI:106288,HMDB0013868
CHEBI:10642,HMDB0006088
CHEBI:10650,HMDB0005037
CHEBI:106712,HMDB0013997
CHEBI:10698,HMDB0060108
CHEBI:10702,HMDB0001164
CHEBI:10723,HMDB0003948
CHEBI:107653,HMDB0248890
CHEBI:107655,HMDB0247676
CHEBI:107736,HMDB0015363
CHEBI:108080,HMDB0001833
CHEBI:108209,HMDB0015636
CHEBI:108287,HMDB0243620
CHEBI:108633,HMDB0108556
CHEBI:109146,HMDB0062639
CHEBI:109532,HMDB0255218
CHEBI:109536,HMDB0251564
CHEBI:109540,HMDB0246026
CHEBI:10979,HMDB0032418
CHEBI:10980,HMDB0303993
CHEBI:109895,HMDB0012897
CHEBI:109896,HMDB0108596
CHEBI:110006,HMDB0006044
CHEBI:110165,HMDB0245198
CHEBI:110174,HMDB0245544
CHEBI:110179,HMDB0030767
CHEBI:110185,HMDB0033441
CHEBI:110191,HMDB0245083
CHEBI:110193,HMDB0259678
CHEBI:110422,HMDB0014656
CHEBI:110423,HMDB0014858
CHEBI:1109,HMDB0006817
CHEBI:111,HMDB0034221
CHEBI:111161,HMDB0245059
CHEBI:111167,HMDB0255144
CHEBI:111175,HMDB0252434
CHEBI:111274,HMDB0248175
CHEBI:111506,HMDB0031201
CHEBI:111514,HMDB0248200
CHEBI:111517,HMDB0002001
CHEBI:111715,HMDB0015510
CHEBI:111762,HMDB0060538
CHEBI:112111,HMDB0030679
CHEBI:113,HMDB0042012
CHEBI:113454,HMDB0243940
CHEBI:113455,HMDB0303720
CHEBI:113532,HMDB0034732
CHEBI:113756,HMDB0015520
CHEBI:114116,HMDB0012489
CHEBI:114200,HMDB0255026
CHEBI:114202,HMDB0029835
CHEBI:114444,HMDB0001861
CHEBI:114785,HMDB0014671
CHEBI:1148,HMDB0000008
CHEBI:114833,HMDB0001896
CHEBI:115148,HMDB0030283
CHEBI:115156,HMDB0303642
CHEBI:115196,HMDB0249030
CHEBI:1156,HMDB0000343
CHEBI:1157,HMDB0003903
CHEBI:11594,HMDB0304296
CHEBI:116117,HMDB0014790
CHEBI:116225,HMDB0255702
CHEBI:116278,HMDB0015113
CHEBI:116314,HMDB0002117
CHEBI:116509,HMDB0251497
CHEBI:116735,HMDB0004992
CHEBI:116931,HMDB0255618
CHEBI:116960,HMDB0015511
CHEBI:1178,HMDB0000402
CHEBI:11814,HMDB0001375
CHEBI:1184,HMDB0060348
CHEBI:1189,HMDB0000010
CHEBI:119,HMDB0004826
CHEBI:119,HMDB0062811
CHEBI:11909,HMDB0001455
CHEBI:119101,HMDB0015288
CHEBI:11946,HMDB0250545
CHEBI:119486,HMDB0014763
CHEBI:119569,HMDB0014486
CHEBI:119572,HMDB0014992
CHEBI:119573,HMDB0014843
CHEBI:11972,HMDB0060518
CHEBI:119915,HMDB0014951
CHEBI:119928,HMDB0004326
CHEBI:120346,HMDB0015681
CHEBI:120941,HMDB0032302
CHEBI:121474,HMDB0031220
CHEBI:1217,HMDB0303335
CHEBI:12194,HMDB0011669
CHEBI:122391,HMDB0015064
CHEBI:1224,HMDB0245257
CHEBI:122528,HMDB0014597
CHEBI:123115,HMDB0251144
CHEBI:1233,HMDB0304113
CHEBI:123417,HMDB0015629
CHEBI:12350,HMDB0006800
CHEBI:1237,HMDB0245282
CHEBI:123715,HMDB0005199
CHEBI:123745,HMDB0015614
CHEBI:12387,HMDB0001265
CHEBI:124938,HMDB0245305
CHEBI:124939,HMDB0257229
CHEBI:124969,HMDB0060947
CHEBI:124991,HMDB0014599
CHEBI:125161,HMDB0014529
CHEBI:125204,HMDB0246433
CHEBI:125206,HMDB0033456
CHEBI:125362,HMDB0259471
CHEBI:125365,HMDB0246713
CHEBI:125366,HMDB0033093
CHEBI:125368,HMDB0247063
CHEBI:125387,HMDB0242499
CHEBI:125402,HMDB0244768
CHEBI:125405,HMDB0256482
CHEBI:125406,HMDB0250615
CHEBI:125412,HMDB0035056
CHEBI:125417,HMDB0257139
CHEBI:125427,HMDB0242363
CHEBI:125429,HMDB0252113
CHEBI:125440,HMDB0245975
CHEBI:125449,HMDB0248904
CHEBI:125462,HMDB0258416
CHEBI:125553,HMDB0246109
CHEBI:125631,HMDB0249921
CHEBI:125678,HMDB0041943
CHEBI:125805,HMDB0240552
CHEBI:126237,HMDB0014962
CHEBI:126443,HMDB0015691
CHEBI:126598,HMDB0014725
CHEBI:126722,HMDB0014873
CHEBI:127029,HMDB0014944
CHEBI:127342,HMDB0014434
CHEBI:127439,HMDB0015338
CHEBI:127570,HMDB0015334
CHEBI:127604,HMDB0014723
CHEBI:127616,HMDB0014553
CHEBI:127713,HMDB0015069
CHEBI:127762,HMDB0001046
CHEBI:127780,HMDB0014670
CHEBI:127791,HMDB0030285
CHEBI:127904,HMDB0029734
CHEBI:128,HMDB0036086
CHEBI:128310,HMDB0015576
CHEBI:128477,HMDB0015563
CHEBI:129,HMDB0041633
CHEBI:1294,HMDB0006763
CHEBI:129569,HMDB0014849
CHEBI:1296,HMDB0006283
CHEBI:130096,HMDB0015556
CHEBI:130363,HMDB0002285
CHEBI:1307,HMDB0303481
CHEBI:131145,HMDB0008899
CHEBI:131147,HMDB0258516
CHEBI:131163,HMDB0257192
CHEBI:131178,HMDB0253181
CHEBI:131194,HMDB0258867
CHEBI:131326,HMDB0253739
CHEBI:131344,HMDB0031016
CHEBI:131345,HMDB0247310
CHEBI:131350,HMDB0245099
CHEBI:131351,HMDB0249865
CHEBI:131358,HMDB0248893
CHEBI:131371,HMDB0303426
CHEBI:131381,HMDB0062248
CHEBI:131388,HMDB0034778
CHEBI:131408,HMDB0252890
CHEBI:131420,HMDB0252064
CHEBI:131429,HMDB0249666
CHEBI:131431,HMDB0094709
CHEBI:131434,HMDB0000525
CHEBI:131449,HMDB0301884
CHEBI:131452,HMDB0301904
CHEBI:131454,HMDB0245397
CHEBI:131456,HMDB0037786
CHEBI:131493,HMDB0252480
CHEBI:131497,HMDB0303592
CHEBI:131498,HMDB0304730
CHEBI:131499,HMDB0304757
CHEBI:131502,HMDB0249486
CHEBI:131512,HMDB0243563
CHEBI:131518,HMDB0251355
CHEBI:131526,HMDB0303534
CHEBI:131527,HMDB0303424
CHEBI:131557,HMDB0011592
CHEBI:131603,HMDB0301916
CHEBI:131650,HMDB0304462
CHEBI:131654,HMDB0285913
CHEBI:131662,HMDB0009307
CHEBI:131665,HMDB0009010
CHEBI:131690,HMDB0011511
CHEBI:131691,HMDB0011481
CHEBI:131692,HMDB0011483
CHEBI:131700,HMDB0029213
CHEBI:131714,HMDB0252536
CHEBI:131715,HMDB0014955
CHEBI:131743,HMDB0011473
CHEBI:131751,HMDB0253366
CHEBI:131778,HMDB0253469
CHEBI:131788,HMDB0254229
CHEBI:131801,HMDB0258327
CHEBI:131804,HMDB0014491
CHEBI:131824,HMDB0259053
CHEBI:131839,HMDB0303651
CHEBI:131843,HMDB0254733
CHEBI:131852,HMDB0252474
CHEBI:131855,HMDB0035860
CHEBI:131857,HMDB0015611
CHEBI:131886,HMDB0062517
CHEBI:131887,HMDB0006210
CHEBI:131888,HMDB0005844
CHEBI:131924,HMDB0010381
CHEBI:131924,HMDB0010375
CHEBI:131977,HMDB0005454
CHEBI:132041,HMDB0060574
CHEBI:132051,HMDB0246778
CHEBI:132058,HMDB0240671
CHEBI:132079,HMDB0003733
CHEBI:132082,HMDB0251828
CHEBI:132098,HMDB0041929
CHEBI:132100,HMDB0303344
CHEBI:132106,HMDB0303504
CHEBI:132109,HMDB0303349
CHEBI:132112,HMDB0303549
CHEBI:132119,HMDB0260514
CHEBI:132121,HMDB0013651
CHEBI:132182,HMDB0031418
CHEBI:132188,HMDB0242144
CHEBI:132197,HMDB0246862
CHEBI:132203,HMDB0247661
CHEBI:132223,HMDB0002205
CHEBI:132231,HMDB0030309
CHEBI:132232,HMDB0247201
CHEBI:132233,HMDB0014328
CHEBI:132234,HMDB0254369
CHEBI:132240,HMDB0246968
CHEBI:132244,HMDB0000734
CHEBI:132246,HMDB0013117
CHEBI:132275,HMDB0002283
CHEBI:132276,HMDB0004673
CHEBI:132281,HMDB0302458
CHEBI:132284,HMDB0251428
CHEBI:132357,HMDB0245429
CHEBI:132359,HMDB0245432
CHEBI:132364,HMDB0252031
CHEBI:132399,HMDB0304602
CHEBI:132403,HMDB0028692
CHEBI:132446,HMDB0246220
CHEBI:132477,HMDB0240594
CHEBI:132478,HMDB0012082
CHEBI:132479,HMDB0240595
CHEBI:132546,HMDB0245844
CHEBI:132549,HMDB0303179
CHEBI:132583,HMDB0254869
CHEBI:132593,HMDB0244325
CHEBI:132606,HMDB0094645
CHEBI:132607,HMDB0094679
CHEBI:132609,HMDB0254852
CHEBI:132611,HMDB0094647
CHEBI:132612,HMDB0061744
CHEBI:132623,HMDB0302268
CHEBI:132624,HMDB0303156
CHEBI:132656,HMDB0302493
CHEBI:132714,HMDB0301712
CHEBI:132750,HMDB0033772
CHEBI:132752,HMDB0033854
CHEBI:132766,HMDB0303313
CHEBI:132767,HMDB0303470
CHEBI:132773,HMDB0044722
CHEBI:132774,HMDB0252245
CHEBI:132799,HMDB0033178
CHEBI:132812,HMDB0303877
CHEBI:132813,HMDB0042004
CHEBI:132823,HMDB0000649
CHEBI:132824,HMDB0036420
CHEBI:132835,HMDB0041761
CHEBI:132837,HMDB0303844
CHEBI:132838,HMDB0061653
CHEBI:132839,HMDB0040726
CHEBI:132842,HMDB0015028
CHEBI:132843,HMDB0040247
CHEBI:132844,HMDB0243756
CHEBI:132848,HMDB0037133
CHEBI:132854,HMDB0032662
CHEBI:132868,HMDB0030687
CHEBI:132869,HMDB0030688
CHEBI:132872,HMDB0061748
CHEBI:132878,HMDB0248950
CHEBI:132905,HMDB0036452
CHEBI:132906,HMDB0303564
CHEBI:132963,HMDB0252323
CHEBI:132991,HMDB0094651
CHEBI:132996,HMDB0240584
CHEBI:133005,HMDB0240215
CHEBI:133017,HMDB0256551
CHEBI:133021,HMDB0247760
CHEBI:133026,HMDB0240252
CHEBI:133028,HMDB0029160
CHEBI:133032,HMDB0029151
CHEBI:133040,HMDB0242125
CHEBI:133051,HMDB0011728
CHEBI:133066,HMDB0242116
CHEBI:133077,HMDB0240597
CHEBI:133086,HMDB0000782
CHEBI:133087,HMDB0302976
CHEBI:133089,HMDB0240655
CHEBI:133093,HMDB0242176
CHEBI:133094,HMDB0034276
CHEBI:133096,HMDB0170765
CHEBI:133101,HMDB0094682
CHEBI:133112,HMDB0240625
CHEBI:133119,HMDB0094650
CHEBI:133124,HMDB0240313
CHEBI:133136,HMDB0037397
CHEBI:133148,HMDB0242175
CHEBI:133171,HMDB0240616
CHEBI:133172,HMDB0242148
CHEBI:133176,HMDB0240607
CHEBI:133177,HMDB0242179
CHEBI:133179,HMDB0242109
CHEBI:133181,HMDB0240340
CHEBI:133183,HMDB0240341
CHEBI:133185,HMDB0061384
CHEBI:133186,HMDB0061116
CHEBI:133187,HMDB0253405
CHEBI:133197,HMDB0060924
CHEBI:133197,HMDB0060920
CHEBI:133199,HMDB0060564
CHEBI:133208,HMDB0012202
CHEBI:133211,HMDB0012201
CHEBI:133217,HMDB0240345
CHEBI:133218,HMDB0302884
CHEBI:133220,HMDB0303749
CHEBI:133221,HMDB0035514
CHEBI:133222,HMDB0246823
CHEBI:133246,HMDB0036584
CHEBI:133306,HMDB0258606
CHEBI:133325,HMDB0034295
CHEBI:133343,HMDB0000592
CHEBI:133348,HMDB0039489
CHEBI:133351,HMDB0304424
CHEBI:133364,HMDB0304139
CHEBI:133365,HMDB0033681
CHEBI:133381,HMDB0302107
CHEBI:133412,HMDB0033558
CHEBI:133419,HMDB0304461
CHEBI:133430,HMDB0242184
CHEBI:133435,HMDB0242140
CHEBI:133455,HMDB0030999
CHEBI:133456,HMDB0010388
CHEBI:133458,HMDB0242129
CHEBI:133460,HMDB0060013
CHEBI:133469,HMDB0242134
CHEBI:133478,HMDB0032010
CHEBI:133480,HMDB0041510
CHEBI:133501,HMDB0304106
CHEBI:133508,HMDB0029200
CHEBI:133516,HMDB0304379
CHEBI:133530,HMDB0006409
CHEBI:133532,HMDB0168668
CHEBI:133534,HMDB0240317
CHEBI:133542,HMDB0240624
CHEBI:133548,HMDB0240694
CHEBI:133559,HMDB0240652
CHEBI:133560,HMDB0304907
CHEBI:133562,HMDB0240381
CHEBI:133565,HMDB0242135
CHEBI:133567,HMDB0240565
CHEBI:133568,HMDB0240651
CHEBI:133599,HMDB0008994
CHEBI:133617,HMDB0007940
CHEBI:133623,HMDB0007939
CHEBI:133636,HMDB0011229
CHEBI:133655,HMDB0008936
CHEBI:133657,HMDB0010401
CHEBI:133662,HMDB0013122
CHEBI:133664,HMDB0011262
CHEBI:133667,HMDB0041740
CHEBI:133669,HMDB0011203
CHEBI:133672,HMDB0011206
CHEBI:133677,HMDB0240592
CHEBI:133679,HMDB0037156
CHEBI:133683,HMDB0031862
CHEBI:133689,HMDB0240490
CHEBI:133693,HMDB0240596
CHEBI:133694,HMDB0240583
CHEBI:133695,HMDB0242133
CHEBI:133704,HMDB0240706
CHEBI:133706,HMDB0241921
CHEBI:133707,HMDB0240718
CHEBI:133730,HMDB0304380
CHEBI:133734,HMDB0010403
CHEBI:133740,HMDB0304903
CHEBI:133741,HMDB0031020
CHEBI:133745,HMDB0006738
CHEBI:133747,HMDB0029159
CHEBI:133756,HMDB0030857
CHEBI:133758,HMDB0033768
CHEBI:133760,HMDB0033929
CHEBI:133763,HMDB0033649
CHEBI:133794,HMDB0060092
CHEBI:133809,HMDB0015257
CHEBI:133814,HMDB0030852
CHEBI:133815,HMDB0030856
CHEBI:133817,HMDB0041884
CHEBI:133825,HMDB0033866
CHEBI:133833,HMDB0248997
CHEBI:133897,HMDB0254519
CHEBI:133907,HMDB0012974
CHEBI:133920,HMDB0255150
CHEBI:133921,HMDB0029437
CHEBI:133940,HMDB0242165
CHEBI:133979,HMDB0260528
CHEBI:133981,HMDB0302376
CHEBI:133983,HMDB0001068
CHEBI:134011,HMDB0033607
CHEBI:134012,HMDB0033606
CHEBI:134013,HMDB0033605
CHEBI:134013,HMDB0030233
CHEBI:134014,HMDB0033604
CHEBI:134021,HMDB0062336
CHEBI:134027,HMDB0031129
CHEBI:134044,HMDB0244218
CHEBI:134073,HMDB0012088
CHEBI:134075,HMDB0007937
CHEBI:134076,HMDB0008033
CHEBI:134077,HMDB0008841
CHEBI:134078,HMDB0008932
CHEBI:134080,HMDB0060540
CHEBI:134092,HMDB0032683
CHEBI:134104,HMDB0000542
CHEBI:134180,HMDB0254034
CHEBI:134190,HMDB0034780
CHEBI:134216,HMDB0000865
CHEBI:134227,HMDB0009220
CHEBI:134228,HMDB0009481
CHEBI:134229,HMDB0009483
CHEBI:134231,HMDB0008262
CHEBI:134232,HMDB0008907
CHEBI:134254,HMDB0029191
CHEBI:134255,HMDB0041691
CHEBI:134256,HMDB0013244
CHEBI:134261,HMDB0002141
CHEBI:134267,HMDB0246058
CHEBI:134281,HMDB0034448
CHEBI:134342,HMDB0041284
CHEBI:134345,HMDB0036624
CHEBI:134353,HMDB0036623
CHEBI:134354,HMDB0037378
CHEBI:134355,HMDB0034054
CHEBI:134407,HMDB0013040
CHEBI:134423,HMDB0006321
CHEBI:134424,HMDB0006496
CHEBI:134432,HMDB0040042
CHEBI:134433,HMDB0040028
CHEBI:134434,HMDB0040048
CHEBI:134453,HMDB0012508
CHEBI:134454,HMDB0010705
CHEBI:134458,HMDB0304310
CHEBI:134470,HMDB0006486
CHEBI:134474,HMDB0035572
CHEBI:134475,HMDB0035573
CHEBI:134479,HMDB0035159
CHEBI:134485,HMDB0037822
CHEBI:134520,HMDB0060094
CHEBI:134548,HMDB0004957
CHEBI:134576,HMDB0007868
CHEBI:134583,HMDB0007935
CHEBI:134609,HMDB0255200
CHEBI:134614,HMDB0254635
CHEBI:134689,HMDB0257361
CHEBI:134722,HMDB0252176
CHEBI:134817,HMDB0041930
CHEBI:134964,HMDB0250914
CHEBI:135029,HMDB0060974
CHEBI:135076,HMDB0258262
CHEBI:135127,HMDB0256549
CHEBI:135207,HMDB0015585
CHEBI:135209,HMDB0015453
CHEBI:135398,HMDB0015658
CHEBI:135445,HMDB0003033
CHEBI:135456,HMDB0004631
CHEBI:135538,HMDB0256846
CHEBI:135595,HMDB0252197
CHEBI:135632,HMDB0249575
CHEBI:135644,HMDB0042015
CHEBI:135654,HMDB0041907
CHEBI:135732,HMDB0042013
CHEBI:135868,HMDB0041851
CHEBI:136139,HMDB0008892
CHEBI:136185,HMDB0259331
CHEBI:136270,HMDB0029427
CHEBI:136272,HMDB0240617
CHEBI:136275,HMDB0240621
CHEBI:136346,HMDB0103895
CHEBI:136372,HMDB0006351
CHEBI:136406,HMDB0061662
CHEBI:136461,HMDB0240362
CHEBI:136486,HMDB0000981
CHEBI:136492,HMDB0032855
CHEBI:136531,HMDB0246143
CHEBI:136532,HMDB0247423
CHEBI:136538,HMDB0251726
CHEBI:136552,HMDB0038846
CHEBI:136553,HMDB0037945
CHEBI:136561,HMDB0037846
CHEBI:136609,HMDB0005788
CHEBI:136611,HMDB0038829
CHEBI:136612,HMDB0038830
CHEBI:136613,HMDB0302630
CHEBI:136614,HMDB0242185
CHEBI:136617,HMDB0037439
CHEBI:136621,HMDB0041771
CHEBI:136623,HMDB0013308
CHEBI:136629,HMDB0037840
CHEBI:136638,HMDB0061661
CHEBI:136657,HMDB0062277
CHEBI:136666,HMDB0252128
CHEBI:136676,HMDB0302514
CHEBI:136678,HMDB0303602
CHEBI:136694,HMDB0253047
CHEBI:1367,HMDB0246009
CHEBI:136720,HMDB0253046
CHEBI:136736,HMDB0253045
CHEBI:136773,HMDB0013472
CHEBI:136778,HMDB0301692
CHEBI:136780,HMDB0302889
CHEBI:136785,HMDB0303606
CHEBI:136805,HMDB0031459
CHEBI:136806,HMDB0132905
CHEBI:136814,HMDB0092900
CHEBI:136816,HMDB0013532
CHEBI:136818,HMDB0000747
CHEBI:136819,HMDB0112180
CHEBI:136826,HMDB0035002
CHEBI:136828,HMDB0038815
CHEBI:136917,HMDB0002087
CHEBI:136921,HMDB0031574
CHEBI:136932,HMDB0038463
CHEBI:136934,HMDB0039516
CHEBI:136941,HMDB0038632
CHEBI:136947,HMDB0038447
CHEBI:136957,HMDB0041805
CHEBI:136975,HMDB0012782
CHEBI:136989,HMDB0013659
CHEBI:136990,HMDB0013652
CHEBI:136992,HMDB0013630
CHEBI:136995,HMDB0041806
CHEBI:136996,HMDB0112109
CHEBI:13705,HMDB0304256
CHEBI:137054,HMDB0000559
CHEBI:137064,HMDB0252603
CHEBI:137082,HMDB0112105
CHEBI:137083,HMDB0112145
CHEBI:137084,HMDB0112108
CHEBI:137085,HMDB0112117
CHEBI:137086,HMDB0112139
CHEBI:137089,HMDB0112120
CHEBI:137091,HMDB0112133
CHEBI:137097,HMDB0112112
CHEBI:137102,HMDB0112134
CHEBI:137106,HMDB0112140
CHEBI:137118,HMDB0009050
CHEBI:137121,HMDB0008387
CHEBI:137172,HMDB0260527
CHEBI:1372,HMDB0001301
CHEBI:137230,HMDB0253125
CHEBI:137248,HMDB0007007
CHEBI:137268,HMDB0013246
CHEBI:137269,HMDB0010205
CHEBI:137271,HMDB0029432
CHEBI:137279,HMDB0007947
CHEBI:137284,HMDB0008326
CHEBI:137288,HMDB0008851
CHEBI:137292,HMDB0008951
CHEBI:137294,HMDB0008984
CHEBI:137301,HMDB0009051
CHEBI:137306,HMDB0009116
CHEBI:137310,HMDB0038456
CHEBI:137313,HMDB0009281
CHEBI:137314,HMDB0009282
CHEBI:137317,HMDB0009314
CHEBI:137318,HMDB0009610
CHEBI:137337,HMDB0252914
CHEBI:137345,HMDB0012567
CHEBI:137369,HMDB0245141
CHEBI:137370,HMDB0003247
CHEBI:137378,HMDB0245592
CHEBI:137426,HMDB0250943
CHEBI:137439,HMDB0006462
CHEBI:137478,HMDB0041679
CHEBI:137503,HMDB0029233
CHEBI:137517,HMDB0041666
CHEBI:137541,HMDB0094704
CHEBI:137593,HMDB0304510
CHEBI:137674,HMDB0029633
CHEBI:137683,HMDB0255176
CHEBI:137685,HMDB0252871
CHEBI:137728,HMDB0005775
CHEBI:137749,HMDB0062423
CHEBI:137937,HMDB0257062
CHEBI:137944,HMDB0031175
CHEBI:137995,HMDB0033736
CHEBI:138000,HMDB0243542
CHEBI:138000,HMDB0001934
CHEBI:138017,HMDB0248268
CHEBI:138017,HMDB0029820
CHEBI:138026,HMDB0006278
CHEBI:138036,HMDB0037545
CHEBI:138042,HMDB0036646
CHEBI:138047,HMDB0302926
CHEBI:138065,HMDB0037532
CHEBI:138125,HMDB0034885
CHEBI:138145,HMDB0008957
CHEBI:138170,HMDB0258580
CHEBI:138224,HMDB0302821
CHEBI:138244,HMDB0249673
CHEBI:138258,HMDB0061650
CHEBI:138314,HMDB0304264
CHEBI:138400,HMDB0246487
CHEBI:138435,HMDB0249253
CHEBI:138502,HMDB0251990
CHEBI:138560,HMDB0001235
CHEBI:138631,HMDB0031039
CHEBI:138644,HMDB0247376
CHEBI:138645,HMDB0004038
CHEBI:138655,HMDB0003689
CHEBI:1387,HMDB0000318
CHEBI:138738,HMDB0252414
CHEBI:138750,HMDB0037011
CHEBI:138751,HMDB0038978
CHEBI:138754,HMDB0037829
CHEBI:138757,HMDB0037604
CHEBI:138758,HMDB0040615
CHEBI:138759,HMDB0030916
CHEBI:138760,HMDB0038200
CHEBI:138761,HMDB0037244
CHEBI:138762,HMDB0034721
CHEBI:138764,HMDB0015589
CHEBI:138764,HMDB0029443
CHEBI:138766,HMDB0041250
CHEBI:138767,HMDB0040373
CHEBI:138769,HMDB0035131
CHEBI:138771,HMDB0037064
CHEBI:138772,HMDB0037631
CHEBI:138773,HMDB0032796
CHEBI:138774,HMDB0032889
CHEBI:138775,HMDB0032090
CHEBI:138776,HMDB0033917
CHEBI:138777,HMDB0033326
CHEBI:138779,HMDB0033630
CHEBI:138781,HMDB0031098
CHEBI:138783,HMDB0032664
CHEBI:138784,HMDB0033505
CHEBI:138787,HMDB0037592
CHEBI:138788,HMDB0038580
CHEBI:138790,HMDB0038663
CHEBI:138796,HMDB0031935
CHEBI:138797,HMDB0037527
CHEBI:138800,HMDB0038441
CHEBI:138825,HMDB0255044
CHEBI:138856,HMDB0255996
CHEBI:138898,HMDB0014878
CHEBI:1391,HMDB0041931
CHEBI:1391,HMDB0254382
CHEBI:139105,HMDB0011114
CHEBI:139140,HMDB0004970
CHEBI:139162,HMDB0301749
CHEBI:139272,HMDB0000531
CHEBI:139312,HMDB0012109
CHEBI:139343,HMDB0256072
CHEBI:139354,HMDB0255013
CHEBI:139380,HMDB0039475
CHEBI:139388,HMDB0004328
CHEBI:139406,HMDB0037083
CHEBI:139410,HMDB0037574
CHEBI:139413,HMDB0114943
CHEBI:139414,HMDB0037534
CHEBI:139417,HMDB0037746
CHEBI:139419,HMDB0000399
CHEBI:139419,HMDB0001076
CHEBI:139421,HMDB0040969
CHEBI:139427,HMDB0039963
CHEBI:139431,HMDB0303755
CHEBI:139454,HMDB0253708
CHEBI:139455,HMDB0253666
CHEBI:139463,HMDB0029488
CHEBI:139467,HMDB0033571
CHEBI:139467,HMDB0035895
CHEBI:139474,HMDB0247894
CHEBI:139534,HMDB0012558
CHEBI:139535,HMDB0012556
CHEBI:139557,HMDB0248455
CHEBI:139743,HMDB0029956
CHEBI:140184,HMDB0246457
CHEBI:140296,HMDB0042005
CHEBI:140408,HMDB0245180
CHEBI:140421,HMDB0249167
CHEBI:140422,HMDB0257366
CHEBI:140429,HMDB0255136
CHEBI:140459,HMDB0014706
CHEBI:140464,HMDB0247297
CHEBI:140465,HMDB0248373
CHEBI:140516,HMDB0033557
CHEBI:140564,HMDB0030644
CHEBI:140621,HMDB0240286
CHEBI:140628,HMDB0258202
CHEBI:140674,HMDB0255083
CHEBI:140723,HMDB0006512
CHEBI:140730,HMDB0240785
CHEBI:140731,HMDB0240866
CHEBI:140732,HMDB0241051
CHEBI:140762,HMDB0030398
CHEBI:140763,HMDB0035435
CHEBI:140766,HMDB0034621
CHEBI:140767,HMDB0034862
CHEBI:140849,HMDB0039954
CHEBI:14086,HMDB0006876
CHEBI:140908,HMDB0252638
CHEBI:140936,HMDB0257511
CHEBI:140999,HMDB0001262
CHEBI:141063,HMDB0254836
CHEBI:141132,HMDB0029270
CHEBI:141137,HMDB0302496
CHEBI:141146,HMDB0015652
CHEBI:141154,HMDB0257302
CHEBI:141155,HMDB0251409
CHEBI:141184,HMDB0031718
CHEBI:141205,HMDB0030952
CHEBI:141209,HMDB0040212
CHEBI:141213,HMDB0253710
CHEBI:141217,HMDB0059853
CHEBI:141221,HMDB0302816
CHEBI:141222,HMDB0302253
CHEBI:141319,HMDB0039221
CHEBI:141335,HMDB0030765
CHEBI:141343,HMDB0245720
CHEBI:141393,HMDB0029049
CHEBI:141397,HMDB0302733
CHEBI:141419,HMDB0028717
CHEBI:141421,HMDB0028734
CHEBI:141428,HMDB0028792
CHEBI:141429,HMDB0028801
CHEBI:141430,HMDB0028804
CHEBI:141431,HMDB0028808
CHEBI:141432,HMDB0028809
CHEBI:141433,HMDB0028810
CHEBI:141434,HMDB0015061
CHEBI:141435,HMDB0028817
CHEBI:141436,HMDB0028822
CHEBI:141437,HMDB0028888
CHEBI:141438,HMDB0028892
CHEBI:141443,HMDB0029000
CHEBI:141445,HMDB0029050
CHEBI:141446,HMDB0029064
CHEBI:141474,HMDB0014910
CHEBI:141477,HMDB0060627
CHEBI:141487,HMDB0258678
CHEBI:141520,HMDB0041908
CHEBI:141531,HMDB0037210
CHEBI:141534,HMDB0040670
CHEBI:141536,HMDB0039042
CHEBI:141537,HMDB0033034
CHEBI:141538,HMDB0032549
CHEBI:141542,HMDB0041568
CHEBI:141546,HMDB0032654
CHEBI:141547,HMDB0250992
CHEBI:141548,HMDB0034592
CHEBI:141550,HMDB0245092
CHEBI:141552,HMDB0015434
CHEBI:141560,HMDB0245401
CHEBI:141564,HMDB0258842
CHEBI:141565,HMDB0040587
CHEBI:141567,HMDB0033118
CHEBI:141568,HMDB0244541
CHEBI:141698,HMDB0000575
CHEBI:141700,HMDB0125538
CHEBI:141702,HMDB0032074
CHEBI:141990,HMDB0034988
CHEBI:142002,HMDB0034987
CHEBI:142003,HMDB0035042
CHEBI:142004,HMDB0035044
CHEBI:142005,HMDB0035049
CHEBI:142006,HMDB0035609
CHEBI:142023,HMDB0036890
CHEBI:142124,HMDB0040944
CHEBI:142230,HMDB0040314
CHEBI:142242,HMDB0033162
CHEBI:142243,HMDB0011127
CHEBI:142246,HMDB0041287
CHEBI:142247,HMDB0041463
CHEBI:142248,HMDB0037434
CHEBI:142249,HMDB0029528
CHEBI:142250,HMDB0247623
CHEBI:142252,HMDB0038599
CHEBI:142253,HMDB0029501
CHEBI:142254,HMDB0038483
CHEBI:142255,HMDB0039413
CHEBI:142262,HMDB0035405
CHEBI:142263,HMDB0041753
CHEBI:142265,HMDB0030141
CHEBI:142267,HMDB0034169
CHEBI:142268,HMDB0039500
CHEBI:142271,HMDB0009946
CHEBI:142272,HMDB0009967
CHEBI:142273,HMDB0032476
CHEBI:142275,HMDB0032871
CHEBI:142287,HMDB0245410
CHEBI:142290,HMDB0014406
CHEBI:142339,HMDB0060840
CHEBI:142391,HMDB0252705
CHEBI:142430,HMDB0259948
CHEBI:142432,HMDB0304849
CHEBI:142433,HMDB0250257
CHEBI:142435,HMDB0248891
CHEBI:142447,HMDB0244776
CHEBI:142468,HMDB0244069
CHEBI:142468,HMDB0015656
CHEBI:142497,HMDB0032296
CHEBI:142525,HMDB0006471
CHEBI:142546,HMDB0259951
CHEBI:142577,HMDB0030776
CHEBI:142591,HMDB0030958
CHEBI:142603,HMDB0040581
CHEBI:142604,HMDB0041498
CHEBI:142616,HMDB0302352
CHEBI:142657,HMDB0254606
CHEBI:142682,HMDB0255903
CHEBI:142685,HMDB0005876
CHEBI:1427,HMDB0000375
CHEBI:142700,HMDB0008640
CHEBI:142701,HMDB0008270
CHEBI:14272,HMDB0252367
CHEBI:142773,HMDB0304837
CHEBI:142851,HMDB0252799
CHEBI:142891,HMDB0002832
CHEBI:142921,HMDB0245299
CHEBI:142993,HMDB0245822
CHEBI:143006,HMDB0000670
CHEBI:143014,HMDB0254802
CHEBI:143032,HMDB0038153
CHEBI:143033,HMDB0032258
CHEBI:143035,HMDB0033483
CHEBI:143036,HMDB0040690
CHEBI:143038,HMDB0034313
CHEBI:143040,HMDB0038847
CHEBI:143041,HMDB0036550
CHEBI:143042,HMDB0041202
CHEBI:143043,HMDB0038826
CHEBI:143044,HMDB0039861
CHEBI:143048,HMDB0242577
CHEBI:143053,HMDB0038390
CHEBI:143054,HMDB0040756
CHEBI:143055,HMDB0039945
CHEBI:143056,HMDB0030974
CHEBI:143057,HMDB0031869
CHEBI:143059,HMDB0032121
CHEBI:143060,HMDB0302024
CHEBI:143063,HMDB0032002
CHEBI:143064,HMDB0036054
CHEBI:143065,HMDB0036540
CHEBI:143066,HMDB0039396
CHEBI:143078,HMDB0030397
CHEBI:143095,HMDB0037396
CHEBI:143107,HMDB0061919
CHEBI:143155,HMDB0250362
CHEBI:143170,HMDB0245356
CHEBI:143180,HMDB0001296
CHEBI:143236,HMDB0036095
CHEBI:143237,HMDB0041646
CHEBI:143243,HMDB0000656
CHEBI:143246,HMDB0031670
CHEBI:143247,HMDB0037848
CHEBI:143248,HMDB0037842
CHEBI:143249,HMDB0033598
CHEBI:143251,HMDB0005766
CHEBI:143265,HMDB0247418
CHEBI:143266,HMDB0251354
CHEBI:143290,HMDB0060944
CHEBI:143296,HMDB0014024
CHEBI:143302,HMDB0014025
CHEBI:143310,HMDB0250054
CHEBI:143311,HMDB0061168
CHEBI:143340,HMDB0257407
CHEBI:143353,HMDB0246131
CHEBI:14336,HMDB0252849
CHEBI:14336,HMDB0000126
CHEBI:143439,HMDB0251222
CHEBI:143449,HMDB0246237
CHEBI:143452,HMDB0246238
CHEBI:143453,HMDB0246665
CHEBI:143459,HMDB0249591
CHEBI:143460,HMDB0061035
CHEBI:143510,HMDB0259293
CHEBI:143543,HMDB0253456
CHEBI:143565,HMDB0243557
CHEBI:143575,HMDB0302454
CHEBI:143724,HMDB0250160
CHEBI:143782,HMDB0015696
CHEBI:1438,HMDB0001527
CHEBI:143848,HMDB0245932
CHEBI:143868,HMDB0037298
CHEBI:143869,HMDB0033032
CHEBI:143870,HMDB0037683
CHEBI:143871,HMDB0041191
CHEBI:143912,HMDB0033827
CHEBI:143995,HMDB0062365
CHEBI:144042,HMDB0244228
CHEBI:144050,HMDB0031547
CHEBI:144068,HMDB0304028
CHEBI:144093,HMDB0015260
CHEBI:144308,HMDB0000819
CHEBI:144330,HMDB0000522
CHEBI:144332,HMDB0242694
CHEBI:144365,HMDB0004063
CHEBI:144421,HMDB0303461
CHEBI:144646,HMDB0004817
CHEBI:14469,HMDB0254595
CHEBI:144702,HMDB0029044
CHEBI:144705,HMDB0038557
CHEBI:144835,HMDB0011681
CHEBI:144860,HMDB0303876
CHEBI:144861,HMDB0257186
CHEBI:144943,HMDB0244707
CHEBI:144984,HMDB0255777
CHEBI:145012,HMDB0034950
CHEBI:145030,HMDB0036707
CHEBI:145207,HMDB0012555
CHEBI:145208,HMDB0012560
CHEBI:145209,HMDB0011658
CHEBI:145211,HMDB0014018
CHEBI:145212,HMDB0006721
CHEBI:145219,HMDB0002082
CHEBI:145222,HMDB0013968
CHEBI:145223,HMDB0010319
CHEBI:145233,HMDB0032931
CHEBI:145234,HMDB0240732
CHEBI:145236,HMDB0031861
CHEBI:145239,HMDB0304557
CHEBI:145276,HMDB0001184
CHEBI:145301,HMDB0303022
CHEBI:145349,HMDB0304503
CHEBI:145352,HMDB0031604
CHEBI:145371,HMDB0304890
CHEBI:145372,HMDB0252717
CHEBI:145373,HMDB0256360
CHEBI:145374,HMDB0251786
CHEBI:145431,HMDB0253462
CHEBI:145593,HMDB0006575
CHEBI:145637,HMDB0011677
CHEBI:145662,HMDB0041986
CHEBI:145670,HMDB0302794
CHEBI:145715,HMDB0302313
CHEBI:145716,HMDB0032568
CHEBI:145737,HMDB0003162
CHEBI:145738,HMDB0035422
CHEBI:145740,HMDB0037217
CHEBI:145751,HMDB0028725
CHEBI:145761,HMDB0006005
CHEBI:145763,HMDB0000530
CHEBI:145806,HMDB0036087
CHEBI:145817,HMDB0302243
CHEBI:145829,HMDB0037505
CHEBI:145848,HMDB0009330
CHEBI:145860,HMDB0011350
CHEBI:145879,HMDB0010035
CHEBI:145892,HMDB0244606
CHEBI:145950,HMDB0033496
CHEBI:145958,HMDB0032386
CHEBI:145962,HMDB0002020
CHEBI:145963,HMDB0029176
CHEBI:145967,HMDB0038530
CHEBI:145969,HMDB0038524
CHEBI:145971,HMDB0002193
CHEBI:145994,HMDB0304869
CHEBI:146129,HMDB0029898
CHEBI:146176,HMDB0001920
CHEBI:146188,HMDB0015461
CHEBI:146206,HMDB0242113
CHEBI:1463,HMDB0006744
CHEBI:14648,HMDB0000229
CHEBI:1467,HMDB0012149
CHEBI:146727,HMDB0014869
CHEBI:146922,HMDB0039706
CHEBI:147138,HMDB0015005
CHEBI:147326,HMDB0302264
CHEBI:147331,HMDB0032624
CHEBI:147347,HMDB0259096
CHEBI:147411,HMDB0258758
CHEBI:147423,HMDB0251212
CHEBI:147436,HMDB0037131
CHEBI:14750,HMDB0031648
CHEBI:147675,HMDB0014394
CHEBI:149,HMDB0035825
CHEBI:149,HMDB0302262
CHEBI:149031,HMDB0001970
CHEBI:149226,HMDB0015405
CHEBI:149463,HMDB0031626
CHEBI:149468,HMDB0240687
CHEBI:149489,HMDB0246162
CHEBI:149492,HMDB0246849
CHEBI:149501,HMDB0012985
CHEBI:149579,HMDB0032443
CHEBI:149582,HMDB0254402
CHEBI:149584,HMDB0002354
CHEBI:149588,HMDB0240488
CHEBI:149590,HMDB0240437
CHEBI:149599,HMDB0041728
CHEBI:149601,HMDB0251991
CHEBI:149604,HMDB0304909
CHEBI:149607,HMDB0304906
CHEBI:149677,HMDB0041927
CHEBI:149696,HMDB0244284
CHEBI:149774,HMDB0031031
CHEBI:149782,HMDB0039960
CHEBI:149836,HMDB0014700
CHEBI:149869,HMDB0014970
CHEBI:150013,HMDB0036457
CHEBI:150028,HMDB0014841
CHEBI:15035,HMDB0001358
CHEBI:15035,HMDB0244342
CHEBI:15045,HMDB0059614
CHEBI:1506,HMDB0060371
CHEBI:150712,HMDB0002061
CHEBI:15076,HMDB0304483
CHEBI:151,HMDB0001874
CHEBI:151035,HMDB0031821
CHEBI:151129,HMDB0244208
CHEBI:15138,HMDB0000598
CHEBI:152,HMDB0302494
CHEBI:152031,HMDB0032354
CHEBI:15335,HMDB0035023
CHEBI:15343,HMDB0000990
CHEBI:15344,HMDB0000060
CHEBI:15345,HMDB0001484
CHEBI:15346,HMDB0001423
CHEBI:15347,HMDB0001659
CHEBI:15348,HMDB0060427
CHEBI:15349,HMDB0247913
CHEBI:15350,HMDB0001494
CHEBI:15351,HMDB0001206
CHEBI:15353,HMDB0030452
CHEBI:15354,HMDB0000097
CHEBI:15355,HMDB0000895
CHEBI:15356,HMDB0251515
CHEBI:15365,HMDB0001879
CHEBI:15366,HMDB0000042
CHEBI:15367,HMDB0001852
CHEBI:15368,HMDB0041822
CHEBI:15372,HMDB0257929
CHEBI:15373,HMDB0251210
CHEBI:15374,HMDB0002281
CHEBI:15374,HMDB0304198
CHEBI:15377,HMDB0002111
CHEBI:15378,HMDB0059597
CHEBI:15379,HMDB0001377
CHEBI:15380,HMDB0001022
CHEBI:15382,HMDB0003375
CHEBI:15382,HMDB0004321
CHEBI:15383,HMDB0004321
CHEBI:15384,HMDB0032473
CHEBI:15385,HMDB0035084
CHEBI:15387,HMDB0302768
CHEBI:15388,HMDB0059608
CHEBI:15389,HMDB0003450
CHEBI:15393,HMDB0035818
CHEBI:15394,HMDB0034976
CHEBI:15396,HMDB0059838
CHEBI:15399,HMDB0004487
CHEBI:154,HMDB0302236
CHEBI:15400,HMDB0035089
CHEBI:15401,HMDB0030847
CHEBI:15402,HMDB0035763
CHEBI:15403,HMDB0301817
CHEBI:15405,HMDB0303866
CHEBI:15405,HMDB0034932
CHEBI:15407,HMDB0015451
CHEBI:15409,HMDB0003352
CHEBI:15410,HMDB0035162
CHEBI:15411,HMDB0032368
CHEBI:15412,HMDB0001005
CHEBI:15413,HMDB0029631
CHEBI:15414,HMDB0001185
CHEBI:15417,HMDB0302664
CHEBI:15420,HMDB0003634
CHEBI:15421,HMDB0003647
CHEBI:15422,HMDB0000538
CHEBI:15428,HMDB0000123
CHEBI:15429,HMDB0003338
CHEBI:1543,HMDB0013940
CHEBI:15430,HMDB0000241
CHEBI:15435,HMDB0001097
CHEBI:15436,HMDB0000916
CHEBI:15437,HMDB0001086
CHEBI:154383,HMDB0006625
CHEBI:15439,HMDB0001261
CHEBI:15440,HMDB0000256
CHEBI:15441,HMDB0001188
CHEBI:15441,HMDB0059621
CHEBI:15442,HMDB0001278
CHEBI:15449,HMDB0001356
CHEBI:15452,HMDB0001166
CHEBI:15453,HMDB0303997
CHEBI:15454,HMDB0001021
CHEBI:154547,HMDB0015026
CHEBI:15465,HMDB0002255
CHEBI:15466,HMDB0001269
CHEBI:15466,HMDB0002310
CHEBI:15467,HMDB0001375
CHEBI:15468,HMDB0001373
CHEBI:1547,HMDB0000732
CHEBI:15471,HMDB0304089
CHEBI:15473,HMDB0002009
CHEBI:15475,HMDB0001295
CHEBI:15476,HMDB0001157
CHEBI:15477,HMDB0001041
CHEBI:15478,HMDB0002054
CHEBI:15479,HMDB0001243
CHEBI:15483,HMDB0060372
CHEBI:15485,HMDB0012155
CHEBI:15486,HMDB0001493
CHEBI:15487,HMDB0001113
CHEBI:15488,HMDB0001057
CHEBI:15490,HMDB0060378
CHEBI:15491,HMDB0006402
CHEBI:15492,HMDB0012158
CHEBI:15493,HMDB0002178
CHEBI:15497,HMDB0001290
CHEBI:15499,HMDB0304822
CHEBI:155,HMDB0303216
CHEBI:15500,HMDB0060140
CHEBI:15500,HMDB0006467
CHEBI:15504,HMDB0304466
CHEBI:15505,HMDB0012179
CHEBI:15507,HMDB0006805
CHEBI:15508,HMDB0006368
CHEBI:15512,HMDB0012248
CHEBI:15513,HMDB0002307
CHEBI:15514,HMDB0006523
CHEBI:15515,HMDB0002252
CHEBI:15517,HMDB0304279
CHEBI:15517,HMDB0001088
CHEBI:15519,HMDB0001374
CHEBI:15520,HMDB0012207
CHEBI:15521,HMDB0003571
CHEBI:15522,HMDB0003419
CHEBI:15524,HMDB0001339
CHEBI:15525,HMDB0001338
CHEBI:15527,HMDB0004258
CHEBI:15528,HMDB0003377
CHEBI:15529,HMDB0002346
CHEBI:15530,HMDB0001064
CHEBI:15531,HMDB0001175
CHEBI:15532,HMDB0001521
CHEBI:15533,HMDB0001070
CHEBI:15534,HMDB0001322
CHEBI:15536,HMDB0013037
CHEBI:15537,HMDB0006503
CHEBI:15538,HMDB0001359
CHEBI:15539,HMDB0001275
CHEBI:15541,HMDB0001114
CHEBI:15544,HMDB0001442
CHEBI:15545,HMDB0002656
CHEBI:15546,HMDB0060104
CHEBI:155467,HMDB0005076
CHEBI:15547,HMDB0003175
CHEBI:15548,HMDB0001320
CHEBI:15550,HMDB0012481
CHEBI:15550,HMDB0002776
CHEBI:15551,HMDB0001220
CHEBI:15552,HMDB0001335
CHEBI:15553,HMDB0001139
CHEBI:15554,HMDB0001381
CHEBI:15555,HMDB0001403
CHEBI:15557,HMDB0062297
CHEBI:15558,HMDB0003876
CHEBI:15559,HMDB0010210
CHEBI:15560,HMDB0301804
CHEBI:155605,HMDB0013911
CHEBI:15570,HMDB0001310
CHEBI:15571,HMDB0012973
CHEBI:15573,HMDB0011747
CHEBI:15578,HMDB0030024
CHEBI:155838,HMDB0252887
CHEBI:15584,HMDB0000426
CHEBI:15600,HMDB0002780
CHEBI:15603,HMDB0000687
CHEBI:156047,HMDB0028816
CHEBI:15607,HMDB0006471
CHEBI:156070,HMDB0303178
CHEBI:156072,HMDB0031761
CHEBI:156074,HMDB0033967
CHEBI:156095,HMDB0015653
CHEBI:15610,HMDB0039484
CHEBI:15611,HMDB0000271
CHEBI:156112,HMDB0246461
CHEBI:15613,HMDB0012114
CHEBI:15614,HMDB0000491
CHEBI:156142,HMDB0036149
CHEBI:156149,HMDB0002277
CHEBI:156151,HMDB0036072
CHEBI:156153,HMDB0000969
CHEBI:15616,HMDB0012115
CHEBI:156160,HMDB0036053
CHEBI:156167,HMDB0037562
CHEBI:156184,HMDB0029776
CHEBI:156188,HMDB0035480
CHEBI:15620,HMDB0041945
CHEBI:156202,HMDB0038493
CHEBI:15621,HMDB0003767
CHEBI:15622,HMDB0006511
CHEBI:15622,HMDB0005971
CHEBI:156226,HMDB0303088
CHEBI:156233,HMDB0033946
CHEBI:156236,HMDB0303722
CHEBI:15625,HMDB0000988
CHEBI:156259,HMDB0244843
CHEBI:15626,HMDB0004243
CHEBI:15627,HMDB0001452
CHEBI:156271,HMDB0301673
CHEBI:156272,HMDB0006603
CHEBI:156274,HMDB0033368
CHEBI:15628,HMDB0004244
CHEBI:156284,HMDB0041598
CHEBI:15631,HMDB0004688
CHEBI:15632,HMDB0001193
CHEBI:15633,HMDB0001056
CHEBI:15634,HMDB0006485
CHEBI:15636,HMDB0001354
CHEBI:15636,HMDB0001533
CHEBI:15637,HMDB0000972
CHEBI:15638,HMDB0001354
CHEBI:15639,HMDB0001534
CHEBI:15641,HMDB0001396
CHEBI:15642,HMDB0002281
CHEBI:156450,HMDB0034228
CHEBI:15646,HMDB0001509
CHEBI:15647,HMDB0002995
CHEBI:15647,HMDB0001085
CHEBI:156485,HMDB0244164
CHEBI:15649,HMDB0034105
CHEBI:156492,HMDB0033619
CHEBI:15650,HMDB0002200
CHEBI:15651,HMDB0001337
CHEBI:15652,HMDB0001554
CHEBI:15655,HMDB0003871
CHEBI:15657,HMDB0062281
CHEBI:15662,HMDB0303094
CHEBI:15667,HMDB0304004
CHEBI:15670,HMDB0000620
CHEBI:15671,HMDB0000956
CHEBI:15672,HMDB0029878
CHEBI:15674,HMDB0062642
CHEBI:15676,HMDB0000462
CHEBI:15682,HMDB0000052
CHEBI:15684,HMDB0012141
CHEBI:15686,HMDB0303161
CHEBI:15688,HMDB0003243
CHEBI:15694,HMDB0001066
CHEBI:15698,HMDB0000014
CHEBI:15699,HMDB0000719
CHEBI:15700,HMDB0001328
CHEBI:15702,HMDB0002428
CHEBI:15709,HMDB0029457
CHEBI:15710,HMDB0001252
CHEBI:15711,HMDB0031182
CHEBI:15713,HMDB0000285
CHEBI:15714,HMDB0032616
CHEBI:15717,HMDB0304207
CHEBI:157175,HMDB0014610
CHEBI:157186,HMDB0015494
CHEBI:15721,HMDB0001068
CHEBI:15723,HMDB0302910
CHEBI:15724,HMDB0000925
CHEBI:15725,HMDB0000002
CHEBI:15727,HMDB0000033
CHEBI:15728,HMDB0003464
CHEBI:15729,HMDB0000214
CHEBI:15732,HMDB0004110
CHEBI:15733,HMDB0255185
CHEBI:15737,HMDB0012265
CHEBI:15739,HMDB0253679
CHEBI:15740,HMDB0304356
CHEBI:15741,HMDB0000254
CHEBI:15743,HMDB0003543
CHEBI:15745,HMDB0001280
CHEBI:15745,HMDB0001241
CHEBI:15746,HMDB0001256
CHEBI:15750,HMDB0001513
CHEBI:15751,HMDB0006557
CHEBI:15751,HMDB0065570
CHEBI:157527,HMDB0013939
CHEBI:15753,HMDB0000225
CHEBI:15754,HMDB0006790
CHEBI:15754,HMDB0304157
CHEBI:15756,HMDB0000220
CHEBI:15758,HMDB0303660
CHEBI:1576,HMDB0001490
CHEBI:15760,HMDB0000306
CHEBI:15761,HMDB0240545
CHEBI:15763,HMDB0001132
CHEBI:15765,HMDB0000181
CHEBI:15767,HMDB0031548
CHEBI:15768,HMDB0003474
CHEBI:15769,HMDB0001117
CHEBI:157716,HMDB0030549
CHEBI:157719,HMDB0033018
CHEBI:15772,HMDB0001430
CHEBI:157724,HMDB0030766
CHEBI:157726,HMDB0033486
CHEBI:15773,HMDB0031404
CHEBI:157735,HMDB0038839
CHEBI:15774,HMDB0006354
CHEBI:15776,HMDB0060450
CHEBI:157780,HMDB0029418
CHEBI:157784,HMDB0042011
CHEBI:157786,HMDB0036479
CHEBI:157787,HMDB0028684
CHEBI:157790,HMDB0028704
CHEBI:157791,HMDB0028706
CHEBI:15781,HMDB0029422
CHEBI:157829,HMDB0028794
CHEBI:15783,HMDB0247696
CHEBI:15784,HMDB0001062
CHEBI:157840,HMDB0028806
CHEBI:157844,HMDB0028813
CHEBI:157853,HMDB0028879
CHEBI:15786,HMDB0001422
CHEBI:157869,HMDB0028946
CHEBI:157887,HMDB0029036
CHEBI:157889,HMDB0029056
CHEBI:157891,HMDB0029058
CHEBI:157893,HMDB0029066
CHEBI:1579,HMDB0302564
CHEBI:157905,HMDB0029124
CHEBI:15793,HMDB0001476
CHEBI:15794,HMDB0030773
CHEBI:15807,HMDB0012195
CHEBI:15811,HMDB0000272
CHEBI:15811,HMDB0001721
CHEBI:15812,HMDB0001054
CHEBI:158128,HMDB0012983
CHEBI:15815,HMDB0246466
CHEBI:15816,HMDB0003416
CHEBI:15819,HMDB0304433
CHEBI:1582,HMDB0000022
CHEBI:15820,HMDB0001163
CHEBI:15822,HMDB0010349
CHEBI:15825,HMDB0012157
CHEBI:15831,HMDB0252702
CHEBI:15833,HMDB0030030
CHEBI:15834,HMDB0301708
CHEBI:15835,HMDB0011750
CHEBI:15836,HMDB0012250
CHEBI:15837,HMDB0006007
CHEBI:15838,HMDB0060316
CHEBI:15842,HMDB0000218
CHEBI:15843,HMDB0001043
CHEBI:15844,HMDB0003848
CHEBI:15846,HMDB0000902
CHEBI:15852,HMDB0003458
CHEBI:15854,HMDB0014611
CHEBI:15858,HMDB0002500
CHEBI:15858,HMDB0002496
CHEBI:15859,HMDB0000828
CHEBI:15862,HMDB0013231
CHEBI:15864,HMDB0005800
CHEBI:15867,HMDB0011676
CHEBI:15870,HMDB0304272
CHEBI:15873,HMDB0001254
CHEBI:15882,HMDB0000228
CHEBI:15883,HMDB0001340
CHEBI:15887,HMDB0003355
CHEBI:15888,HMDB0061881
CHEBI:15889,HMDB0060512
CHEBI:15890,HMDB0003701
CHEBI:15891,HMDB0000251
CHEBI:15894,HMDB0060356
CHEBI:15895,HMDB0002541
CHEBI:15899,HMDB0001090
CHEBI:15901,HMDB0000076
CHEBI:15903,HMDB0000122
CHEBI:15903,HMDB0000516
CHEBI:15905,HMDB0001016
CHEBI:15907,HMDB0256489
CHEBI:15908,HMDB0000943
CHEBI:15914,HMDB0244991
CHEBI:15916,HMDB0031950
CHEBI:15918,HMDB0001202
CHEBI:15919,HMDB0059653
CHEBI:15925,HMDB0001376
CHEBI:15927,HMDB0000855
CHEBI:15929,HMDB0036583
CHEBI:15930,HMDB0041830
CHEBI:15932,HMDB0030843
CHEBI:15933,HMDB0012301
CHEBI:15934,HMDB0011106
CHEBI:15937,HMDB0301709
CHEBI:15939,HMDB0029843
CHEBI:15940,HMDB0001488
CHEBI:15946,HMDB0000124
CHEBI:15947,HMDB0001104
CHEBI:15948,HMDB0003000
CHEBI:15949,HMDB0060473
CHEBI:15951,HMDB0033798
CHEBI:15956,HMDB0000030
CHEBI:15961,HMDB0003484
CHEBI:15963,HMDB0000508
CHEBI:15964,HMDB0031340
CHEBI:15966,HMDB0003339
CHEBI:15968,HMDB0013222
CHEBI:15971,HMDB0000177
CHEBI:15975,HMDB0031449
CHEBI:15976,HMDB0304393
CHEBI:15977,HMDB0245089
CHEBI:15978,HMDB0000126
CHEBI:15982,HMDB0003429
CHEBI:15994,HMDB0000899
CHEBI:15996,HMDB0001273
CHEBI:15997,HMDB0034198
CHEBI:15999,HMDB0000707
CHEBI:16000,HMDB0000149
CHEBI:16001,HMDB0001270
CHEBI:16002,HMDB0000663
CHEBI:16002,HMDB0029881
CHEBI:16007,HMDB0003227
CHEBI:16008,HMDB0034170
CHEBI:16011,HMDB0031231
CHEBI:160129,HMDB0247292
CHEBI:16015,HMDB0000148
CHEBI:16016,HMDB0001882
CHEBI:16017,HMDB0034273
CHEBI:16019,HMDB0030124
CHEBI:1602,HMDB0029522
CHEBI:16020,HMDB0003331
CHEBI:160246,HMDB0015493
CHEBI:16026,HMDB0001370
CHEBI:16027,HMDB0000045
CHEBI:16031,HMDB0029739
CHEBI:16032,HMDB0000031
CHEBI:16034,HMDB0003705
CHEBI:16035,HMDB0033928
CHEBI:16037,HMDB0245265
CHEBI:16039,HMDB0000189
CHEBI:16040,HMDB0000630
CHEBI:160401,HMDB0014427
CHEBI:16048,HMDB0001142
CHEBI:16052,HMDB0256839
CHEBI:16055,HMDB0000849
CHEBI:16057,HMDB0001120
CHEBI:1606,HMDB0002820
CHEBI:16063,HMDB0304700
CHEBI:16066,HMDB0002152
CHEBI:16067,HMDB0004527
CHEBI:16068,HMDB0059651
CHEBI:16069,HMDB0001525
CHEBI:16070,HMDB0002712
CHEBI:16072,HMDB0254312
CHEBI:16074,HMDB0059604
CHEBI:16076,HMDB0000920
CHEBI:16077,HMDB0001586
CHEBI:16080,HMDB0061877
CHEBI:16082,HMDB0001013
CHEBI:16082,HMDB0001018
CHEBI:16084,HMDB0003971
CHEBI:16085,HMDB0012302
CHEBI:16087,HMDB0304324
CHEBI:16091,HMDB0005176
CHEBI:16092,HMDB0034244
CHEBI:16094,HMDB0000257
CHEBI:16101,HMDB0059905
CHEBI:16104,HMDB0033752
CHEBI:16108,HMDB0001473
CHEBI:16112,HMDB0003164
CHEBI:16113,HMDB0000067
CHEBI:16114,HMDB0254403
CHEBI:16118,HMDB0003409
CHEBI:16119,HMDB0003070
CHEBI:16122,HMDB0059636
CHEBI:16125,HMDB0003424
CHEBI:16126,HMDB0060071
CHEBI:16128,HMDB0001399
CHEBI:16130,HMDB0032127
CHEBI:16132,HMDB0001031
CHEBI:16133,HMDB0302463
CHEBI:16134,HMDB0033934
CHEBI:16134,HMDB0000051
CHEBI:16135,HMDB0001873
CHEBI:16136,HMDB0003276
CHEBI:16137,HMDB0000629
CHEBI:16142,HMDB0006334
CHEBI:16148,HMDB0059830
CHEBI:16150,HMDB0304270
CHEBI:16151,HMDB0036626
CHEBI:16153,HMDB0001542
CHEBI:16155,HMDB0001187
CHEBI:16163,HMDB0029415
CHEBI:16164,HMDB0013674
CHEBI:16165,HMDB0032331
CHEBI:16168,HMDB0002658
CHEBI:161680,HMDB0014499
CHEBI:16171,HMDB0000229
CHEBI:16174,HMDB0001508
CHEBI:16175,HMDB0000921
CHEBI:16176,HMDB0003374
CHEBI:16182,HMDB0031526
CHEBI:16183,HMDB0002714
CHEBI:16188,HMDB0001183
CHEBI:16189,HMDB0001448
CHEBI:16192,HMDB0001044
CHEBI:16196,HMDB0000207
CHEBI:16199,HMDB0000294
CHEBI:16204,HMDB0013675
CHEBI:16208,HMDB0001368
CHEBI:16217,HMDB0000150
CHEBI:16220,HMDB0013682
CHEBI:16223,HMDB0011625
CHEBI:16225,HMDB0001550
CHEBI:16226,HMDB0302538
CHEBI:16226,HMDB0035921
CHEBI:16227,HMDB0000926
CHEBI:16229,HMDB0001471
CHEBI:16231,HMDB0060460
CHEBI:16234,HMDB0001039
CHEBI:16235,HMDB0000132
CHEBI:16236,HMDB0000108
CHEBI:16238,HMDB0001248
CHEBI:16240,HMDB0003125
CHEBI:16241,HMDB0011734
CHEBI:16243,HMDB0005794
CHEBI:16244,HMDB0001161
CHEBI:16244,HMDB0006831
CHEBI:16252,HMDB0038510
CHEBI:16254,HMDB0060338
CHEBI:16255,HMDB0003431
CHEBI:16256,HMDB0001172
CHEBI:16259,HMDB0000512
CHEBI:16260,HMDB0245260
CHEBI:16261,HMDB0003404
CHEBI:16264,HMDB0000290
CHEBI:16265,HMDB0001259
CHEBI:16267,HMDB0030704
CHEBI:16268,HMDB0255646
CHEBI:16269,HMDB0001020
CHEBI:16271,HMDB0059610
CHEBI:16275,HMDB0001094
CHEBI:16279,HMDB0304505
CHEBI:16283,HMDB0000192
CHEBI:16284,HMDB0001532
CHEBI:16285,HMDB0000801
CHEBI:16286,HMDB0059643
CHEBI:16287,HMDB0013112
CHEBI:16290,HMDB0006842
CHEBI:16292,HMDB0302833
CHEBI:16294,HMDB0041833
CHEBI:16296,HMDB0013609
CHEBI:16298,HMDB0001530
CHEBI:16300,HMDB0001489
CHEBI:16301,HMDB0002786
CHEBI:16302,HMDB0006216
CHEBI:16303,HMDB0002006
CHEBI:16304,HMDB0006316
CHEBI:16310,HMDB0035915
CHEBI:16311,HMDB0000998
CHEBI:16312,HMDB0000400
CHEBI:16313,HMDB0003411
CHEBI:16315,HMDB0003563
CHEBI:16318,HMDB0002916
CHEBI:16319,HMDB0006488
CHEBI:16320,HMDB0002299
CHEBI:16322,HMDB0003529
CHEBI:16325,HMDB0000761
CHEBI:16327,HMDB0060350
CHEBI:16330,HMDB0002961
CHEBI:16332,HMDB0000868
CHEBI:16335,HMDB0000050
CHEBI:16336,HMDB0010366
CHEBI:16338,HMDB0062752
CHEBI:16343,HMDB0001065
CHEBI:16344,HMDB0000128
CHEBI:16345,HMDB0000996
CHEBI:16347,HMDB0000062
CHEBI:16348,HMDB0034259
CHEBI:16349,HMDB0000904
CHEBI:16352,HMDB0002234
CHEBI:16353,HMDB0029379
CHEBI:16354,HMDB0003646
CHEBI:16356,HMDB0001314
CHEBI:16359,HMDB0000619
CHEBI:16375,HMDB0003417
CHEBI:16377,HMDB0303503
CHEBI:16382,HMDB0012238
CHEBI:16384,HMDB0240477
CHEBI:16388,HMDB0000822
CHEBI:16390,HMDB0000391
CHEBI:16393,HMDB0000252
CHEBI:16394,HMDB0032609
CHEBI:16397,HMDB0001536
CHEBI:16398,HMDB0013775
CHEBI:16410,HMDB0001431
CHEBI:16411,HMDB0000197
CHEBI:16413,HMDB0245045
CHEBI:16414,HMDB0000883
CHEBI:16415,HMDB0003920
CHEBI:16418,HMDB0011653
CHEBI:164200,HMDB0061385
CHEBI:16422,HMDB0000053
CHEBI:16424,HMDB0006236
CHEBI:16425,HMDB0304026
CHEBI:16426,HMDB0012236
CHEBI:16427,HMDB0060169
CHEBI:16431,HMDB0035158
CHEBI:16433,HMDB0001964
CHEBI:16433,HMDB0003501
CHEBI:16436,HMDB0001413
CHEBI:16437,HMDB0032055
CHEBI:16440,HMDB0062660
CHEBI:16441,HMDB0033699
CHEBI:16444,HMDB0006833
CHEBI:16446,HMDB0001367
CHEBI:16449,HMDB0062251
CHEBI:16450,HMDB0000012
CHEBI:16455,HMDB0304161
CHEBI:16457,HMDB0251405
CHEBI:16459,HMDB0256275
CHEBI:16463,HMDB0060173
CHEBI:16464,HMDB0059709
CHEBI:16466,HMDB0003533
CHEBI:16467,HMDB0000517
CHEBI:16469,HMDB0000151
CHEBI:16471,HMDB0258591
CHEBI:16472,HMDB0034235
CHEBI:16473,HMDB0062779
CHEBI:16474,HMDB0000221
CHEBI:16475,HMDB0011654
CHEBI:16480,HMDB0003378
CHEBI:16482,HMDB0029751
CHEBI:16485,HMDB0000319
CHEBI:16486,HMDB0031407
CHEBI:16489,HMDB0254198
CHEBI:16493,HMDB0001213
CHEBI:16494,HMDB0251530
CHEBI:16495,HMDB0011606
CHEBI:16496,HMDB0001457
CHEBI:16497,HMDB0001440
CHEBI:16503,HMDB0011110
CHEBI:16508,HMDB0006331
CHEBI:16509,HMDB0003364
CHEBI:16513,HMDB0035227
CHEBI:16514,HMDB0030667
CHEBI:16517,HMDB0059921
CHEBI:165178,HMDB0032102
CHEBI:165179,HMDB0038949
CHEBI:165180,HMDB0031346
CHEBI:165181,HMDB0031667
CHEBI:165192,HMDB0037698
CHEBI:16521,HMDB0001251
CHEBI:165212,HMDB0257953
CHEBI:16522,HMDB0012204
CHEBI:165227,HMDB0029226
CHEBI:16523,HMDB0003406
CHEBI:165235,HMDB0000841
CHEBI:165236,HMDB0038486
CHEBI:16524,HMDB0062780
CHEBI:165243,HMDB0000768
CHEBI:165245,HMDB0029953
CHEBI:165246,HMDB0006598
CHEBI:16525,HMDB0000949
CHEBI:16525,HMDB0000951
CHEBI:16526,HMDB0001967
CHEBI:16530,HMDB0000019
CHEBI:165319,HMDB0013043
CHEBI:16533,HMDB0013318
CHEBI:165333,HMDB0013038
CHEBI:16534,HMDB0000565
CHEBI:165379,HMDB0033092
CHEBI:165392,HMDB0030443
CHEBI:16540,HMDB0013751
CHEBI:165406,HMDB0002207
CHEBI:16543,HMDB0003357
CHEBI:16545,HMDB0250981
CHEBI:16546,HMDB0302379
CHEBI:16547,HMDB0141782
CHEBI:16548,HMDB0059603
CHEBI:165499,HMDB0031688
CHEBI:165502,HMDB0033625
CHEBI:16551,HMDB0000975
CHEBI:16552,HMDB0001015
CHEBI:16554,HMDB0031506
CHEBI:16555,HMDB0031188
CHEBI:16556,HMDB0001176
CHEBI:16558,HMDB0259137
CHEBI:165601,HMDB0240665
CHEBI:16562,HMDB0010715
CHEBI:165623,HMDB0013125
CHEBI:165636,HMDB0032387
CHEBI:16566,HMDB0000269
CHEBI:16568,HMDB0060401
CHEBI:16572,HMDB0040177
CHEBI:16573,HMDB0249641
CHEBI:16576,HMDB0003459
CHEBI:16577,HMDB0000359
CHEBI:16578,HMDB0304166
CHEBI:16579,HMDB0033895
CHEBI:16580,HMDB0062723
CHEBI:16581,HMDB0000253
CHEBI:16582,HMDB0303019
CHEBI:16583,HMDB0003407
CHEBI:165835,HMDB0030388
CHEBI:165836,HMDB0001961
CHEBI:16584,HMDB0001347
CHEBI:165847,HMDB0039126
CHEBI:165852,HMDB0040694
CHEBI:165853,HMDB0000455
CHEBI:165859,HMDB0000600
CHEBI:16586,HMDB0001901
CHEBI:165868,HMDB0039111
CHEBI:16587,HMDB0030180
CHEBI:165894,HMDB0012267
CHEBI:165895,HMDB0013297
CHEBI:165896,HMDB0011687
CHEBI:16595,HMDB0001498
CHEBI:16598,HMDB0304759
CHEBI:16600,HMDB0000749
CHEBI:16602,HMDB0029593
CHEBI:166029,HMDB0015153
CHEBI:16603,HMDB0029710
CHEBI:16605,HMDB0031652
CHEBI:16607,HMDB0003929
CHEBI:16608,HMDB0006841
CHEBI:16610,HMDB0001257
CHEBI:16615,HMDB0001458
CHEBI:16618,HMDB0004249
CHEBI:16619,HMDB0004305
CHEBI:166238,HMDB0015590
CHEBI:16625,HMDB0001269
CHEBI:16628,HMDB0001522
CHEBI:16633,HMDB0003288
CHEBI:16634,HMDB0003213
CHEBI:16638,HMDB0006478
CHEBI:16643,HMDB0000696
CHEBI:16645,HMDB0001137
CHEBI:166452,HMDB0041280
CHEBI:166458,HMDB0032437
CHEBI:166465,HMDB0001474
CHEBI:166480,HMDB0032293
CHEBI:166482,HMDB0013225
CHEBI:166485,HMDB0013213
CHEBI:166496,HMDB0039606
CHEBI:1665,HMDB0001405
CHEBI:1665,HMDB0002332
CHEBI:166502,HMDB0001267
CHEBI:166504,HMDB0001004
CHEBI:166506,HMDB0013200
CHEBI:166517,HMDB0031682
CHEBI:166519,HMDB0040442
CHEBI:166521,HMDB0041410
CHEBI:166523,HMDB0037264
CHEBI:166528,HMDB0039982
CHEBI:166532,HMDB0030471
CHEBI:166537,HMDB0039585
CHEBI:166545,HMDB0038961
CHEBI:166546,HMDB0040821
CHEBI:166547,HMDB0040819
CHEBI:166550,HMDB0038338
CHEBI:166552,HMDB0030984
CHEBI:166554,HMDB0036047
CHEBI:166559,HMDB0038105
CHEBI:166566,HMDB0000389
CHEBI:166568,HMDB0002109
CHEBI:166579,HMDB0032996
CHEBI:166591,HMDB0034426
CHEBI:16660,HMDB0060318
CHEBI:16664,HMDB0014659
CHEBI:166659,HMDB0029496
CHEBI:16666,HMDB0012283
CHEBI:166661,HMDB0040137
CHEBI:166665,HMDB0038142
CHEBI:166667,HMDB0035726
CHEBI:166668,HMDB0037060
CHEBI:16667,HMDB0029757
CHEBI:166673,HMDB0034578
CHEBI:166679,HMDB0015386
CHEBI:16668,HMDB0000965
CHEBI:16673,HMDB0031148
CHEBI:166730,HMDB0242178
CHEBI:166739,HMDB0241922
CHEBI:16675,HMDB0000232
CHEBI:166778,HMDB0240590
CHEBI:16680,HMDB0000939
CHEBI:16682,HMDB0061880
CHEBI:166830,HMDB0011756
CHEBI:166835,HMDB0006560
CHEBI:16684,HMDB0014712
CHEBI:166883,HMDB0033774
CHEBI:16690,HMDB0060480
CHEBI:16691,HMDB0003581
CHEBI:16695,HMDB0000288
CHEBI:16697,HMDB0059601
CHEBI:16698,HMDB0250603
CHEBI:1670,HMDB0002031
CHEBI:1670,HMDB0304156
CHEBI:16700,HMDB0061755
CHEBI:16702,HMDB0001481
CHEBI:16704,HMDB0000296
CHEBI:16705,HMDB0060618
CHEBI:167067,HMDB0033565
CHEBI:16708,HMDB0000034
CHEBI:16709,HMDB0000239
CHEBI:167091,HMDB0036190
CHEBI:167099,HMDB0034413
CHEBI:16710,HMDB0304322
CHEBI:167111,HMDB0041373
CHEBI:16712,HMDB0060176
CHEBI:16713,HMDB0000704
CHEBI:16714,HMDB0004995
CHEBI:16716,HMDB0001505
CHEBI:16717,HMDB0006357
CHEBI:167172,HMDB0031446
CHEBI:16718,HMDB0003601
CHEBI:16719,HMDB0303902
CHEBI:16719,HMDB0059876
CHEBI:167215,HMDB0242152
CHEBI:167309,HMDB0014477
CHEBI:16731,HMDB0003441
CHEBI:16732,HMDB0001564
CHEBI:167328,HMDB0302613
CHEBI:167338,HMDB0034969
CHEBI:167343,HMDB0040397
CHEBI:167345,HMDB0303210
CHEBI:167347,HMDB0038118
CHEBI:167356,HMDB0033239
CHEBI:167367,HMDB0029563
CHEBI:167368,HMDB0303102
CHEBI:16737,HMDB0000562
CHEBI:16738,HMDB0004811
CHEBI:167397,HMDB0035146
CHEBI:167401,HMDB0035600
CHEBI:16742,HMDB0000226
CHEBI:167482,HMDB0252815
CHEBI:167489,HMDB0038575
CHEBI:16750,HMDB0000133
CHEBI:167506,HMDB0245405
CHEBI:16752,HMDB0059600
CHEBI:16753,HMDB0003426
CHEBI:16755,HMDB0000518
CHEBI:167561,HMDB0029369
CHEBI:16760,HMDB0254894
CHEBI:16761,HMDB0001341
CHEBI:167625,HMDB0251490
CHEBI:167626,HMDB0032477
CHEBI:167636,HMDB0248867
CHEBI:167644,HMDB0031580
CHEBI:16765,HMDB0000303
CHEBI:167652,HMDB0248784
CHEBI:16767,HMDB0246025
CHEBI:167693,HMDB0252956
CHEBI:16774,HMDB0059849
CHEBI:167775,HMDB0040614
CHEBI:16778,HMDB0037340
CHEBI:167781,HMDB0247352
CHEBI:16783,HMDB0001059
CHEBI:167837,HMDB0033874
CHEBI:16785,HMDB0251359
CHEBI:16786,HMDB0031620
CHEBI:16787,HMDB0003976
CHEBI:167870,HMDB0011663
CHEBI:167900,HMDB0256624
CHEBI:167915,HMDB0037028
CHEBI:167916,HMDB0033795
CHEBI:167920,HMDB0032622
CHEBI:167921,HMDB0033237
CHEBI:167922,HMDB0039723
CHEBI:167926,HMDB0041274
CHEBI:167927,HMDB0035136
CHEBI:167928,HMDB0033067
CHEBI:16793,HMDB0003625
CHEBI:167932,HMDB0032799
CHEBI:167933,HMDB0034060
CHEBI:167935,HMDB0038859
CHEBI:167937,HMDB0040462
CHEBI:167938,HMDB0040154
CHEBI:16794,HMDB0003573
CHEBI:167940,HMDB0034672
CHEBI:167941,HMDB0040621
CHEBI:167942,HMDB0031695
CHEBI:167945,HMDB0029938
CHEBI:167946,HMDB0034626
CHEBI:167947,HMDB0030293
CHEBI:167948,HMDB0030985
CHEBI:16795,HMDB0002184
CHEBI:167952,HMDB0041512
CHEBI:167953,HMDB0041337
CHEBI:167954,HMDB0037088
CHEBI:167955,HMDB0037844
CHEBI:167958,HMDB0041508
CHEBI:16796,HMDB0001389
CHEBI:167960,HMDB0041577
CHEBI:167962,HMDB0034519
CHEBI:167964,HMDB0029436
CHEBI:167969,HMDB0029651
CHEBI:16797,HMDB0000699
CHEBI:167973,HMDB0039214
CHEBI:167975,HMDB0031694
CHEBI:167976,HMDB0037108
CHEBI:167980,HMDB0041024
CHEBI:167984,HMDB0031367
CHEBI:167988,HMDB0033278
CHEBI:167989,HMDB0038502
CHEBI:167992,HMDB0036937
CHEBI:167995,HMDB0037823
CHEBI:167998,HMDB0039978
CHEBI:168,HMDB0036080
CHEBI:168001,HMDB0033650
CHEBI:168002,HMDB0033627
CHEBI:168004,HMDB0029647
CHEBI:168007,HMDB0031724
CHEBI:168009,HMDB0029773
CHEBI:168011,HMDB0243535
CHEBI:168015,HMDB0034539
CHEBI:168016,HMDB0037739
CHEBI:168021,HMDB0041175
CHEBI:168026,HMDB0038738
CHEBI:16803,HMDB0032388
CHEBI:168030,HMDB0041187
CHEBI:168031,HMDB0033965
CHEBI:168035,HMDB0035680
CHEBI:16804,HMDB0004087
CHEBI:168040,HMDB0035445
CHEBI:168041,HMDB0041026
CHEBI:168042,HMDB0038515
CHEBI:168043,HMDB0041636
CHEBI:168046,HMDB0033502
CHEBI:168049,HMDB0034618
CHEBI:16805,HMDB0006032
CHEBI:168053,HMDB0041513
CHEBI:168054,HMDB0031661
CHEBI:168055,HMDB0039030
CHEBI:168057,HMDB0041221
CHEBI:168058,HMDB0038262
CHEBI:168062,HMDB0030993
CHEBI:168063,HMDB0034518
CHEBI:168066,HMDB0034501
CHEBI:168068,HMDB0031954
CHEBI:16807,HMDB0001526
CHEBI:168075,HMDB0037262
CHEBI:168078,HMDB0035486
CHEBI:168082,HMDB0030294
CHEBI:168084,HMDB0034612
CHEBI:168088,HMDB0039102
CHEBI:168093,HMDB0039975
CHEBI:168095,HMDB0038600
CHEBI:168097,HMDB0029783
CHEBI:168098,HMDB0041255
CHEBI:168100,HMDB0030486
CHEBI:168101,HMDB0033068
CHEBI:168106,HMDB0031870
CHEBI:168107,HMDB0036332
CHEBI:168108,HMDB0038154
CHEBI:16811,HMDB0033951
CHEBI:168112,HMDB0036638
CHEBI:168113,HMDB0031515
CHEBI:168114,HMDB0035265
CHEBI:168117,HMDB0035691
CHEBI:168120,HMDB0040797
CHEBI:168121,HMDB0040917
CHEBI:168123,HMDB0033226
CHEBI:168126,HMDB0031690
CHEBI:168129,HMDB0038296
CHEBI:16813,HMDB0000107
CHEBI:168135,HMDB0038117
CHEBI:168137,HMDB0030895
CHEBI:168139,HMDB0032297
CHEBI:16814,HMDB0001032
CHEBI:168140,HMDB0038752
CHEBI:168141,HMDB0033138
CHEBI:168143,HMDB0029782
CHEBI:168145,HMDB0032839
CHEBI:16815,HMDB0012225
CHEBI:168154,HMDB0039636
CHEBI:168161,HMDB0033150
CHEBI:168164,HMDB0034242
CHEBI:168167,HMDB0036936
CHEBI:168168,HMDB0031700
CHEBI:168169,HMDB0033082
CHEBI:16817,HMDB0001988
CHEBI:168170,HMDB0037261
CHEBI:168171,HMDB0039564
CHEBI:168172,HMDB0040711
CHEBI:168174,HMDB0040465
CHEBI:168175,HMDB0036640
CHEBI:168178,HMDB0040630
CHEBI:168179,HMDB0041734
CHEBI:16818,HMDB0012231
CHEBI:168188,HMDB0035520
CHEBI:168189,HMDB0033741
CHEBI:168191,HMDB0040845
CHEBI:168193,HMDB0040667
CHEBI:168194,HMDB0029452
CHEBI:168195,HMDB0040565
CHEBI:168196,HMDB0034036
CHEBI:168201,HMDB0001501
CHEBI:168202,HMDB0038347
CHEBI:168204,HMDB0029252
CHEBI:168205,HMDB0031956
CHEBI:168208,HMDB0039805
CHEBI:168209,HMDB0029909
CHEBI:168211,HMDB0034753
CHEBI:168212,HMDB0040825
CHEBI:168214,HMDB0036400
CHEBI:168218,HMDB0034640
CHEBI:16822,HMDB0250194
CHEBI:168220,HMDB0031925
CHEBI:168221,HMDB0038691
CHEBI:168222,HMDB0030917
CHEBI:168226,HMDB0247100
CHEBI:168229,HMDB0030197
CHEBI:168230,HMDB0029772
CHEBI:168237,HMDB0032870
CHEBI:168238,HMDB0036685
CHEBI:168239,HMDB0040897
CHEBI:168240,HMDB0038492
CHEBI:168244,HMDB0029771
CHEBI:168245,HMDB0041638
CHEBI:168246,HMDB0029383
CHEBI:168248,HMDB0035007
CHEBI:168249,HMDB0030421
CHEBI:168251,HMDB0029513
CHEBI:168254,HMDB0029187
CHEBI:168265,HMDB0039469
CHEBI:168266,HMDB0040685
CHEBI:168269,HMDB0040129
CHEBI:16827,HMDB0001547
CHEBI:168277,HMDB0032800
CHEBI:168278,HMDB0041407
CHEBI:16828,HMDB0000929
CHEBI:168282,HMDB0032842
CHEBI:168283,HMDB0033734
CHEBI:168285,HMDB0061014
CHEBI:168290,HMDB0041547
CHEBI:168292,HMDB0032689
CHEBI:16830,HMDB0000164
CHEBI:168302,HMDB0035780
CHEBI:168306,HMDB0012557
CHEBI:168308,HMDB0036662
CHEBI:16831,HMDB0000355
CHEBI:168315,HMDB0002235
CHEBI:16832,HMDB0034213
CHEBI:168320,HMDB0036214
CHEBI:168328,HMDB0034696
CHEBI:16833,HMDB0003114
CHEBI:168330,HMDB0029766
CHEBI:168336,HMDB0041103
CHEBI:168337,HMDB0039728
CHEBI:168341,HMDB0035216
CHEBI:168342,HMDB0038374
CHEBI:168343,HMDB0029668
CHEBI:168344,HMDB0035867
CHEBI:168348,HMDB0037551
CHEBI:16835,HMDB0000977
CHEBI:168352,HMDB0039922
CHEBI:168353,HMDB0041405
CHEBI:168356,HMDB0034447
CHEBI:168358,HMDB0034812
CHEBI:16836,HMDB0001232
CHEBI:168360,HMDB0038328
CHEBI:168368,HMDB0039953
CHEBI:16837,HMDB0003882
CHEBI:168371,HMDB0029384
CHEBI:168372,HMDB0039234
CHEBI:168373,HMDB0039976
CHEBI:168375,HMDB0029101
CHEBI:168391,HMDB0029236
CHEBI:168392,HMDB0034627
CHEBI:168396,HMDB0015159
CHEBI:168398,HMDB0033370
CHEBI:1684,HMDB0006753
CHEBI:16840,HMDB0304084
CHEBI:168403,HMDB0036865
CHEBI:16841,HMDB0011634
CHEBI:168411,HMDB0032472
CHEBI:168417,HMDB0035194
CHEBI:16842,HMDB0001426
CHEBI:168420,HMDB0029497
CHEBI:168428,HMDB0034861
CHEBI:168430,HMDB0033610
CHEBI:168431,HMDB0041207
CHEBI:168432,HMDB0041468
CHEBI:168435,HMDB0033645
CHEBI:168437,HMDB0030207
CHEBI:168440,HMDB0034558
CHEBI:168444,HMDB0035306
CHEBI:168449,HMDB0038503
CHEBI:168455,HMDB0030663
CHEBI:168457,HMDB0041360
CHEBI:168463,HMDB0029362
CHEBI:168466,HMDB0037843
CHEBI:168469,HMDB0030435
CHEBI:168476,HMDB0030736
CHEBI:168479,HMDB0033091
CHEBI:168481,HMDB0039041
CHEBI:168483,HMDB0030737
CHEBI:168484,HMDB0040650
CHEBI:168487,HMDB0038736
CHEBI:168489,HMDB0040495
CHEBI:168491,HMDB0031885
CHEBI:168493,HMDB0031676
CHEBI:168496,HMDB0040672
CHEBI:168497,HMDB0038230
CHEBI:168498,HMDB0039005
CHEBI:168499,HMDB0032830
CHEBI:168502,HMDB0029347
CHEBI:168506,HMDB0034521
CHEBI:168510,HMDB0037682
CHEBI:168516,HMDB0036334
CHEBI:168518,HMDB0035352
CHEBI:16852,HMDB0001229
CHEBI:168520,HMDB0039141
CHEBI:168522,HMDB0040011
CHEBI:168523,HMDB0006700
CHEBI:168525,HMDB0038229
CHEBI:168529,HMDB0039492
CHEBI:16853,HMDB0258934
CHEBI:168537,HMDB0037603
CHEBI:168540,HMDB0039742
CHEBI:168546,HMDB0039910
CHEBI:16855,HMDB0003405
CHEBI:168550,HMDB0041579
CHEBI:168553,HMDB0039026
CHEBI:168559,HMDB0006592
CHEBI:16856,HMDB0000125
CHEBI:168561,HMDB0001312
CHEBI:168562,HMDB0036380
CHEBI:168564,HMDB0036449
CHEBI:168568,HMDB0029348
CHEBI:16857,HMDB0000167
CHEBI:168570,HMDB0029448
CHEBI:168575,HMDB0032369
CHEBI:168578,HMDB0031689
CHEBI:16858,HMDB0001416
CHEBI:168581,HMDB0039423
CHEBI:168588,HMDB0040461
CHEBI:168589,HMDB0029404
CHEBI:168590,HMDB0035735
CHEBI:168591,HMDB0030417
CHEBI:168592,HMDB0038189
CHEBI:168593,HMDB0035502
CHEBI:168599,HMDB0039177
CHEBI:168601,HMDB0033222
CHEBI:168609,HMDB0030751
CHEBI:168610,HMDB0039977
CHEBI:168612,HMDB0035209
CHEBI:168613,HMDB0035259
CHEBI:168616,HMDB0038261
CHEBI:168617,HMDB0029710
CHEBI:168618,HMDB0040687
CHEBI:168620,HMDB0036046
CHEBI:168621,HMDB0041309
CHEBI:168622,HMDB0031985
CHEBI:168623,HMDB0031668
CHEBI:168624,HMDB0034784
CHEBI:168634,HMDB0040622
CHEBI:168635,HMDB0034588
CHEBI:168640,HMDB0035822
CHEBI:168641,HMDB0034750
CHEBI:168646,HMDB0031874
CHEBI:16865,HMDB0000112
CHEBI:168651,HMDB0035257
CHEBI:168653,HMDB0038028
CHEBI:168654,HMDB0041969
CHEBI:168655,HMDB0038710
CHEBI:168656,HMDB0030407
CHEBI:168658,HMDB0032129
CHEBI:16866,HMDB0248144
CHEBI:168661,HMDB0038087
CHEBI:168662,HMDB0036353
CHEBI:168667,HMDB0029445
CHEBI:168670,HMDB0031929
CHEBI:168674,HMDB0041435
CHEBI:168679,HMDB0033230
CHEBI:168684,HMDB0029181
CHEBI:168689,HMDB0037065
CHEBI:168691,HMDB0002282
CHEBI:168695,HMDB0246509
CHEBI:168696,HMDB0040043
CHEBI:16870,HMDB0000086
CHEBI:168700,HMDB0029413
CHEBI:168702,HMDB0032130
CHEBI:168707,HMDB0040682
CHEBI:16871,HMDB0003454
CHEBI:168710,HMDB0038375
CHEBI:168713,HMDB0036652
CHEBI:168717,HMDB0033218
CHEBI:168719,HMDB0041289
CHEBI:168720,HMDB0041269
CHEBI:168722,HMDB0031382
CHEBI:168723,HMDB0034930
CHEBI:168725,HMDB0030838
CHEBI:168729,HMDB0041144
CHEBI:168734,HMDB0030376
CHEBI:168736,HMDB0040822
CHEBI:16874,HMDB0000648
CHEBI:168748,HMDB0250377
CHEBI:168749,HMDB0030975
CHEBI:168758,HMDB0036340
CHEBI:168759,HMDB0041639
CHEBI:168761,HMDB0032924
CHEBI:168767,HMDB0040720
CHEBI:168770,HMDB0028875
CHEBI:168777,HMDB0039031
CHEBI:16878,HMDB0006456
CHEBI:168782,HMDB0033243
CHEBI:168784,HMDB0030404
CHEBI:168785,HMDB0031753
CHEBI:168788,HMDB0013031
CHEBI:16879,HMDB0032306
CHEBI:168793,HMDB0031693
CHEBI:168796,HMDB0037162
CHEBI:168797,HMDB0029664
CHEBI:16880,HMDB0003371
CHEBI:168801,HMDB0039926
CHEBI:168807,HMDB0037252
CHEBI:16881,HMDB0000738
CHEBI:168811,HMDB0034998
CHEBI:168816,HMDB0041561
CHEBI:168818,HMDB0038341
CHEBI:168822,HMDB0304713
CHEBI:168825,HMDB0029770
CHEBI:168828,HMDB0030329
CHEBI:168830,HMDB0037180
CHEBI:168836,HMDB0041027
CHEBI:168837,HMDB0035736
CHEBI:168841,HMDB0029622
CHEBI:168842,HMDB0041712
CHEBI:168843,HMDB0039068
CHEBI:168844,HMDB0041741
CHEBI:16885,HMDB0011729
CHEBI:168850,HMDB0006607
CHEBI:168851,HMDB0029451
CHEBI:168852,HMDB0035057
CHEBI:168854,HMDB0031763
CHEBI:168857,HMDB0036594
CHEBI:168862,HMDB0035528
CHEBI:168866,HMDB0030627
CHEBI:16887,HMDB0034453
CHEBI:168870,HMDB0039733
CHEBI:168871,HMDB0006701
CHEBI:168874,HMDB0032686
CHEBI:168875,HMDB0038735
CHEBI:168876,HMDB0037250
CHEBI:168884,HMDB0039894
CHEBI:168886,HMDB0036938
CHEBI:16889,HMDB0059659
CHEBI:16889,HMDB0002113
CHEBI:168892,HMDB0032215
CHEBI:168895,HMDB0030055
CHEBI:168896,HMDB0035864
CHEBI:168898,HMDB0040689
CHEBI:168900,HMDB0033012
CHEBI:168901,HMDB0032808
CHEBI:168903,HMDB0034698
CHEBI:16891,HMDB0000119
CHEBI:168914,HMDB0040737
CHEBI:168915,HMDB0040866
CHEBI:168916,HMDB0029398
CHEBI:168917,HMDB0030099
CHEBI:16892,HMDB0247327
CHEBI:168921,HMDB0028740
CHEBI:168924,HMDB0036374
CHEBI:168925,HMDB0030224
CHEBI:168926,HMDB0034055
CHEBI:168929,HMDB0033461
CHEBI:16893,HMDB0001383
CHEBI:168930,HMDB0039875
CHEBI:168938,HMDB0032841
CHEBI:16894,HMDB0004045
CHEBI:168941,HMDB0034771
CHEBI:168942,HMDB0032372
CHEBI:168943,HMDB0028770
CHEBI:168944,HMDB0039573
CHEBI:168947,HMDB0030269
CHEBI:168948,HMDB0038940
CHEBI:168949,HMDB0034552
CHEBI:16895,HMDB0001087
CHEBI:168961,HMDB0038228
CHEBI:168964,HMDB0030988
CHEBI:168966,HMDB0032607
CHEBI:168970,HMDB0035029
CHEBI:168972,HMDB0032527
CHEBI:168973,HMDB0029784
CHEBI:168976,HMDB0037141
CHEBI:16898,HMDB0003361
CHEBI:168982,HMDB0036015
CHEBI:168987,HMDB0030764
CHEBI:168988,HMDB0029394
CHEBI:16899,HMDB0000765
CHEBI:168990,HMDB0032959
CHEBI:168990,HMDB0029834
CHEBI:168991,HMDB0041174
CHEBI:168999,HMDB0010352
CHEBI:169016,HMDB0037839
CHEBI:169018,HMDB0028899
CHEBI:169019,HMDB0032853
CHEBI:169020,HMDB0039974
CHEBI:169023,HMDB0029189
CHEBI:169034,HMDB0033223
CHEBI:169036,HMDB0041059
CHEBI:16904,HMDB0059803
CHEBI:169043,HMDB0037793
CHEBI:169044,HMDB0041173
CHEBI:169046,HMDB0034585
CHEBI:169058,HMDB0035321
CHEBI:169059,HMDB0033231
CHEBI:169065,HMDB0032299
CHEBI:16907,HMDB0246549
CHEBI:169073,HMDB0032869
CHEBI:169079,HMDB0037951
CHEBI:16908,HMDB0001487
CHEBI:169082,HMDB0029349
CHEBI:169085,HMDB0034433
CHEBI:169086,HMDB0040515
CHEBI:169098,HMDB0038645
CHEBI:16910,HMDB0034666
CHEBI:169101,HMDB0031304
CHEBI:169109,HMDB0013639
CHEBI:169111,HMDB0034811
CHEBI:169113,HMDB0039506
CHEBI:169115,HMDB0032906
CHEBI:169117,HMDB0038304
CHEBI:169122,HMDB0035261
CHEBI:169123,HMDB0036092
CHEBI:169125,HMDB0033245
CHEBI:169126,HMDB0036469
CHEBI:16913,HMDB0001387
CHEBI:169131,HMDB0035145
CHEBI:169135,HMDB0038981
CHEBI:169136,HMDB0031576
CHEBI:169139,HMDB0034157
CHEBI:16914,HMDB0001895
CHEBI:169140,HMDB0039473
CHEBI:169141,HMDB0038238
CHEBI:169143,HMDB0038923
CHEBI:169144,HMDB0037457
CHEBI:169147,HMDB0041599
CHEBI:169148,HMDB0029934
CHEBI:169149,HMDB0037260
CHEBI:169152,HMDB0035965
CHEBI:169153,HMDB0038680
CHEBI:169161,HMDB0030000
CHEBI:169162,HMDB0040532
CHEBI:169169,HMDB0040381
CHEBI:169170,HMDB0029614
CHEBI:169181,HMDB0036143
CHEBI:169185,HMDB0034530
CHEBI:169188,HMDB0039096
CHEBI:16919,HMDB0000064
CHEBI:169192,HMDB0038723
CHEBI:169193,HMDB0033063
CHEBI:169194,HMDB0040030
CHEBI:169203,HMDB0033192
CHEBI:169205,HMDB0037089
CHEBI:169211,HMDB0040627
CHEBI:169212,HMDB0040009
CHEBI:169215,HMDB0038934
CHEBI:169217,HMDB0002318
CHEBI:169229,HMDB0039302
CHEBI:169233,HMDB0002278
CHEBI:169234,HMDB0036984
CHEBI:169238,HMDB0032992
CHEBI:169239,HMDB0038459
CHEBI:16924,HMDB0000267
CHEBI:169246,HMDB0033197
CHEBI:169249,HMDB0035779
CHEBI:169250,HMDB0037978
CHEBI:169255,HMDB0029344
CHEBI:169256,HMDB0040824
CHEBI:169257,HMDB0033216
CHEBI:169264,HMDB0030382
CHEBI:169266,HMDB0030188
CHEBI:169267,HMDB0037757
CHEBI:16927,HMDB0000279
CHEBI:169272,HMDB0035177
CHEBI:169276,HMDB0030146
CHEBI:169286,HMDB0040308
CHEBI:169288,HMDB0038596
CHEBI:16929,HMDB0059660
CHEBI:169292,HMDB0012932
CHEBI:169293,HMDB0001557
CHEBI:169299,HMDB0039952
CHEBI:169302,HMDB0035212
CHEBI:169308,HMDB0035487
CHEBI:169309,HMDB0039249
CHEBI:169316,HMDB0030402
CHEBI:169328,HMDB0035610
CHEBI:16933,HMDB0000878
CHEBI:169331,HMDB0036746
CHEBI:169334,HMDB0034251
CHEBI:169335,HMDB0040701
CHEBI:169339,HMDB0041465
CHEBI:16934,HMDB0060245
CHEBI:169342,HMDB0040790
CHEBI:16935,HMDB0304405
CHEBI:169353,HMDB0040026
CHEBI:169355,HMDB0040136
CHEBI:169358,HMDB0033864
CHEBI:169359,HMDB0029346
CHEBI:169362,HMDB0041060
CHEBI:169364,HMDB0040385
CHEBI:169367,HMDB0012492
CHEBI:169374,HMDB0038674
CHEBI:169377,HMDB0032303
CHEBI:16938,HMDB0001127
CHEBI:169386,HMDB0302955
CHEBI:16939,HMDB0003831
CHEBI:169408,HMDB0032743
CHEBI:169415,HMDB0036394
CHEBI:169417,HMDB0028858
CHEBI:169419,HMDB0028811
CHEBI:169422,HMDB0037094
CHEBI:169423,HMDB0034249
CHEBI:169424,HMDB0039307
CHEBI:169431,HMDB0038523
CHEBI:169436,HMDB0038730
CHEBI:169440,HMDB0029837
CHEBI:169446,HMDB0041246
CHEBI:169449,HMDB0039164
CHEBI:169453,HMDB0004135
CHEBI:16946,HMDB0000684
CHEBI:169466,HMDB0039235
CHEBI:169469,HMDB0038935
CHEBI:169471,HMDB0028876
CHEBI:169473,HMDB0041786
CHEBI:169477,HMDB0031751
CHEBI:169479,HMDB0013488
CHEBI:169483,HMDB0033006
CHEBI:169487,HMDB0037651
CHEBI:169502,HMDB0032676
CHEBI:169503,HMDB0036998
CHEBI:169505,HMDB0029356
CHEBI:169509,HMDB0032181
CHEBI:169510,HMDB0029991
CHEBI:169512,HMDB0034265
CHEBI:169519,HMDB0040932
CHEBI:169521,HMDB0038217
CHEBI:169532,HMDB0039160
CHEBI:169537,HMDB0032786
CHEBI:16954,HMDB0301980
CHEBI:169540,HMDB0029955
CHEBI:169541,HMDB0040562
CHEBI:169547,HMDB0037435
CHEBI:16955,HMDB0001346
CHEBI:16955,HMDB0001391
CHEBI:169561,HMDB0036986
CHEBI:169563,HMDB0034633
CHEBI:169578,HMDB0029897
CHEBI:16958,HMDB0000056
CHEBI:169580,HMDB0029850
CHEBI:169582,HMDB0029777
CHEBI:169583,HMDB0038766
CHEBI:169588,HMDB0037988
CHEBI:16959,HMDB0059609
CHEBI:169590,HMDB0035085
CHEBI:169592,HMDB0012936
CHEBI:169593,HMDB0033694
CHEBI:169599,HMDB0061015
CHEBI:16960,HMDB0001178
CHEBI:169601,HMDB0030994
CHEBI:169604,HMDB0002067
CHEBI:169605,HMDB0013941
CHEBI:169609,HMDB0039892
CHEBI:169612,HMDB0039458
CHEBI:16962,HMDB0002802
CHEBI:169624,HMDB0037550
CHEBI:169629,HMDB0038633
CHEBI:169630,HMDB0012285
CHEBI:169632,HMDB0013922
CHEBI:169635,HMDB0034362
CHEBI:16964,HMDB0000469
CHEBI:169640,HMDB0035062
CHEBI:169655,HMDB0034207
CHEBI:169657,HMDB0041096
CHEBI:169658,HMDB0038415
CHEBI:169659,HMDB0034752
CHEBI:169663,HMDB0030319
CHEBI:169664,HMDB0035170
CHEBI:169674,HMDB0031622
CHEBI:169678,HMDB0030668
CHEBI:169679,HMDB0031721
CHEBI:169683,HMDB0028861
CHEBI:169685,HMDB0030422
CHEBI:169688,HMDB0030572
CHEBI:169691,HMDB0039638
CHEBI:169694,HMDB0037554
CHEBI:169697,HMDB0013239
CHEBI:169700,HMDB0038626
CHEBI:169706,HMDB0038787
CHEBI:169707,HMDB0013206
CHEBI:169708,HMDB0038160
CHEBI:169710,HMDB0041066
CHEBI:169717,HMDB0034857
CHEBI:169722,HMDB0032744
CHEBI:169724,HMDB0028871
CHEBI:169729,HMDB0303678
CHEBI:16973,HMDB0000016
CHEBI:169733,HMDB0036150
CHEBI:169734,HMDB0036866
CHEBI:16974,HMDB0002024
CHEBI:169740,HMDB0039797
CHEBI:169743,HMDB0039964
CHEBI:169745,HMDB0030082
CHEBI:169746,HMDB0245719
CHEBI:169747,HMDB0031976
CHEBI:169755,HMDB0038027
CHEBI:16976,HMDB0034229
CHEBI:169761,HMDB0033334
CHEBI:169762,HMDB0035318
CHEBI:169764,HMDB0040435
CHEBI:169768,HMDB0029325
CHEBI:16977,HMDB0000161
CHEBI:169776,HMDB0037323
CHEBI:16978,HMDB0001198
CHEBI:169784,HMDB0033527
CHEBI:169785,HMDB0038540
CHEBI:169788,HMDB0040572
CHEBI:169792,HMDB0038508
CHEBI:169793,HMDB0041232
CHEBI:169794,HMDB0036822
CHEBI:16980,HMDB0035078
CHEBI:169802,HMDB0041365
CHEBI:169812,HMDB0036753
CHEBI:16982,HMDB0033007
CHEBI:169824,HMDB0032110
CHEBI:169827,HMDB0039025
CHEBI:169828,HMDB0039024
CHEBI:169831,HMDB0033289
CHEBI:169832,HMDB0040512
CHEBI:169834,HMDB0031936
CHEBI:16984,HMDB0243814
CHEBI:169840,HMDB0000683
CHEBI:169847,HMDB0029291
CHEBI:169848,HMDB0037602
CHEBI:16985,HMDB0003769
CHEBI:169852,HMDB0035402
CHEBI:169861,HMDB0035102
CHEBI:169871,HMDB0040841
CHEBI:169872,HMDB0041380
CHEBI:169880,HMDB0014017
CHEBI:169882,HMDB0036606
CHEBI:169887,HMDB0040787
CHEBI:169897,HMDB0033041
CHEBI:16990,HMDB0000054
CHEBI:169901,HMDB0038377
CHEBI:169902,HMDB0031254
CHEBI:169905,HMDB0028855
CHEBI:169916,HMDB0031983
CHEBI:169917,HMDB0041045
CHEBI:169919,HMDB0011679
CHEBI:16992,HMDB0006938
CHEBI:16995,HMDB0002329
CHEBI:16996,HMDB0304403
CHEBI:16997,HMDB0001881
CHEBI:170005,HMDB0246698
CHEBI:17001,HMDB0244465
CHEBI:17001,HMDB0002275
CHEBI:170064,HMDB0244009
CHEBI:170087,HMDB0029826
CHEBI:170089,HMDB0041422
CHEBI:17009,HMDB0001095
CHEBI:170091,HMDB0033791
CHEBI:170092,HMDB0032638
CHEBI:170094,HMDB0031145
CHEBI:170095,HMDB0031051
CHEBI:170098,HMDB0029800
CHEBI:170102,HMDB0039486
CHEBI:170104,HMDB0036805
CHEBI:170106,HMDB0035692
CHEBI:170110,HMDB0037824
CHEBI:170111,HMDB0036830
CHEBI:170113,HMDB0036754
CHEBI:170117,HMDB0036835
CHEBI:170126,HMDB0030053
CHEBI:17013,HMDB0001227
CHEBI:17013,HMDB0001570
CHEBI:170134,HMDB0033599
CHEBI:170137,HMDB0031131
CHEBI:17015,HMDB0000244
CHEBI:17016,HMDB0002005
CHEBI:17019,HMDB0035030
CHEBI:17023,HMDB0000321
CHEBI:170239,HMDB0014480
CHEBI:17025,HMDB0003349
CHEBI:17026,HMDB0001830
CHEBI:17027,HMDB0001263
CHEBI:17027,HMDB0303320
CHEBI:17028,HMDB0001353
CHEBI:17029,HMDB0003362
CHEBI:17030,HMDB0036591
CHEBI:17033,HMDB0001008
CHEBI:17034,HMDB0002384
CHEBI:17038,HMDB0304351
CHEBI:17041,HMDB0060319
CHEBI:17042,HMDB0258872
CHEBI:17043,HMDB0032582
CHEBI:17044,HMDB0005831
CHEBI:17045,HMDB0035807
CHEBI:17047,HMDB0001469
CHEBI:17050,HMDB0000807
CHEBI:17051,HMDB0000662
CHEBI:17052,HMDB0301781
CHEBI:17053,HMDB0000191
CHEBI:17057,HMDB0000055
CHEBI:170580,HMDB0031122
CHEBI:170582,HMDB0031121
CHEBI:170584,HMDB0031120
CHEBI:170595,HMDB0011416
CHEBI:17061,HMDB0003423
CHEBI:17064,HMDB0246529
CHEBI:17066,HMDB0000011
CHEBI:17069,HMDB0038331
CHEBI:17069,HMDB0059712
CHEBI:17071,HMDB0003344
CHEBI:17072,HMDB0003157
CHEBI:17074,HMDB0038850
CHEBI:17076,HMDB0015214
CHEBI:17079,HMDB0006921
CHEBI:17083,HMDB0304227
CHEBI:17084,HMDB0059655
CHEBI:170862,HMDB0006328
CHEBI:170865,HMDB0004239
CHEBI:170869,HMDB0035436
CHEBI:170877,HMDB0031749
CHEBI:17090,HMDB0003023
CHEBI:17094,HMDB0304068
CHEBI:17097,HMDB0034437
CHEBI:17098,HMDB0032138
CHEBI:17099,HMDB0034472
CHEBI:17111,HMDB0000280
CHEBI:17113,HMDB0002994
CHEBI:17115,HMDB0000187
CHEBI:1712,HMDB0062782
CHEBI:17123,HMDB0003609
CHEBI:17127,HMDB0038419
CHEBI:17129,HMDB0304001
CHEBI:17131,HMDB0059637
CHEBI:171339,HMDB0015695
CHEBI:17137,HMDB0304277
CHEBI:17138,HMDB0001112
CHEBI:17140,HMDB0001644
CHEBI:17141,HMDB0002991
CHEBI:17144,HMDB0011655
CHEBI:17148,HMDB0001414
CHEBI:17150,HMDB0000816
CHEBI:17151,HMDB0002917
CHEBI:17153,HMDB0003366
CHEBI:17154,HMDB0001406
CHEBI:171573,HMDB0034385
CHEBI:17158,HMDB0001167
CHEBI:17158,HMDB0060661
CHEBI:17160,HMDB0000429
CHEBI:171601,HMDB0030969
CHEBI:171602,HMDB0031119
CHEBI:17164,HMDB0003553
CHEBI:17166,HMDB0003661
CHEBI:17167,HMDB0006458
CHEBI:171677,HMDB0029904
CHEBI:171678,HMDB0041101
CHEBI:17168,HMDB0001170
CHEBI:171685,HMDB0031228
CHEBI:171687,HMDB0012530
CHEBI:171689,HMDB0041203
CHEBI:17169,HMDB0006115
CHEBI:171695,HMDB0036241
CHEBI:17170,HMDB0000087
CHEBI:171704,HMDB0033862
CHEBI:171710,HMDB0030987
CHEBI:171716,HMDB0035301
CHEBI:17172,HMDB0000085
CHEBI:171720,HMDB0033281
CHEBI:171722,HMDB0033282
CHEBI:171729,HMDB0032672
CHEBI:17173,HMDB0000621
CHEBI:171730,HMDB0033452
CHEBI:171732,HMDB0041444
CHEBI:171733,HMDB0034382
CHEBI:171734,HMDB0041018
CHEBI:171736,HMDB0041080
CHEBI:171738,HMDB0034610
CHEBI:171740,HMDB0032124
CHEBI:171741,HMDB0015168
CHEBI:171748,HMDB0040248
CHEBI:171752,HMDB0039893
CHEBI:171759,HMDB0037618
CHEBI:171763,HMDB0039736
CHEBI:171764,HMDB0033574
CHEBI:17177,HMDB0029697
CHEBI:171777,HMDB0037023
CHEBI:171780,HMDB0038246
CHEBI:171790,HMDB0041514
CHEBI:171793,HMDB0039501
CHEBI:171795,HMDB0030735
CHEBI:171802,HMDB0035575
CHEBI:171805,HMDB0039884
CHEBI:17181,HMDB0034454
CHEBI:171810,HMDB0037398
CHEBI:171811,HMDB0031047
CHEBI:171819,HMDB0038081
CHEBI:171825,HMDB0032235
CHEBI:17183,HMDB0029367
CHEBI:171831,HMDB0031062
CHEBI:171835,HMDB0031063
CHEBI:171836,HMDB0031087
CHEBI:17184,HMDB0001219
CHEBI:171847,HMDB0039971
CHEBI:171854,HMDB0041524
CHEBI:171856,HMDB0041213
CHEBI:171857,HMDB0039613
CHEBI:171859,HMDB0040706
CHEBI:171862,HMDB0037633
CHEBI:171866,HMDB0242325
CHEBI:171872,HMDB0040353
CHEBI:171878,HMDB0035477
CHEBI:171879,HMDB0034965
CHEBI:171880,HMDB0037740
CHEBI:171881,HMDB0035379
CHEBI:171885,HMDB0034953
CHEBI:171887,HMDB0040791
CHEBI:17189,HMDB0000152
CHEBI:171892,HMDB0040818
CHEBI:171896,HMDB0038108
CHEBI:171904,HMDB0035288
CHEBI:171909,HMDB0034579
CHEBI:17191,HMDB0000172
CHEBI:171910,HMDB0035951
CHEBI:171911,HMDB0032536
CHEBI:171914,HMDB0030893
CHEBI:171915,HMDB0040736
CHEBI:171916,HMDB0031093
CHEBI:171917,HMDB0034916
CHEBI:171920,HMDB0032120
CHEBI:171925,HMDB0038484
CHEBI:171926,HMDB0030892
CHEBI:171929,HMDB0033191
CHEBI:171930,HMDB0037280
CHEBI:171943,HMDB0037025
CHEBI:171944,HMDB0040203
CHEBI:171947,HMDB0037302
CHEBI:171949,HMDB0303930
CHEBI:17195,HMDB0059611
CHEBI:171958,HMDB0035203
CHEBI:17196,HMDB0000168
CHEBI:171960,HMDB0039008
CHEBI:171966,HMDB0039816
CHEBI:171967,HMDB0040204
CHEBI:171969,HMDB0030367
CHEBI:171971,HMDB0039587
CHEBI:171972,HMDB0037010
CHEBI:171973,HMDB0041545
CHEBI:171974,HMDB0037008
CHEBI:171975,HMDB0033010
CHEBI:171976,HMDB0038290
CHEBI:171977,HMDB0030369
CHEBI:171978,HMDB0035077
CHEBI:171979,HMDB0039582
CHEBI:171982,HMDB0037303
CHEBI:171985,HMDB0035277
CHEBI:171986,HMDB0029340
CHEBI:171994,HMDB0037519
CHEBI:171997,HMDB0032060
CHEBI:17200,HMDB0000935
CHEBI:172000,HMDB0031050
CHEBI:172002,HMDB0041541
CHEBI:172006,HMDB0038946
CHEBI:172007,HMDB0035390
CHEBI:172008,HMDB0038945
CHEBI:17201,HMDB0011733
CHEBI:172010,HMDB0040149
CHEBI:172012,HMDB0035242
CHEBI:172013,HMDB0035808
CHEBI:17202,HMDB0000175
CHEBI:172020,HMDB0037152
CHEBI:172021,HMDB0035791
CHEBI:172022,HMDB0031591
CHEBI:172026,HMDB0032451
CHEBI:172028,HMDB0031590
CHEBI:172029,HMDB0038758
CHEBI:17203,HMDB0000162
CHEBI:172030,HMDB0039043
CHEBI:172032,HMDB0036621
CHEBI:172036,HMDB0036135
CHEBI:172039,HMDB0037301
CHEBI:17204,HMDB0013233
CHEBI:172043,HMDB0031692
CHEBI:172045,HMDB0030867
CHEBI:172050,HMDB0031272
CHEBI:172052,HMDB0038274
CHEBI:172057,HMDB0032901
CHEBI:172059,HMDB0036048
CHEBI:172061,HMDB0041494
CHEBI:172065,HMDB0032193
CHEBI:172071,HMDB0031868
CHEBI:172073,HMDB0034971
CHEBI:172075,HMDB0013227
CHEBI:172077,HMDB0030989
CHEBI:172079,HMDB0036715
CHEBI:172085,HMDB0030990
CHEBI:172089,HMDB0038182
CHEBI:17209,HMDB0030176
CHEBI:172096,HMDB0040998
CHEBI:172101,HMDB0302484
CHEBI:172103,HMDB0030929
CHEBI:172104,HMDB0033335
CHEBI:172108,HMDB0040563
CHEBI:172109,HMDB0040201
CHEBI:17211,HMDB0001285
CHEBI:172121,HMDB0033662
CHEBI:172126,HMDB0000556
CHEBI:172132,HMDB0040496
CHEBI:172135,HMDB0032126
CHEBI:172138,HMDB0011684
CHEBI:172141,HMDB0041249
CHEBI:172142,HMDB0035687
CHEBI:172146,HMDB0032397
CHEBI:172147,HMDB0029858
CHEBI:172148,HMDB0032961
CHEBI:17215,HMDB0029217
CHEBI:17219,HMDB0256048
CHEBI:17221,HMDB0038169
CHEBI:17224,HMDB0059622
CHEBI:17226,HMDB0003572
CHEBI:17228,HMDB0003584
CHEBI:17230,HMDB0000742
CHEBI:172308,HMDB0030410
CHEBI:172309,HMDB0031210
CHEBI:17231,HMDB0002048
CHEBI:172310,HMDB0030986
CHEBI:172311,HMDB0033465
CHEBI:172312,HMDB0030939
CHEBI:172313,HMDB0030938
CHEBI:172314,HMDB0039538
CHEBI:17232,HMDB0002104
CHEBI:172320,HMDB0040993
CHEBI:172321,HMDB0032208
CHEBI:172323,HMDB0036382
CHEBI:17239,HMDB0001546
CHEBI:172405,HMDB0240683
CHEBI:172409,HMDB0031370
CHEBI:17241,HMDB0256947
CHEBI:172412,HMDB0030175
CHEBI:172414,HMDB0032381
CHEBI:172415,HMDB0041079
CHEBI:172425,HMDB0013287
CHEBI:172426,HMDB0030007
CHEBI:17243,HMDB0013248
CHEBI:172432,HMDB0032991
CHEBI:172433,HMDB0030580
CHEBI:172435,HMDB0031517
CHEBI:172444,HMDB0031665
CHEBI:172447,HMDB0040046
CHEBI:17245,HMDB0001361
CHEBI:172450,HMDB0030411
CHEBI:172451,HMDB0036031
CHEBI:172454,HMDB0028843
CHEBI:172456,HMDB0040833
CHEBI:172460,HMDB0033429
CHEBI:172469,HMDB0039670
CHEBI:172472,HMDB0037808
CHEBI:172473,HMDB0031640
CHEBI:172475,HMDB0030763
CHEBI:172476,HMDB0013204
CHEBI:17248,HMDB0002065
CHEBI:172481,HMDB0038126
CHEBI:172482,HMDB0032674
CHEBI:172485,HMDB0030911
CHEBI:172486,HMDB0036207
CHEBI:172490,HMDB0031876
CHEBI:172492,HMDB0031336
CHEBI:172494,HMDB0013813
CHEBI:172495,HMDB0005767
CHEBI:172497,HMDB0035193
CHEBI:172498,HMDB0031772
CHEBI:172499,HMDB0033680
CHEBI:172500,HMDB0040904
CHEBI:172502,HMDB0031061
CHEBI:172504,HMDB0036456
CHEBI:172506,HMDB0037543
CHEBI:172509,HMDB0012881
CHEBI:172510,HMDB0035918
CHEBI:172512,HMDB0032697
CHEBI:172515,HMDB0036325
CHEBI:172518,HMDB0029498
CHEBI:17252,HMDB0000374
CHEBI:172521,HMDB0038722
CHEBI:172523,HMDB0040889
CHEBI:172525,HMDB0011685
CHEBI:172526,HMDB0030599
CHEBI:172529,HMDB0038332
CHEBI:17253,HMDB0012133
CHEBI:172531,HMDB0304790
CHEBI:172532,HMDB0039161
CHEBI:172533,HMDB0035781
CHEBI:172535,HMDB0030496
CHEBI:17254,HMDB0000873
CHEBI:172544,HMDB0029848
CHEBI:172546,HMDB0029324
CHEBI:172547,HMDB0033643
CHEBI:172548,HMDB0029566
CHEBI:172549,HMDB0012798
CHEBI:172550,HMDB0011675
CHEBI:172552,HMDB0303353
CHEBI:172553,HMDB0034755
CHEBI:172554,HMDB0031963
CHEBI:172556,HMDB0039502
CHEBI:172558,HMDB0030787
CHEBI:17256,HMDB0000101
CHEBI:172560,HMDB0013032
CHEBI:172561,HMDB0030678
CHEBI:172563,HMDB0033786
CHEBI:172567,HMDB0033066
CHEBI:172568,HMDB0031923
CHEBI:17257,HMDB0038458
CHEBI:172570,HMDB0031465
CHEBI:172571,HMDB0035678
CHEBI:172572,HMDB0033009
CHEBI:172578,HMDB0039132
CHEBI:17258,HMDB0001366
CHEBI:172580,HMDB0031877
CHEBI:172581,HMDB0029459
CHEBI:172583,HMDB0041044
CHEBI:172584,HMDB0039880
CHEBI:172587,HMDB0033443
CHEBI:172591,HMDB0041208
CHEBI:172592,HMDB0033304
CHEBI:172595,HMDB0036803
CHEBI:172597,HMDB0039046
CHEBI:172598,HMDB0040907
CHEBI:172599,HMDB0002220
CHEBI:172600,HMDB0039774
CHEBI:172604,HMDB0030164
CHEBI:172605,HMDB0031677
CHEBI:172606,HMDB0029778
CHEBI:172609,HMDB0041441
CHEBI:17261,HMDB0000489
CHEBI:172610,HMDB0030657
CHEBI:172612,HMDB0029202
CHEBI:172617,HMDB0029549
CHEBI:172620,HMDB0034582
CHEBI:172621,HMDB0000385
CHEBI:172623,HMDB0036371
CHEBI:172626,HMDB0013656
CHEBI:172629,HMDB0030817
CHEBI:17263,HMDB0000145
CHEBI:172632,HMDB0029793
CHEBI:172633,HMDB0031964
CHEBI:172634,HMDB0034030
CHEBI:172635,HMDB0040121
CHEBI:172637,HMDB0033287
CHEBI:172639,HMDB0029869
CHEBI:172641,HMDB0034589
CHEBI:172642,HMDB0041257
CHEBI:172644,HMDB0000541
CHEBI:172645,HMDB0029458
CHEBI:172647,HMDB0035950
CHEBI:172649,HMDB0029997
CHEBI:172650,HMDB0030741
CHEBI:172652,HMDB0039020
CHEBI:172655,HMDB0032600
CHEBI:172657,HMDB0038425
CHEBI:172658,HMDB0033280
CHEBI:172659,HMDB0012515
CHEBI:172661,HMDB0037483
CHEBI:172662,HMDB0032099
CHEBI:172664,HMDB0033381
CHEBI:172666,HMDB0035249
CHEBI:172668,HMDB0034032
CHEBI:172675,HMDB0034899
CHEBI:172678,HMDB0035234
CHEBI:17268,HMDB0000211
CHEBI:172680,HMDB0029804
CHEBI:172689,HMDB0036122
CHEBI:172695,HMDB0029989
CHEBI:17270,HMDB0002520
CHEBI:172700,HMDB0029281
CHEBI:172702,HMDB0033511
CHEBI:172703,HMDB0037452
CHEBI:172705,HMDB0040513
CHEBI:172709,HMDB0031946
CHEBI:172710,HMDB0038539
CHEBI:172711,HMDB0038732
CHEBI:172712,HMDB0030594
CHEBI:172714,HMDB0029180
CHEBI:172716,HMDB0039180
CHEBI:172722,HMDB0039536
CHEBI:172723,HMDB0041535
CHEBI:172725,HMDB0035267
CHEBI:172726,HMDB0032880
CHEBI:172729,HMDB0033617
CHEBI:172730,HMDB0032730
CHEBI:172734,HMDB0038030
CHEBI:172736,HMDB0034687
CHEBI:172742,HMDB0041179
CHEBI:172744,HMDB0039040
CHEBI:172745,HMDB0039138
CHEBI:172746,HMDB0032835
CHEBI:172749,HMDB0032840
CHEBI:17275,HMDB0012241
CHEBI:172753,HMDB0029957
CHEBI:172755,HMDB0040610
CHEBI:172757,HMDB0033296
CHEBI:172759,HMDB0033336
CHEBI:17276,HMDB0003306
CHEBI:172763,HMDB0035266
CHEBI:172765,HMDB0036872
CHEBI:172767,HMDB0038567
CHEBI:172768,HMDB0039139
CHEBI:172772,HMDB0041368
CHEBI:172773,HMDB0033593
CHEBI:172775,HMDB0033241
CHEBI:172777,HMDB0012993
CHEBI:172778,HMDB0040624
CHEBI:17278,HMDB0001231
CHEBI:172782,HMDB0034770
CHEBI:172783,HMDB0034634
CHEBI:172784,HMDB0035607
CHEBI:172788,HMDB0040537
CHEBI:172790,HMDB0039421
CHEBI:172794,HMDB0041434
CHEBI:172797,HMDB0038449
CHEBI:172800,HMDB0032794
CHEBI:172801,HMDB0036323
CHEBI:172804,HMDB0035472
CHEBI:172805,HMDB0037045
CHEBI:172806,HMDB0037370
CHEBI:172807,HMDB0029798
CHEBI:172810,HMDB0038048
CHEBI:172817,HMDB0034569
CHEBI:172818,HMDB0031227
CHEBI:172825,HMDB0036321
CHEBI:172828,HMDB0035005
CHEBI:172834,HMDB0009743
CHEBI:172837,HMDB0030434
CHEBI:172838,HMDB0041775
CHEBI:172841,HMDB0013507
CHEBI:17285,HMDB0303991
CHEBI:172852,HMDB0040378
CHEBI:172856,HMDB0030976
CHEBI:17287,HMDB0001511
CHEBI:17289,HMDB0029387
CHEBI:17290,HMDB0000442
CHEBI:17290,HMDB0000758
CHEBI:172912,HMDB0040891
CHEBI:172913,HMDB0030555
CHEBI:172914,HMDB0029541
CHEBI:172923,HMDB0244936
CHEBI:17293,HMDB0030483
CHEBI:17295,HMDB0000159
CHEBI:17296,HMDB0003012
CHEBI:17300,HMDB0041980
CHEBI:17302,HMDB0031078
CHEBI:17303,HMDB0014440
CHEBI:173035,HMDB0033873
CHEBI:17304,HMDB0036999
CHEBI:17308,HMDB0001864
CHEBI:17309,HMDB0003402
CHEBI:173098,HMDB0256175
CHEBI:17310,HMDB0001545
CHEBI:17311,HMDB0001325
CHEBI:17312,HMDB0001186
CHEBI:173124,HMDB0245187
CHEBI:173136,HMDB0039780
CHEBI:173137,HMDB0030824
CHEBI:173138,HMDB0039517
CHEBI:173145,HMDB0038138
CHEBI:173155,HMDB0040545
CHEBI:173167,HMDB0037078
CHEBI:173182,HMDB0041222
CHEBI:17319,HMDB0001983
CHEBI:173197,HMDB0028868
CHEBI:173198,HMDB0041240
CHEBI:173207,HMDB0030265
CHEBI:17321,HMDB0060403
CHEBI:173217,HMDB0034532
CHEBI:173232,HMDB0030502
CHEBI:173233,HMDB0030504
CHEBI:173236,HMDB0033655
CHEBI:173240,HMDB0036968
CHEBI:173247,HMDB0033624
CHEBI:173248,HMDB0040603
CHEBI:17325,HMDB0059737
CHEBI:173251,HMDB0033109
CHEBI:173253,HMDB0037184
CHEBI:173256,HMDB0039765
CHEBI:173257,HMDB0036663
CHEBI:173262,HMDB0031385
CHEBI:173268,HMDB0032700
CHEBI:17327,HMDB0002019
CHEBI:173272,HMDB0030296
CHEBI:173273,HMDB0040324
CHEBI:173275,HMDB0029930
CHEBI:173276,HMDB0038851
CHEBI:173278,HMDB0038853
CHEBI:173279,HMDB0039704
CHEBI:173280,HMDB0039930
CHEBI:173281,HMDB0041580
CHEBI:173284,HMDB0034629
CHEBI:173285,HMDB0031955
CHEBI:173286,HMDB0038860
CHEBI:173287,HMDB0038861
CHEBI:173288,HMDB0038865
CHEBI:173289,HMDB0041223
CHEBI:173292,HMDB0032798
CHEBI:173293,HMDB0032900
CHEBI:173294,HMDB0037968
CHEBI:173295,HMDB0041239
CHEBI:173299,HMDB0040386
CHEBI:173300,HMDB0040844
CHEBI:173301,HMDB0040436
CHEBI:173304,HMDB0037928
CHEBI:173306,HMDB0012608
CHEBI:173307,HMDB0040846
CHEBI:173309,HMDB0034818
CHEBI:173310,HMDB0035449
CHEBI:173311,HMDB0039420
CHEBI:173319,HMDB0040347
CHEBI:17332,HMDB0302793
CHEBI:173321,HMDB0040261
CHEBI:17333,HMDB0012199
CHEBI:173330,HMDB0030332
CHEBI:173337,HMDB0030276
CHEBI:173338,HMDB0002167
CHEBI:173341,HMDB0029435
CHEBI:173351,HMDB0032230
CHEBI:173352,HMDB0032237
CHEBI:173353,HMDB0032430
CHEBI:173355,HMDB0033171
CHEBI:173356,HMDB0033173
CHEBI:173358,HMDB0039799
CHEBI:17336,HMDB0000305
CHEBI:173361,HMDB0038394
CHEBI:173369,HMDB0039437
CHEBI:173376,HMDB0033569
CHEBI:173382,HMDB0040234
CHEBI:173395,HMDB0039662
CHEBI:173396,HMDB0040016
CHEBI:173397,HMDB0040029
CHEBI:173400,HMDB0040050
CHEBI:173405,HMDB0039658
CHEBI:173406,HMDB0039659
CHEBI:173409,HMDB0039674
CHEBI:173413,HMDB0040044
CHEBI:173415,HMDB0034208
CHEBI:173417,HMDB0032945
CHEBI:173420,HMDB0034442
CHEBI:173425,HMDB0001010
CHEBI:173427,HMDB0032862
CHEBI:173429,HMDB0039661
CHEBI:17343,HMDB0032322
CHEBI:173430,HMDB0040015
CHEBI:173431,HMDB0040022
CHEBI:173432,HMDB0040023
CHEBI:173434,HMDB0040025
CHEBI:173441,HMDB0032376
CHEBI:173444,HMDB0035171
CHEBI:173445,HMDB0038597
CHEBI:173446,HMDB0035244
CHEBI:173447,HMDB0039665
CHEBI:17345,HMDB0001397
CHEBI:173451,HMDB0039678
CHEBI:173452,HMDB0039679
CHEBI:173454,HMDB0038998
CHEBI:173455,HMDB0039682
CHEBI:173456,HMDB0039836
CHEBI:173458,HMDB0040049
CHEBI:173460,HMDB0041558
CHEBI:173464,HMDB0035178
CHEBI:17347,HMDB0000234
CHEBI:173471,HMDB0030577
CHEBI:173475,HMDB0031303
CHEBI:173477,HMDB0033285
CHEBI:173478,HMDB0033517
CHEBI:173480,HMDB0040003
CHEBI:173483,HMDB0034177
CHEBI:173487,HMDB0030330
CHEBI:173488,HMDB0001329
CHEBI:173499,HMDB0038271
CHEBI:173504,HMDB0040021
CHEBI:173505,HMDB0039675
CHEBI:173506,HMDB0039676
CHEBI:173507,HMDB0039677
CHEBI:173508,HMDB0039683
CHEBI:173509,HMDB0039684
CHEBI:17351,HMDB0000673
CHEBI:173511,HMDB0035195
CHEBI:173512,HMDB0036090
CHEBI:173513,HMDB0039784
CHEBI:173514,HMDB0039838
CHEBI:173516,HMDB0060748
CHEBI:173518,HMDB0033286
CHEBI:173519,HMDB0033302
CHEBI:173522,HMDB0032205
CHEBI:173524,HMDB0035291
CHEBI:173525,HMDB0029168
CHEBI:173526,HMDB0001324
CHEBI:173527,HMDB0039791
CHEBI:173528,HMDB0039792
CHEBI:173529,HMDB0039796
CHEBI:173530,HMDB0001427
CHEBI:173532,HMDB0033958
CHEBI:173537,HMDB0029166
CHEBI:173541,HMDB0038163
CHEBI:173543,HMDB0040551
CHEBI:173545,HMDB0033487
CHEBI:173548,HMDB0039790
CHEBI:173557,HMDB0038115
CHEBI:173558,HMDB0012485
CHEBI:17356,HMDB0244967
CHEBI:173563,HMDB0039274
CHEBI:173565,HMDB0032746
CHEBI:173566,HMDB0039356
CHEBI:173567,HMDB0032747
CHEBI:173568,HMDB0304784
CHEBI:173569,HMDB0032026
CHEBI:173579,HMDB0031338
CHEBI:173582,HMDB0031973
CHEBI:173587,HMDB0032922
CHEBI:17359,HMDB0000240
CHEBI:173593,HMDB0030150
CHEBI:173595,HMDB0030681
CHEBI:173599,HMDB0035224
CHEBI:173602,HMDB0041411
CHEBI:173603,HMDB0029171
CHEBI:173604,HMDB0029425
CHEBI:173606,HMDB0036454
CHEBI:173607,HMDB0041390
CHEBI:173609,HMDB0041393
CHEBI:17361,HMDB0000095
CHEBI:173612,HMDB0029602
CHEBI:173617,HMDB0030906
CHEBI:173619,HMDB0030908
CHEBI:17362,HMDB0033731
CHEBI:173620,HMDB0029027
CHEBI:173623,HMDB0032154
CHEBI:173626,HMDB0033550
CHEBI:173629,HMDB0038890
CHEBI:17363,HMDB0000618
CHEBI:173630,HMDB0041392
CHEBI:173631,HMDB0031639
CHEBI:173633,HMDB0040977
CHEBI:173636,HMDB0032240
CHEBI:17364,HMDB0006483
CHEBI:173641,HMDB0040056
CHEBI:173642,HMDB0029397
CHEBI:173648,HMDB0032919
CHEBI:173656,HMDB0033047
CHEBI:173657,HMDB0040239
CHEBI:173658,HMDB0030570
CHEBI:173664,HMDB0032334
CHEBI:173668,HMDB0013211
CHEBI:173669,HMDB0030303
CHEBI:173678,HMDB0035232
CHEBI:17368,HMDB0000157
CHEBI:173680,HMDB0039432
CHEBI:173681,HMDB0039648
CHEBI:173683,HMDB0028860
CHEBI:173686,HMDB0038625
CHEBI:173694,HMDB0304787
CHEBI:173700,HMDB0030891
CHEBI:173702,HMDB0031348
CHEBI:173704,HMDB0032681
CHEBI:173705,HMDB0033083
CHEBI:173707,HMDB0034722
CHEBI:173709,HMDB0035040
CHEBI:17371,HMDB0039122
CHEBI:173710,HMDB0035127
CHEBI:173716,HMDB0036668
CHEBI:173717,HMDB0036687
CHEBI:173721,HMDB0038178
CHEBI:173728,HMDB0039783
CHEBI:173732,HMDB0013030
CHEBI:173734,HMDB0030881
CHEBI:173736,HMDB0001007
CHEBI:173740,HMDB0033485
CHEBI:173742,HMDB0038588
CHEBI:173743,HMDB0029302
CHEBI:173745,HMDB0036347
CHEBI:173747,HMDB0039146
CHEBI:173756,HMDB0033042
CHEBI:173757,HMDB0033046
CHEBI:173758,HMDB0033056
CHEBI:173759,HMDB0033057
CHEBI:17376,HMDB0250712
CHEBI:173761,HMDB0030955
CHEBI:173765,HMDB0030473
CHEBI:17377,HMDB0013679
CHEBI:173771,HMDB0028773
CHEBI:173772,HMDB0028789
CHEBI:173780,HMDB0038761
CHEBI:173781,HMDB0033462
CHEBI:173786,HMDB0013312
CHEBI:17379,HMDB0029484
CHEBI:173791,HMDB0031621
CHEBI:173792,HMDB0031699
CHEBI:173793,HMDB0039467
CHEBI:173794,HMDB0032239
CHEBI:17380,HMDB0011631
CHEBI:173802,HMDB0030215
CHEBI:173805,HMDB0039163
CHEBI:173806,HMDB0038639
CHEBI:173807,HMDB0038640
CHEBI:17381,HMDB0000245
CHEBI:173812,HMDB0033813
CHEBI:173813,HMDB0038668
CHEBI:173822,HMDB0031714
CHEBI:173838,HMDB0038614
CHEBI:173839,HMDB0038676
CHEBI:173842,HMDB0037646
CHEBI:173845,HMDB0039151
CHEBI:173846,HMDB0039152
CHEBI:173847,HMDB0039737
CHEBI:173848,HMDB0032115
CHEBI:17385,HMDB0000755
CHEBI:173850,HMDB0028877
CHEBI:173852,HMDB0028912
CHEBI:173862,HMDB0002248
CHEBI:173866,HMDB0033055
CHEBI:173867,HMDB0039654
CHEBI:173868,HMDB0040235
CHEBI:173877,HMDB0031873
CHEBI:173878,HMDB0033075
CHEBI:173879,HMDB0040893
CHEBI:173880,HMDB0036153
CHEBI:173885,HMDB0039630
CHEBI:173886,HMDB0036117
CHEBI:173888,HMDB0030992
CHEBI:173890,HMDB0030931
CHEBI:173891,HMDB0038526
CHEBI:173894,HMDB0032688
CHEBI:173897,HMDB0038634
CHEBI:17390,HMDB0302683
CHEBI:173900,HMDB0028782
CHEBI:173903,HMDB0039045
CHEBI:173906,HMDB0037815
CHEBI:173909,HMDB0029114
CHEBI:173912,HMDB0040731
CHEBI:173913,HMDB0041122
CHEBI:173914,HMDB0040332
CHEBI:173915,HMDB0040333
CHEBI:173918,HMDB0033845
CHEBI:173923,HMDB0035275
CHEBI:173924,HMDB0035894
CHEBI:173925,HMDB0037277
CHEBI:173929,HMDB0041007
CHEBI:173932,HMDB0035717
CHEBI:173933,HMDB0035191
CHEBI:173934,HMDB0033043
CHEBI:173935,HMDB0034440
CHEBI:173938,HMDB0037644
CHEBI:17394,HMDB0034365
CHEBI:173943,HMDB0038834
CHEBI:173944,HMDB0038051
CHEBI:17395,HMDB0003501
CHEBI:17395,HMDB0001964
CHEBI:17396,HMDB0034934
CHEBI:173961,HMDB0033044
CHEBI:173962,HMDB0033045
CHEBI:173963,HMDB0002026
CHEBI:173968,HMDB0035721
CHEBI:17397,HMDB0304943
CHEBI:173970,HMDB0039427
CHEBI:173972,HMDB0040637
CHEBI:173977,HMDB0030244
CHEBI:173979,HMDB0030194
CHEBI:173980,HMDB0030209
CHEBI:173981,HMDB0029170
CHEBI:173984,HMDB0038621
CHEBI:173985,HMDB0038650
CHEBI:173986,HMDB0038651
CHEBI:173988,HMDB0038833
CHEBI:173989,HMDB0036185
CHEBI:17399,HMDB0000751
CHEBI:173990,HMDB0041439
CHEBI:173992,HMDB0034303
CHEBI:173993,HMDB0036650
CHEBI:173994,HMDB0030991
CHEBI:173995,HMDB0034099
CHEBI:173996,HMDB0033295
CHEBI:173998,HMDB0036422
CHEBI:174005,HMDB0029115
CHEBI:17401,HMDB0003502
CHEBI:174010,HMDB0041090
CHEBI:174017,HMDB0033642
CHEBI:174018,HMDB0035133
CHEBI:174019,HMDB0039053
CHEBI:174021,HMDB0033995
CHEBI:174022,HMDB0034858
CHEBI:174026,HMDB0029775
CHEBI:174028,HMDB0028973
CHEBI:174029,HMDB0038791
CHEBI:174030,HMDB0032653
CHEBI:174031,HMDB0032684
CHEBI:174032,HMDB0034425
CHEBI:174033,HMDB0040242
CHEBI:174037,HMDB0037308
CHEBI:174038,HMDB0040892
CHEBI:174039,HMDB0040699
CHEBI:17404,HMDB0059602
CHEBI:174040,HMDB0041461
CHEBI:174046,HMDB0033058
CHEBI:174047,HMDB0033059
CHEBI:174048,HMDB0033076
CHEBI:174049,HMDB0041142
CHEBI:17405,HMDB0000017
CHEBI:174050,HMDB0033077
CHEBI:174051,HMDB0033048
CHEBI:174052,HMDB0033049
CHEBI:174055,HMDB0039428
CHEBI:174060,HMDB0040700
CHEBI:174063,HMDB0241677
CHEBI:17407,HMDB0000961
CHEBI:174070,HMDB0037390
CHEBI:174074,HMDB0041554
CHEBI:174075,HMDB0033061
CHEBI:174076,HMDB0034688
CHEBI:174077,HMDB0038553
CHEBI:174081,HMDB0041661
CHEBI:174082,HMDB0041663
CHEBI:174083,HMDB0041665
CHEBI:174086,HMDB0041572
CHEBI:174089,HMDB0036327
CHEBI:17409,HMDB0244272
CHEBI:174090,HMDB0033514
CHEBI:174092,HMDB0032035
CHEBI:174093,HMDB0032656
CHEBI:174103,HMDB0041785
CHEBI:174104,HMDB0029518
CHEBI:174105,HMDB0030769
CHEBI:174106,HMDB0038753
CHEBI:174107,HMDB0028872
CHEBI:174109,HMDB0040358
CHEBI:17411,HMDB0062641
CHEBI:174110,HMDB0040032
CHEBI:174111,HMDB0033464
CHEBI:174112,HMDB0035149
CHEBI:174113,HMDB0035443
CHEBI:174114,HMDB0038543
CHEBI:174115,HMDB0011168
CHEBI:174117,HMDB0029473
CHEBI:174118,HMDB0041442
CHEBI:174119,HMDB0028788
CHEBI:174123,HMDB0030242
CHEBI:174127,HMDB0034126
CHEBI:174128,HMDB0029301
CHEBI:174131,HMDB0033072
CHEBI:174133,HMDB0040262
CHEBI:174134,HMDB0028785
CHEBI:174139,HMDB0038563
CHEBI:174140,HMDB0041379
CHEBI:174141,HMDB0037605
CHEBI:174142,HMDB0033293
CHEBI:174143,HMDB0013846
CHEBI:174149,HMDB0033040
CHEBI:17415,HMDB0060365
CHEBI:174151,HMDB0032552
CHEBI:174166,HMDB0041560
CHEBI:174172,HMDB0038648
CHEBI:174174,HMDB0033878
CHEBI:174177,HMDB0038430
CHEBI:174179,HMDB0039209
CHEBI:17418,HMDB0000892
CHEBI:174181,HMDB0031701
CHEBI:174182,HMDB0033184
CHEBI:174183,HMDB0034212
CHEBI:174184,HMDB0039110
CHEBI:174185,HMDB0032659
CHEBI:174190,HMDB0038911
CHEBI:174191,HMDB0041325
CHEBI:174193,HMDB0033352
CHEBI:174196,HMDB0032660
CHEBI:174199,HMDB0011169
CHEBI:17420,HMDB0012290
CHEBI:174200,HMDB0028763
CHEBI:174201,HMDB0030648
CHEBI:174202,HMDB0035712
CHEBI:174205,HMDB0033062
CHEBI:174206,HMDB0036372
CHEBI:174207,HMDB0036373
CHEBI:174208,HMDB0038968
CHEBI:174209,HMDB0028750
CHEBI:174210,HMDB0028771
CHEBI:174212,HMDB0033096
CHEBI:174213,HMDB0040407
CHEBI:174214,HMDB0040778
CHEBI:174215,HMDB0013067
CHEBI:174217,HMDB0062175
CHEBI:174219,HMDB0033073
CHEBI:17422,HMDB0001211
CHEBI:174221,HMDB0040368
CHEBI:174222,HMDB0033074
CHEBI:174223,HMDB0036370
CHEBI:174224,HMDB0036375
CHEBI:174225,HMDB0039494
CHEBI:174226,HMDB0002399
CHEBI:174228,HMDB0035230
CHEBI:174230,HMDB0000839
CHEBI:174233,HMDB0031744
CHEBI:174234,HMDB0033065
CHEBI:174237,HMDB0041298
CHEBI:174238,HMDB0033071
CHEBI:174239,HMDB0029954
CHEBI:174242,HMDB0041756
CHEBI:174244,HMDB0030563
CHEBI:174248,HMDB0037101
CHEBI:174249,HMDB0041097
CHEBI:174250,HMDB0032866
CHEBI:174252,HMDB0039136
CHEBI:174256,HMDB0030595
CHEBI:174257,HMDB0030946
CHEBI:174259,HMDB0039430
CHEBI:174260,HMDB0040876
CHEBI:174265,HMDB0038548
CHEBI:174270,HMDB0041525
CHEBI:174272,HMDB0032763
CHEBI:174274,HMDB0039493
CHEBI:174277,HMDB0028748
CHEBI:174279,HMDB0028749
CHEBI:174280,HMDB0029575
CHEBI:174281,HMDB0029774
CHEBI:174283,HMDB0039063
CHEBI:174285,HMDB0034395
CHEBI:174286,HMDB0039464
CHEBI:174288,HMDB0031924
CHEBI:174290,HMDB0032670
CHEBI:174292,HMDB0033664
CHEBI:174294,HMDB0028983
CHEBI:174297,HMDB0031901
CHEBI:174298,HMDB0035117
CHEBI:174299,HMDB0035137
CHEBI:174300,HMDB0035148
CHEBI:174304,HMDB0036563
CHEBI:174306,HMDB0037529
CHEBI:174307,HMDB0037559
CHEBI:174309,HMDB0040754
CHEBI:17431,HMDB0001432
CHEBI:174310,HMDB0028940
CHEBI:174312,HMDB0029086
CHEBI:174314,HMDB0036359
CHEBI:174316,HMDB0029355
CHEBI:174318,HMDB0028781
CHEBI:174319,HMDB0028970
CHEBI:17432,HMDB0001177
CHEBI:174320,HMDB0041195
CHEBI:174324,HMDB0031373
CHEBI:174326,HMDB0039277
CHEBI:17433,HMDB0001495
CHEBI:174330,HMDB0060578
CHEBI:174331,HMDB0029019
CHEBI:174335,HMDB0033149
CHEBI:174337,HMDB0035309
CHEBI:174338,HMDB0035597
CHEBI:174339,HMDB0035613
CHEBI:17434,HMDB0012295
CHEBI:174342,HMDB0037063
CHEBI:174345,HMDB0037110
CHEBI:174347,HMDB0039511
CHEBI:174349,HMDB0030874
CHEBI:17435,HMDB0060497
CHEBI:174351,HMDB0039756
CHEBI:174354,HMDB0032890
CHEBI:174359,HMDB0029462
CHEBI:17436,HMDB0001343
CHEBI:174364,HMDB0061138
CHEBI:174366,HMDB0033100
CHEBI:17437,HMDB0002303
CHEBI:174373,HMDB0040288
CHEBI:174374,HMDB0304780
CHEBI:174375,HMDB0030616
CHEBI:174379,HMDB0040679
CHEBI:174380,HMDB0041652
CHEBI:174381,HMDB0041657
CHEBI:174382,HMDB0041710
CHEBI:174383,HMDB0001109
CHEBI:174385,HMDB0031319
CHEBI:174386,HMDB0035668
CHEBI:174387,HMDB0035669
CHEBI:174388,HMDB0035670
CHEBI:174389,HMDB0035671
CHEBI:17439,HMDB0000607
CHEBI:174391,HMDB0041539
CHEBI:174392,HMDB0039616
CHEBI:174396,HMDB0033169
CHEBI:174399,HMDB0034186
CHEBI:17440,HMDB0060272
CHEBI:174401,HMDB0028745
CHEBI:174402,HMDB0039601
CHEBI:174403,HMDB0040303
CHEBI:174405,HMDB0040719
CHEBI:174406,HMDB0029403
CHEBI:174407,HMDB0040935
CHEBI:174408,HMDB0041544
CHEBI:174409,HMDB0030578
CHEBI:17441,HMDB0002077
CHEBI:174410,HMDB0030690
CHEBI:174411,HMDB0030788
CHEBI:174412,HMDB0030853
CHEBI:174414,HMDB0030948
CHEBI:174416,HMDB0033015
CHEBI:174418,HMDB0040441
CHEBI:174419,HMDB0034133
CHEBI:17442,HMDB0000978
CHEBI:174420,HMDB0035254
CHEBI:174422,HMDB0039142
CHEBI:174424,HMDB0039592
CHEBI:174425,HMDB0030728
CHEBI:174426,HMDB0041192
CHEBI:174429,HMDB0028736
CHEBI:17443,HMDB0000679
CHEBI:174432,HMDB0036720
CHEBI:174436,HMDB0039082
CHEBI:174437,HMDB0038724
CHEBI:174439,HMDB0038646
CHEBI:174440,HMDB0039808
CHEBI:174445,HMDB0030882
CHEBI:174448,HMDB0032838
CHEBI:174449,HMDB0031706
CHEBI:17445,HMDB0000440
CHEBI:174451,HMDB0028869
CHEBI:174452,HMDB0033268
CHEBI:174456,HMDB0037096
CHEBI:174459,HMDB0030691
CHEBI:174460,HMDB0038659
CHEBI:174461,HMDB0035596
CHEBI:174462,HMDB0041690
CHEBI:174464,HMDB0039497
CHEBI:174467,HMDB0028759
CHEBI:174468,HMDB0034681
CHEBI:17447,HMDB0035155
CHEBI:174475,HMDB0035874
CHEBI:174477,HMDB0036045
CHEBI:174478,HMDB0036125
CHEBI:174479,HMDB0036202
CHEBI:174480,HMDB0036773
CHEBI:174482,HMDB0037528
CHEBI:174483,HMDB0038156
CHEBI:174485,HMDB0041227
CHEBI:174486,HMDB0039766
CHEBI:174489,HMDB0032956
CHEBI:174490,HMDB0041447
CHEBI:174492,HMDB0030137
CHEBI:174493,HMDB0031902
CHEBI:174494,HMDB0033229
CHEBI:174495,HMDB0033660
CHEBI:174496,HMDB0035210
CHEBI:174497,HMDB0035644
CHEBI:174498,HMDB0035647
CHEBI:174499,HMDB0035740
CHEBI:17450,HMDB0030677
CHEBI:174500,HMDB0033019
CHEBI:174502,HMDB0033110
CHEBI:174503,HMDB0033215
CHEBI:174505,HMDB0033220
CHEBI:174506,HMDB0036151
CHEBI:174507,HMDB0033221
CHEBI:174508,HMDB0036152
CHEBI:174510,HMDB0033644
CHEBI:174511,HMDB0034772
CHEBI:174512,HMDB0037059
CHEBI:174514,HMDB0035025
CHEBI:174516,HMDB0038747
CHEBI:174518,HMDB0038980
CHEBI:174521,HMDB0039055
CHEBI:174525,HMDB0030193
CHEBI:174533,HMDB0028865
CHEBI:174538,HMDB0029560
CHEBI:174543,HMDB0034409
CHEBI:174545,HMDB0033671
CHEBI:174548,HMDB0039438
CHEBI:174549,HMDB0028755
CHEBI:174551,HMDB0041386
CHEBI:174552,HMDB0031612
CHEBI:174558,HMDB0040868
CHEBI:174560,HMDB0029840
CHEBI:174561,HMDB0033520
CHEBI:174562,HMDB0033521
CHEBI:174574,HMDB0033308
CHEBI:174577,HMDB0041251
CHEBI:174579,HMDB0041656
CHEBI:17458,HMDB0003633
CHEBI:174581,HMDB0041704
CHEBI:174584,HMDB0035035
CHEBI:174585,HMDB0041660
CHEBI:174587,HMDB0041670
CHEBI:174588,HMDB0041701
CHEBI:174591,HMDB0036558
CHEBI:174592,HMDB0040635
CHEBI:174595,HMDB0038715
CHEBI:174597,HMDB0041243
CHEBI:174599,HMDB0033450
CHEBI:17460,HMDB0000962
CHEBI:174600,HMDB0030377
CHEBI:174603,HMDB0030754
CHEBI:174605,HMDB0033017
CHEBI:174606,HMDB0033333
CHEBI:174607,HMDB0033590
CHEBI:174609,HMDB0039877
CHEBI:174611,HMDB0041654
CHEBI:174612,HMDB0041685
CHEBI:174613,HMDB0028833
CHEBI:174619,HMDB0040929
CHEBI:174620,HMDB0030342
CHEBI:174622,HMDB0028965
CHEBI:174625,HMDB0038939
CHEBI:174629,HMDB0041329
CHEBI:174631,HMDB0033266
CHEBI:174633,HMDB0040924
CHEBI:174634,HMDB0041724
CHEBI:174636,HMDB0030287
CHEBI:174637,HMDB0041520
CHEBI:174638,HMDB0042036
CHEBI:174639,HMDB0031889
CHEBI:17464,HMDB0304401
CHEBI:174640,HMDB0032955
CHEBI:174641,HMDB0034179
CHEBI:174642,HMDB0036691
CHEBI:174648,HMDB0040421
CHEBI:17465,HMDB0037922
CHEBI:174652,HMDB0030743
CHEBI:174653,HMDB0031096
CHEBI:174654,HMDB0033262
CHEBI:174657,HMDB0037325
CHEBI:17466,HMDB0304366
CHEBI:174660,HMDB0032034
CHEBI:174662,HMDB0029234
CHEBI:174664,HMDB0031863
CHEBI:174665,HMDB0031969
CHEBI:174667,HMDB0041304
CHEBI:174670,HMDB0036094
CHEBI:174673,HMDB0036979
CHEBI:174674,HMDB0040755
CHEBI:174675,HMDB0041229
CHEBI:174676,HMDB0034034
CHEBI:174677,HMDB0040869
CHEBI:174681,HMDB0041133
CHEBI:174682,HMDB0029619
CHEBI:174683,HMDB0029918
CHEBI:174684,HMDB0012849
CHEBI:174685,HMDB0029476
CHEBI:174690,HMDB0015477
CHEBI:174691,HMDB0038031
CHEBI:174693,HMDB0038881
CHEBI:174694,HMDB0038882
CHEBI:174698,HMDB0037278
CHEBI:174699,HMDB0034941
CHEBI:174701,HMDB0038661
CHEBI:174703,HMDB0039241
CHEBI:174706,HMDB0038943
CHEBI:174710,HMDB0039166
CHEBI:174711,HMDB0039578
CHEBI:174713,HMDB0029102
CHEBI:174715,HMDB0029819
CHEBI:174723,HMDB0030793
CHEBI:174724,HMDB0030807
CHEBI:174725,HMDB0031420
CHEBI:174727,HMDB0033309
CHEBI:174732,HMDB0034438
CHEBI:174736,HMDB0041726
CHEBI:174738,HMDB0038964
CHEBI:174739,HMDB0030152
CHEBI:17474,HMDB0001425
CHEBI:174743,HMDB0041680
CHEBI:174746,HMDB0041651
CHEBI:174747,HMDB0029303
CHEBI:17475,HMDB0001147
CHEBI:174750,HMDB0030019
CHEBI:174751,HMDB0039044
CHEBI:174752,HMDB0039858
CHEBI:174756,HMDB0033445
CHEBI:174760,HMDB0035399
CHEBI:174762,HMDB0032765
CHEBI:174763,HMDB0039408
CHEBI:174764,HMDB0033348
CHEBI:174772,HMDB0041046
CHEBI:174776,HMDB0030120
CHEBI:174779,HMDB0040806
CHEBI:174780,HMDB0034765
CHEBI:174781,HMDB0034768
CHEBI:174785,HMDB0031975
CHEBI:174786,HMDB0032718
CHEBI:174787,HMDB0038613
CHEBI:174789,HMDB0037200
CHEBI:174790,HMDB0037203
CHEBI:174792,HMDB0038514
CHEBI:174793,HMDB0033331
CHEBI:174794,HMDB0041305
CHEBI:174796,HMDB0040646
CHEBI:174797,HMDB0030784
CHEBI:174799,HMDB0034096
CHEBI:174801,HMDB0034275
CHEBI:174803,HMDB0028743
CHEBI:174804,HMDB0029100
CHEBI:174805,HMDB0039961
CHEBI:174808,HMDB0040619
CHEBI:174810,HMDB0029421
CHEBI:174811,HMDB0032957
CHEBI:174813,HMDB0040931
CHEBI:17482,HMDB0000099
CHEBI:174820,HMDB0039812
CHEBI:174822,HMDB0041617
CHEBI:174823,HMDB0033950
CHEBI:174824,HMDB0038784
CHEBI:174825,HMDB0039071
CHEBI:174828,HMDB0041551
CHEBI:174830,HMDB0037297
CHEBI:174833,HMDB0030830
CHEBI:17484,HMDB0033969
CHEBI:174841,HMDB0033711
CHEBI:174842,HMDB0040786
CHEBI:174845,HMDB0040644
CHEBI:17485,HMDB0000575
CHEBI:174853,HMDB0039226
CHEBI:174857,HMDB0040698
CHEBI:17486,HMDB0014568
CHEBI:174861,HMDB0031421
CHEBI:174870,HMDB0041322
CHEBI:174872,HMDB0030730
CHEBI:174875,HMDB0038325
CHEBI:174876,HMDB0038684
CHEBI:174877,HMDB0039569
CHEBI:174878,HMDB0036804
CHEBI:17488,HMDB0034344
CHEBI:174880,HMDB0041687
CHEBI:174888,HMDB0040560
CHEBI:174889,HMDB0041673
CHEBI:17489,HMDB0000058
CHEBI:174891,HMDB0033996
CHEBI:174892,HMDB0041653
CHEBI:174895,HMDB0013016
CHEBI:174899,HMDB0028723
CHEBI:17490,HMDB0000222
CHEBI:174907,HMDB0039057
CHEBI:174908,HMDB0038322
CHEBI:174909,HMDB0041450
CHEBI:174912,HMDB0029228
CHEBI:174913,HMDB0029231
CHEBI:174915,HMDB0038519
CHEBI:174916,HMDB0029305
CHEBI:174919,HMDB0037494
CHEBI:174920,HMDB0038696
CHEBI:174922,HMDB0014038
CHEBI:174923,HMDB0031947
CHEBI:174925,HMDB0029093
CHEBI:174926,HMDB0032848
CHEBI:174927,HMDB0037111
CHEBI:174933,HMDB0041543
CHEBI:174935,HMDB0004049
CHEBI:174937,HMDB0041206
CHEBI:174939,HMDB0038582
CHEBI:174940,HMDB0040692
CHEBI:174942,HMDB0033312
CHEBI:174943,HMDB0033313
CHEBI:174945,HMDB0037109
CHEBI:174946,HMDB0041723
CHEBI:174947,HMDB0040367
CHEBI:174948,HMDB0036489
CHEBI:174950,HMDB0030782
CHEBI:174953,HMDB0039060
CHEBI:174954,HMDB0040830
CHEBI:174955,HMDB0012869
CHEBI:174956,HMDB0030012
CHEBI:174958,HMDB0032784
CHEBI:174961,HMDB0039738
CHEBI:174962,HMDB0029119
CHEBI:174965,HMDB0035880
CHEBI:174967,HMDB0032001
CHEBI:174968,HMDB0032031
CHEBI:174969,HMDB0040980
CHEBI:17497,HMDB0000115
CHEBI:174970,HMDB0037841
CHEBI:174986,HMDB0030147
CHEBI:174990,HMDB0040955
CHEBI:174992,HMDB0040956
CHEBI:174994,HMDB0040354
CHEBI:174995,HMDB0030600
CHEBI:174996,HMDB0033535
CHEBI:174998,HMDB0030072
CHEBI:17500,HMDB0001496
CHEBI:175000,HMDB0033294
CHEBI:175001,HMDB0040761
CHEBI:175003,HMDB0040520
CHEBI:175004,HMDB0031978
CHEBI:175005,HMDB0032529
CHEBI:175006,HMDB0029509
CHEBI:175009,HMDB0029307
CHEBI:175010,HMDB0040351
CHEBI:175012,HMDB0041292
CHEBI:175014,HMDB0033146
CHEBI:175015,HMDB0033255
CHEBI:175019,HMDB0037917
CHEBI:175022,HMDB0041644
CHEBI:175024,HMDB0038333
CHEBI:175025,HMDB0038335
CHEBI:175031,HMDB0037086
CHEBI:175033,HMDB0041645
CHEBI:175034,HMDB0041650
CHEBI:175035,HMDB0041672
CHEBI:175036,HMDB0041682
CHEBI:175037,HMDB0041694
CHEBI:175038,HMDB0041697
CHEBI:175039,HMDB0041700
CHEBI:175041,HMDB0032650
CHEBI:175042,HMDB0029849
CHEBI:17505,HMDB0005821
CHEBI:17505,HMDB0005826
CHEBI:175051,HMDB0039210
CHEBI:175052,HMDB0033298
CHEBI:175066,HMDB0038323
CHEBI:175067,HMDB0038324
CHEBI:175068,HMDB0038780
CHEBI:175069,HMDB0039510
CHEBI:175070,HMDB0040534
CHEBI:175071,HMDB0029856
CHEBI:175076,HMDB0041451
CHEBI:175077,HMDB0029078
CHEBI:175078,HMDB0031752
CHEBI:175079,HMDB0041649
CHEBI:175080,HMDB0041681
CHEBI:175081,HMDB0041699
CHEBI:175082,HMDB0029292
CHEBI:175083,HMDB0029293
CHEBI:175084,HMDB0030033
CHEBI:175085,HMDB0030034
CHEBI:175088,HMDB0033555
CHEBI:175089,HMDB0035284
CHEBI:17509,HMDB0001173
CHEBI:175090,HMDB0037321
CHEBI:175091,HMDB0012867
CHEBI:175092,HMDB0038970
CHEBI:175095,HMDB0039276
CHEBI:175096,HMDB0039821
CHEBI:175097,HMDB0244805
CHEBI:175098,HMDB0041552
CHEBI:175100,HMDB0036810
CHEBI:175103,HMDB0038694
CHEBI:175106,HMDB0036318
CHEBI:175107,HMDB0036846
CHEBI:175108,HMDB0038306
CHEBI:175110,HMDB0033457
CHEBI:175115,HMDB0041399
CHEBI:175119,HMDB0033105
CHEBI:175121,HMDB0033106
CHEBI:175122,HMDB0035922
CHEBI:175123,HMDB0041578
CHEBI:175124,HMDB0012866
CHEBI:175125,HMDB0041454
CHEBI:175126,HMDB0032984
CHEBI:175128,HMDB0013949
CHEBI:175135,HMDB0041296
CHEBI:175139,HMDB0038102
CHEBI:17514,HMDB0002084
CHEBI:175140,HMDB0041382
CHEBI:175146,HMDB0033193
CHEBI:17515,HMDB0001049
CHEBI:175152,HMDB0038145
CHEBI:175155,HMDB0039167
CHEBI:175156,HMDB0039169
CHEBI:175159,HMDB0034015
CHEBI:17516,HMDB0060320
CHEBI:175163,HMDB0040930
CHEBI:175166,HMDB0034863
CHEBI:175167,HMDB0038708
CHEBI:175169,HMDB0040305
CHEBI:175171,HMDB0040312
CHEBI:175172,HMDB0036409
CHEBI:175173,HMDB0040762
CHEBI:175182,HMDB0031672
CHEBI:175184,HMDB0033881
CHEBI:175186,HMDB0034142
CHEBI:175188,HMDB0039385
CHEBI:17519,HMDB0094692
CHEBI:175199,HMDB0030643
CHEBI:175204,HMDB0012518
CHEBI:175205,HMDB0032655
CHEBI:175206,HMDB0033299
CHEBI:175209,HMDB0037253
CHEBI:17521,HMDB0003072
CHEBI:175211,HMDB0038494
CHEBI:175214,HMDB0030523
CHEBI:175216,HMDB0033538
CHEBI:175217,HMDB0035774
CHEBI:175219,HMDB0036462
CHEBI:175220,HMDB0035879
CHEBI:175221,HMDB0038015
CHEBI:175224,HMDB0033111
CHEBI:175225,HMDB0033224
CHEBI:175226,HMDB0033225
CHEBI:175227,HMDB0038979
CHEBI:175228,HMDB0039056
CHEBI:175230,HMDB0033272
CHEBI:175231,HMDB0033708
CHEBI:175232,HMDB0038953
CHEBI:175233,HMDB0039349
CHEBI:175234,HMDB0033648
CHEBI:175235,HMDB0039350
CHEBI:175236,HMDB0037503
CHEBI:175237,HMDB0041312
CHEBI:175238,HMDB0037504
CHEBI:175239,HMDB0040320
CHEBI:175240,HMDB0040482
CHEBI:175243,HMDB0030664
CHEBI:175246,HMDB0039571
CHEBI:175247,HMDB0029081
CHEBI:175248,HMDB0029097
CHEBI:175254,HMDB0031971
CHEBI:175256,HMDB0033014
CHEBI:175257,HMDB0033611
CHEBI:175261,HMDB0038876
CHEBI:175262,HMDB0012996
CHEBI:175263,HMDB0037499
CHEBI:175265,HMDB0029287
CHEBI:175267,HMDB0029288
CHEBI:175269,HMDB0033563
CHEBI:17527,HMDB0039188
CHEBI:175278,HMDB0041452
CHEBI:17528,HMDB0012188
CHEBI:175285,HMDB0000527
CHEBI:175286,HMDB0033479
CHEBI:175287,HMDB0040793
CHEBI:175288,HMDB0032729
CHEBI:175289,HMDB0032772
CHEBI:17529,HMDB0038111
CHEBI:175294,HMDB0034686
CHEBI:175295,HMDB0039171
CHEBI:175296,HMDB0039441
CHEBI:17530,HMDB0304809
CHEBI:175300,HMDB0033467
CHEBI:175305,HMDB0040566
CHEBI:175306,HMDB0040567
CHEBI:175309,HMDB0029917
CHEBI:17531,HMDB0033581
CHEBI:175310,HMDB0030827
CHEBI:175312,HMDB0039725
CHEBI:175313,HMDB0039888
CHEBI:175314,HMDB0040159
CHEBI:175317,HMDB0012516
CHEBI:175319,HMDB0036399
CHEBI:175325,HMDB0031992
CHEBI:175326,HMDB0032736
CHEBI:175329,HMDB0035586
CHEBI:17533,HMDB0001138
CHEBI:175331,HMDB0038786
CHEBI:175334,HMDB0036886
CHEBI:175339,HMDB0037552
CHEBI:17534,HMDB0012151
CHEBI:175340,HMDB0030828
CHEBI:175341,HMDB0031368
CHEBI:175342,HMDB0039334
CHEBI:175345,HMDB0041273
CHEBI:175346,HMDB0036781
CHEBI:175348,HMDB0036929
CHEBI:175349,HMDB0038785
CHEBI:17535,HMDB0000646
CHEBI:175351,HMDB0038930
CHEBI:175352,HMDB0041400
CHEBI:175353,HMDB0030365
CHEBI:175361,HMDB0035369
CHEBI:175365,HMDB0038466
CHEBI:175367,HMDB0034692
CHEBI:17537,HMDB0005768
CHEBI:175370,HMDB0013950
CHEBI:175371,HMDB0040601
CHEBI:175372,HMDB0040602
CHEBI:175374,HMDB0041189
CHEBI:175379,HMDB0031927
CHEBI:175380,HMDB0032715
CHEBI:175381,HMDB0032716
CHEBI:175383,HMDB0033094
CHEBI:175386,HMDB0033095
CHEBI:175388,HMDB0033290
CHEBI:175394,HMDB0040309
CHEBI:175395,HMDB0040310
CHEBI:175397,HMDB0032896
CHEBI:175398,HMDB0034605
CHEBI:175399,HMDB0030149
CHEBI:175401,HMDB0036474
CHEBI:175404,HMDB0036690
CHEBI:175405,HMDB0031917
CHEBI:175408,HMDB0037097
CHEBI:175409,HMDB0040795
CHEBI:17541,HMDB0301830
CHEBI:175411,HMDB0041795
CHEBI:175412,HMDB0041259
CHEBI:175416,HMDB0032766
CHEBI:175421,HMDB0039062
CHEBI:175424,HMDB0033011
CHEBI:175425,HMDB0033219
CHEBI:175428,HMDB0033236
CHEBI:175431,HMDB0034786
CHEBI:175434,HMDB0039014
CHEBI:175436,HMDB0041546
CHEBI:175439,HMDB0032011
CHEBI:17544,HMDB0000595
CHEBI:175442,HMDB0032895
CHEBI:175448,HMDB0040989
CHEBI:175454,HMDB0035809
CHEBI:175455,HMDB0012848
CHEBI:175456,HMDB0036017
CHEBI:175457,HMDB0029475
CHEBI:175458,HMDB0040641
CHEBI:175459,HMDB0036657
CHEBI:175460,HMDB0040954
CHEBI:175461,HMDB0036676
CHEBI:175469,HMDB0040777
CHEBI:175470,HMDB0029289
CHEBI:175471,HMDB0029290
CHEBI:175472,HMDB0032602
CHEBI:175474,HMDB0040792
CHEBI:175475,HMDB0041370
CHEBI:175476,HMDB0036689
CHEBI:175477,HMDB0034064
CHEBI:17548,HMDB0029940
CHEBI:175485,HMDB0030815
CHEBI:175487,HMDB0031673
CHEBI:175488,HMDB0038788
CHEBI:175489,HMDB0040994
CHEBI:17549,HMDB0001149
CHEBI:175490,HMDB0033616
CHEBI:175491,HMDB0030503
CHEBI:175492,HMDB0029182
CHEBI:175493,HMDB0029184
CHEBI:175494,HMDB0038793
CHEBI:175495,HMDB0030192
CHEBI:175504,HMDB0036885
CHEBI:175505,HMDB0038904
CHEBI:175511,HMDB0037511
CHEBI:175519,HMDB0041212
CHEBI:17552,HMDB0001201
CHEBI:175526,HMDB0035339
CHEBI:175528,HMDB0029993
CHEBI:175529,HMDB0040570
CHEBI:17553,HMDB0000224
CHEBI:175530,HMDB0040502
CHEBI:175532,HMDB0030797
CHEBI:175533,HMDB0032849
CHEBI:175534,HMDB0033756
CHEBI:175535,HMDB0040632
CHEBI:175536,HMDB0039913
CHEBI:175538,HMDB0041114
CHEBI:175542,HMDB0040613
CHEBI:175553,HMDB0040898
CHEBI:175555,HMDB0030716
CHEBI:175556,HMDB0035730
CHEBI:175557,HMDB0034414
CHEBI:17556,HMDB0033669
CHEBI:175560,HMDB0031958
CHEBI:175561,HMDB0039064
CHEBI:175563,HMDB0034065
CHEBI:175565,HMDB0039722
CHEBI:175567,HMDB0039724
CHEBI:175568,HMDB0039726
CHEBI:175570,HMDB0033027
CHEBI:175572,HMDB0035525
CHEBI:175575,HMDB0041123
CHEBI:175576,HMDB0041290
CHEBI:175578,HMDB0041487
CHEBI:175579,HMDB0040558
CHEBI:17558,HMDB0033751
CHEBI:175580,HMDB0035641
CHEBI:175581,HMDB0030333
CHEBI:175582,HMDB0033879
CHEBI:175583,HMDB0033880
CHEBI:175584,HMDB0041401
CHEBI:175587,HMDB0040634
CHEBI:175589,HMDB0033273
CHEBI:175590,HMDB0034584
CHEBI:175593,HMDB0034031
CHEBI:175595,HMDB0038222
CHEBI:175604,HMDB0030573
CHEBI:175605,HMDB0035467
CHEBI:175607,HMDB0038999
CHEBI:175608,HMDB0041276
CHEBI:17561,HMDB0000574
CHEBI:175617,HMDB0035476
CHEBI:17562,HMDB0000089
CHEBI:175622,HMDB0039918
CHEBI:175623,HMDB0039919
CHEBI:175624,HMDB0038381
CHEBI:175625,HMDB0039920
CHEBI:175626,HMDB0032717
CHEBI:175629,HMDB0039034
CHEBI:175631,HMDB0039100
CHEBI:175634,HMDB0040311
CHEBI:175635,HMDB0040796
CHEBI:175642,HMDB0033905
CHEBI:175646,HMDB0035995
CHEBI:175652,HMDB0037103
CHEBI:175654,HMDB0040759
CHEBI:175658,HMDB0032095
CHEBI:175659,HMDB0253231
CHEBI:17566,HMDB0006524
CHEBI:175671,HMDB0036944
CHEBI:175673,HMDB0040757
CHEBI:175676,HMDB0040758
CHEBI:175677,HMDB0041226
CHEBI:175679,HMDB0041279
CHEBI:17568,HMDB0000300
CHEBI:175686,HMDB0012622
CHEBI:175690,HMDB0030512
CHEBI:175691,HMDB0029601
CHEBI:175694,HMDB0029830
CHEBI:175695,HMDB0030080
CHEBI:175696,HMDB0036556
CHEBI:175699,HMDB0029564
CHEBI:175700,HMDB0038282
CHEBI:175702,HMDB0041364
CHEBI:175706,HMDB0038733
CHEBI:175708,HMDB0038734
CHEBI:175715,HMDB0039959
CHEBI:175716,HMDB0035258
CHEBI:175717,HMDB0035260
CHEBI:175726,HMDB0035526
CHEBI:175734,HMDB0041043
CHEBI:175737,HMDB0039891
CHEBI:17574,HMDB0002338
CHEBI:175740,HMDB0040895
CHEBI:175743,HMDB0034528
CHEBI:175750,HMDB0031941
CHEBI:175754,HMDB0036555
CHEBI:175759,HMDB0030439
CHEBI:175760,HMDB0034836
CHEBI:175761,HMDB0035499
CHEBI:175764,HMDB0038236
CHEBI:175765,HMDB0033654
CHEBI:175769,HMDB0029341
CHEBI:17577,HMDB0006868
CHEBI:175771,HMDB0033319
CHEBI:175772,HMDB0041099
CHEBI:175775,HMDB0034516
CHEBI:175777,HMDB0037456
CHEBI:17578,HMDB0034168
CHEBI:175780,HMDB0030200
CHEBI:175784,HMDB0030826
CHEBI:175785,HMDB0032733
CHEBI:175788,HMDB0035182
CHEBI:17579,HMDB0000561
CHEBI:175795,HMDB0036884
CHEBI:175796,HMDB0039090
CHEBI:175798,HMDB0033254
CHEBI:175799,HMDB0033276
CHEBI:17580,HMDB0036100
CHEBI:175803,HMDB0033841
CHEBI:175806,HMDB0033279
CHEBI:175808,HMDB0040912
CHEBI:175809,HMDB0034037
CHEBI:175811,HMDB0030649
CHEBI:175813,HMDB0039357
CHEBI:175814,HMDB0033534
CHEBI:175816,HMDB0033537
CHEBI:175817,HMDB0036463
CHEBI:17582,HMDB0304395
CHEBI:175820,HMDB0041139
CHEBI:175823,HMDB0033300
CHEBI:175824,HMDB0033301
CHEBI:175825,HMDB0033932
CHEBI:175826,HMDB0040600
CHEBI:175829,HMDB0032731
CHEBI:175830,HMDB0035160
CHEBI:175832,HMDB0033906
CHEBI:175835,HMDB0038971
CHEBI:175836,HMDB0039032
CHEBI:175838,HMDB0029788
CHEBI:175849,HMDB0039137
CHEBI:17585,HMDB0060482
CHEBI:175854,HMDB0036945
CHEBI:175855,HMDB0041002
CHEBI:175861,HMDB0032770
CHEBI:175862,HMDB0032773
CHEBI:175865,HMDB0029921
CHEBI:175867,HMDB0029929
CHEBI:17587,HMDB0003466
CHEBI:175871,HMDB0039703
CHEBI:175872,HMDB0039505
CHEBI:175873,HMDB0039708
CHEBI:175877,HMDB0041948
CHEBI:175878,HMDB0040899
CHEBI:175879,HMDB0035840
CHEBI:17588,HMDB0000742
CHEBI:175880,HMDB0041228
CHEBI:175881,HMDB0037597
CHEBI:175883,HMDB0036377
CHEBI:175891,HMDB0030186
CHEBI:175893,HMDB0034914
CHEBI:175894,HMDB0035479
CHEBI:175895,HMDB0036281
CHEBI:175897,HMDB0038950
CHEBI:175898,HMDB0034529
CHEBI:175899,HMDB0039617
CHEBI:17590,HMDB0001485
CHEBI:175901,HMDB0014584
CHEBI:175902,HMDB0039634
CHEBI:175904,HMDB0040134
CHEBI:175908,HMDB0040834
CHEBI:175909,HMDB0041100
CHEBI:175914,HMDB0029277
CHEBI:175915,HMDB0041277
CHEBI:175916,HMDB0037346
CHEBI:175918,HMDB0039058
CHEBI:175919,HMDB0034813
CHEBI:175920,HMDB0040355
CHEBI:175922,HMDB0035404
CHEBI:175923,HMDB0031401
CHEBI:175926,HMDB0041366
CHEBI:175932,HMDB0036335
CHEBI:175934,HMDB0040722
CHEBI:175935,HMDB0033284
CHEBI:175937,HMDB0039059
CHEBI:175938,HMDB0041197
CHEBI:17594,HMDB0002434
CHEBI:175940,HMDB0030711
CHEBI:175942,HMDB0030712
CHEBI:175943,HMDB0030714
CHEBI:175944,HMDB0030715
CHEBI:175945,HMDB0030825
CHEBI:175946,HMDB0033539
CHEBI:175947,HMDB0033540
CHEBI:175948,HMDB0033688
CHEBI:175950,HMDB0039029
CHEBI:175953,HMDB0038546
CHEBI:175954,HMDB0030565
CHEBI:175956,HMDB0036294
CHEBI:175959,HMDB0040776
CHEBI:17596,HMDB0000195
CHEBI:175963,HMDB0041363
CHEBI:175965,HMDB0037758
CHEBI:175966,HMDB0038266
CHEBI:175967,HMDB0039247
CHEBI:175968,HMDB0040569
CHEBI:17597,HMDB0011718
CHEBI:175972,HMDB0038717
CHEBI:175974,HMDB0038921
CHEBI:175975,HMDB0040896
CHEBI:175980,HMDB0030162
CHEBI:175983,HMDB0035415
CHEBI:175985,HMDB0039379
CHEBI:175986,HMDB0037100
CHEBI:175988,HMDB0040729
CHEBI:175989,HMDB0041713
CHEBI:175991,HMDB0039094
CHEBI:175994,HMDB0034117
CHEBI:175995,HMDB0037313
CHEBI:17600,HMDB0001551
CHEBI:176000,HMDB0031423
CHEBI:176001,HMDB0038330
CHEBI:176002,HMDB0039039
CHEBI:176003,HMDB0039172
CHEBI:176004,HMDB0040555
CHEBI:176005,HMDB0040863
CHEBI:176006,HMDB0041265
CHEBI:176008,HMDB0041091
CHEBI:17601,HMDB0003826
CHEBI:176012,HMDB0032021
CHEBI:176014,HMDB0041126
CHEBI:176015,HMDB0014256
CHEBI:176019,HMDB0033828
CHEBI:17602,HMDB0001169
CHEBI:176021,HMDB0031361
CHEBI:176025,HMDB0035297
CHEBI:176027,HMDB0035298
CHEBI:176028,HMDB0036833
CHEBI:176029,HMDB0030576
CHEBI:176030,HMDB0030607
CHEBI:176031,HMDB0035138
CHEBI:176032,HMDB0035139
CHEBI:176033,HMDB0030057
CHEBI:176034,HMDB0036910
CHEBI:176036,HMDB0036926
CHEBI:176037,HMDB0034935
CHEBI:176038,HMDB0034936
CHEBI:17604,HMDB0002038
CHEBI:176042,HMDB0036745
CHEBI:176043,HMDB0034514
CHEBI:176047,HMDB0038392
CHEBI:176048,HMDB0040862
CHEBI:176049,HMDB0041053
CHEBI:176051,HMDB0036398
CHEBI:176056,HMDB0039028
CHEBI:176058,HMDB0039038
CHEBI:17606,HMDB0000675
CHEBI:176061,HMDB0039013
CHEBI:176063,HMDB0040747
CHEBI:176064,HMDB0031390
CHEBI:176065,HMDB0032094
CHEBI:176067,HMDB0013045
CHEBI:176068,HMDB0041367
CHEBI:176070,HMDB0039231
CHEBI:176071,HMDB0029342
CHEBI:176077,HMDB0029577
CHEBI:176078,HMDB0029679
CHEBI:176079,HMDB0033982
CHEBI:176082,HMDB0034405
CHEBI:176084,HMDB0038293
CHEBI:176085,HMDB0030538
CHEBI:176086,HMDB0035316
CHEBI:176087,HMDB0038740
CHEBI:176088,HMDB0038887
CHEBI:176089,HMDB0038898
CHEBI:176090,HMDB0036870
CHEBI:176091,HMDB0036877
CHEBI:176092,HMDB0040542
CHEBI:176094,HMDB0041722
CHEBI:176097,HMDB0036971
CHEBI:176098,HMDB0031723
CHEBI:176101,HMDB0039927
CHEBI:176102,HMDB0040162
CHEBI:176109,HMDB0039593
CHEBI:176118,HMDB0041311
CHEBI:176119,HMDB0038564
CHEBI:176123,HMDB0032503
CHEBI:176125,HMDB0029298
CHEBI:176126,HMDB0040118
CHEBI:176127,HMDB0037347
CHEBI:176128,HMDB0037471
CHEBI:176129,HMDB0038741
CHEBI:17613,HMDB0012187
CHEBI:176130,HMDB0041738
CHEBI:176133,HMDB0031586
CHEBI:176134,HMDB0040561
CHEBI:176135,HMDB0041536
CHEBI:17614,HMDB0012177
CHEBI:176147,HMDB0040817
CHEBI:176151,HMDB0032832
CHEBI:176153,HMDB0037908
CHEBI:176155,HMDB0036842
CHEBI:176157,HMDB0031381
CHEBI:176158,HMDB0036882
CHEBI:17616,HMDB0003648
CHEBI:176160,HMDB0032771
CHEBI:176161,HMDB0032774
CHEBI:176162,HMDB0031896
CHEBI:176166,HMDB0033323
CHEBI:176167,HMDB0030238
CHEBI:176169,HMDB0037417
CHEBI:17617,HMDB0060267
CHEBI:176175,HMDB0032714
CHEBI:176176,HMDB0034302
CHEBI:176177,HMDB0034560
CHEBI:176178,HMDB0034924
CHEBI:176180,HMDB0005772
CHEBI:176182,HMDB0031393
CHEBI:176183,HMDB0035236
CHEBI:176184,HMDB0036282
CHEBI:176186,HMDB0030362
CHEBI:176193,HMDB0041424
CHEBI:176195,HMDB0013021
CHEBI:176196,HMDB0039925
CHEBI:17620,HMDB0000954
CHEBI:176200,HMDB0039150
CHEBI:176201,HMDB0034978
CHEBI:176205,HMDB0029493
CHEBI:176206,HMDB0037343
CHEBI:176208,HMDB0037344
CHEBI:176209,HMDB0040138
CHEBI:17621,HMDB0001520
CHEBI:176210,HMDB0040139
CHEBI:176212,HMDB0030940
CHEBI:176214,HMDB0034967
CHEBI:176215,HMDB0037117
CHEBI:176216,HMDB0037413
CHEBI:176217,HMDB0038667
CHEBI:176218,HMDB0037414
CHEBI:176219,HMDB0037416
CHEBI:17622,HMDB0001409
CHEBI:176220,HMDB0037448
CHEBI:176221,HMDB0039341
CHEBI:176222,HMDB0037453
CHEBI:176223,HMDB0038810
CHEBI:176224,HMDB0039472
CHEBI:176225,HMDB0038819
CHEBI:176226,HMDB0039909
CHEBI:176227,HMDB0035900
CHEBI:176230,HMDB0029235
CHEBI:176233,HMDB0034354
CHEBI:176235,HMDB0037367
CHEBI:176236,HMDB0037789
CHEBI:176237,HMDB0037795
CHEBI:17624,HMDB0012218
CHEBI:176240,HMDB0037533
CHEBI:176241,HMDB0037583
CHEBI:176242,HMDB0034374
CHEBI:176244,HMDB0039507
CHEBI:176245,HMDB0029654
CHEBI:176246,HMDB0037355
CHEBI:176247,HMDB0037364
CHEBI:17625,HMDB0001191
CHEBI:176251,HMDB0039921
CHEBI:176254,HMDB0039520
CHEBI:176258,HMDB0034091
CHEBI:17626,HMDB0000634
CHEBI:176260,HMDB0039103
CHEBI:176262,HMDB0036966
CHEBI:176263,HMDB0029606
CHEBI:176264,HMDB0029621
CHEBI:176266,HMDB0038452
CHEBI:176267,HMDB0039329
CHEBI:176268,HMDB0039928
CHEBI:176269,HMDB0039962
CHEBI:17627,HMDB0003178
CHEBI:176272,HMDB0034642
CHEBI:176273,HMDB0037910
CHEBI:176274,HMDB0039553
CHEBI:176275,HMDB0041132
CHEBI:176278,HMDB0040941
CHEBI:176279,HMDB0041040
CHEBI:17628,HMDB0248308
CHEBI:176282,HMDB0038619
CHEBI:176286,HMDB0035961
CHEBI:176288,HMDB0030129
CHEBI:176290,HMDB0034842
CHEBI:176291,HMDB0036405
CHEBI:17630,HMDB0015303
CHEBI:176300,HMDB0037741
CHEBI:176301,HMDB0039970
CHEBI:176303,HMDB0031687
CHEBI:176305,HMDB0038064
CHEBI:176317,HMDB0038065
CHEBI:176318,HMDB0031827
CHEBI:176319,HMDB0031828
CHEBI:17632,HMDB0015021
CHEBI:17632,HMDB0002878
CHEBI:176322,HMDB0041730
CHEBI:176323,HMDB0038739
CHEBI:176324,HMDB0040123
CHEBI:176325,HMDB0034546
CHEBI:176326,HMDB0041028
CHEBI:176328,HMDB0041020
CHEBI:17633,HMDB0059641
CHEBI:17633,HMDB0059638
CHEBI:176330,HMDB0038317
CHEBI:176331,HMDB0041019
CHEBI:176337,HMDB0035663
CHEBI:176354,HMDB0041731
CHEBI:17636,HMDB0012096
CHEBI:17636,HMDB0012092
CHEBI:17636,HMDB0012089
CHEBI:176363,HMDB0029260
CHEBI:17637,HMDB0032594
CHEBI:176371,HMDB0037460
CHEBI:176385,HMDB0029031
CHEBI:176386,HMDB0041759
CHEBI:176407,HMDB0035887
CHEBI:176411,HMDB0028701
CHEBI:17642,HMDB0041974
CHEBI:176435,HMDB0240433
CHEBI:176436,HMDB0240461
CHEBI:176441,HMDB0028867
CHEBI:176446,HMDB0028866
CHEBI:176448,HMDB0240709
CHEBI:17645,HMDB0003681
CHEBI:176456,HMDB0240641
CHEBI:176463,HMDB0002377
CHEBI:176472,HMDB0041721
CHEBI:176485,HMDB0041708
CHEBI:176486,HMDB0030277
CHEBI:176487,HMDB0240463
CHEBI:17650,HMDB0000063
CHEBI:176517,HMDB0033208
CHEBI:17656,HMDB0062635
CHEBI:17658,HMDB0034108
CHEBI:17659,HMDB0000295
CHEBI:17660,HMDB0245646
CHEBI:17661,HMDB0001499
CHEBI:17672,HMDB0001096
CHEBI:17677,HMDB0000082
CHEBI:17678,HMDB0031720
CHEBI:176781,HMDB0032207
CHEBI:17682,HMDB0032039
CHEBI:17685,HMDB0001091
CHEBI:17687,HMDB0000138
CHEBI:17688,HMDB0001934
CHEBI:176887,HMDB0302093
CHEBI:17691,HMDB0059747
CHEBI:17694,HMDB0000985
CHEBI:17696,HMDB0041861
CHEBI:17697,HMDB0001238
CHEBI:17698,HMDB0014589
CHEBI:17700,HMDB0033713
CHEBI:17709,HMDB0001003
CHEBI:17710,HMDB0000227
CHEBI:17710,HMDB0059629
CHEBI:17712,HMDB0000292
CHEBI:17713,HMDB0000905
CHEBI:17715,HMDB0240311
CHEBI:17716,HMDB0035312
CHEBI:17719,HMDB0003498
CHEBI:17720,HMDB0001294
CHEBI:17724,HMDB0000092
CHEBI:17725,HMDB0001081
CHEBI:177298,HMDB0244308
CHEBI:17730,HMDB0303771
CHEBI:17735,HMDB0001466
CHEBI:17737,HMDB0002719
CHEBI:17740,HMDB0011602
CHEBI:17741,HMDB0001888
CHEBI:17745,HMDB0012915
CHEBI:17746,HMDB0242170
CHEBI:17747,HMDB0249243
CHEBI:17748,HMDB0000273
CHEBI:17750,HMDB0000043
CHEBI:17752,HMDB0000206
CHEBI:17754,HMDB0000131
CHEBI:17755,HMDB0033142
CHEBI:17755,HMDB0303077
CHEBI:17759,HMDB0000032
CHEBI:17760,HMDB0254614
CHEBI:17762,HMDB0000871
CHEBI:17763,HMDB0032989
CHEBI:17764,HMDB0304061
CHEBI:17766,HMDB0244161
CHEBI:17768,HMDB0002064
CHEBI:17769,HMDB0001080
CHEBI:17775,HMDB0000289
CHEBI:17780,HMDB0000472
CHEBI:17781,HMDB0254199
CHEBI:17786,HMDB0011756
CHEBI:17790,HMDB0001875
CHEBI:17793,HMDB0249566
CHEBI:17794,HMDB0060180
CHEBI:17798,HMDB0001228
CHEBI:17802,HMDB0000767
CHEBI:17804,HMDB0001195
CHEBI:17805,HMDB0012208
CHEBI:17807,HMDB0003503
CHEBI:17808,HMDB0003335
CHEBI:17813,HMDB0001023
CHEBI:17813,HMDB0010315
CHEBI:17814,HMDB0003546
CHEBI:17816,HMDB0000968
CHEBI:17818,HMDB0029365
CHEBI:178199,HMDB0304845
CHEBI:17821,HMDB0010337
CHEBI:17821,HMDB0000262
CHEBI:17823,HMDB0001903
CHEBI:17824,HMDB0000863
CHEBI:17825,HMDB0059612
CHEBI:17826,HMDB0012259
CHEBI:17835,HMDB0003391
CHEBI:17836,HMDB0304171
CHEBI:1784,HMDB0013195
CHEBI:17840,HMDB0004094
CHEBI:17842,HMDB0060520
CHEBI:17846,HMDB0002670
CHEBI:17847,HMDB0001858
CHEBI:178513,HMDB0059710
CHEBI:17854,HMDB0003315
CHEBI:17857,HMDB0304185
CHEBI:17858,HMDB0011691
CHEBI:17858,HMDB0003337
CHEBI:17858,HMDB0000656
CHEBI:17859,HMDB0000661
CHEBI:17862,HMDB0001480
CHEBI:17864,HMDB0002580
CHEBI:17868,HMDB0062190
CHEBI:17869,HMDB0012843
CHEBI:17871,HMDB0003453
CHEBI:17874,HMDB0012215
CHEBI:17877,HMDB0001197
CHEBI:17879,HMDB0034462
CHEBI:17879,HMDB0304180
CHEBI:17883,HMDB0002306
CHEBI:17884,HMDB0006344
CHEBI:17885,HMDB0059599
CHEBI:17889,HMDB0004290
CHEBI:17890,HMDB0003447
CHEBI:17895,HMDB0000158
CHEBI:17897,HMDB0010207
CHEBI:17898,HMDB0001358
CHEBI:17899,HMDB0001993
CHEBI:17902,HMDB0033458
CHEBI:17903,HMDB0032141
CHEBI:17905,HMDB0003745
CHEBI:17906,HMDB0002134
CHEBI:17907,HMDB0062765
CHEBI:17915,HMDB0060476
CHEBI:17917,HMDB0001263
CHEBI:17919,HMDB0035716
CHEBI:17924,HMDB0000247
CHEBI:17925,HMDB0003345
CHEBI:17927,HMDB0001276
CHEBI:17929,HMDB0001539
CHEBI:17931,HMDB0255151
CHEBI:17933,HMDB0003550
CHEBI:17935,HMDB0001140
CHEBI:17941,HMDB0014815
CHEBI:17945,HMDB0255105
CHEBI:17947,HMDB0012710
CHEBI:17948,HMDB0303943
CHEBI:17957,HMDB0032985
CHEBI:17960,HMDB0011111
CHEBI:17963,HMDB0243929
CHEBI:17964,HMDB0000070
CHEBI:17965,HMDB0301981
CHEBI:17967,HMDB0031219
CHEBI:17969,HMDB0060274
CHEBI:17973,HMDB0000645
CHEBI:17977,HMDB0256033
CHEBI:17978,HMDB0006955
CHEBI:17980,HMDB0001134
CHEBI:17981,HMDB0003011
CHEBI:17985,HMDB0000061
CHEBI:17987,HMDB0003119
CHEBI:17990,HMDB0301785
CHEBI:17992,HMDB0000258
CHEBI:17996,HMDB0000492
CHEBI:17997,HMDB0001371
CHEBI:17998,HMDB0000432
CHEBI:17998,HMDB0001318
CHEBI:1800,HMDB0246384
CHEBI:18002,HMDB0304482
CHEBI:18005,HMDB0304081
CHEBI:18009,HMDB0000217
CHEBI:18009,HMDB0304435
CHEBI:18010,HMDB0029263
CHEBI:18012,HMDB0000134
CHEBI:18013,HMDB0240453
CHEBI:18015,HMDB0032913
CHEBI:18019,HMDB0000182
CHEBI:18020,HMDB0001345
CHEBI:18022,HMDB0001453
CHEBI:18026,HMDB0000397
CHEBI:18032,HMDB0243613
CHEBI:18036,HMDB0003379
CHEBI:18040,HMDB0000450
CHEBI:18041,HMDB0003052
CHEBI:18043,HMDB0042006
CHEBI:18047,HMDB0012210
CHEBI:180471,HMDB0240367
CHEBI:18048,HMDB0034864
CHEBI:180480,HMDB0248358
CHEBI:18049,HMDB0034301
CHEBI:18050,HMDB0000641
CHEBI:18051,HMDB0012249
CHEBI:18053,HMDB0036458
CHEBI:18067,HMDB0003555
CHEBI:18069,HMDB0304126
CHEBI:18075,HMDB0001274
CHEBI:18077,HMDB0001342
CHEBI:1808,HMDB0246399
CHEBI:18081,HMDB0001063
CHEBI:18083,HMDB0011599
CHEBI:18086,HMDB0001190
CHEBI:18088,HMDB0005808
CHEBI:18089,HMDB0000714
CHEBI:18090,HMDB0001106
CHEBI:18091,HMDB0029611
CHEBI:18093,HMDB0006758
CHEBI:18094,HMDB0244212
CHEBI:18095,HMDB0000725
CHEBI:18095,HMDB0036576
CHEBI:18098,HMDB0012206
CHEBI:18101,HMDB0000020
CHEBI:18102,HMDB0000791
CHEBI:18105,HMDB0060467
CHEBI:18107,HMDB0000299
CHEBI:18110,HMDB0304153
CHEBI:18116,HMDB0001271
CHEBI:18119,HMDB0031307
CHEBI:18120,HMDB0012176
CHEBI:18123,HMDB0000875
CHEBI:18124,HMDB0256485
CHEBI:18125,HMDB0002641
CHEBI:18127,HMDB0002322
CHEBI:18128,HMDB0240541
CHEBI:18129,HMDB0062549
CHEBI:18132,HMDB0001565
CHEBI:18134,HMDB0011662
CHEBI:18135,HMDB0000957
CHEBI:18138,HMDB0249282
CHEBI:18139,HMDB0000906
CHEBI:18145,HMDB0001893
CHEBI:18148,HMDB0003514
CHEBI:18150,HMDB0304124
CHEBI:18152,HMDB0002755
CHEBI:18153,HMDB0029594
CHEBI:18155,HMDB0092961
CHEBI:18157,HMDB0004051
CHEBI:18160,HMDB0006707
CHEBI:18167,HMDB0037138
CHEBI:18169,HMDB0006814
CHEBI:18170,HMDB0062761
CHEBI:18171,HMDB0030589
CHEBI:18173,HMDB0062564
CHEBI:18173,HMDB0034219
CHEBI:18177,HMDB0255222
CHEBI:18183,HMDB0000267
CHEBI:18185,HMDB0001492
CHEBI:18186,HMDB0037556
CHEBI:18186,HMDB0250803
CHEBI:18187,HMDB0011116
CHEBI:18189,HMDB0001548
CHEBI:18198,HMDB0304170
CHEBI:18202,HMDB0011632
CHEBI:18204,HMDB0000995
CHEBI:18205,HMDB0006330
CHEBI:18208,HMDB0015186
CHEBI:18211,HMDB0250742
CHEBI:18212,HMDB0011119
CHEBI:18215,HMDB0304558
CHEBI:18220,HMDB0253637
CHEBI:18224,HMDB0249885
CHEBI:18225,HMDB0006234
CHEBI:18227,HMDB0030588
CHEBI:18228,HMDB0001143
CHEBI:18230,HMDB0038578
CHEBI:18231,HMDB0012190
CHEBI:18236,HMDB0033657
CHEBI:18237,HMDB0060475
CHEBI:18238,HMDB0060370
CHEBI:18240,HMDB0006055
CHEBI:18243,HMDB0000073
CHEBI:18247,HMDB0003841
CHEBI:18248,HMDB0015531
CHEBI:18250,HMDB0000652
CHEBI:18250,HMDB0000580
CHEBI:18252,HMDB0006271
CHEBI:18255,HMDB0029956
CHEBI:18257,HMDB0032455
CHEBI:18258,HMDB0000265
CHEBI:18261,HMDB0000026
CHEBI:18265,HMDB0000802
CHEBI:18266,HMDB0029915
CHEBI:18268,HMDB0006355
CHEBI:18276,HMDB0001362
CHEBI:18280,HMDB0001587
CHEBI:18283,HMDB0001124
CHEBI:18284,HMDB0001512
CHEBI:18292,HMDB0032797
CHEBI:18293,HMDB0030637
CHEBI:18295,HMDB0000870
CHEBI:18296,HMDB0060453
CHEBI:18297,HMDB0000213
CHEBI:18300,HMDB0000176
CHEBI:183000,HMDB0015253
CHEBI:18302,HMDB0012277
CHEBI:18303,HMDB0014291
CHEBI:18304,HMDB0001179
CHEBI:18305,HMDB0029943
CHEBI:18307,HMDB0000302
CHEBI:18308,HMDB0031647
CHEBI:1831,HMDB0060387
CHEBI:18311,HMDB0257047
CHEBI:18315,HMDB0013636
CHEBI:18316,HMDB0062766
CHEBI:18319,HMDB0000797
CHEBI:18320,HMDB0251493
CHEBI:18321,HMDB0011649
CHEBI:18323,HMDB0000194
CHEBI:18329,HMDB0000493
CHEBI:18332,HMDB0000248
CHEBI:18333,HMDB0000568
CHEBI:18334,HMDB0001364
CHEBI:18335,HMDB0001555
CHEBI:18336,HMDB0006802
CHEBI:18344,HMDB0000715
CHEBI:18346,HMDB0012308
CHEBI:18347,HMDB0001645
CHEBI:18349,HMDB0002022
CHEBI:18350,HMDB0243900
CHEBI:183515,HMDB0014856
CHEBI:18353,HMDB0032012
CHEBI:18357,HMDB0000216
CHEBI:18358,HMDB0014693
CHEBI:18361,HMDB0000250
CHEBI:18361,HMDB0304340
CHEBI:18364,HMDB0001286
CHEBI:18367,HMDB0001429
CHEBI:18371,HMDB0060459
CHEBI:18372,HMDB0000980
CHEBI:18374,HMDB0012276
CHEBI:18376,HMDB0000632
CHEBI:18377,HMDB0001200
CHEBI:183772,HMDB0015022
CHEBI:18378,HMDB0011605
CHEBI:18381,HMDB0001439
CHEBI:18384,HMDB0001313
CHEBI:18385,HMDB0000235
CHEBI:18386,HMDB0000842
CHEBI:18388,HMDB0002124
CHEBI:18392,HMDB0003325
CHEBI:18396,HMDB0011673
CHEBI:18397,HMDB0012275
CHEBI:18401,HMDB0032502
CHEBI:18402,HMDB0003873
CHEBI:18402,HMDB0000601
CHEBI:18403,HMDB0001851
CHEBI:18404,HMDB0301753
CHEBI:18405,HMDB0001491
CHEBI:18406,HMDB0001517
CHEBI:18407,HMDB0060292
CHEBI:18408,HMDB0002086
CHEBI:18409,HMDB0006855
CHEBI:18412,HMDB0029438
CHEBI:18413,HMDB0002305
CHEBI:18414,HMDB0029659
CHEBI:18416,HMDB0006834
CHEBI:18417,HMDB0303359
CHEBI:18418,HMDB0033103
CHEBI:18420,HMDB0000547
CHEBI:18421,HMDB0002168
CHEBI:18422,HMDB0034834
CHEBI:18426,HMDB0001125
CHEBI:18427,HMDB0031437
CHEBI:18429,HMDB0036819
CHEBI:18431,HMDB0006281
CHEBI:18435,HMDB0303804
CHEBI:18450,HMDB0060486
CHEBI:18451,HMDB0041628
CHEBI:18451,HMDB0035764
CHEBI:18533,HMDB0012116
CHEBI:18534,HMDB0012196
CHEBI:18554,HMDB0040264
CHEBI:18624,HMDB0013592
CHEBI:1864,HMDB0013856
CHEBI:1868,HMDB0041683
CHEBI:18697,HMDB0240389
CHEBI:187055,HMDB0031253
CHEBI:18721,HMDB0031334
CHEBI:18743,HMDB0035140
CHEBI:1879,HMDB0004284
CHEBI:1883,HMDB0004072
CHEBI:18853,HMDB0244026
CHEBI:18855,HMDB0244112
CHEBI:188648,HMDB0246012
CHEBI:1887,HMDB0060686
CHEBI:18882,HMDB0244068
CHEBI:18887,HMDB0246048
CHEBI:18898,HMDB0244085
CHEBI:18917,HMDB0244163
CHEBI:18921,HMDB0244171
CHEBI:1895,HMDB0041609
CHEBI:189698,HMDB0001241
CHEBI:189797,HMDB0014629
CHEBI:1898,HMDB0037759
CHEBI:19030,HMDB0012136
CHEBI:190358,HMDB0248813
CHEBI:1904,HMDB0240464
CHEBI:1905,HMDB0240465
CHEBI:19062,HMDB0001563
CHEBI:19065,HMDB0002721
CHEBI:19092,HMDB0012497
CHEBI:1911,HMDB0246530
CHEBI:19138,HMDB0244455
CHEBI:19138,HMDB0006111
CHEBI:19144,HMDB0037326
CHEBI:19203,HMDB0035924
CHEBI:19227,HMDB0240328
CHEBI:19228,HMDB0242132
CHEBI:19232,HMDB0240296
CHEBI:192381,HMDB0030255
CHEBI:192798,HMDB0013970
CHEBI:19289,HMDB0004824
CHEBI:19297,HMDB0060361
CHEBI:19333,HMDB0029643
CHEBI:19342,HMDB0060362
CHEBI:19375,HMDB0304045
CHEBI:193796,HMDB0012490
CHEBI:193858,HMDB0014621
CHEBI:19391,HMDB0032080
CHEBI:1941,HMDB0001161
CHEBI:19448,HMDB0001330
CHEBI:194484,HMDB0015323
CHEBI:19452,HMDB0245219
CHEBI:19475,HMDB0251527
CHEBI:1949,HMDB0001217
CHEBI:195280,HMDB0015643
CHEBI:19591,HMDB0253154
CHEBI:195969,HMDB0015527
CHEBI:195970,HMDB0014939
CHEBI:19641,HMDB0242161
CHEBI:19644,HMDB0304072
CHEBI:19660,HMDB0242145
CHEBI:196991,HMDB0246437
CHEBI:197010,HMDB0015573
CHEBI:19702,HMDB0005862
CHEBI:19760,HMDB0059798
CHEBI:19809,HMDB0002869
CHEBI:19809,HMDB0034224
CHEBI:19812,HMDB0006849
CHEBI:198341,HMDB0015437
CHEBI:19868,HMDB0029661
CHEBI:1989,HMDB0001533
CHEBI:199024,HMDB0015191
CHEBI:19904,HMDB0246050
CHEBI:19928,HMDB0242130
CHEBI:199389,HMDB0014515
CHEBI:19984,HMDB0304117
CHEBI:20,HMDB0301815
CHEBI:200157,HMDB0004998
CHEBI:2003,HMDB0001253
CHEBI:20030,HMDB0031497
CHEBI:20067,HMDB0000357
CHEBI:2009,HMDB0006794
CHEBI:200929,HMDB0015697
CHEBI:20106,HMDB0000291
CHEBI:20141,HMDB0002390
CHEBI:201659,HMDB0032310
CHEBI:20184,HMDB0059799
CHEBI:2022,HMDB0038527
CHEBI:2024,HMDB0012175
CHEBI:2030,HMDB0003192
CHEBI:20302,HMDB0060384
CHEBI:20331,HMDB0246391
CHEBI:20339,HMDB0032936
CHEBI:20364,HMDB0246425
CHEBI:2038,HMDB0015063
CHEBI:20408,HMDB0304181
CHEBI:20469,HMDB0059800
CHEBI:204734,HMDB0015389
CHEBI:204928,HMDB0014636
CHEBI:20506,HMDB0001846
CHEBI:20506,HMDB0304496
CHEBI:205093,HMDB0030698
CHEBI:205734,HMDB0002394
CHEBI:205734,HMDB0002409
CHEBI:205919,HMDB0015148
CHEBI:20607,HMDB0000982
CHEBI:206353,HMDB0032491
CHEBI:2065,HMDB0004086
CHEBI:20689,HMDB0245002
CHEBI:2069,HMDB0035485
CHEBI:2069,HMDB0035484
CHEBI:20712,HMDB0033984
CHEBI:20725,HMDB0247070
CHEBI:207496,HMDB0013742
CHEBI:2076,HMDB0012819
CHEBI:20794,HMDB0001107
CHEBI:2082,HMDB0036157
CHEBI:2086,HMDB0002004
CHEBI:2089,HMDB0004095
CHEBI:2091,HMDB0033002
CHEBI:20912,HMDB0000539
CHEBI:209807,HMDB0015426
CHEBI:2106,HMDB0033999
CHEBI:21077,HMDB0000867
CHEBI:210803,HMDB0005000
CHEBI:21092,HMDB0062530
CHEBI:212,HMDB0062370
CHEBI:2120,HMDB0031009
CHEBI:2124,HMDB0004291
CHEBI:212535,HMDB0013870
CHEBI:21260,HMDB0002757
CHEBI:21285,HMDB0002273
CHEBI:213323,HMDB0244122
CHEBI:21347,HMDB0240656
CHEBI:21363,HMDB0062174
CHEBI:213990,HMDB0029836
CHEBI:21412,HMDB0013319
CHEBI:214810,HMDB0015640
CHEBI:2149,HMDB0006888
CHEBI:2150,HMDB0006770
CHEBI:21500,HMDB0000794
CHEBI:21547,HMDB0000812
CHEBI:21553,HMDB0006029
CHEBI:21555,HMDB0061684
CHEBI:21557,HMDB0011745
CHEBI:21560,HMDB0094701
CHEBI:21563,HMDB0000866
CHEBI:21565,HMDB0011757
CHEBI:215967,HMDB0015439
CHEBI:21615,HMDB0060493
CHEBI:21626,HMDB0255056
CHEBI:21717,HMDB0255145
CHEBI:21756,HMDB0240689
CHEBI:21759,HMDB0243924
CHEBI:2179,HMDB0029196
CHEBI:21803,HMDB0003282
CHEBI:2181,HMDB0000174
CHEBI:21818,HMDB0006040
CHEBI:21839,HMDB0247144
CHEBI:21858,HMDB0011140
CHEBI:21891,HMDB0004044
CHEBI:219219,HMDB0030270
CHEBI:21949,HMDB0002013
CHEBI:21969,HMDB0062692
CHEBI:2197,HMDB0036629
CHEBI:2197,HMDB0036632
CHEBI:2198,HMDB0004081
CHEBI:2198,HMDB0010351
CHEBI:2208,HMDB0015167
CHEBI:221147,HMDB0030161
CHEBI:22154,HMDB0247899
CHEBI:222101,HMDB0030611
CHEBI:22211,HMDB0247961
CHEBI:222828,HMDB0060656
CHEBI:22357,HMDB0240211
CHEBI:223792,HMDB0013976
CHEBI:22423,HMDB0006590
CHEBI:22469,HMDB0004043
CHEBI:2247,HMDB0304236
CHEBI:22472,HMDB0248288
CHEBI:22526,HMDB0001833
CHEBI:226311,HMDB0030352
CHEBI:22653,HMDB0251512
CHEBI:22678,HMDB0030416
CHEBI:227,HMDB0036082
CHEBI:227037,HMDB0030392
CHEBI:2288,HMDB0006887
CHEBI:2290,HMDB0006892
CHEBI:2295,HMDB0003956
CHEBI:229567,HMDB0029526
CHEBI:22958,HMDB0249450
CHEBI:22990,HMDB0038631
CHEBI:22998,HMDB0243674
CHEBI:23012,HMDB0036574
CHEBI:23046,HMDB0036083
CHEBI:23116,HMDB0250101
CHEBI:232,HMDB0035622
CHEBI:2323,HMDB0060426
CHEBI:23246,HMDB0250263
CHEBI:23292,HMDB0031498
CHEBI:23311,HMDB0240210
CHEBI:23316,HMDB0250303
CHEBI:2332,HMDB0060416
CHEBI:23359,HMDB0015466
CHEBI:2340,HMDB0247732
CHEBI:23414,HMDB0303469
CHEBI:23500,HMDB0250675
CHEBI:23503,HMDB0251514
CHEBI:23580,HMDB0037312
CHEBI:2365,HMDB0035140
CHEBI:2366,HMDB0035742
CHEBI:23673,HMDB0242532
CHEBI:23681,HMDB0251165
CHEBI:2369,HMDB0302049
CHEBI:23704,HMDB0245351
CHEBI:23733,HMDB0036079
CHEBI:23745,HMDB0253619
CHEBI:23757,HMDB0038660
CHEBI:2376,HMDB0014429
CHEBI:23774,HMDB0000497
CHEBI:2379,HMDB0015324
CHEBI:23808,HMDB0012216
CHEBI:23812,HMDB0036232
CHEBI:2382,HMDB0030812
CHEBI:23858,HMDB0304269
CHEBI:238698,HMDB0015409
CHEBI:239133,HMDB0257459
CHEBI:23927,HMDB0240207
CHEBI:23927,HMDB0006088
CHEBI:23929,HMDB0006847
CHEBI:2394,HMDB0247910
CHEBI:23994,HMDB0252053
CHEBI:23995,HMDB0243873
CHEBI:23997,HMDB0031509
CHEBI:2401,HMDB0015196
CHEBI:240107,HMDB0015098
CHEBI:24108,HMDB0060278
CHEBI:24109,HMDB0034879
CHEBI:241349,HMDB0244821
CHEBI:2422,HMDB0060428
CHEBI:24221,HMDB0247145
CHEBI:24229,HMDB0247803
CHEBI:24236,HMDB0036897
CHEBI:24309,HMDB0061185
CHEBI:24309,HMDB0256281
CHEBI:24326,HMDB0246746
CHEBI:24344,HMDB0000362
CHEBI:2443,HMDB0030346
CHEBI:245199,HMDB0245379
CHEBI:2453,HMDB0014925
CHEBI:24536,HMDB0303696
CHEBI:24556,HMDB0253161
CHEBI:24557,HMDB0259249
CHEBI:24558,HMDB0253137
CHEBI:24559,HMDB0253136
CHEBI:24564,HMDB0014631
CHEBI:24565,HMDB0253142
CHEBI:24567,HMDB0244061
CHEBI:24757,HMDB0001050
CHEBI:24786,HMDB0011753
CHEBI:2479,HMDB0012185
CHEBI:247956,HMDB0014668
CHEBI:2480,HMDB0006903
CHEBI:24809,HMDB0003320
CHEBI:2481,HMDB0012184
CHEBI:24813,HMDB0000671
CHEBI:24814,HMDB0005785
CHEBI:2482,HMDB0001083
CHEBI:2485,HMDB0004112
CHEBI:2490,HMDB0012882
CHEBI:24928,HMDB0253700
CHEBI:2495,HMDB0006772
CHEBI:249982,HMDB0252478
CHEBI:25001,HMDB0006591
CHEBI:25013,HMDB0251521
CHEBI:25038,HMDB0032434
CHEBI:2504,HMDB0006552
CHEBI:2505,HMDB0060431
CHEBI:2507,HMDB0030823
CHEBI:251408,HMDB0015145
CHEBI:251412,HMDB0014686
CHEBI:25150,HMDB0035022
CHEBI:25187,HMDB0035765
CHEBI:25219,HMDB0254514
CHEBI:25242,HMDB0301800
CHEBI:25255,HMDB0254601
CHEBI:25296,HMDB0254633
CHEBI:25312,HMDB0062739
CHEBI:2533,HMDB0031766
CHEBI:253342,HMDB0015104
CHEBI:25371,HMDB0012260
CHEBI:2540,HMDB0035906
CHEBI:2543,HMDB0030071
CHEBI:25434,HMDB0254958
CHEBI:254496,HMDB0062429
CHEBI:2549,HMDB0001937
CHEBI:25492,HMDB0240208
CHEBI:25520,HMDB0255025
CHEBI:2555,HMDB0248124
CHEBI:25567,HMDB0002786
CHEBI:2560,HMDB0060437
CHEBI:2560,HMDB0060433
CHEBI:25620,HMDB0245255
CHEBI:25646,HMDB0304443
CHEBI:2567,HMDB0001915
CHEBI:25682,HMDB0003334
CHEBI:2569,HMDB0014940
CHEBI:25722,HMDB0000788
CHEBI:25812,HMDB0035409
CHEBI:25826,HMDB0031455
CHEBI:258351,HMDB0015411
CHEBI:25858,HMDB0001860
CHEBI:25863,HMDB0003263
CHEBI:25879,HMDB0256253
CHEBI:25941,HMDB0002179
CHEBI:25942,HMDB0002179
CHEBI:2596,HMDB0033592
CHEBI:25979,HMDB0034171
CHEBI:25998,HMDB0000779
CHEBI:2607,HMDB0030829
CHEBI:26078,HMDB0001429
CHEBI:26078,HMDB0002142
CHEBI:2611,HMDB0014548
CHEBI:26119,HMDB0247815
CHEBI:26120,HMDB0244431
CHEBI:26137,HMDB0035743
CHEBI:261649,HMDB0015408
CHEBI:2617,HMDB0302358
CHEBI:2618,HMDB0015051
CHEBI:2621,HMDB0029406
CHEBI:26213,HMDB0256709
CHEBI:262350,HMDB0246532
CHEBI:2627,HMDB0015254
CHEBI:26271,HMDB0251528
CHEBI:26276,HMDB0256805
CHEBI:26307,HMDB0256827
CHEBI:26308,HMDB0032495
CHEBI:2631,HMDB0030832
CHEBI:2636,HMDB0015274
CHEBI:2637,HMDB0014622
CHEBI:2639,HMDB0014732
CHEBI:2653,HMDB0248310
CHEBI:26536,HMDB0244343
CHEBI:2654,HMDB0014501
CHEBI:2663,HMDB0015250
CHEBI:26634,HMDB0304484
CHEBI:2665,HMDB0248337
CHEBI:2666,HMDB0014466
CHEBI:2668,HMDB0005018
CHEBI:26709,HMDB0303542
CHEBI:26710,HMDB0303410
CHEBI:2673,HMDB0015440
CHEBI:2674,HMDB0014751
CHEBI:267413,HMDB0015149
CHEBI:2675,HMDB0014683
CHEBI:26756,HMDB0004159
CHEBI:2676,HMDB0015193
CHEBI:26775,HMDB0248982
CHEBI:2682,HMDB0014819
CHEBI:26831,HMDB0255277
CHEBI:26836,HMDB0001448
CHEBI:2686,HMDB0015496
CHEBI:2687,HMDB0014421
CHEBI:2691,HMDB0001382
CHEBI:26911,HMDB0000246
CHEBI:2700,HMDB0004080
CHEBI:27007,HMDB0001960
CHEBI:27036,HMDB0002349
CHEBI:2704,HMDB0015348
CHEBI:2705,HMDB0004476
CHEBI:27090,HMDB0259153
CHEBI:2710,HMDB0003818
CHEBI:271436,HMDB0032231
CHEBI:2716,HMDB0248443
CHEBI:27173,HMDB0034423
CHEBI:2718,HMDB0061196
CHEBI:2719,HMDB0001035
CHEBI:27248,HMDB0062562
CHEBI:27248,HMDB0000301
CHEBI:27266,HMDB0250806
CHEBI:27292,HMDB0259822
CHEBI:27372,HMDB0240209
CHEBI:27373,HMDB0004231
CHEBI:27374,HMDB0034220
CHEBI:27375,HMDB0014710
CHEBI:27376,HMDB0240280
CHEBI:27379,HMDB0006891
CHEBI:27384,HMDB0001014
CHEBI:27385,HMDB0031330
CHEBI:27389,HMDB0003911
CHEBI:27391,HMDB0001369
CHEBI:27393,HMDB0006895
CHEBI:27395,HMDB0039182
CHEBI:27398,HMDB0003905
CHEBI:27399,HMDB0250961
CHEBI:27401,HMDB0245963
CHEBI:27402,HMDB0003932
CHEBI:27404,HMDB0004058
CHEBI:27406,HMDB0006779
CHEBI:27406,HMDB0006769
CHEBI:27407,HMDB0012245
CHEBI:27410,HMDB0004193
CHEBI:27413,HMDB0004101
CHEBI:27417,HMDB0059924
CHEBI:27418,HMDB0244221
CHEBI:27421,HMDB0060281
CHEBI:27428,HMDB0006894
CHEBI:27432,HMDB0001388
CHEBI:27433,HMDB0036895
CHEBI:27434,HMDB0029636
CHEBI:27435,HMDB0060253
CHEBI:27436,HMDB0015655
CHEBI:27438,HMDB0004381
CHEBI:27440,HMDB0060374
CHEBI:27442,HMDB0003081
CHEBI:27446,HMDB0014561
CHEBI:27448,HMDB0041590
CHEBI:27451,HMDB0245514
CHEBI:27452,HMDB0034240
CHEBI:27452,HMDB0034248
CHEBI:27453,HMDB0001385
CHEBI:27454,HMDB0250897
CHEBI:27458,HMDB0006890
CHEBI:27461,HMDB0303138
CHEBI:27462,HMDB0006867
CHEBI:27466,HMDB0003934
CHEBI:27468,HMDB0304210
CHEBI:27468,HMDB0000079
CHEBI:27470,HMDB0000121
CHEBI:27471,HMDB0000631
CHEBI:27475,HMDB0037977
CHEBI:27478,HMDB0015221
CHEBI:27479,HMDB0029372
CHEBI:27480,HMDB0000821
CHEBI:27483,HMDB0029842
CHEBI:27484,HMDB0000936
CHEBI:27485,HMDB0002710
CHEBI:27486,HMDB0303027
CHEBI:27487,HMDB0253418
CHEBI:27491,HMDB0006465
CHEBI:27496,HMDB0258294
CHEBI:27500,HMDB0258581
CHEBI:27504,HMDB0014450
CHEBI:27505,HMDB0006889
CHEBI:27506,HMDB0038384
CHEBI:27510,HMDB0029865
CHEBI:27512,HMDB0012140
CHEBI:27518,HMDB0252089
CHEBI:27520,HMDB0011616
CHEBI:27520,HMDB0003219
CHEBI:27522,HMDB0302439
CHEBI:27527,HMDB0006791
CHEBI:27528,HMDB0059797
CHEBI:27537,HMDB0003950
CHEBI:27537,HMDB0003949
CHEBI:27539,HMDB0061933
CHEBI:27540,HMDB0002845
CHEBI:27543,HMDB0249614
CHEBI:27547,HMDB0002789
CHEBI:27551,HMDB0002894
CHEBI:27554,HMDB0060068
CHEBI:27555,HMDB0060095
CHEBI:2756,HMDB0244253
CHEBI:27561,HMDB0031305
CHEBI:27561,HMDB0255987
CHEBI:27562,HMDB0006059
CHEBI:27564,HMDB0001566
CHEBI:27565,HMDB0014378
CHEBI:27568,HMDB0001349
CHEBI:27570,HMDB0250763
CHEBI:27571,HMDB0001030
CHEBI:27574,HMDB0001199
CHEBI:27576,HMDB0003955
CHEBI:27581,HMDB0004256
CHEBI:27582,HMDB0006774
CHEBI:27584,HMDB0000037
CHEBI:27585,HMDB0003966
CHEBI:27587,HMDB0037254
CHEBI:27589,HMDB0013690
CHEBI:27592,HMDB0240650
CHEBI:27593,HMDB0004083
CHEBI:27595,HMDB0011137
CHEBI:27595,HMDB0010199
CHEBI:27596,HMDB0000479
CHEBI:27598,HMDB0036009
CHEBI:27601,HMDB0256912
CHEBI:27607,HMDB0001878
CHEBI:27609,HMDB0000570
CHEBI:27612,HMDB0253235
CHEBI:27613,HMDB0035030
CHEBI:27615,HMDB0060303
CHEBI:27616,HMDB0034272
CHEBI:27622,HMDB0304531
CHEBI:27623,HMDB0256914
CHEBI:27624,HMDB0002982
CHEBI:27628,HMDB0031817
CHEBI:27631,HMDB0004185
CHEBI:27632,HMDB0033910
CHEBI:27637,HMDB0001866
CHEBI:27639,HMDB0012223
CHEBI:27640,HMDB0243884
CHEBI:27642,HMDB0061749
CHEBI:27644,HMDB0014401
CHEBI:27647,HMDB0003235
CHEBI:27648,HMDB0003943
CHEBI:27650,HMDB0006826
CHEBI:27650,HMDB0006840
CHEBI:27652,HMDB0011691
CHEBI:27657,HMDB0001180
CHEBI:27662,HMDB0014905
CHEBI:27666,HMDB0015105
CHEBI:27667,HMDB0003449
CHEBI:27668,HMDB0003936
CHEBI:27672,HMDB0029941
CHEBI:27673,HMDB0303704
CHEBI:27676,HMDB0012234
CHEBI:27679,HMDB0030727
CHEBI:27681,HMDB0006900
CHEBI:27683,HMDB0006915
CHEBI:27686,HMDB0041310
CHEBI:2769,HMDB0132454
CHEBI:27690,HMDB0014957
CHEBI:27693,HMDB0000852
CHEBI:27694,HMDB0011182
CHEBI:27694,HMDB0004195
CHEBI:27696,HMDB0005102
CHEBI:27701,HMDB0014733
CHEBI:27708,HMDB0012209
CHEBI:27710,HMDB0031666
CHEBI:27713,HMDB0012131
CHEBI:2772,HMDB0303074
CHEBI:27721,HMDB0003946
CHEBI:27722,HMDB0034081
CHEBI:27723,HMDB0041576
CHEBI:27726,HMDB0246174
CHEBI:27727,HMDB0000383
CHEBI:27732,HMDB0001847
CHEBI:27735,HMDB0012278
CHEBI:27740,HMDB0112262
CHEBI:27744,HMDB0252891
CHEBI:27747,HMDB0000670
CHEBI:27748,HMDB0006809
CHEBI:27749,HMDB0060442
CHEBI:27750,HMDB0031217
CHEBI:27752,HMDB0006818
CHEBI:27753,HMDB0060323
CHEBI:27754,HMDB0001011
CHEBI:27757,HMDB0246395
CHEBI:27760,HMDB0006343
CHEBI:27761,HMDB0034981
CHEBI:27762,HMDB0006807
CHEBI:27768,HMDB0006771
CHEBI:27770,HMDB0013028
CHEBI:27771,HMDB0000352
CHEBI:27772,HMDB0041810
CHEBI:27775,HMDB0001155
CHEBI:27777,HMDB0014691
CHEBI:27779,HMDB0014544
CHEBI:27781,HMDB0002000
CHEBI:27785,HMDB0244113
CHEBI:27786,HMDB0002308
CHEBI:27787,HMDB0039093
CHEBI:27789,HMDB0029571
CHEBI:27791,HMDB0006796
CHEBI:27794,HMDB0000955
CHEBI:27796,HMDB0014800
CHEBI:27798,HMDB0041950
CHEBI:27809,HMDB0006556
CHEBI:2781,HMDB0247918
CHEBI:27810,HMDB0032037
CHEBI:27812,HMDB0004113
CHEBI:27814,HMDB0004234
CHEBI:27820,HMDB0002752
CHEBI:27821,HMDB0002217
CHEBI:27822,HMDB0245008
CHEBI:27823,HMDB0000763
CHEBI:27826,HMDB0060471
CHEBI:27827,HMDB0013035
CHEBI:27832,HMDB0006764
CHEBI:27832,HMDB0006762
CHEBI:27836,HMDB0033933
CHEBI:27838,HMDB0004194
CHEBI:27841,HMDB0304640
CHEBI:27843,HMDB0002708
CHEBI:27844,HMDB0011616
CHEBI:27847,HMDB0000021
CHEBI:27849,HMDB0059933
CHEBI:27852,HMDB0006242
CHEBI:27856,HMDB0031645
CHEBI:27859,HMDB0000963
CHEBI:27864,HMDB0245510
CHEBI:27865,HMDB0030021
CHEBI:27867,HMDB0035831
CHEBI:27868,HMDB0003937
CHEBI:27869,HMDB0031331
CHEBI:27870,HMDB0003134
CHEBI:27871,HMDB0013860
CHEBI:27878,HMDB0041802
CHEBI:2788,HMDB0015099
CHEBI:27881,HMDB0246741
CHEBI:27882,HMDB0015466
CHEBI:27888,HMDB0031146
CHEBI:27891,HMDB0000731
CHEBI:27897,HMDB0030396
CHEBI:27899,HMDB0014656
CHEBI:27902,HMDB0014897
CHEBI:27903,HMDB0245475
CHEBI:27904,HMDB0002649
CHEBI:27905,HMDB0060015
CHEBI:27909,HMDB0032456
CHEBI:2791,HMDB0015441
CHEBI:27910,HMDB0003896
CHEBI:27911,HMDB0002189
CHEBI:27913,HMDB0006293
CHEBI:27915,HMDB0041922
CHEBI:27917,HMDB0036595
CHEBI:27919,HMDB0259195
CHEBI:27920,HMDB0030290
CHEBI:27924,HMDB0256439
CHEBI:27928,HMDB0001355
CHEBI:27929,HMDB0041800
CHEBI:27931,HMDB0001262
CHEBI:27943,HMDB0029838
CHEBI:27945,HMDB0253636
CHEBI:2795,HMDB0302563
CHEBI:27951,HMDB0006801
CHEBI:27953,HMDB0015116
CHEBI:27956,HMDB0001264
CHEBI:27957,HMDB0006961
CHEBI:27958,HMDB0015043
CHEBI:27961,HMDB0004472
CHEBI:27964,HMDB0002224
CHEBI:27969,HMDB0060124
CHEBI:27971,HMDB0001906
CHEBI:27974,HMDB0000153
CHEBI:27976,HMDB0006803
CHEBI:27978,HMDB0003791
CHEBI:27979,HMDB0003947
CHEBI:27983,HMDB0004816
CHEBI:27986,HMDB0255658
CHEBI:27987,HMDB0062138
CHEBI:27989,HMDB0304118
CHEBI:27994,HMDB0035588
CHEBI:27997,HMDB0000573
CHEBI:27999,HMDB0015256
CHEBI:28,HMDB0036101
CHEBI:28001,HMDB0014653
CHEBI:28002,HMDB0003952
CHEBI:28004,HMDB0038516
CHEBI:28006,HMDB0001460
CHEBI:28009,HMDB0000803
CHEBI:28013,HMDB0001058
CHEBI:28024,HMDB0002078
CHEBI:28031,HMDB0002664
CHEBI:28038,HMDB0006954
CHEBI:28038,HMDB0006927
CHEBI:28043,HMDB0004026
CHEBI:28044,HMDB0250791
CHEBI:28047,HMDB0006893
CHEBI:28052,HMDB0014558
CHEBI:28053,HMDB0000048
CHEBI:28054,HMDB0002055
CHEBI:28055,HMDB0001504
CHEBI:28061,HMDB0000143
CHEBI:28063,HMDB0059851
CHEBI:28064,HMDB0031458
CHEBI:28068,HMDB0036927
CHEBI:28070,HMDB0011641
CHEBI:28072,HMDB0240587
CHEBI:28077,HMDB0015179
CHEBI:28078,HMDB0246398
CHEBI:28085,HMDB0029933
CHEBI:28088,HMDB0003217
CHEBI:28089,HMDB0038750
CHEBI:28092,HMDB0060477
CHEBI:28093,HMDB0249350
CHEBI:28094,HMDB0041796
CHEBI:28095,HMDB0060273
CHEBI:28096,HMDB0001299
CHEBI:28097,HMDB0041855
CHEBI:28099,HMDB0004236
CHEBI:2810,HMDB0301857
CHEBI:28101,HMDB0002172
CHEBI:28102,HMDB0003403
CHEBI:28104,HMDB0004181
CHEBI:28111,HMDB0005175
CHEBI:28113,HMDB0006839
CHEBI:28115,HMDB0002274
CHEBI:28116,HMDB0004225
CHEBI:28117,HMDB0037949
CHEBI:28117,HMDB0302573
CHEBI:28119,HMDB0258755
CHEBI:28121,HMDB0030311
CHEBI:28122,HMDB0035268
CHEBI:28123,HMDB0004437
CHEBI:28124,HMDB0244288
CHEBI:28125,HMDB0002183
CHEBI:28129,HMDB0002272
CHEBI:28130,HMDB0004238
CHEBI:28132,HMDB0000814
CHEBI:28134,HMDB0248340
CHEBI:28136,HMDB0004370
CHEBI:28139,HMDB0249252
CHEBI:2814,HMDB0030353
CHEBI:28142,HMDB0060451
CHEBI:28145,HMDB0251164
CHEBI:28146,HMDB0242183
CHEBI:28151,HMDB0301826
CHEBI:28152,HMDB0039439
CHEBI:28155,HMDB0012143
CHEBI:28157,HMDB0030808
CHEBI:28158,HMDB0002886
CHEBI:28159,HMDB0033780
CHEBI:28168,HMDB0012180
CHEBI:28172,HMDB0030310
CHEBI:28177,HMDB0001889
CHEBI:28179,HMDB0004461
CHEBI:28180,HMDB0006853
CHEBI:28184,HMDB0247248
CHEBI:28189,HMDB0002923
CHEBI:28193,HMDB0304704
CHEBI:28194,HMDB0002080
CHEBI:28195,HMDB0000490
CHEBI:28197,HMDB0003312
CHEBI:28200,HMDB0245068
CHEBI:28201,HMDB0034436
CHEBI:28201,HMDB0036799
CHEBI:28209,HMDB0011134
CHEBI:28211,HMDB0036901
CHEBI:28212,HMDB0033249
CHEBI:28215,HMDB0037973
CHEBI:28217,HMDB0247972
CHEBI:28222,HMDB0244142
CHEBI:28223,HMDB0011617
CHEBI:28225,HMDB0013773
CHEBI:28229,HMDB0029416
CHEBI:28230,HMDB0005782
CHEBI:28235,HMDB0029686
CHEBI:28238,HMDB0029737
CHEBI:28241,HMDB0015245
CHEBI:28243,HMDB0034380
CHEBI:28247,HMDB0004031
CHEBI:2825,HMDB0248598
CHEBI:28254,HMDB0004186
CHEBI:28258,HMDB0303570
CHEBI:28259,HMDB0001052
CHEBI:28261,HMDB0006525
CHEBI:28262,HMDB0002151
CHEBI:28264,HMDB0003941
CHEBI:28266,HMDB0252355
CHEBI:28269,HMDB0004241
CHEBI:28276,HMDB0003942
CHEBI:28279,HMDB0060412
CHEBI:28281,HMDB0004096
CHEBI:28283,HMDB0002352
CHEBI:28291,HMDB0006870
CHEBI:28297,HMDB0001212
CHEBI:28300,HMDB0030886
CHEBI:28306,HMDB0258225
CHEBI:28311,HMDB0303989
CHEBI:28313,HMDB0001126
CHEBI:28315,HMDB0000786
CHEBI:28318,HMDB0304104
CHEBI:28320,HMDB0000949
CHEBI:28324,HMDB0000015
CHEBI:28325,HMDB0303998
CHEBI:28325,HMDB0003938
CHEBI:28329,HMDB0015575
CHEBI:28339,HMDB0006789
CHEBI:28341,HMDB0245150
CHEBI:28345,HMDB0245978
CHEBI:28346,HMDB0254474
CHEBI:28353,HMDB0040986
CHEBI:28359,HMDB0036559
CHEBI:28364,HMDB0001999
CHEBI:28367,HMDB0302077
CHEBI:28368,HMDB0015185
CHEBI:28371,HMDB0245416
CHEBI:28371,HMDB0002972
CHEBI:28374,HMDB0003236
CHEBI:28376,HMDB0012150
CHEBI:28387,HMDB0062630
CHEBI:28387,HMDB0011123
CHEBI:28388,HMDB0000370
CHEBI:28391,HMDB0006832
CHEBI:28393,HMDB0030091
CHEBI:28397,HMDB0240251
CHEBI:28398,HMDB0000474
CHEBI:28400,HMDB0003834
CHEBI:28409,HMDB0244015
CHEBI:28411,HMDB0033963
CHEBI:28412,HMDB0005810
CHEBI:28413,HMDB0006273
CHEBI:28415,HMDB0243887
CHEBI:28421,HMDB0000643
CHEBI:28422,HMDB0010717
CHEBI:28425,HMDB0003993
CHEBI:28426,HMDB0030684
CHEBI:28428,HMDB0059785
CHEBI:28433,HMDB0004198
CHEBI:28436,HMDB0003074
CHEBI:28442,HMDB0004240
CHEBI:28445,HMDB0014681
CHEBI:28450,HMDB0011104
CHEBI:28453,HMDB0003069
CHEBI:28460,HMDB0001296
CHEBI:28462,HMDB0015495
CHEBI:28463,HMDB0030361
CHEBI:28470,HMDB0004363
CHEBI:28472,HMDB0037655
CHEBI:28476,HMDB0029637
CHEBI:28477,HMDB0002197
CHEBI:28478,HMDB0000669
CHEBI:28483,HMDB0013253
CHEBI:28484,HMDB0000718
CHEBI:28487,HMDB0014351
CHEBI:28488,HMDB0059810
CHEBI:28490,HMDB0029430
CHEBI:28493,HMDB0006404
CHEBI:28493,HMDB0304325
CHEBI:28497,HMDB0000853
CHEBI:28498,HMDB0062179
CHEBI:28499,HMDB0005801
CHEBI:28502,HMDB0014935
CHEBI:28508,HMDB0004062
CHEBI:28509,HMDB0259823
CHEBI:28510,HMDB0003263
CHEBI:28516,HMDB0060335
CHEBI:28518,HMDB0000098
CHEBI:28523,HMDB0034435
CHEBI:28527,HMDB0003249
CHEBI:28528,HMDB0003939
CHEBI:28529,HMDB0302151
CHEBI:2853,HMDB0302701
CHEBI:28531,HMDB0006904
CHEBI:28533,HMDB0006896
CHEBI:28534,HMDB0060334
CHEBI:28536,HMDB0240741
CHEBI:28537,HMDB0035695
CHEBI:28540,HMDB0012455
CHEBI:28542,HMDB0001351
CHEBI:28544,HMDB0015468
CHEBI:28548,HMDB0034219
CHEBI:28553,HMDB0004122
CHEBI:28556,HMDB0030640
CHEBI:28568,HMDB0014730
CHEBI:28572,HMDB0015311
CHEBI:28579,HMDB0062769
CHEBI:28591,HMDB0001398
CHEBI:28593,HMDB0015044
CHEBI:28595,HMDB0000735
CHEBI:28600,HMDB0243636
CHEBI:28602,HMDB0001047
CHEBI:28604,HMDB0002374
CHEBI:28607,HMDB0011680
CHEBI:28607,HMDB0002158
CHEBI:28610,HMDB0002815
CHEBI:28616,HMDB0003551
CHEBI:28617,HMDB0029638
CHEBI:28618,HMDB0041971
CHEBI:28619,HMDB0004296
CHEBI:28620,HMDB0034125
CHEBI:28621,HMDB0032538
CHEBI:28623,HMDB0002869
CHEBI:28624,HMDB0006825
CHEBI:28626,HMDB0244887
CHEBI:28630,HMDB0256965
CHEBI:28631,HMDB0000764
CHEBI:28632,HMDB0003940
CHEBI:28637,HMDB0011640
CHEBI:28643,HMDB0011657
CHEBI:28645,HMDB0000660
CHEBI:28649,HMDB0302602
CHEBI:28651,HMDB0012486
CHEBI:28657,HMDB0029935
CHEBI:28659,HMDB0001315
CHEBI:2866,HMDB0035766
CHEBI:28660,HMDB0035658
CHEBI:28661,HMDB0003073
CHEBI:28664,HMDB0000897
CHEBI:28666,HMDB0003080
CHEBI:28667,HMDB0004242
CHEBI:28671,HMDB0002214
CHEBI:28674,HMDB0258913
CHEBI:28680,HMDB0015122
CHEBI:28681,HMDB0062702
CHEBI:28683,HMDB0250769
CHEBI:28685,HMDB0001302
CHEBI:28689,HMDB0000077
CHEBI:28692,HMDB0006869
CHEBI:28700,HMDB0012639
CHEBI:28705,HMDB0033740
CHEBI:28706,HMDB0003944
CHEBI:28711,HMDB0006819
CHEBI:28712,HMDB0060441
CHEBI:28714,HMDB0249462
CHEBI:28715,HMDB0004076
CHEBI:28716,HMDB0003229
CHEBI:28717,HMDB0000651
CHEBI:28718,HMDB0004041
CHEBI:28723,HMDB0029952
CHEBI:28724,HMDB0302281
CHEBI:28726,HMDB0003935
CHEBI:28727,HMDB0003231
CHEBI:28728,HMDB0003252
CHEBI:28729,HMDB0000169
CHEBI:28731,HMDB0036896
CHEBI:28733,HMDB0010386
CHEBI:28735,HMDB0256052
CHEBI:28736,HMDB0012948
CHEBI:28738,HMDB0060677
CHEBI:28741,HMDB0303552
CHEBI:28744,HMDB0000338
CHEBI:28747,HMDB0002243
CHEBI:28748,HMDB0015132
CHEBI:28750,HMDB0000363
CHEBI:28751,HMDB0033990
CHEBI:28762,HMDB0030118
CHEBI:28762,HMDB0029915
CHEBI:28766,HMDB0002211
CHEBI:28768,HMDB0005805
CHEBI:2877,HMDB0001894
CHEBI:28772,HMDB0304537
CHEBI:28774,HMDB0060074
CHEBI:28775,HMDB0003265
CHEBI:28776,HMDB0010716
CHEBI:28777,HMDB0029519
CHEBI:28782,HMDB0034072
CHEBI:28787,HMDB0014865
CHEBI:28790,HMDB0000259
CHEBI:28792,HMDB0002068
CHEBI:28794,HMDB0001218
CHEBI:28797,HMDB0000650
CHEBI:287979,HMDB0245179
CHEBI:28799,HMDB0004077
CHEBI:28803,HMDB0001319
CHEBI:28804,HMDB0013716
CHEBI:28806,HMDB0006555
CHEBI:28807,HMDB0003537
CHEBI:28810,HMDB0000941
CHEBI:28812,HMDB0240707
CHEBI:28814,HMDB0004215
CHEBI:28815,HMDB0000693
CHEBI:28816,HMDB0003224
CHEBI:28817,HMDB0031443
CHEBI:28817,HMDB0031444
CHEBI:28818,HMDB0006226
CHEBI:28819,HMDB0002927
CHEBI:28820,HMDB0059801
CHEBI:28821,HMDB0029377
CHEBI:28822,HMDB0002212
CHEBI:28823,HMDB0003536
CHEBI:28824,HMDB0000937
CHEBI:28826,HMDB0252383
CHEBI:28830,HMDB0014436
CHEBI:28831,HMDB0000820
CHEBI:28832,HMDB0002829
CHEBI:28833,HMDB0003559
CHEBI:28834,HMDB0000626
CHEBI:28835,HMDB0003193
CHEBI:28837,HMDB0000482
CHEBI:28838,HMDB0003233
CHEBI:28839,HMDB0003585
CHEBI:28842,HMDB0000827
CHEBI:28845,HMDB0006369
CHEBI:28846,HMDB0001245
CHEBI:28849,HMDB0255448
CHEBI:28850,HMDB0001000
CHEBI:28851,HMDB0256390
CHEBI:28852,HMDB0002685
CHEBI:28853,HMDB0034312
CHEBI:28854,HMDB0041797
CHEBI:28855,HMDB0032199
CHEBI:28857,HMDB0030003
CHEBI:28858,HMDB0006235
CHEBI:28862,HMDB0000960
CHEBI:28864,HMDB0014822
CHEBI:28865,HMDB0000036
CHEBI:28866,HMDB0002003
CHEBI:28867,HMDB0000824
CHEBI:28869,HMDB0001892
CHEBI:28870,HMDB0003141
CHEBI:28871,HMDB0002099
CHEBI:28873,HMDB0041592
CHEBI:28875,HMDB0000806
CHEBI:28876,HMDB0015176
CHEBI:28877,HMDB0243898
CHEBI:28878,HMDB0011626
CHEBI:28883,HMDB0060289
CHEBI:28884,HMDB0001250
CHEBI:28885,HMDB0004327
CHEBI:28888,HMDB0062533
CHEBI:28889,HMDB0001216
CHEBI:28895,HMDB0060282
CHEBI:28897,HMDB0059886
CHEBI:28898,HMDB0001192
CHEBI:28901,HMDB0015143
CHEBI:28901,HMDB0032764
CHEBI:28903,HMDB0011624
CHEBI:28906,HMDB0060503
CHEBI:28907,HMDB0001294
CHEBI:28909,HMDB0031795
CHEBI:28911,HMDB0002174
CHEBI:28913,HMDB0031496
CHEBI:28915,HMDB0014966
CHEBI:28917,HMDB0030835
CHEBI:28918,HMDB0000068
CHEBI:28919,HMDB0004483
CHEBI:28921,HMDB0011614
CHEBI:28922,HMDB0001483
CHEBI:28924,HMDB0245818
CHEBI:28925,HMDB0015025
CHEBI:28927,HMDB0030090
CHEBI:28928,HMDB0033930
CHEBI:28931,HMDB0003540
CHEBI:28933,HMDB0030048
CHEBI:28934,HMDB0000900
CHEBI:28938,HMDB0041827
CHEBI:28939,HMDB0001890
CHEBI:28940,HMDB0000876
CHEBI:28941,HMDB0000944
CHEBI:28942,HMDB0003369
CHEBI:28946,HMDB0002825
CHEBI:28948,HMDB0035762
CHEBI:28952,HMDB0003759
CHEBI:28955,HMDB0000405
CHEBI:28956,HMDB0006902
CHEBI:2896,HMDB0014775
CHEBI:28960,HMDB0060514
CHEBI:28967,HMDB0060456
CHEBI:28969,HMDB0005973
CHEBI:28971,HMDB0014559
CHEBI:28972,HMDB0001881
CHEBI:28976,HMDB0000595
CHEBI:28976,HMDB0003538
CHEBI:28981,HMDB0303030
CHEBI:28984,HMDB0001247
CHEBI:28986,HMDB0004350
CHEBI:28993,HMDB0060461
CHEBI:28996,HMDB0035761
CHEBI:28997,HMDB0000071
CHEBI:29002,HMDB0006213
CHEBI:29005,HMDB0029597
CHEBI:29007,HMDB0015343
CHEBI:29009,HMDB0000898
CHEBI:29013,HMDB0015570
CHEBI:29016,HMDB0251511
CHEBI:29019,HMDB0000847
CHEBI:29020,HMDB0035092
CHEBI:29021,HMDB0029600
CHEBI:29022,HMDB0039238
CHEBI:29023,HMDB0004159
CHEBI:29023,HMDB0240259
CHEBI:29026,HMDB0004158
CHEBI:29026,HMDB0001898
CHEBI:29028,HMDB0030243
CHEBI:29033,HMDB0000692
CHEBI:29034,HMDB0015531
CHEBI:29034,HMDB0012943
CHEBI:29035,HMDB0001333
CHEBI:29036,HMDB0000657
CHEBI:2904,HMDB0001924
CHEBI:29042,HMDB0001586
CHEBI:29043,HMDB0012203
CHEBI:29052,HMDB0001112
CHEBI:29055,HMDB0304103
CHEBI:29060,HMDB0003667
CHEBI:29063,HMDB0015188
CHEBI:29063,HMDB0031398
CHEBI:29069,HMDB0002107
CHEBI:29073,HMDB0000044
CHEBI:29081,HMDB0004826
CHEBI:29101,HMDB0000588
CHEBI:29103,HMDB0000586
CHEBI:29105,HMDB0015532
CHEBI:29107,HMDB0006846
CHEBI:29108,HMDB0000464
CHEBI:29114,HMDB0304044
CHEBI:29115,HMDB0303045
CHEBI:29119,HMDB0062344
CHEBI:29126,HMDB0002137
CHEBI:29128,HMDB0042037
CHEBI:29132,HMDB0060946
CHEBI:29133,HMDB0060552
CHEBI:291342,HMDB0015102
CHEBI:29136,HMDB0256967
CHEBI:2914,HMDB0014870
CHEBI:29140,HMDB0002145
CHEBI:29146,HMDB0244259
CHEBI:29150,HMDB0034831
CHEBI:29202,HMDB0253627
CHEBI:2922,HMDB0015130
CHEBI:29221,HMDB0256308
CHEBI:29222,HMDB0001050
CHEBI:29224,HMDB0031434
CHEBI:29226,HMDB0001061
CHEBI:29253,HMDB0034906
CHEBI:29268,HMDB0059920
CHEBI:29269,HMDB0003840
CHEBI:29269,HMDB0006407
CHEBI:29290,HMDB0259020
CHEBI:29291,HMDB0258612
CHEBI:29308,HMDB0252001
CHEBI:29310,HMDB0303583
CHEBI:29315,HMDB0256002
CHEBI:29357,HMDB0249629
CHEBI:29365,HMDB0256462
CHEBI:29368,HMDB0258578
CHEBI:2937,HMDB0033815
CHEBI:29377,HMDB0303516
CHEBI:2938,HMDB0033802
CHEBI:29384,HMDB0258610
CHEBI:29385,HMDB0302183
CHEBI:29387,HMDB0258608
CHEBI:2939,HMDB0038577
CHEBI:29415,HMDB0034826
CHEBI:29449,HMDB0253241
CHEBI:29452,HMDB0005812
CHEBI:2946,HMDB0014857
CHEBI:29476,HMDB0304941
CHEBI:2948,HMDB0015128
CHEBI:2950,HMDB0015107
CHEBI:29503,HMDB0247290
CHEBI:29507,HMDB0304942
CHEBI:29509,HMDB0034735
CHEBI:29510,HMDB0034736
CHEBI:2953,HMDB0248807
CHEBI:2955,HMDB0014352
CHEBI:2956,HMDB0015194
CHEBI:29571,HMDB0061925
CHEBI:29585,HMDB0251519
CHEBI:29596,HMDB0035047
CHEBI:29599,HMDB0035041
CHEBI:29599,HMDB0303452
CHEBI:29608,HMDB0033994
CHEBI:29672,HMDB0257165
CHEBI:2968,HMDB0015540
CHEBI:29688,HMDB0015111
CHEBI:296881,HMDB0059763
CHEBI:29703,HMDB0036592
CHEBI:2972,HMDB0014327
CHEBI:29739,HMDB0301829
CHEBI:29750,HMDB0060484
CHEBI:2979,HMDB0031991
CHEBI:29799,HMDB0251419
CHEBI:2981,HMDB0041832
CHEBI:29852,HMDB0012258
CHEBI:29861,HMDB0256353
CHEBI:29865,HMDB0062469
CHEBI:29866,HMDB0011620
CHEBI:29888,HMDB0000250
CHEBI:299,HMDB0035820
CHEBI:2991,HMDB0035219
CHEBI:2994,HMDB0034525
CHEBI:300,HMDB0004043
CHEBI:3002,HMDB0014538
CHEBI:30021,HMDB0003966
CHEBI:30065,HMDB0254464
CHEBI:30076,HMDB0252907
CHEBI:3008,HMDB0248933
CHEBI:30085,HMDB0252092
CHEBI:30088,HMDB0301912
CHEBI:30096,HMDB0251145
CHEBI:301,HMDB0035851
CHEBI:30109,HMDB0006928
CHEBI:3011,HMDB0014682
CHEBI:3013,HMDB0014580
CHEBI:3014,HMDB0248952
CHEBI:3015,HMDB0031767
CHEBI:30154,HMDB0304221
CHEBI:30156,HMDB0001441
CHEBI:30164,HMDB0006229
CHEBI:30168,HMDB0002386
CHEBI:3017,HMDB0248961
CHEBI:30172,HMDB0034769
CHEBI:3018,HMDB0248965
CHEBI:30198,HMDB0250102
CHEBI:30200,HMDB0037429
CHEBI:30210,HMDB0252388
CHEBI:30217,HMDB0037238
CHEBI:3023,HMDB0041834
CHEBI:30248,HMDB0006566
CHEBI:30249,HMDB0060485
CHEBI:30249,HMDB0001200
CHEBI:30259,HMDB0244184
CHEBI:30260,HMDB0029862
CHEBI:30263,HMDB0258829
CHEBI:30278,HMDB0034790
CHEBI:30306,HMDB0304008
CHEBI:30314,HMDB0001451
CHEBI:3032,HMDB0015006
CHEBI:30321,HMDB0245149
CHEBI:30322,HMDB0012880
CHEBI:30336,HMDB0034789
CHEBI:30347,HMDB0031225
CHEBI:30348,HMDB0246685
CHEBI:30351,HMDB0245352
CHEBI:30358,HMDB0303658
CHEBI:30362,HMDB0253668
CHEBI:30363,HMDB0253605
CHEBI:30365,HMDB0250673
CHEBI:30377,HMDB0250638
CHEBI:30427,HMDB0001478
CHEBI:3044,HMDB0015003
CHEBI:30452,HMDB0001854
CHEBI:30459,HMDB0303769
CHEBI:3047,HMDB0014702
CHEBI:30473,HMDB0240281
CHEBI:30477,HMDB0012288
CHEBI:3048,HMDB0014390
CHEBI:30502,HMDB0002387
CHEBI:30514,HMDB0013669
CHEBI:30517,HMDB0001989
CHEBI:30531,HMDB0000857
CHEBI:30550,HMDB0002501
CHEBI:30563,HMDB0035659
CHEBI:30584,HMDB0002175
CHEBI:3061,HMDB0015374
CHEBI:30614,HMDB0062470
CHEBI:30620,HMDB0303995
CHEBI:30621,HMDB0015300
CHEBI:30629,HMDB0031413
CHEBI:30630,HMDB0013136
CHEBI:30631,HMDB0259274
CHEBI:30659,HMDB0014651
CHEBI:30662,HMDB0000667
CHEBI:30664,HMDB0061878
CHEBI:30669,HMDB0244059
CHEBI:30682,HMDB0013668
CHEBI:30687,HMDB0303937
CHEBI:30725,HMDB0006558
CHEBI:30731,HMDB0250250
CHEBI:30734,HMDB0001497
CHEBI:30740,HMDB0251718
CHEBI:30742,HMDB0037790
CHEBI:30744,HMDB0000223
CHEBI:30745,HMDB0000209
CHEBI:30746,HMDB0001870
CHEBI:30747,HMDB0246393
CHEBI:30749,HMDB0246401
CHEBI:30751,HMDB0000142
CHEBI:30753,HMDB0001392
CHEBI:30754,HMDB0001123
CHEBI:30762,HMDB0302214
CHEBI:30763,HMDB0000500
CHEBI:30764,HMDB0002466
CHEBI:30765,HMDB0062590
CHEBI:30768,HMDB0000237
CHEBI:30769,HMDB0000094
CHEBI:3077,HMDB0014586
CHEBI:30772,HMDB0000039
CHEBI:30775,HMDB0252369
CHEBI:30776,HMDB0000535
CHEBI:30778,HMDB0005807
CHEBI:30781,HMDB0247933
CHEBI:3079,HMDB0029407
CHEBI:30793,HMDB0245065
CHEBI:30794,HMDB0000691
CHEBI:30796,HMDB0031518
CHEBI:30797,HMDB0000156
CHEBI:30805,HMDB0000638
CHEBI:30808,HMDB0303404
CHEBI:3081,HMDB0303334
CHEBI:30813,HMDB0000511
CHEBI:30813,HMDB0000513
CHEBI:30816,HMDB0000484
CHEBI:30817,HMDB0000301
CHEBI:3082,HMDB0014341
CHEBI:30829,HMDB0303337
CHEBI:30830,HMDB0000710
CHEBI:30831,HMDB0000005
CHEBI:30832,HMDB0000448
CHEBI:30835,HMDB0000379
CHEBI:30835,HMDB0000380
CHEBI:30837,HMDB0001209
CHEBI:30838,HMDB0002092
CHEBI:3084,HMDB0015154
CHEBI:30841,HMDB0001352
CHEBI:30842,HMDB0031522
CHEBI:30845,HMDB0000617
CHEBI:30846,HMDB0000444
CHEBI:30851,HMDB0000205
CHEBI:30852,HMDB0000639
CHEBI:30853,HMDB0011628
CHEBI:30854,HMDB0302181
CHEBI:30856,HMDB0029718
CHEBI:3086,HMDB0036838
CHEBI:30860,HMDB0000202
CHEBI:30863,HMDB0255998
CHEBI:30865,HMDB0000528
CHEBI:3087,HMDB0030094
CHEBI:30882,HMDB0001552
CHEBI:30887,HMDB0000193
CHEBI:30895,HMDB0243955
CHEBI:30907,HMDB0001268
CHEBI:30912,HMDB0001084
CHEBI:30913,HMDB0000716
CHEBI:30915,HMDB0000208
CHEBI:30923,HMDB0002070
CHEBI:30926,HMDB0245962
CHEBI:30933,HMDB0001024
CHEBI:3094,HMDB0002336
CHEBI:3095,HMDB0249203
CHEBI:30953,HMDB0034176
CHEBI:30954,HMDB0256962
CHEBI:30956,HMDB0042048
CHEBI:309594,HMDB0015029
CHEBI:30961,HMDB0301760
CHEBI:30966,HMDB0252861
CHEBI:30968,HMDB0248796
CHEBI:30969,HMDB0248809
CHEBI:30973,HMDB0255989
CHEBI:30977,HMDB0258994
CHEBI:30985,HMDB0246599
CHEBI:30997,HMDB0000640
CHEBI:31,HMDB0035783
CHEBI:31000,HMDB0014770
CHEBI:31001,HMDB0002348
CHEBI:31003,HMDB0030925
CHEBI:31006,HMDB0302477
CHEBI:31007,HMDB0031292
CHEBI:31009,HMDB0002356
CHEBI:31018,HMDB0038365
CHEBI:31022,HMDB0039896
CHEBI:31028,HMDB0030822
CHEBI:310312,HMDB0037316
CHEBI:31038,HMDB0059963
CHEBI:31080,HMDB0304071
CHEBI:31085,HMDB0245222
CHEBI:31087,HMDB0004649
CHEBI:31116,HMDB0006816
CHEBI:3112,HMDB0014948
CHEBI:31128,HMDB0060390
CHEBI:31130,HMDB0012815
CHEBI:31132,HMDB0301917
CHEBI:31135,HMDB0060398
CHEBI:31157,HMDB0303940
CHEBI:31159,HMDB0247893
CHEBI:31162,HMDB0247898
CHEBI:31169,HMDB0013854
CHEBI:31174,HMDB0014355
CHEBI:31176,HMDB0015581
CHEBI:31183,HMDB0248119
CHEBI:31186,HMDB0015504
CHEBI:31189,HMDB0015500
CHEBI:31190,HMDB0248170
CHEBI:31199,HMDB0014433
CHEBI:31203,HMDB0060436
CHEBI:31205,HMDB0015160
CHEBI:31210,HMDB0248361
CHEBI:31225,HMDB0015503
CHEBI:31227,HMDB0303149
CHEBI:31227,HMDB0038848
CHEBI:31236,HMDB0005042
CHEBI:31248,HMDB0041831
CHEBI:31249,HMDB0248822
CHEBI:31252,HMDB0248870
CHEBI:31257,HMDB0248946
CHEBI:31263,HMDB0014663
CHEBI:31268,HMDB0249074
CHEBI:3127,HMDB0014750
CHEBI:3131,HMDB0249278
CHEBI:31314,HMDB0249422
CHEBI:31328,HMDB0031325
CHEBI:3133,HMDB0249279
CHEBI:31341,HMDB0303544
CHEBI:31346,HMDB0303525
CHEBI:31348,HMDB0015233
CHEBI:31355,HMDB0015093
CHEBI:31357,HMDB0303207
CHEBI:3136,HMDB0035074
CHEBI:3136,HMDB0035317
CHEBI:313639,HMDB0014536
CHEBI:31401,HMDB0015297
CHEBI:31403,HMDB0014708
CHEBI:31413,HMDB0014493
CHEBI:31439,HMDB0014410
CHEBI:31441,HMDB0005036
CHEBI:31444,HMDB0015135
CHEBI:31448,HMDB0014744
CHEBI:31457,HMDB0011623
CHEBI:31463,HMDB0037997
CHEBI:31468,HMDB0015211
CHEBI:31488,HMDB0006752
CHEBI:31515,HMDB0015315
CHEBI:31521,HMDB0060406
CHEBI:31524,HMDB0015627
CHEBI:31527,HMDB0014522
CHEBI:31529,HMDB0006406
CHEBI:31530,HMDB0006240
CHEBI:31530,HMDB0251697
CHEBI:31536,HMDB0015017
CHEBI:31542,HMDB0001569
CHEBI:31542,HMDB0000908
CHEBI:31547,HMDB0014838
CHEBI:31554,HMDB0015383
CHEBI:3157,HMDB0030267
CHEBI:31571,HMDB0030028
CHEBI:31575,HMDB0032573
CHEBI:31580,HMDB0014961
CHEBI:31596,HMDB0252185
CHEBI:31597,HMDB0246378
CHEBI:31599,HMDB0252193
CHEBI:31618,HMDB0015513
CHEBI:31620,HMDB0014801
CHEBI:31622,HMDB0015510
CHEBI:31623,HMDB0014729
CHEBI:31624,HMDB0014831
CHEBI:31625,HMDB0014469
CHEBI:31638,HMDB0015082
CHEBI:31642,HMDB0014370
CHEBI:31643,HMDB0014735
CHEBI:31648,HMDB0035156
CHEBI:3165,HMDB0004246
CHEBI:31653,HMDB0252734
CHEBI:31654,HMDB0015252
CHEBI:31676,HMDB0032489
CHEBI:3168,HMDB0011181
CHEBI:31695,HMDB0059912
CHEBI:31697,HMDB0061918
CHEBI:31701,HMDB0253508
CHEBI:31703,HMDB0253510
CHEBI:31705,HMDB0015379
CHEBI:31709,HMDB0015449
CHEBI:31710,HMDB0253541
CHEBI:31718,HMDB0253554
CHEBI:31719,HMDB0032987
CHEBI:3172,HMDB0015289
CHEBI:31725,HMDB0031528
CHEBI:31726,HMDB0034163
CHEBI:31727,HMDB0030029
CHEBI:31739,HMDB0015418
CHEBI:31742,HMDB0030864
CHEBI:31743,HMDB0304696
CHEBI:31744,HMDB0032008
CHEBI:31749,HMDB0041914
CHEBI:3175,HMDB0014627
CHEBI:3176,HMDB0015325
CHEBI:31763,HMDB0126497
CHEBI:31781,HMDB0015539
CHEBI:31786,HMDB0041920
CHEBI:31788,HMDB0005799
CHEBI:31793,HMDB0303411
CHEBI:31795,HMDB0303545
CHEBI:31799,HMDB0030777
CHEBI:3181,HMDB0015331
CHEBI:31810,HMDB0252299
CHEBI:3183,HMDB0001941
CHEBI:31832,HMDB0034172
CHEBI:31835,HMDB0032572
CHEBI:31838,HMDB0254672
CHEBI:31856,HMDB0015682
CHEBI:31882,HMDB0002393
CHEBI:31897,HMDB0014869
CHEBI:31905,HMDB0255584
CHEBI:31941,HMDB0014667
CHEBI:31959,HMDB0003828
CHEBI:31965,HMDB0303647
CHEBI:31967,HMDB0240551
CHEBI:31968,HMDB0303787
CHEBI:31980,HMDB0014696
CHEBI:31981,HMDB0015546
CHEBI:31985,HMDB0038097
CHEBI:31985,HMDB0038095
CHEBI:31988,HMDB0034093
CHEBI:31988,HMDB0033945
CHEBI:31997,HMDB0060244
CHEBI:31997,HMDB0060236
CHEBI:32003,HMDB0256553
CHEBI:320055,HMDB0029965
CHEBI:32016,HMDB0256594
CHEBI:32019,HMDB0256609
CHEBI:32020,HMDB0041991
CHEBI:32026,HMDB0032263
CHEBI:32029,HMDB0303539
CHEBI:32030,HMDB0303535
CHEBI:32035,HMDB0303533
CHEBI:32036,HMDB0303528
CHEBI:32041,HMDB0256736
CHEBI:3205,HMDB0014498
CHEBI:32058,HMDB0256796
CHEBI:32063,HMDB0032574
CHEBI:3207,HMDB0015353
CHEBI:32072,HMDB0006348
CHEBI:32073,HMDB0006403
CHEBI:32080,HMDB0037368
CHEBI:3209,HMDB0249431
CHEBI:32095,HMDB0035185
CHEBI:3210,HMDB0041842
CHEBI:32111,HMDB0029723
CHEBI:32114,HMDB0015687
CHEBI:3213,HMDB0015024
CHEBI:32139,HMDB0303541
CHEBI:32145,HMDB0303523
CHEBI:32146,HMDB0303519
CHEBI:32149,HMDB0303546
CHEBI:32154,HMDB0002350
CHEBI:32159,HMDB0031554
CHEBI:3216,HMDB0015057
CHEBI:32161,HMDB0015621
CHEBI:32166,HMDB0258586
CHEBI:32168,HMDB0014535
CHEBI:32173,HMDB0042019
CHEBI:3218,HMDB0249444
CHEBI:32181,HMDB0015605
CHEBI:32184,HMDB0014937
CHEBI:3219,HMDB0001510
CHEBI:32205,HMDB0302085
CHEBI:32221,HMDB0015538
CHEBI:3223,HMDB0014633
CHEBI:32243,HMDB0042043
CHEBI:32260,HMDB0015240
CHEBI:32264,HMDB0042054
CHEBI:3228,HMDB0014382
CHEBI:3230,HMDB0249451
CHEBI:32304,HMDB0304066
CHEBI:3231,HMDB0249473
CHEBI:32315,HMDB0015329
CHEBI:32316,HMDB0260049
CHEBI:32318,HMDB0031313
CHEBI:32318,HMDB0061830
CHEBI:32319,HMDB0059883
CHEBI:32320,HMDB0032051
CHEBI:32325,HMDB0036565
CHEBI:32357,HMDB0001713
CHEBI:32361,HMDB0032328
CHEBI:32362,HMDB0304376
CHEBI:32365,HMDB0002259
CHEBI:32368,HMDB0000947
CHEBI:32374,HMDB0002035
CHEBI:32375,HMDB0304458
CHEBI:3238,HMDB0015223
CHEBI:32380,HMDB0004980
CHEBI:32381,HMDB0031003
CHEBI:32389,HMDB0006547
CHEBI:32392,HMDB0303950
CHEBI:32397,HMDB0244804
CHEBI:32398,HMDB0000139
CHEBI:3240,HMDB0014777
CHEBI:32404,HMDB0248983
CHEBI:32408,HMDB0248240
CHEBI:32419,HMDB0062436
CHEBI:3242,HMDB0014749
CHEBI:32425,HMDB0033022
CHEBI:32425,HMDB0002231
CHEBI:32428,HMDB0002884
CHEBI:32446,HMDB0003020
CHEBI:3245,HMDB0249474
CHEBI:32497,HMDB0258996
CHEBI:32499,HMDB0248303
CHEBI:32506,HMDB0041808
CHEBI:32509,HMDB0256601
CHEBI:32528,HMDB0011740
CHEBI:32547,HMDB0302405
CHEBI:32548,HMDB0032972
CHEBI:32549,HMDB0302464
CHEBI:32585,HMDB0245269
CHEBI:32586,HMDB0303547
CHEBI:32587,HMDB0011636
CHEBI:32588,HMDB0303551
CHEBI:3259,HMDB0249720
CHEBI:32598,HMDB0303420
CHEBI:32635,HMDB0059911
CHEBI:32636,HMDB0010316
CHEBI:32643,HMDB0011105
CHEBI:32645,HMDB0010339
CHEBI:32645,HMDB0010341
CHEBI:32663,HMDB0060616
CHEBI:32682,HMDB0062762
CHEBI:32687,HMDB0256579
CHEBI:32692,HMDB0011603
CHEBI:327119,HMDB0248795
CHEBI:3276,HMDB0060067
CHEBI:32772,HMDB0303006
CHEBI:32796,HMDB0000606
CHEBI:32797,HMDB0000694
CHEBI:32798,HMDB0003797
CHEBI:32800,HMDB0000703
CHEBI:32805,HMDB0000072
CHEBI:32806,HMDB0000958
CHEBI:3281,HMDB0060072
CHEBI:32816,HMDB0000243
CHEBI:32817,HMDB0304125
CHEBI:32818,HMDB0033460
CHEBI:32844,HMDB0000796
CHEBI:32849,HMDB0258805
CHEBI:32850,HMDB0258800
CHEBI:3286,HMDB0014393
CHEBI:32879,HMDB0031630
CHEBI:32888,HMDB0014575
CHEBI:32892,HMDB0029595
CHEBI:32918,HMDB0032708
CHEBI:32926,HMDB0033721
CHEBI:32927,HMDB0034289
CHEBI:3293,HMDB0303040
CHEBI:32931,HMDB0061782
CHEBI:32934,HMDB0061866
CHEBI:32936,HMDB0034282
CHEBI:32938,HMDB0302476
CHEBI:32940,HMDB0061867
CHEBI:32941,HMDB0302068
CHEBI:32943,HMDB0061868
CHEBI:32954,HMDB0303540
CHEBI:32976,HMDB0012289
CHEBI:32978,HMDB0000748
CHEBI:32980,HMDB0002199
CHEBI:32986,HMDB0245392
CHEBI:32990,HMDB0001960
CHEBI:32999,HMDB0302223
CHEBI:33020,HMDB0011742
CHEBI:33023,HMDB0004659
CHEBI:3303,HMDB0249538
CHEBI:33033,HMDB0001865
CHEBI:33064,HMDB0253495
CHEBI:33066,HMDB0244885
CHEBI:33067,HMDB0246749
CHEBI:33070,HMDB0002096
CHEBI:33076,HMDB0242119
CHEBI:33079,HMDB0249232
CHEBI:33081,HMDB0247900
CHEBI:33083,HMDB0252354
CHEBI:33094,HMDB0002166
CHEBI:33098,HMDB0245268
CHEBI:33099,HMDB0248323
CHEBI:3310,HMDB0303554
CHEBI:33101,HMDB0255649
CHEBI:3311,HMDB0303230
CHEBI:33117,HMDB0031434
CHEBI:33118,HMDB0035731
CHEBI:3312,HMDB0303526
CHEBI:33128,HMDB0252513
CHEBI:33130,HMDB0303413
CHEBI:33134,HMDB0244896
CHEBI:33135,HMDB0031641
CHEBI:33137,HMDB0253420
CHEBI:33138,HMDB0256949
CHEBI:33176,HMDB0255911
CHEBI:33179,HMDB0245764
CHEBI:33186,HMDB0254315
CHEBI:33187,HMDB0254482
CHEBI:33193,HMDB0244905
CHEBI:33198,HMDB0000625
CHEBI:33199,HMDB0006804
CHEBI:33202,HMDB0245321
CHEBI:33203,HMDB0033495
CHEBI:33216,HMDB0032133
CHEBI:33224,HMDB0250202
CHEBI:33225,HMDB0253618
CHEBI:33227,HMDB0029698
CHEBI:33270,HMDB0006327
CHEBI:33275,HMDB0304597
CHEBI:33276,HMDB0030008
CHEBI:33277,HMDB0012958
CHEBI:33279,HMDB0040586
CHEBI:33283,HMDB0302835
CHEBI:33323,HMDB0303046
CHEBI:33324,HMDB0003642
CHEBI:33330,HMDB0302225
CHEBI:33331,HMDB0013667
CHEBI:33336,HMDB0013711
CHEBI:33341,HMDB0001966
CHEBI:33342,HMDB0001475
CHEBI:33343,HMDB0029201
CHEBI:33344,HMDB0061921
CHEBI:33348,HMDB0004143
CHEBI:33363,HMDB0013670
CHEBI:33364,HMDB0013671
CHEBI:33369,HMDB0013672
CHEBI:33372,HMDB0013715
CHEBI:33374,HMDB0062272
CHEBI:33375,HMDB0041899
CHEBI:33376,HMDB0303932
CHEBI:33377,HMDB0303933
CHEBI:33379,HMDB0303935
CHEBI:33380,HMDB0303936
CHEBI:33385,HMDB0029215
CHEBI:33390,HMDB0250595
CHEBI:33404,HMDB0000700
CHEBI:33421,HMDB0248869
CHEBI:3347,HMDB0014934
CHEBI:33472,HMDB0256063
CHEBI:3350,HMDB0303388
CHEBI:3353,HMDB0014754
CHEBI:3356,HMDB0302700
CHEBI:33574,HMDB0001553
CHEBI:3362,HMDB0003154
CHEBI:3363,HMDB0249593
CHEBI:33678,HMDB0240564
CHEBI:3369,HMDB0032867
CHEBI:3374,HMDB0002227
CHEBI:3375,HMDB0036590
CHEBI:3378,HMDB0036924
CHEBI:3380,HMDB0015328
CHEBI:3381,HMDB0035087
CHEBI:3381,HMDB0034697
CHEBI:33835,HMDB0248470
CHEBI:3387,HMDB0014704
CHEBI:3388,HMDB0060658
CHEBI:33885,HMDB0003363
CHEBI:3390,HMDB0249612
CHEBI:3392,HMDB0035031
CHEBI:3392,HMDB0031769
CHEBI:3393,HMDB0014717
CHEBI:3398,HMDB0014886
CHEBI:33993,HMDB0060299
CHEBI:33995,HMDB0060300
CHEBI:34000,HMDB0060302
CHEBI:34001,HMDB0060301
CHEBI:34024,HMDB0244034
CHEBI:34025,HMDB0253260
CHEBI:3403,HMDB0014573
CHEBI:34031,HMDB0259827
CHEBI:34032,HMDB0060333
CHEBI:34037,HMDB0059901
CHEBI:34039,HMDB0013733
CHEBI:34043,HMDB0255864
CHEBI:34047,HMDB0244093
CHEBI:34048,HMDB0062273
CHEBI:3405,HMDB0249648
CHEBI:34052,HMDB0244083
CHEBI:34053,HMDB0244084
CHEBI:34055,HMDB0244101
CHEBI:34063,HMDB0255445
CHEBI:34071,HMDB0011578
CHEBI:34074,HMDB0108536
CHEBI:34080,HMDB0010574
CHEBI:340824,HMDB0061711
CHEBI:34086,HMDB0012357
CHEBI:34093,HMDB0013139
CHEBI:34099,HMDB0060328
CHEBI:3410,HMDB0060449
CHEBI:34100,HMDB0060326
CHEBI:34101,HMDB0060327
CHEBI:34102,HMDB0060329
CHEBI:34103,HMDB0060330
CHEBI:34104,HMDB0062188
CHEBI:34105,HMDB0060331
CHEBI:34106,HMDB0060332
CHEBI:34107,HMDB0243967
CHEBI:34117,HMDB0248884
CHEBI:34117,HMDB0011143
CHEBI:34118,HMDB0031299
CHEBI:34123,HMDB0013316
CHEBI:34125,HMDB0005049
CHEBI:34126,HMDB0004682
CHEBI:34127,HMDB0004696
CHEBI:34128,HMDB0004684
CHEBI:34130,HMDB0010409
CHEBI:34131,HMDB0004694
CHEBI:34135,HMDB0006031
CHEBI:34137,HMDB0004693
CHEBI:34145,HMDB0004692
CHEBI:34146,HMDB0006111
CHEBI:34151,HMDB0013633
CHEBI:34154,HMDB0004667
CHEBI:34157,HMDB0004264
CHEBI:34159,HMDB0005079
CHEBI:34160,HMDB0005050
CHEBI:34162,HMDB0004680
CHEBI:34185,HMDB0011136
CHEBI:3419,HMDB0014539
CHEBI:34199,HMDB0245362
CHEBI:34202,HMDB0245372
CHEBI:34203,HMDB0245374
CHEBI:34204,HMDB0245370
CHEBI:34206,HMDB0245377
CHEBI:34213,HMDB0062193
CHEBI:34214,HMDB0060357
CHEBI:34219,HMDB0245430
CHEBI:34222,HMDB0245422
CHEBI:34228,HMDB0060358
CHEBI:3423,HMDB0014407
CHEBI:34232,HMDB0245485
CHEBI:34236,HMDB0039361
CHEBI:34237,HMDB0041799
CHEBI:34238,HMDB0032079
CHEBI:34247,HMDB0033826
CHEBI:34249,HMDB0245513
CHEBI:34251,HMDB0059764
CHEBI:34253,HMDB0060342
CHEBI:34254,HMDB0060343
CHEBI:34260,HMDB0245007
CHEBI:34269,HMDB0245066
CHEBI:34270,HMDB0245074
CHEBI:34276,HMDB0059819
CHEBI:34283,HMDB0015497
CHEBI:34288,HMDB0245159
CHEBI:34289,HMDB0013163
CHEBI:34292,HMDB0030524
CHEBI:34302,HMDB0062198
CHEBI:34303,HMDB0245315
CHEBI:34304,HMDB0252205
CHEBI:34306,HMDB0005998
CHEBI:34310,HMDB0001419
CHEBI:34317,HMDB0246010
CHEBI:34324,HMDB0060381
CHEBI:34328,HMDB0033188
CHEBI:3433,HMDB0030272
CHEBI:34332,HMDB0059873
CHEBI:34342,HMDB0245929
CHEBI:34346,HMDB0245949
CHEBI:34350,HMDB0002984
CHEBI:34352,HMDB0005972
CHEBI:34357,HMDB0030575
CHEBI:3436,HMDB0249690
CHEBI:34361,HMDB0246634
CHEBI:34368,HMDB0246603
CHEBI:3437,HMDB0014662
CHEBI:34372,HMDB0240712
CHEBI:34374,HMDB0060391
CHEBI:34380,HMDB0014738
CHEBI:34386,HMDB0005849
CHEBI:34390,HMDB0062398
CHEBI:34393,HMDB0246387
CHEBI:34395,HMDB0246386
CHEBI:3440,HMDB0035770
CHEBI:3440,HMDB0038707
CHEBI:3441,HMDB0015267
CHEBI:34423,HMDB0032584
CHEBI:34432,HMDB0246557
CHEBI:34435,HMDB0246504
CHEBI:34440,HMDB0038982
CHEBI:34444,HMDB0032063
CHEBI:34450,HMDB0002190
CHEBI:34477,HMDB0006259
CHEBI:34478,HMDB0013626
CHEBI:34479,HMDB0060423
CHEBI:34480,HMDB0247249
CHEBI:34485,HMDB0004706
CHEBI:34486,HMDB0004679
CHEBI:34487,HMDB0004699
CHEBI:34488,HMDB0013627
CHEBI:34488,HMDB0013625
CHEBI:34490,HMDB0002232
CHEBI:34491,HMDB0112099
CHEBI:34494,HMDB0004701
CHEBI:34496,HMDB0004670
CHEBI:34498,HMDB0062434
CHEBI:34498,HMDB0006940
CHEBI:34505,HMDB0005083
CHEBI:34506,HMDB0004708
CHEBI:34507,HMDB0248461
CHEBI:3451,HMDB0030274
CHEBI:34513,HMDB0062439
CHEBI:34520,HMDB0247901
CHEBI:34528,HMDB0004047
CHEBI:34556,HMDB0248947
CHEBI:34560,HMDB0060091
CHEBI:34562,HMDB0060438
CHEBI:34563,HMDB0060439
CHEBI:34564,HMDB0060090
CHEBI:34565,HMDB0249002
CHEBI:34567,HMDB0249007
CHEBI:34572,HMDB0243551
CHEBI:34575,HMDB0240711
CHEBI:34579,HMDB0249275
CHEBI:34586,HMDB0060445
CHEBI:34587,HMDB0060446
CHEBI:34588,HMDB0060447
CHEBI:34589,HMDB0060448
CHEBI:34591,HMDB0061732
CHEBI:34597,HMDB0303974
CHEBI:34600,HMDB0250227
CHEBI:34607,HMDB0249577
CHEBI:34608,HMDB0249599
CHEBI:34611,HMDB0031770
CHEBI:34613,HMDB0014827
CHEBI:34623,HMDB0249113
CHEBI:34624,HMDB0060452
CHEBI:34629,HMDB0303735
CHEBI:34630,HMDB0250135
CHEBI:34631,HMDB0041856
CHEBI:34632,HMDB0250138
CHEBI:34648,HMDB0250341
CHEBI:34656,HMDB0034029
CHEBI:34663,HMDB0244496
CHEBI:34665,HMDB0006543
CHEBI:34666,HMDB0250912
CHEBI:34673,HMDB0251074
CHEBI:34675,HMDB0040270
CHEBI:34677,HMDB0251285
CHEBI:34680,HMDB0251441
CHEBI:34682,HMDB0032943
CHEBI:34683,HMDB0303425
CHEBI:34687,HMDB0033244
CHEBI:34690,HMDB0033956
CHEBI:34692,HMDB0251207
CHEBI:34698,HMDB0094660
CHEBI:34703,HMDB0031778
CHEBI:34707,HMDB0005897
CHEBI:34714,HMDB0251379
CHEBI:34718,HMDB0243844
CHEBI:34726,HMDB0251566
CHEBI:34727,HMDB0033939
CHEBI:34729,HMDB0004148
CHEBI:34733,HMDB0251870
CHEBI:34735,HMDB0031781
CHEBI:347401,HMDB0015222
CHEBI:34741,HMDB0002209
CHEBI:34749,HMDB0060580
CHEBI:34756,HMDB0255225
CHEBI:34757,HMDB0041893
CHEBI:34761,HMDB0033209
CHEBI:34768,HMDB0032914
CHEBI:34777,HMDB0060479
CHEBI:34778,HMDB0005781
CHEBI:34779,HMDB0303107
CHEBI:3478,HMDB0014971
CHEBI:34784,HMDB0004690
CHEBI:34785,HMDB0253094
CHEBI:34787,HMDB0031475
CHEBI:3479,HMDB0015271
CHEBI:34795,HMDB0245912
CHEBI:3480,HMDB0015421
CHEBI:34800,HMDB0031195
CHEBI:34820,HMDB0002400
CHEBI:34821,HMDB0002363
CHEBI:34826,HMDB0245093
CHEBI:34833,HMDB0041924
CHEBI:34837,HMDB0254527
CHEBI:34838,HMDB0014996
CHEBI:34840,HMDB0032385
CHEBI:34846,HMDB0254685
CHEBI:34847,HMDB0254687
CHEBI:3485,HMDB0014675
CHEBI:34851,HMDB0035080
CHEBI:34852,HMDB0059573
CHEBI:348530,HMDB0245323
CHEBI:34856,HMDB0031581
CHEBI:34860,HMDB0247345
CHEBI:34871,HMDB0062503
CHEBI:34879,HMDB0255771
CHEBI:3489,HMDB0014419
CHEBI:34890,HMDB0245258
CHEBI:34892,HMDB0255688
CHEBI:34900,HMDB0034146
CHEBI:34903,HMDB0006027
CHEBI:34908,HMDB0256248
CHEBI:3491,HMDB0015423
CHEBI:34910,HMDB0256296
CHEBI:34911,HMDB0015604
CHEBI:34916,HMDB0242366
CHEBI:34917,HMDB0256420
CHEBI:34918,HMDB0032018
CHEBI:34919,HMDB0256389
CHEBI:34921,HMDB0256504
CHEBI:34922,HMDB0256531
CHEBI:3493,HMDB0015424
CHEBI:34934,HMDB0256804
CHEBI:34935,HMDB0256847
CHEBI:34936,HMDB0256817
CHEBI:34938,HMDB0256832
CHEBI:34939,HMDB0003034
CHEBI:34941,HMDB0256715
CHEBI:34945,HMDB0015180
CHEBI:3495,HMDB0015059
CHEBI:34957,HMDB0060504
CHEBI:34958,HMDB0060506
CHEBI:34959,HMDB0060505
CHEBI:34962,HMDB0060507
CHEBI:34967,HMDB0015623
CHEBI:34970,HMDB0029368
CHEBI:34975,HMDB0002783
CHEBI:34988,HMDB0258615
CHEBI:3499,HMDB0015425
CHEBI:35008,HMDB0244120
CHEBI:35012,HMDB0042032
CHEBI:35014,HMDB0259025
CHEBI:35019,HMDB0259164
CHEBI:35020,HMDB0031094
CHEBI:35026,HMDB0032539
CHEBI:35027,HMDB0259211
CHEBI:3503,HMDB0041852
CHEBI:35032,HMDB0001965
CHEBI:35033,HMDB0259262
CHEBI:35037,HMDB0259276
CHEBI:35038,HMDB0259275
CHEBI:3504,HMDB0015486
CHEBI:35045,HMDB0033724
CHEBI:35046,HMDB0259926
CHEBI:35047,HMDB0037600
CHEBI:3506,HMDB0015281
CHEBI:35063,HMDB0036909
CHEBI:3508,HMDB0014582
CHEBI:35096,HMDB0013825
CHEBI:3510,HMDB0015485
CHEBI:35104,HMDB0003642
CHEBI:35124,HMDB0001417
CHEBI:35128,HMDB0000402
CHEBI:351346,HMDB0038445
CHEBI:35145,HMDB0003976
CHEBI:35147,HMDB0003993
CHEBI:3515,HMDB0015244
CHEBI:35164,HMDB0029657
CHEBI:35165,HMDB0002871
CHEBI:35194,HMDB0253673
CHEBI:35227,HMDB0246551
CHEBI:35248,HMDB0001328
CHEBI:35255,HMDB0029596
CHEBI:35260,HMDB0032929
CHEBI:35266,HMDB0012266
CHEBI:35280,HMDB0004827
CHEBI:35288,HMDB0003101
CHEBI:35289,HMDB0244108
CHEBI:35290,HMDB0244067
CHEBI:35298,HMDB0248460
CHEBI:35299,HMDB0251159
CHEBI:35306,HMDB0003020
CHEBI:35331,HMDB0304015
CHEBI:35334,HMDB0303064
CHEBI:35336,HMDB0036919
CHEBI:3534,HMDB0014707
CHEBI:3537,HMDB0303624
CHEBI:35373,HMDB0004270
CHEBI:35374,HMDB0006330
CHEBI:35420,HMDB0060382
CHEBI:35420,HMDB0000774
CHEBI:35421,HMDB0000907
CHEBI:35422,HMDB0006492
CHEBI:35430,HMDB0005869
CHEBI:35430,HMDB0246002
CHEBI:35432,HMDB0003036
CHEBI:35445,HMDB0246015
CHEBI:35455,HMDB0243961
CHEBI:35458,HMDB0249822
CHEBI:35459,HMDB0251352
CHEBI:35460,HMDB0240744
CHEBI:35465,HMDB0002186
CHEBI:35468,HMDB0259152
CHEBI:3547,HMDB0015428
CHEBI:35490,HMDB0060521
CHEBI:35515,HMDB0041632
CHEBI:35517,HMDB0303827
CHEBI:35547,HMDB0031583
CHEBI:35547,HMDB0256322
CHEBI:35549,HMDB0059587
CHEBI:35550,HMDB0244868
CHEBI:355510,HMDB0014374
CHEBI:35553,HMDB0015207
CHEBI:35559,HMDB0013785
CHEBI:35565,HMDB0244867
CHEBI:35572,HMDB0245519
CHEBI:35595,HMDB0253711
CHEBI:35596,HMDB0061794
CHEBI:35596,HMDB0035604
CHEBI:35596,HMDB0035602
CHEBI:35597,HMDB0255971
CHEBI:3560,HMDB0034150
CHEBI:35600,HMDB0253696
CHEBI:35601,HMDB0245762
CHEBI:35603,HMDB0246704
CHEBI:35606,HMDB0256742
CHEBI:3561,HMDB0005032
CHEBI:35611,HMDB0249085
CHEBI:35616,HMDB0030837
CHEBI:35619,HMDB0000452
CHEBI:35621,HMDB0245013
CHEBI:35621,HMDB0000650
CHEBI:35626,HMDB0033116
CHEBI:35643,HMDB0248527
CHEBI:35661,HMDB0035619
CHEBI:35663,HMDB0061796
CHEBI:35669,HMDB0302532
CHEBI:35671,HMDB0033442
CHEBI:35677,HMDB0015644
CHEBI:3568,HMDB0014331
CHEBI:35687,HMDB0011469
CHEBI:35691,HMDB0250639
CHEBI:35697,HMDB0000930
CHEBI:35699,HMDB0000567
CHEBI:35702,HMDB0062326
CHEBI:35704,HMDB0000446
CHEBI:35710,HMDB0256559
CHEBI:35720,HMDB0029861
CHEBI:357241,HMDB0060679
CHEBI:35739,HMDB0256284
CHEBI:35783,HMDB0249348
CHEBI:35798,HMDB0249207
CHEBI:35807,HMDB0031419
CHEBI:35812,HMDB0031812
CHEBI:35817,HMDB0033205
CHEBI:35825,HMDB0000703
CHEBI:35828,HMDB0002290
CHEBI:35854,HMDB0014716
CHEBI:35858,HMDB0249003
CHEBI:35859,HMDB0260041
CHEBI:35861,HMDB0060116
CHEBI:35862,HMDB0014764
CHEBI:358732,HMDB0251162
CHEBI:35877,HMDB0255241
CHEBI:35895,HMDB0258930
CHEBI:35896,HMDB0062525
CHEBI:35928,HMDB0031430
CHEBI:35932,HMDB0000491
CHEBI:35936,HMDB0031602
CHEBI:35939,HMDB0256282
CHEBI:3594,HMDB0002375
CHEBI:35940,HMDB0060088
CHEBI:35940,HMDB0060080
CHEBI:35940,HMDB0005763
CHEBI:35962,HMDB0253115
CHEBI:35985,HMDB0302877
CHEBI:35986,HMDB0031265
CHEBI:35998,HMDB0034284
CHEBI:36,HMDB0001942
CHEBI:36002,HMDB0034118
CHEBI:36011,HMDB0246054
CHEBI:36014,HMDB0250118
CHEBI:36015,HMDB0041791
CHEBI:36018,HMDB0244041
CHEBI:36020,HMDB0034005
CHEBI:36021,HMDB0062703
CHEBI:36022,HMDB0002080
CHEBI:36023,HMDB0244344
CHEBI:36025,HMDB0247620
CHEBI:36026,HMDB0244045
CHEBI:36062,HMDB0001856
CHEBI:36075,HMDB0002122
CHEBI:36076,HMDB0011639
CHEBI:36096,HMDB0031342
CHEBI:36106,HMDB0245249
CHEBI:36108,HMDB0243892
CHEBI:3611,HMDB0014618
CHEBI:3614,HMDB0015016
CHEBI:3619,HMDB0015309
CHEBI:36203,HMDB0001977
CHEBI:36204,HMDB0304547
CHEBI:36206,HMDB0000387
CHEBI:36210,HMDB0000387
CHEBI:36211,HMDB0245154
CHEBI:36217,HMDB0000055
CHEBI:36218,HMDB0041627
CHEBI:36219,HMDB0000186
CHEBI:36240,HMDB0000312
CHEBI:36253,HMDB0034439
CHEBI:36259,HMDB0000722
CHEBI:36272,HMDB0259326
CHEBI:36273,HMDB0255104
CHEBI:36274,HMDB0000637
CHEBI:36274,HMDB0006898
CHEBI:36298,HMDB0304016
CHEBI:36306,HMDB0246871
CHEBI:36318,HMDB0251475
CHEBI:36331,HMDB0244277
CHEBI:3636,HMDB0015292
CHEBI:36361,HMDB0001443
CHEBI:36373,HMDB0014454
CHEBI:36378,HMDB0004160
CHEBI:3638,HMDB0014746
CHEBI:3639,HMDB0250125
CHEBI:36391,HMDB0032847
CHEBI:36392,HMDB0259017
CHEBI:3640,HMDB0015018
CHEBI:36404,HMDB0250655
CHEBI:36405,HMDB0251526
CHEBI:3641,HMDB0014414
CHEBI:36412,HMDB0005886
CHEBI:36412,HMDB0002697
CHEBI:36418,HMDB0244247
CHEBI:3642,HMDB0014994
CHEBI:36420,HMDB0247968
CHEBI:36421,HMDB0256392
CHEBI:36431,HMDB0029608
CHEBI:36436,HMDB0029609
CHEBI:364453,HMDB0014959
CHEBI:3647,HMDB0014620
CHEBI:36476,HMDB0011133
CHEBI:3648,HMDB0060573
CHEBI:36489,HMDB0006224
CHEBI:36491,HMDB0006765
CHEBI:36496,HMDB0034972
CHEBI:3650,HMDB0014810
CHEBI:36500,HMDB0000140
CHEBI:3651,HMDB0015369
CHEBI:36511,HMDB0244688
CHEBI:36532,HMDB0002601
CHEBI:36534,HMDB0252171
CHEBI:3654,HMDB0014455
CHEBI:3655,HMDB0014500
CHEBI:36575,HMDB0004089
CHEBI:36578,HMDB0256986
CHEBI:36592,HMDB0002039
CHEBI:36595,HMDB0032523
CHEBI:36596,HMDB0029580
CHEBI:36597,HMDB0256500
CHEBI:36605,HMDB0256501
CHEBI:36610,HMDB0031646
CHEBI:36612,HMDB0034985
CHEBI:36616,HMDB0257053
CHEBI:36617,HMDB0250265
CHEBI:36621,HMDB0257035
CHEBI:36625,HMDB0244238
CHEBI:36628,HMDB0244251
CHEBI:3663,HMDB0000885
CHEBI:36632,HMDB0002340
CHEBI:36635,HMDB0029635
CHEBI:36657,HMDB0252446
CHEBI:36664,HMDB0246467
CHEBI:36669,HMDB0244884
CHEBI:36674,HMDB0256395
CHEBI:36693,HMDB0059855
CHEBI:36696,HMDB0244132
CHEBI:36697,HMDB0244145
CHEBI:367,HMDB0034970
CHEBI:36703,HMDB0250089
CHEBI:36704,HMDB0014862
CHEBI:36706,HMDB0257161
CHEBI:36713,HMDB0000554
CHEBI:36713,HMDB0000495
CHEBI:36714,HMDB0000551
CHEBI:36715,HMDB0000369
CHEBI:36716,HMDB0245840
CHEBI:367163,HMDB0015393
CHEBI:36729,HMDB0003069
CHEBI:36740,HMDB0302508
CHEBI:36751,HMDB0004230
CHEBI:36756,HMDB0302691
CHEBI:36761,HMDB0006875
CHEBI:36769,HMDB0250665
CHEBI:36773,HMDB0303206
CHEBI:36791,HMDB0005028
CHEBI:36795,HMDB0014619
CHEBI:36798,HMDB0251594
CHEBI:36799,HMDB0000534
CHEBI:36810,HMDB0249032
CHEBI:36812,HMDB0031208
CHEBI:3682,HMDB0029752
CHEBI:36821,HMDB0245353
CHEBI:3684,HMDB0035973
CHEBI:3684,HMDB0036620
CHEBI:3686,HMDB0250218
CHEBI:3687,HMDB0030670
CHEBI:3688,HMDB0039098
CHEBI:36882,HMDB0006345
CHEBI:3689,HMDB0250217
CHEBI:3690,HMDB0302736
CHEBI:36946,HMDB0034155
CHEBI:36959,HMDB0249640
CHEBI:3696,HMDB0014513
CHEBI:36969,HMDB0252169
CHEBI:3697,HMDB0015535
CHEBI:3699,HMDB0014644
CHEBI:36999,HMDB0004586
CHEBI:37001,HMDB0031570
CHEBI:37001,HMDB0245173
CHEBI:37011,HMDB0246561
CHEBI:37023,HMDB0000510
CHEBI:37024,HMDB0302754
CHEBI:37024,HMDB0000510
CHEBI:3703,HMDB0030282
CHEBI:37046,HMDB0035741
CHEBI:37049,HMDB0061652
CHEBI:37051,HMDB0000353
CHEBI:37051,HMDB0000354
CHEBI:37070,HMDB0002176
CHEBI:37079,HMDB0003771
CHEBI:37081,HMDB0031654
CHEBI:37084,HMDB0000754
CHEBI:37099,HMDB0010722
CHEBI:37099,HMDB0039602
CHEBI:371,HMDB0001301
CHEBI:37100,HMDB0001954
CHEBI:37117,HMDB0013724
CHEBI:37127,HMDB0000509
CHEBI:37136,HMDB0004142
CHEBI:37136,HMDB0005189
CHEBI:37144,HMDB0034232
CHEBI:37157,HMDB0010724
CHEBI:3716,HMDB0014965
CHEBI:3718,HMDB0303612
CHEBI:3719,HMDB0250275
CHEBI:3720,HMDB0014742
CHEBI:37245,HMDB0000522
CHEBI:37250,HMDB0061658
CHEBI:37251,HMDB0010733
CHEBI:37252,HMDB0010735
CHEBI:37258,HMDB0061666
CHEBI:37271,HMDB0010732
CHEBI:37277,HMDB0031403
CHEBI:37283,HMDB0012969
CHEBI:37316,HMDB0039793
CHEBI:37316,HMDB0033779
CHEBI:3732,HMDB0015342
CHEBI:37325,HMDB0248162
CHEBI:37371,HMDB0002203
CHEBI:37373,HMDB0000023
CHEBI:37374,HMDB0061656
CHEBI:37376,HMDB0256493
CHEBI:3738,HMDB0014428
CHEBI:37382,HMDB0034827
CHEBI:37386,HMDB0248725
CHEBI:37391,HMDB0250623
CHEBI:37401,HMDB0244225
CHEBI:37405,HMDB0244224
CHEBI:3743,HMDB0014909
CHEBI:37440,HMDB0000398
CHEBI:3745,HMDB0015321
CHEBI:37450,HMDB0004482
CHEBI:37451,HMDB0004484
CHEBI:37454,HMDB0256391
CHEBI:37463,HMDB0006336
CHEBI:37487,HMDB0257042
CHEBI:3749,HMDB0014983
CHEBI:37495,HMDB0257032
CHEBI:3750,HMDB0014774
CHEBI:37502,HMDB0036006
CHEBI:3751,HMDB0250348
CHEBI:37510,HMDB0248463
CHEBI:37515,HMDB0001076
CHEBI:3752,HMDB0015020
CHEBI:37525,HMDB0011185
CHEBI:37548,HMDB0256445
CHEBI:37550,HMDB0000277
CHEBI:3756,HMDB0015201
CHEBI:37564,HMDB0000600
CHEBI:3757,HMDB0014714
CHEBI:37573,HMDB0301843
CHEBI:37574,HMDB0002666
CHEBI:37580,HMDB0247922
CHEBI:37583,HMDB0303418
CHEBI:37585,HMDB0303430
CHEBI:37599,HMDB0060688
CHEBI:3760,HMDB0033147
CHEBI:37601,HMDB0248153
CHEBI:37605,HMDB0255893
CHEBI:3761,HMDB0014766
CHEBI:37615,HMDB0256859
CHEBI:37619,HMDB0033704
CHEBI:37628,HMDB0000572
CHEBI:3763,HMDB0250365
CHEBI:3764,HMDB0001922
CHEBI:37640,HMDB0060136
CHEBI:37642,HMDB0060305
CHEBI:37645,HMDB0060296
CHEBI:37647,HMDB0259922
CHEBI:37655,HMDB0000613
CHEBI:37658,HMDB0302778
CHEBI:37659,HMDB0002364
CHEBI:3766,HMDB0014507
CHEBI:37666,HMDB0006880
CHEBI:37675,HMDB0062473
CHEBI:37704,HMDB0012326
CHEBI:37712,HMDB0001721
CHEBI:37713,HMDB0304154
CHEBI:37724,HMDB0000660
CHEBI:37737,HMDB0001128
CHEBI:37741,HMDB0001151
CHEBI:37744,HMDB0061922
CHEBI:37753,HMDB0001240
CHEBI:37754,HMDB0240264
CHEBI:37758,HMDB0253528
CHEBI:37788,HMDB0006049
CHEBI:37808,HMDB0013865
CHEBI:37815,HMDB0250663
CHEBI:37820,HMDB0244159
CHEBI:37825,HMDB0256058
CHEBI:37830,HMDB0029603
CHEBI:37837,HMDB0246987
CHEBI:37858,HMDB0258582
CHEBI:37869,HMDB0034261
CHEBI:37894,HMDB0034406
CHEBI:37894,HMDB0246158
CHEBI:37902,HMDB0032378
CHEBI:37911,HMDB0059837
CHEBI:37918,HMDB0246165
CHEBI:37922,HMDB0015642
CHEBI:37924,HMDB0015205
CHEBI:37931,HMDB0302434
CHEBI:37937,HMDB0014362
CHEBI:37941,HMDB0005011
CHEBI:37946,HMDB0006275
CHEBI:37965,HMDB0245765
CHEBI:37998,HMDB0000698
CHEBI:38010,HMDB0248765
CHEBI:38028,HMDB0041861
CHEBI:38043,HMDB0244188
CHEBI:38048,HMDB0248320
CHEBI:38067,HMDB0256821
CHEBI:38069,HMDB0250604
CHEBI:38071,HMDB0244185
CHEBI:38074,HMDB0245050
CHEBI:38085,HMDB0032469
CHEBI:38108,HMDB0029615
CHEBI:38118,HMDB0032330
CHEBI:38119,HMDB0033350
CHEBI:38120,HMDB0094691
CHEBI:38122,HMDB0060455
CHEBI:38123,HMDB0247804
CHEBI:38137,HMDB0060322
CHEBI:38142,HMDB0244076
CHEBI:38156,HMDB0038751
CHEBI:38158,HMDB0033927
CHEBI:38199,HMDB0037256
CHEBI:38200,HMDB0033850
CHEBI:38211,HMDB0303536
CHEBI:38214,HMDB0254876
CHEBI:38219,HMDB0255449
CHEBI:38221,HMDB0034702
CHEBI:38223,HMDB0251132
CHEBI:38225,HMDB0034703
CHEBI:38258,HMDB0031149
CHEBI:38263,HMDB0250801
CHEBI:38264,HMDB0033923
CHEBI:38265,HMDB0035824
CHEBI:38266,HMDB0302640
CHEBI:38299,HMDB0004702
CHEBI:3830,HMDB0059839
CHEBI:38321,HMDB0254481
CHEBI:38342,HMDB0006797
CHEBI:38358,HMDB0029581
CHEBI:38364,HMDB0031484
CHEBI:38366,HMDB0032459
CHEBI:38381,HMDB0032248
CHEBI:38382,HMDB0248208
CHEBI:38383,HMDB0030963
CHEBI:38399,HMDB0247702
CHEBI:38407,HMDB0062661
CHEBI:38420,HMDB0257057
CHEBI:38430,HMDB0244865
CHEBI:38431,HMDB0244195
CHEBI:38449,HMDB0254547
CHEBI:38450,HMDB0250201
CHEBI:38451,HMDB0253040
CHEBI:38452,HMDB0258764
CHEBI:38454,HMDB0249018
CHEBI:38472,HMDB0061869
CHEBI:38474,HMDB0244708
CHEBI:38476,HMDB0249647
CHEBI:38477,HMDB0252441
CHEBI:38478,HMDB0252005
CHEBI:38483,HMDB0031782
CHEBI:38491,HMDB0252444
CHEBI:38504,HMDB0252533
CHEBI:38505,HMDB0031797
CHEBI:38506,HMDB0032029
CHEBI:38508,HMDB0254529
CHEBI:38539,HMDB0259885
CHEBI:38544,HMDB0251396
CHEBI:38545,HMDB0015230
CHEBI:38547,HMDB0041804
CHEBI:38570,HMDB0302561
CHEBI:38571,HMDB0031811
CHEBI:38572,HMDB0246064
CHEBI:38578,HMDB0248763
CHEBI:38586,HMDB0249031
CHEBI:38587,HMDB0248806
CHEBI:38588,HMDB0249530
CHEBI:38589,HMDB0253133
CHEBI:38593,HMDB0252192
CHEBI:38598,HMDB0250096
CHEBI:38618,HMDB0245027
CHEBI:38619,HMDB0246752
CHEBI:38620,HMDB0247140
CHEBI:38621,HMDB0250614
CHEBI:38624,HMDB0250995
CHEBI:38626,HMDB0256960
CHEBI:38629,HMDB0245733
CHEBI:38635,HMDB0011600
CHEBI:38649,HMDB0245333
CHEBI:38655,HMDB0033742
CHEBI:38661,HMDB0251486
CHEBI:38662,HMDB0253238
CHEBI:38663,HMDB0252018
CHEBI:38665,HMDB0252020
CHEBI:38680,HMDB0031787
CHEBI:38682,HMDB0062089
CHEBI:38683,HMDB0245927
CHEBI:38685,HMDB0031558
CHEBI:38691,HMDB0252290
CHEBI:38693,HMDB0031793
CHEBI:38695,HMDB0031460
CHEBI:38701,HMDB0003074
CHEBI:38705,HMDB0254466
CHEBI:38718,HMDB0031800
CHEBI:38721,HMDB0031803
CHEBI:38725,HMDB0250292
CHEBI:38728,HMDB0031805
CHEBI:38729,HMDB0031806
CHEBI:38732,HMDB0244156
CHEBI:38735,HMDB0256011
CHEBI:38737,HMDB0259163
CHEBI:38740,HMDB0253635
CHEBI:38746,HMDB0256125
CHEBI:38747,HMDB0242509
CHEBI:3875,HMDB0034266
CHEBI:38759,HMDB0253625
CHEBI:38764,HMDB0062577
CHEBI:38786,HMDB0256463
CHEBI:38798,HMDB0252325
CHEBI:38801,HMDB0253671
CHEBI:38810,HMDB0247519
CHEBI:38814,HMDB0249037
CHEBI:38815,HMDB0249022
CHEBI:38817,HMDB0256502
CHEBI:38825,HMDB0249638
CHEBI:38826,HMDB0256326
CHEBI:38832,HMDB0243647
CHEBI:3884,HMDB0031457
CHEBI:38843,HMDB0256600
CHEBI:38847,HMDB0256320
CHEBI:38848,HMDB0256315
CHEBI:38850,HMDB0256337
CHEBI:38851,HMDB0256316
CHEBI:38853,HMDB0250288
CHEBI:38854,HMDB0256335
CHEBI:38858,HMDB0256818
CHEBI:38866,HMDB0258891
CHEBI:38876,HMDB0256939
CHEBI:38879,HMDB0243996
CHEBI:38880,HMDB0032545
CHEBI:38884,HMDB0251459
CHEBI:38890,HMDB0245168
CHEBI:38905,HMDB0259165
CHEBI:38912,HMDB0257262
CHEBI:38940,HMDB0015397
CHEBI:38944,HMDB0248349
CHEBI:38945,HMDB0258605
CHEBI:38946,HMDB0248345
CHEBI:38949,HMDB0258619
CHEBI:38951,HMDB0258766
CHEBI:38954,HMDB0258801
CHEBI:38955,HMDB0030280
CHEBI:38959,HMDB0251452
CHEBI:38960,HMDB0258828
CHEBI:38962,HMDB0259016
CHEBI:38963,HMDB0259159
CHEBI:38970,HMDB0030281
CHEBI:38974,HMDB0030198
CHEBI:38978,HMDB0244147
CHEBI:3898,HMDB0003180
CHEBI:3899,HMDB0003128
CHEBI:38997,HMDB0059823
CHEBI:39005,HMDB0246678
CHEBI:39017,HMDB0243877
CHEBI:39023,HMDB0256313
CHEBI:3903,HMDB0250488
CHEBI:39063,HMDB0259178
CHEBI:39066,HMDB0011727
CHEBI:39073,HMDB0247040
CHEBI:39076,HMDB0254880
CHEBI:3908,HMDB0002326
CHEBI:39106,HMDB0042002
CHEBI:39112,HMDB0240205
CHEBI:39153,HMDB0012233
CHEBI:39163,HMDB0247906
CHEBI:39171,HMDB0255630
CHEBI:39175,HMDB0258967
CHEBI:39177,HMDB0250370
CHEBI:3918,HMDB0035098
CHEBI:39183,HMDB0244741
CHEBI:39185,HMDB0258969
CHEBI:39188,HMDB0248963
CHEBI:39194,HMDB0040452
CHEBI:39196,HMDB0036573
CHEBI:391960,HMDB0014639
CHEBI:39227,HMDB0253120
CHEBI:39238,HMDB0036066
CHEBI:39240,HMDB0036065
CHEBI:39241,HMDB0303990
CHEBI:39242,HMDB0035913
CHEBI:39244,HMDB0029880
CHEBI:39246,HMDB0000772
CHEBI:39248,HMDB0002345
CHEBI:39250,HMDB0061707
CHEBI:39257,HMDB0245466
CHEBI:39258,HMDB0034446
CHEBI:39260,HMDB0256983
CHEBI:39275,HMDB0031524
CHEBI:39282,HMDB0253530
CHEBI:39285,HMDB0062271
CHEBI:39287,HMDB0258613
CHEBI:39294,HMDB0031788
CHEBI:39299,HMDB0251124
CHEBI:3930,HMDB0250549
CHEBI:39300,HMDB0256819
CHEBI:39308,HMDB0242452
CHEBI:39315,HMDB0250340
CHEBI:39322,HMDB0244124
CHEBI:39329,HMDB0252119
CHEBI:39330,HMDB0258890
CHEBI:39348,HMDB0252109
CHEBI:39349,HMDB0245221
CHEBI:39353,HMDB0252216
CHEBI:39354,HMDB0245407
CHEBI:39355,HMDB0245340
CHEBI:39357,HMDB0245520
CHEBI:39360,HMDB0246070
CHEBI:39361,HMDB0252337
CHEBI:393747,HMDB0246028
CHEBI:39382,HMDB0252332
CHEBI:39383,HMDB0253130
CHEBI:39384,HMDB0254195
CHEBI:39388,HMDB0259200
CHEBI:39391,HMDB0256730
CHEBI:39397,HMDB0258915
CHEBI:39414,HMDB0248991
CHEBI:39416,HMDB0249059
CHEBI:39420,HMDB0002361
CHEBI:39421,HMDB0059586
CHEBI:39422,HMDB0243978
CHEBI:39423,HMDB0256332
CHEBI:39424,HMDB0253103
CHEBI:39425,HMDB0256262
CHEBI:39426,HMDB0253102
CHEBI:39427,HMDB0256323
CHEBI:39428,HMDB0251565
CHEBI:39429,HMDB0253131
CHEBI:39460,HMDB0243539
CHEBI:39465,HMDB0014517
CHEBI:39468,HMDB0244106
CHEBI:39472,HMDB0244183
CHEBI:39478,HMDB0041792
CHEBI:39480,HMDB0302194
CHEBI:39481,HMDB0250123
CHEBI:39501,HMDB0259196
CHEBI:39540,HMDB0013034
CHEBI:39548,HMDB0005006
CHEBI:39564,HMDB0303951
CHEBI:39567,HMDB0002059
CHEBI:39568,HMDB0249315
CHEBI:39585,HMDB0014336
CHEBI:3961,HMDB0303393
CHEBI:39618,HMDB0244244
CHEBI:3962,HMDB0002269
CHEBI:3962,HMDB0034401
CHEBI:39624,HMDB0243939
CHEBI:39631,HMDB0256256
CHEBI:39669,HMDB0014999
CHEBI:39678,HMDB0254690
CHEBI:39708,HMDB0061854
CHEBI:3978,HMDB0304306
CHEBI:39832,HMDB0254546
CHEBI:39839,HMDB0032151
CHEBI:39867,HMDB0001877
CHEBI:39870,HMDB0034006
CHEBI:3988,HMDB0015586
CHEBI:39912,HMDB0013677
CHEBI:39922,HMDB0061887
CHEBI:39931,HMDB0245952
CHEBI:39934,HMDB0008991
CHEBI:3994,HMDB0015307
CHEBI:39940,HMDB0033716
CHEBI:39949,HMDB0003379
CHEBI:3996,HMDB0015060
CHEBI:39971,HMDB0259197
CHEBI:39980,HMDB0000428
CHEBI:39992,HMDB0011601
CHEBI:40009,HMDB0014405
CHEBI:40035,HMDB0246511
CHEBI:40036,HMDB0245804
CHEBI:40050,HMDB0014839
CHEBI:40071,HMDB0246338
CHEBI:40096,HMDB0059647
CHEBI:40101,HMDB0060397
CHEBI:40116,HMDB0034237
CHEBI:40131,HMDB0002043
CHEBI:40154,HMDB0060396
CHEBI:4019,HMDB0033983
CHEBI:40235,HMDB0245509
CHEBI:40237,HMDB0015390
CHEBI:4024,HMDB0015114
CHEBI:40260,HMDB0011612
CHEBI:4027,HMDB0014672
CHEBI:40279,HMDB0014581
CHEBI:40303,HMDB0014372
CHEBI:40304,HMDB0003333
CHEBI:4034,HMDB0249116
CHEBI:40356,HMDB0000212
CHEBI:40407,HMDB0304080
CHEBI:40410,HMDB0000532
CHEBI:4042,HMDB0243566
CHEBI:40443,HMDB0246546
CHEBI:40448,HMDB0248468
CHEBI:4045,HMDB0034853
CHEBI:4046,HMDB0014578
CHEBI:4047,HMDB0000078
CHEBI:404903,HMDB0014448
CHEBI:40519,HMDB0247997
CHEBI:40521,HMDB0004620
CHEBI:405237,HMDB0002706
CHEBI:40526,HMDB0240713
CHEBI:40538,HMDB0033871
CHEBI:40547,HMDB0062225
CHEBI:40595,HMDB0001058
CHEBI:40618,HMDB0248318
CHEBI:40673,HMDB0006454
CHEBI:40678,HMDB0243820
CHEBI:40682,HMDB0094649
CHEBI:40753,HMDB0248459
CHEBI:40782,HMDB0245029
CHEBI:40799,HMDB0003422
CHEBI:40810,HMDB0245504
CHEBI:40813,HMDB0001101
CHEBI:408174,HMDB0015399
CHEBI:40823,HMDB0248327
CHEBI:4083,HMDB0060466
CHEBI:40836,HMDB0000412
CHEBI:40850,HMDB0247424
CHEBI:40863,HMDB0245799
CHEBI:40886,HMDB0000646
CHEBI:40933,HMDB0005935
CHEBI:40953,HMDB0251587
CHEBI:40957,HMDB0011727
CHEBI:40968,HMDB0002204
CHEBI:40992,HMDB0000766
CHEBI:41,HMDB0035737
CHEBI:41001,HMDB0041836
CHEBI:41033,HMDB0248970
CHEBI:41037,HMDB0246756
CHEBI:41039,HMDB0248951
CHEBI:41094,HMDB0245492
CHEBI:41117,HMDB0304423
CHEBI:41131,HMDB0010720
CHEBI:41132,HMDB0036523
CHEBI:41139,HMDB0000043
CHEBI:41183,HMDB0000633
CHEBI:41189,HMDB0244201
CHEBI:41214,HMDB0246534
CHEBI:41218,HMDB0245190
CHEBI:41237,HMDB0014814
CHEBI:41241,HMDB0012127
CHEBI:41250,HMDB0249241
CHEBI:412516,HMDB0034355
CHEBI:41253,HMDB0059907
CHEBI:41254,HMDB0061112
CHEBI:41275,HMDB0248993
CHEBI:41308,HMDB0032049
CHEBI:41320,HMDB0032066
CHEBI:41321,HMDB0000653
CHEBI:41330,HMDB0030058
CHEBI:4139,HMDB0037209
CHEBI:41401,HMDB0012251
CHEBI:41423,HMDB0005014
CHEBI:41500,HMDB0000543
CHEBI:41509,HMDB0000610
CHEBI:41527,HMDB0246126
CHEBI:41539,HMDB0012318
CHEBI:41550,HMDB0252378
CHEBI:41582,HMDB0005960
CHEBI:41607,HMDB0034233
CHEBI:4167,HMDB0304632
CHEBI:41674,HMDB0031344
CHEBI:41688,HMDB0014550
CHEBI:4170,HMDB0001401
CHEBI:41774,HMDB0014813
CHEBI:41808,HMDB0031450
CHEBI:41814,HMDB0246606
CHEBI:41847,HMDB0007158
CHEBI:41865,HMDB0000792
CHEBI:41879,HMDB0015364
CHEBI:41921,HMDB0253451
CHEBI:41922,HMDB0302859
CHEBI:41922,HMDB0014400
CHEBI:41934,HMDB0015375
CHEBI:41941,HMDB0001336
CHEBI:41948,HMDB0242197
CHEBI:41967,HMDB0251455
CHEBI:41977,HMDB0014832
CHEBI:42,HMDB0030344
CHEBI:420128,HMDB0246765
CHEBI:42017,HMDB0245462
CHEBI:42027,HMDB0008138
CHEBI:42068,HMDB0015308
CHEBI:4208,HMDB0000169
CHEBI:42098,HMDB0060731
CHEBI:42106,HMDB0013593
CHEBI:42111,HMDB0001311
CHEBI:42147,HMDB0059664
CHEBI:42156,HMDB0000356
CHEBI:421707,HMDB0015182
CHEBI:421840,HMDB0032604
CHEBI:42191,HMDB0015109
CHEBI:422,HMDB0000190
CHEBI:42202,HMDB0033991
CHEBI:4222,HMDB0001416
CHEBI:42223,HMDB0035214
CHEBI:42255,HMDB0038361
CHEBI:42263,HMDB0244080
CHEBI:42266,HMDB0038209
CHEBI:42280,HMDB0003581
CHEBI:42298,HMDB0253090
CHEBI:42334,HMDB0062295
CHEBI:42355,HMDB0014344
CHEBI:42383,HMDB0012228
CHEBI:42394,HMDB0001160
CHEBI:42438,HMDB0013744
CHEBI:42438,HMDB0013819
CHEBI:42465,HMDB0252003
CHEBI:42491,HMDB0003075
CHEBI:42492,HMDB0252365
CHEBI:4250,HMDB0006872
CHEBI:42504,HMDB0000826
CHEBI:4251,HMDB0006873
CHEBI:42530,HMDB0031608
CHEBI:42534,HMDB0000628
CHEBI:42539,HMDB0010731
CHEBI:42548,HMDB0000174
CHEBI:42564,HMDB0029196
CHEBI:42578,HMDB0014023
CHEBI:42589,HMDB0059625
CHEBI:4259,HMDB0004161
CHEBI:425902,HMDB0032623
CHEBI:4260,HMDB0004158
CHEBI:42630,HMDB0059877
CHEBI:42638,HMDB0252331
CHEBI:42639,HMDB0000549
CHEBI:42682,HMDB0001891
CHEBI:42717,HMDB0000127
CHEBI:42724,HMDB0012128
CHEBI:42725,HMDB0029706
CHEBI:42797,HMDB0005015
CHEBI:42820,HMDB0001842
CHEBI:42843,HMDB0062472
CHEBI:42905,HMDB0033704
CHEBI:42939,HMDB0062716
CHEBI:42944,HMDB0014812
CHEBI:42946,HMDB0252872
CHEBI:42977,HMDB0006247
CHEBI:42989,HMDB0006119
CHEBI:43003,HMDB0031479
CHEBI:43029,HMDB0000038
CHEBI:43040,HMDB0253036
CHEBI:4305,HMDB0014989
CHEBI:43060,HMDB0253092
CHEBI:43065,HMDB0000563
CHEBI:43088,HMDB0004224
CHEBI:4309,HMDB0015566
CHEBI:43098,HMDB0031447
CHEBI:43120,HMDB0002215
CHEBI:43136,HMDB0245158
CHEBI:4315,HMDB0002835
CHEBI:4316,HMDB0031704
CHEBI:4317,HMDB0015350
CHEBI:43197,HMDB0010728
CHEBI:4324,HMDB0250858
CHEBI:4325,HMDB0014395
CHEBI:43291,HMDB0033717
CHEBI:43295,HMDB0253472
CHEBI:43355,HMDB0000682
CHEBI:43385,HMDB0243797
CHEBI:43405,HMDB0062481
CHEBI:43419,HMDB0000686
CHEBI:43433,HMDB0000557
CHEBI:43451,HMDB0059634
CHEBI:43468,HMDB0012156
CHEBI:43521,HMDB0246477
CHEBI:4356,HMDB0014884
CHEBI:43561,HMDB0247517
CHEBI:43572,HMDB0032923
CHEBI:43580,HMDB0002302
CHEBI:43619,HMDB0059909
CHEBI:43636,HMDB0246818
CHEBI:4366,HMDB0033765
CHEBI:43661,HMDB0254201
CHEBI:43689,HMDB0031659
CHEBI:4372,HMDB0302822
CHEBI:43722,HMDB0031072
CHEBI:43732,HMDB0029713
CHEBI:43741,HMDB0243768
CHEBI:43745,HMDB0245447
CHEBI:43755,HMDB0001938
CHEBI:43796,HMDB0014312
CHEBI:43799,HMDB0031321
CHEBI:4388,HMDB0041866
CHEBI:43907,HMDB0253606
CHEBI:4392,HMDB0014756
CHEBI:439329,HMDB0015322
CHEBI:43945,HMDB0254641
CHEBI:43968,HMDB0014898
CHEBI:44032,HMDB0014369
CHEBI:44111,HMDB0041604
CHEBI:44143,HMDB0251775
CHEBI:44156,HMDB0258830
CHEBI:44185,HMDB0014703
CHEBI:44194,HMDB0059812
CHEBI:44212,HMDB0061716
CHEBI:44215,HMDB0000902
CHEBI:44229,HMDB0255446
CHEBI:44230,HMDB0011668
CHEBI:44236,HMDB0059644
CHEBI:44241,HMDB0015146
CHEBI:44247,HMDB0002368
CHEBI:44302,HMDB0255106
CHEBI:44303,HMDB0059720
CHEBI:44313,HMDB0059626
CHEBI:44337,HMDB0001138
CHEBI:44368,HMDB0014480
CHEBI:44368,HMDB0257247
CHEBI:44369,HMDB0035359
CHEBI:443725,HMDB0252468
CHEBI:44383,HMDB0254670
CHEBI:44391,HMDB0000781
CHEBI:44400,HMDB0245175
CHEBI:44409,HMDB0000217
CHEBI:44423,HMDB0015140
CHEBI:44445,HMDB0255611
CHEBI:4445,HMDB0015320
CHEBI:44454,HMDB0001904
CHEBI:44482,HMDB0255221
CHEBI:44485,HMDB0255137
CHEBI:44499,HMDB0031264
CHEBI:44510,HMDB0000746
CHEBI:44526,HMDB0005048
CHEBI:4453,HMDB0014449
CHEBI:44557,HMDB0255635
CHEBI:44597,HMDB0012329
CHEBI:44605,HMDB0041820
CHEBI:44616,HMDB0060530
CHEBI:4464,HMDB0240218
CHEBI:4466,HMDB0014771
CHEBI:4466,HMDB0041872
CHEBI:44661,HMDB0035233
CHEBI:44673,HMDB0240589
CHEBI:44680,HMDB0010721
CHEBI:4469,HMDB0015516
CHEBI:4470,HMDB0001920
CHEBI:44712,HMDB0003974
CHEBI:44715,HMDB0004825
CHEBI:4474,HMDB0015340
CHEBI:44747,HMDB0000130
CHEBI:44748,HMDB0061835
CHEBI:44788,HMDB0304087
CHEBI:44794,HMDB0094680
CHEBI:44811,HMDB0062195
CHEBI:44814,HMDB0246572
CHEBI:44817,HMDB0245507
CHEBI:44836,HMDB0244920
CHEBI:44864,HMDB0031632
CHEBI:4488,HMDB0033966
CHEBI:44884,HMDB0013036
CHEBI:4489,HMDB0036491
CHEBI:44897,HMDB0000263
CHEBI:44915,HMDB0014956
CHEBI:44920,HMDB0094708
CHEBI:44926,HMDB0259193
CHEBI:44932,HMDB0015552
CHEBI:44933,HMDB0256581
CHEBI:44946,HMDB0010573
CHEBI:4495,HMDB0015251
CHEBI:44975,HMDB0244053
CHEBI:45017,HMDB0245973
CHEBI:4506,HMDB0251205
CHEBI:45064,HMDB0001443
CHEBI:45081,HMDB0014876
CHEBI:4511,HMDB0014628
CHEBI:45126,HMDB0011690
CHEBI:45129,HMDB0240714
CHEBI:4513,HMDB0014411
CHEBI:45133,HMDB0041992
CHEBI:4514,HMDB0014942
CHEBI:45141,HMDB0037113
CHEBI:45165,HMDB0256992
CHEBI:45171,HMDB0062164
CHEBI:4518,HMDB0015027
CHEBI:45213,HMDB0245980
CHEBI:45223,HMDB0245194
CHEBI:45240,HMDB0007866
CHEBI:45285,HMDB0014483
CHEBI:45296,HMDB0033792
CHEBI:4530,HMDB0015072
CHEBI:453011,HMDB0015319
CHEBI:45304,HMDB0015332
CHEBI:45327,HMDB0014340
CHEBI:4534,HMDB0251256
CHEBI:45367,HMDB0014753
CHEBI:4537,HMDB0251259
CHEBI:45373,HMDB0014404
CHEBI:45379,HMDB0254626
CHEBI:45409,HMDB0014646
CHEBI:45441,HMDB0002931
CHEBI:45479,HMDB0006221
CHEBI:45487,HMDB0006220
CHEBI:454991,HMDB0033839
CHEBI:4551,HMDB0001917
CHEBI:45530,HMDB0240555
CHEBI:45564,HMDB0061927
CHEBI:45571,HMDB0000666
CHEBI:4559,HMDB0303757
CHEBI:45615,HMDB0257460
CHEBI:4562,HMDB0014465
CHEBI:45626,HMDB0000346
CHEBI:45630,HMDB0000720
CHEBI:45652,HMDB0014347
CHEBI:45658,HMDB0002108
CHEBI:45658,HMDB0302211
CHEBI:45713,HMDB0003747
CHEBI:45716,HMDB0015568
CHEBI:45718,HMDB0304440
CHEBI:45735,HMDB0015448
CHEBI:45744,HMDB0000230
CHEBI:45758,HMDB0031472
CHEBI:45783,HMDB0014757
CHEBI:4581,HMDB0001412
CHEBI:4582,HMDB0240498
CHEBI:45820,HMDB0254615
CHEBI:45826,HMDB0062557
CHEBI:45863,HMDB0015360
CHEBI:45868,HMDB0304343
CHEBI:45869,HMDB0010335
CHEBI:45892,HMDB0014118
CHEBI:45895,HMDB0031456
CHEBI:45906,HMDB0015582
CHEBI:4591,HMDB0015203
CHEBI:45919,HMDB0000910
CHEBI:45924,HMDB0014583
CHEBI:45927,HMDB0259191
CHEBI:4593,HMDB0002050
CHEBI:45951,HMDB0014969
CHEBI:45956,HMDB0005393
CHEBI:45969,HMDB0031193
CHEBI:45979,HMDB0014868
CHEBI:45980,HMDB0014526
CHEBI:45993,HMDB0032930
CHEBI:45996,HMDB0000884
CHEBI:4601,HMDB0015684
CHEBI:46032,HMDB0259234
CHEBI:46050,HMDB0061865
CHEBI:46053,HMDB0245483
CHEBI:4608,HMDB0005879
CHEBI:46081,HMDB0014342
CHEBI:4610,HMDB0033212
CHEBI:4614,HMDB0013780
CHEBI:46149,HMDB0256536
CHEBI:46171,HMDB0246328
CHEBI:46195,HMDB0001859
CHEBI:46202,HMDB0030941
CHEBI:46215,HMDB0155722
CHEBI:46229,HMDB0000286
CHEBI:46234,HMDB0002012
CHEBI:46245,HMDB0001072
CHEBI:46261,HMDB0256448
CHEBI:4628,HMDB0030305
CHEBI:46295,HMDB0015000
CHEBI:4630,HMDB0029676
CHEBI:4632,HMDB0303238
CHEBI:46324,HMDB0259237
CHEBI:46342,HMDB0031445
CHEBI:46345,HMDB0014684
CHEBI:46345,HMDB0060706
CHEBI:4636,HMDB0001927
CHEBI:46372,HMDB0006709
CHEBI:4638,HMDB0015361
CHEBI:4639,HMDB0015213
CHEBI:4640,HMDB0032562
CHEBI:4646,HMDB0014592
CHEBI:46477,HMDB0240266
CHEBI:465284,HMDB0015139
CHEBI:4653,HMDB0015110
CHEBI:46548,HMDB0259989
CHEBI:46557,HMDB0014543
CHEBI:4657,HMDB0014425
CHEBI:46570,HMDB0012204
CHEBI:4659,HMDB0014960
CHEBI:4659,HMDB0034335
CHEBI:4659,HMDB0034341
CHEBI:46611,HMDB0256494
CHEBI:46635,HMDB0245450
CHEBI:46636,HMDB0245389
CHEBI:46643,HMDB0032347
CHEBI:46643,HMDB0253612
CHEBI:46645,HMDB0006006
CHEBI:46659,HMDB0014476
CHEBI:4670,HMDB0014979
CHEBI:46702,HMDB0036461
CHEBI:46708,HMDB0032449
CHEBI:4672,HMDB0015378
CHEBI:46736,HMDB0259255
CHEBI:46750,HMDB0302902
CHEBI:46751,HMDB0257048
CHEBI:4676,HMDB0000623
CHEBI:46784,HMDB0251284
CHEBI:46785,HMDB0258894
CHEBI:46788,HMDB0031213
CHEBI:46790,HMDB0245203
CHEBI:46793,HMDB0037790
CHEBI:46796,HMDB0256260
CHEBI:46807,HMDB0251245
CHEBI:4681,HMDB0014349
CHEBI:46837,HMDB0033161
CHEBI:46859,HMDB0256665
CHEBI:46875,HMDB0256966
CHEBI:46898,HMDB0000918
CHEBI:469,HMDB0041006
CHEBI:46905,HMDB0000210
CHEBI:46916,HMDB0031209
CHEBI:46924,HMDB0244172
CHEBI:46932,HMDB0038457
CHEBI:46936,HMDB0029846
CHEBI:46941,HMDB0258904
CHEBI:46958,HMDB0012309
CHEBI:46961,HMDB0004610
CHEBI:46961,HMDB0004628
CHEBI:46964,HMDB0245021
CHEBI:46968,HMDB0242634
CHEBI:46996,HMDB0029942
CHEBI:47,HMDB0303494
CHEBI:4700,HMDB0012221
CHEBI:47013,HMDB0000283
CHEBI:4702,HMDB0015007
CHEBI:47032,HMDB0244216
CHEBI:4708,HMDB0014728
CHEBI:47083,HMDB0245077
CHEBI:47097,HMDB0304871
CHEBI:4710,HMDB0015273
CHEBI:47136,HMDB0256246
CHEBI:4717,HMDB0014593
CHEBI:471744,HMDB0015536
CHEBI:47220,HMDB0250107
CHEBI:4723,HMDB0251639
CHEBI:4724,HMDB0014783
CHEBI:47248,HMDB0062397
CHEBI:472657,HMDB0014809
CHEBI:4727,HMDB0012935
CHEBI:47276,HMDB0242168
CHEBI:4728,HMDB0014789
CHEBI:472805,HMDB0015224
CHEBI:4732,HMDB0251659
CHEBI:47381,HMDB0014724
CHEBI:473990,HMDB0014585
CHEBI:474053,HMDB0015422
CHEBI:474180,HMDB0014661
CHEBI:47426,HMDB0001933
CHEBI:47458,HMDB0257490
CHEBI:474859,HMDB0254311
CHEBI:47499,HMDB0001848
CHEBI:47518,HMDB0012242
CHEBI:4753,HMDB0015190
CHEBI:47544,HMDB0014590
CHEBI:47554,HMDB0250113
CHEBI:4757,HMDB0301765
CHEBI:47612,HMDB0015465
CHEBI:47619,HMDB0256530
CHEBI:47657,HMDB0257288
CHEBI:47693,HMDB0003418
CHEBI:47696,HMDB0029642
CHEBI:4775,HMDB0002899
CHEBI:4776,HMDB0251751
CHEBI:47764,HMDB0251629
CHEBI:47767,HMDB0060501
CHEBI:47770,HMDB0256517
CHEBI:47771,HMDB0006335
CHEBI:47772,HMDB0002902
CHEBI:4778,HMDB0251767
CHEBI:47780,HMDB0015372
CHEBI:47781,HMDB0015282
CHEBI:47782,HMDB0254150
CHEBI:4779,HMDB0015216
CHEBI:47799,HMDB0006228
CHEBI:47802,HMDB0253433
CHEBI:47807,HMDB0005792
CHEBI:478164,HMDB0015483
CHEBI:47828,HMDB0006472
CHEBI:47829,HMDB0034326
CHEBI:47833,HMDB0029430
CHEBI:4784,HMDB0014722
CHEBI:47845,HMDB0031473
CHEBI:47855,HMDB0251269
CHEBI:47856,HMDB0035841
CHEBI:47859,HMDB0244121
CHEBI:4786,HMDB0041886
CHEBI:47870,HMDB0035646
CHEBI:47872,HMDB0031520
CHEBI:4788,HMDB0015359
CHEBI:47898,HMDB0014588
CHEBI:47904,HMDB0062563
CHEBI:47904,HMDB0002052
CHEBI:479072,HMDB0245025
CHEBI:4791,HMDB0248210
CHEBI:4792,HMDB0014373
CHEBI:47937,HMDB0000163
CHEBI:47943,HMDB0248441
CHEBI:47954,HMDB0003402
CHEBI:47962,HMDB0002545
CHEBI:47977,HMDB0001514
CHEBI:4798,HMDB0012226
CHEBI:48003,HMDB0252013
CHEBI:48005,HMDB0012230
CHEBI:48007,HMDB0012925
CHEBI:48022,HMDB0246098
CHEBI:48029,HMDB0029433
CHEBI:48040,HMDB0251315
CHEBI:48052,HMDB0012247
CHEBI:48058,HMDB0061873
CHEBI:4806,HMDB0003153
CHEBI:48066,HMDB0304312
CHEBI:48066,HMDB0001078
CHEBI:4808,HMDB0006792
CHEBI:48086,HMDB0256844
CHEBI:48088,HMDB0259826
CHEBI:48092,HMDB0060256
CHEBI:48093,HMDB0059750
CHEBI:480999,HMDB0014505
CHEBI:48113,HMDB0244187
CHEBI:48131,HMDB0000784
CHEBI:4814,HMDB0015014
CHEBI:48153,HMDB0001321
CHEBI:48201,HMDB0034109
CHEBI:4822,HMDB0015383
CHEBI:48233,HMDB0303747
CHEBI:48236,HMDB0259173
CHEBI:48250,HMDB0036145
CHEBI:48273,HMDB0015088
CHEBI:4828,HMDB0003045
CHEBI:48282,HMDB0246642
CHEBI:48292,HMDB0246761
CHEBI:48293,HMDB0245748
CHEBI:48294,HMDB0004369
CHEBI:48295,HMDB0248230
CHEBI:48300,HMDB0004136
CHEBI:48309,HMDB0003470
CHEBI:48310,HMDB0033730
CHEBI:48339,HMDB0012242
CHEBI:48339,HMDB0243587
CHEBI:48347,HMDB0240702
CHEBI:48362,HMDB0243840
CHEBI:48363,HMDB0245042
CHEBI:48390,HMDB0015147
CHEBI:48397,HMDB0254518
CHEBI:48400,HMDB0000423
CHEBI:48408,HMDB0029665
CHEBI:48416,HMDB0014420
CHEBI:48429,HMDB0060495
CHEBI:48430,HMDB0000695
CHEBI:48458,HMDB0258909
CHEBI:48462,HMDB0060393
CHEBI:48474,HMDB0060304
CHEBI:48498,HMDB0033746
CHEBI:48501,HMDB0251182
CHEBI:48520,HMDB0259914
CHEBI:48521,HMDB0259932
CHEBI:48522,HMDB0006866
CHEBI:48526,HMDB0011743
CHEBI:4853,HMDB0030820
CHEBI:48537,HMDB0254314
CHEBI:48538,HMDB0014852
CHEBI:48541,HMDB0002040
CHEBI:48541,HMDB0246971
CHEBI:48552,HMDB0254052
CHEBI:48558,HMDB0257319
CHEBI:48565,HMDB0250478
CHEBI:48569,HMDB0033840
CHEBI:48574,HMDB0014950
CHEBI:4858,HMDB0015346
CHEBI:48609,HMDB0244215
CHEBI:48612,HMDB0059854
CHEBI:4866,HMDB0004448
CHEBI:48669,HMDB0014447
CHEBI:4867,HMDB0034121
CHEBI:4868,HMDB0015327
CHEBI:48681,HMDB0032057
CHEBI:48697,HMDB0034973
CHEBI:48698,HMDB0062419
CHEBI:48700,HMDB0062418
CHEBI:48701,HMDB0062401
CHEBI:48707,HMDB0041857
CHEBI:48714,HMDB0062399
CHEBI:48716,HMDB0003063
CHEBI:48731,HMDB0062417
CHEBI:48741,HMDB0036081
CHEBI:4876,HMDB0015039
CHEBI:48765,HMDB0011625
CHEBI:4877,HMDB0014474
CHEBI:48775,HMDB0003638
CHEBI:48778,HMDB0062420
CHEBI:488,HMDB0037821
CHEBI:48814,HMDB0250081
CHEBI:4882,HMDB0014335
CHEBI:48825,HMDB0012459
CHEBI:48828,HMDB0000608
CHEBI:48833,HMDB0062400
CHEBI:4884,HMDB0015165
CHEBI:48844,HMDB0014916
CHEBI:4885,HMDB0014747
CHEBI:48854,HMDB0000240
CHEBI:48861,HMDB0004486
CHEBI:4887,HMDB0014731
CHEBI:4888,HMDB0014892
CHEBI:48905,HMDB0301803
CHEBI:48926,HMDB0004662
CHEBI:48928,HMDB0001316
CHEBI:4893,HMDB0031216
CHEBI:48933,HMDB0034975
CHEBI:48935,HMDB0014916
CHEBI:48942,HMDB0031241
CHEBI:48943,HMDB0031243
CHEBI:48944,HMDB0032308
CHEBI:48945,HMDB0031527
CHEBI:48947,HMDB0014904
CHEBI:4895,HMDB0033834
CHEBI:48950,HMDB0006284
CHEBI:48954,HMDB0006824
CHEBI:48958,HMDB0244313
CHEBI:4896,HMDB0036599
CHEBI:48965,HMDB0003066
CHEBI:48984,HMDB0247450
CHEBI:48991,HMDB0001991
CHEBI:49000,HMDB0033944
CHEBI:49002,HMDB0000856
CHEBI:49005,HMDB0015547
CHEBI:490095,HMDB0030819
CHEBI:49014,HMDB0012130
CHEBI:49015,HMDB0001084
CHEBI:49016,HMDB0304155
CHEBI:49017,HMDB0031857
CHEBI:49019,HMDB0031716
CHEBI:49022,HMDB0000830
CHEBI:49026,HMDB0000773
CHEBI:4903,HMDB0001926
CHEBI:49033,HMDB0250776
CHEBI:49033,HMDB0002005
CHEBI:4904,HMDB0252097
CHEBI:49040,HMDB0015108
CHEBI:49042,HMDB0245951
CHEBI:49044,HMDB0302240
CHEBI:49059,HMDB0000943
CHEBI:4906,HMDB0015210
CHEBI:49060,HMDB0245425
CHEBI:4907,HMDB0015210
CHEBI:49073,HMDB0249149
CHEBI:49080,HMDB0030786
CHEBI:49086,HMDB0001413
CHEBI:490877,HMDB0015037
CHEBI:4909,HMDB0014887
CHEBI:49092,HMDB0003418
CHEBI:4910,HMDB0014437
CHEBI:49105,HMDB0303167
CHEBI:49109,HMDB0011622
CHEBI:4911,HMDB0014911
CHEBI:49140,HMDB0245096
CHEBI:4916,HMDB0039265
CHEBI:49166,HMDB0304885
CHEBI:49168,HMDB0000609
CHEBI:4917,HMDB0005809
CHEBI:4918,HMDB0031864
CHEBI:49189,HMDB0001958
CHEBI:49210,HMDB0302863
CHEBI:49211,HMDB0038928
CHEBI:49214,HMDB0302862
CHEBI:49224,HMDB0038168
CHEBI:49239,HMDB0036154
CHEBI:49239,HMDB0036158
CHEBI:49241,HMDB0035161
CHEBI:49249,HMDB0035992
CHEBI:49250,HMDB0029408
CHEBI:49250,HMDB0034979
CHEBI:49252,HMDB0012134
CHEBI:49253,HMDB0059632
CHEBI:49254,HMDB0059633
CHEBI:49260,HMDB0012161
CHEBI:49268,HMDB0006272
CHEBI:49269,HMDB0000447
CHEBI:49271,HMDB0034997
CHEBI:49278,HMDB0302260
CHEBI:49284,HMDB0031501
CHEBI:49287,HMDB0249189
CHEBI:49295,HMDB0060392
CHEBI:49296,HMDB0013311
CHEBI:49301,HMDB0253139
CHEBI:49310,HMDB0301918
CHEBI:49311,HMDB0248192
CHEBI:49312,HMDB0038214
CHEBI:4932,HMDB0029469
CHEBI:49375,HMDB0015384
CHEBI:4940,HMDB0031438
CHEBI:49402,HMDB0245234
CHEBI:49410,HMDB0001544
CHEBI:4946,HMDB0030724
CHEBI:49468,HMDB0002659
CHEBI:4947,HMDB0259009
CHEBI:49470,HMDB0001247
CHEBI:49474,HMDB0037240
CHEBI:49482,HMDB0004138
CHEBI:49496,HMDB0036557
CHEBI:4953,HMDB0015125
CHEBI:49544,HMDB0000599
CHEBI:49566,HMDB0015278
CHEBI:49575,HMDB0014967
CHEBI:49584,HMDB0029306
CHEBI:49603,HMDB0015388
CHEBI:49648,HMDB0303934
CHEBI:49655,HMDB0036575
CHEBI:49662,HMDB0014473
CHEBI:49666,HMDB0303938
CHEBI:49668,HMDB0014462
CHEBI:4969,HMDB0033453
CHEBI:49709,HMDB0002036
CHEBI:49713,HMDB0005949
CHEBI:49728,HMDB0001078
CHEBI:4974,HMDB0014570
CHEBI:49746,HMDB0302224
CHEBI:4975,HMDB0001919
CHEBI:49751,HMDB0000727
CHEBI:497734,HMDB0033518
CHEBI:497734,HMDB0029178
CHEBI:49786,HMDB0002457
CHEBI:49793,HMDB0061822
CHEBI:49798,HMDB0032465
CHEBI:49807,HMDB0004628
CHEBI:49828,HMDB0303931
CHEBI:49847,HMDB0001327
CHEBI:49867,HMDB0004118
CHEBI:49882,HMDB0013719
CHEBI:49900,HMDB0011620
CHEBI:49929,HMDB0259032
CHEBI:499361,HMDB0014811
CHEBI:49948,HMDB0002503
CHEBI:4995,HMDB0015084
CHEBI:4999,HMDB0034985
CHEBI:5000,HMDB0015322
CHEBI:5000,HMDB0252200
CHEBI:50004,HMDB0059631
CHEBI:50006,HMDB0258501
CHEBI:5001,HMDB0015173
CHEBI:50010,HMDB0249552
CHEBI:50014,HMDB0012111
CHEBI:5002,HMDB0014938
CHEBI:50025,HMDB0036560
CHEBI:50028,HMDB0034928
CHEBI:50029,HMDB0036076
CHEBI:50031,HMDB0036116
CHEBI:50035,HMDB0035850
CHEBI:50037,HMDB0032175
CHEBI:50038,HMDB0011150
CHEBI:5004,HMDB0014713
CHEBI:50040,HMDB0041631
CHEBI:50045,HMDB0036113
CHEBI:50046,HMDB0036114
CHEBI:50060,HMDB0302095
CHEBI:50069,HMDB0301828
CHEBI:5009,HMDB0252212
CHEBI:50091,HMDB0004645
CHEBI:50092,HMDB0244901
CHEBI:50099,HMDB0254366
CHEBI:50102,HMDB0255181
CHEBI:50110,HMDB0302241
CHEBI:50111,HMDB0060236
CHEBI:50120,HMDB0258978
CHEBI:50122,HMDB0005031
CHEBI:50129,HMDB0000729
CHEBI:50131,HMDB0015391
CHEBI:50138,HMDB0254158
CHEBI:50139,HMDB0031482
CHEBI:5014,HMDB0031791
CHEBI:50146,HMDB0037270
CHEBI:50157,HMDB0004073
CHEBI:50158,HMDB0034107
CHEBI:50169,HMDB0001449
CHEBI:50172,HMDB0247585
CHEBI:50173,HMDB0014602
CHEBI:50174,HMDB0003039
CHEBI:5018,HMDB0031657
CHEBI:50182,HMDB0246001
CHEBI:50192,HMDB0256032
CHEBI:50198,HMDB0062484
CHEBI:50199,HMDB0014630
CHEBI:50202,HMDB0242579
CHEBI:50205,HMDB0059965
CHEBI:50211,HMDB0247586
CHEBI:50212,HMDB0256623
CHEBI:50215,HMDB0302231
CHEBI:50217,HMDB0015171
CHEBI:50223,HMDB0014524
CHEBI:50225,HMDB0245675
CHEBI:50232,HMDB0302495
CHEBI:50235,HMDB0303825
CHEBI:50243,HMDB0040330
CHEBI:50255,HMDB0304814
CHEBI:50275,HMDB0005009
CHEBI:50275,HMDB0014874
CHEBI:50277,HMDB0251465
CHEBI:50281,HMDB0036041
CHEBI:50305,HMDB0015310
CHEBI:50305,HMDB0031452
CHEBI:50310,HMDB0255972
CHEBI:5032,HMDB0032287
CHEBI:503442,HMDB0252596
CHEBI:50371,HMDB0003572
CHEBI:50378,HMDB0014492
CHEBI:50381,HMDB0014563
CHEBI:50385,HMDB0000887
CHEBI:50397,HMDB0032706
CHEBI:50398,HMDB0258538
CHEBI:50399,HMDB0041655
CHEBI:50415,HMDB0061888
CHEBI:50418,HMDB0244973
CHEBI:50428,HMDB0253476
CHEBI:50438,HMDB0015081
CHEBI:50450,HMDB0243964
CHEBI:50464,HMDB0003231
CHEBI:50464,HMDB0240219
CHEBI:50466,HMDB0242157
CHEBI:50467,HMDB0010726
CHEBI:5050,HMDB0005030
CHEBI:50519,HMDB0258590
CHEBI:50534,HMDB0031328
CHEBI:5054,HMDB0252249
CHEBI:50542,HMDB0036089
CHEBI:50545,HMDB0005802
CHEBI:50547,HMDB0029920
CHEBI:50550,HMDB0041553
CHEBI:50567,HMDB0015058
CHEBI:50569,HMDB0031246
CHEBI:50570,HMDB0062633
CHEBI:50571,HMDB0006498
CHEBI:50573,HMDB0245277
CHEBI:50576,HMDB0010736
CHEBI:50580,HMDB0015234
CHEBI:50583,HMDB0012715
CHEBI:50585,HMDB0034166
CHEBI:50591,HMDB0062383
CHEBI:50599,HMDB0000001
CHEBI:50604,HMDB0059620
CHEBI:50606,HMDB0304013
CHEBI:50607,HMDB0006045
CHEBI:50607,HMDB0254132
CHEBI:50613,HMDB0000008
CHEBI:50616,HMDB0001131
CHEBI:50619,HMDB0006248
CHEBI:5062,HMDB0001984
CHEBI:50621,HMDB0036301
CHEBI:50622,HMDB0006239
CHEBI:506227,HMDB0000215
CHEBI:50623,HMDB0006878
CHEBI:50648,HMDB0002369
CHEBI:50659,HMDB0251621
CHEBI:50662,HMDB0014924
CHEBI:50663,HMDB0014698
CHEBI:50673,HMDB0014901
CHEBI:50688,HMDB0254688
CHEBI:50692,HMDB0014972
CHEBI:50693,HMDB0014380
CHEBI:50694,HMDB0015152
CHEBI:5070,HMDB0252292
CHEBI:50708,HMDB0030406
CHEBI:50717,HMDB0032860
CHEBI:50718,HMDB0003656
CHEBI:50724,HMDB0033870
CHEBI:50729,HMDB0015335
CHEBI:50730,HMDB0014614
CHEBI:50736,HMDB0256499
CHEBI:50742,HMDB0015587
CHEBI:50749,HMDB0015567
CHEBI:507499,HMDB0029620
CHEBI:50756,HMDB0246984
CHEBI:50772,HMDB0060251
CHEBI:50773,HMDB0060248
CHEBI:50774,HMDB0060250
CHEBI:50775,HMDB0060249
CHEBI:50776,HMDB0060252
CHEBI:50777,HMDB0014439
CHEBI:5078,HMDB0031816
CHEBI:508,HMDB0246908
CHEBI:50815,HMDB0015092
CHEBI:50838,HMDB0015467
CHEBI:50841,HMDB0014552
CHEBI:50845,HMDB0014399
CHEBI:50848,HMDB0015011
CHEBI:50849,HMDB0031232
CHEBI:50851,HMDB0014907
CHEBI:50859,HMDB0014452
CHEBI:50861,HMDB0014518
CHEBI:50866,HMDB0035702
CHEBI:50867,HMDB0250268
CHEBI:50868,HMDB0014997
CHEBI:5088,HMDB0015279
CHEBI:50885,HMDB0014825
CHEBI:50899,HMDB0245846
CHEBI:50922,HMDB0014361
CHEBI:50924,HMDB0014542
CHEBI:5098,HMDB0014446
CHEBI:50985,HMDB0303415
CHEBI:50992,HMDB0245469
CHEBI:5100,HMDB0015231
CHEBI:51024,HMDB0014484
CHEBI:5103,HMDB0015336
CHEBI:51032,HMDB0014889
CHEBI:51038,HMDB0014943
CHEBI:51041,HMDB0014797
CHEBI:51052,HMDB0015607
CHEBI:51055,HMDB0259038
CHEBI:51057,HMDB0000764
CHEBI:51059,HMDB0124925
CHEBI:5106,HMDB0014326
CHEBI:51064,HMDB0303394
CHEBI:51066,HMDB0014443
CHEBI:5107,HMDB0252344
CHEBI:51098,HMDB0254901
CHEBI:51104,HMDB0252346
CHEBI:51137,HMDB0015620
CHEBI:51141,HMDB0014490
CHEBI:5115,HMDB0252370
CHEBI:51164,HMDB0014727
CHEBI:51173,HMDB0014785
CHEBI:5120,HMDB0015316
CHEBI:51202,HMDB0245732
CHEBI:51205,HMDB0250677
CHEBI:51208,HMDB0015294
CHEBI:51209,HMDB0001943
CHEBI:5121,HMDB0015013
CHEBI:51210,HMDB0015543
CHEBI:51211,HMDB0015004
CHEBI:5123,HMDB0014761
CHEBI:51230,HMDB0015041
CHEBI:51231,HMDB0250859
CHEBI:51232,HMDB0253196
CHEBI:51235,HMDB0015172
CHEBI:5124,HMDB0252400
CHEBI:51257,HMDB0041892
CHEBI:5128,HMDB0014828
CHEBI:51280,HMDB0031189
CHEBI:5130,HMDB0014850
CHEBI:51314,HMDB0259825
CHEBI:5132,HMDB0014642
CHEBI:51340,HMDB0000795
CHEBI:51341,HMDB0002057
CHEBI:51344,HMDB0255273
CHEBI:51348,HMDB0248969
CHEBI:5135,HMDB0252422
CHEBI:5136,HMDB0015227
CHEBI:51364,HMDB0015561
CHEBI:51368,HMDB0015606
CHEBI:51370,HMDB0251189
CHEBI:5138,HMDB0014322
CHEBI:51380,HMDB0001936
CHEBI:51397,HMDB0244170
CHEBI:51403,HMDB0256055
CHEBI:5141,HMDB0015344
CHEBI:51450,HMDB0014699
CHEBI:51453,HMDB0062634
CHEBI:51507,HMDB0248990
CHEBI:51554,HMDB0244058
CHEBI:51574,HMDB0062289
CHEBI:51579,HMDB0251456
CHEBI:51596,HMDB0245557
CHEBI:51602,HMDB0257166
CHEBI:51603,HMDB0032390
CHEBI:51617,HMDB0246762
CHEBI:51626,HMDB0246771
CHEBI:5163,HMDB0014635
CHEBI:51630,HMDB0253466
CHEBI:51678,HMDB0040584
CHEBI:51679,HMDB0037788
CHEBI:51686,HMDB0242211
CHEBI:51687,HMDB0250216
CHEBI:51749,HMDB0031273
CHEBI:51758,HMDB0015685
CHEBI:51759,HMDB0254513
CHEBI:51771,HMDB0247230
CHEBI:51772,HMDB0250491
CHEBI:51774,HMDB0250490
CHEBI:51793,HMDB0303952
CHEBI:51804,HMDB0253427
CHEBI:51824,HMDB0012135
CHEBI:518413,HMDB0015554
CHEBI:51850,HMDB0254610
CHEBI:5186,HMDB0002741
CHEBI:51860,HMDB0015647
CHEBI:51874,HMDB0248724
CHEBI:51889,HMDB0250607
CHEBI:51903,HMDB0249537
CHEBI:51907,HMDB0250846
CHEBI:51909,HMDB0247304
CHEBI:51937,HMDB0249482
CHEBI:51942,HMDB0250493
CHEBI:5195,HMDB0014752
CHEBI:5195,HMDB0247183
CHEBI:519567,HMDB0037319
CHEBI:51985,HMDB0006290
CHEBI:520,HMDB0030093
CHEBI:52007,HMDB0250850
CHEBI:52010,HMDB0001944
CHEBI:52020,HMDB0250928
CHEBI:52023,HMDB0000733
CHEBI:52030,HMDB0000811
CHEBI:52043,HMDB0060421
CHEBI:52047,HMDB0304047
CHEBI:52050,HMDB0062224
CHEBI:52051,HMDB0031310
CHEBI:52073,HMDB0029570
CHEBI:52075,HMDB0011618
CHEBI:52080,HMDB0252524
CHEBI:52082,HMDB0253195
CHEBI:52084,HMDB0253463
CHEBI:52086,HMDB0034041
CHEBI:52091,HMDB0245841
CHEBI:520985,HMDB0015054
CHEBI:52101,HMDB0031987
CHEBI:521021,HMDB0246301
CHEBI:521033,HMDB0015258
CHEBI:52127,HMDB0034087
CHEBI:52141,HMDB0258453
CHEBI:52148,HMDB0255089
CHEBI:52153,HMDB0033971
CHEBI:52158,HMDB0254851
CHEBI:52169,HMDB0255607
CHEBI:52172,HMDB0015595
CHEBI:52222,HMDB0003518
CHEBI:52228,HMDB0302025
CHEBI:52236,HMDB0256701
CHEBI:52242,HMDB0256056
CHEBI:52262,HMDB0257529
CHEBI:52274,HMDB0258601
CHEBI:52279,HMDB0247653
CHEBI:52282,HMDB0258919
CHEBI:52288,HMDB0242470
CHEBI:52327,HMDB0060190
CHEBI:52328,HMDB0060215
CHEBI:52329,HMDB0060238
CHEBI:52330,HMDB0000114
CHEBI:52333,HMDB0007218
CHEBI:52342,HMDB0031229
CHEBI:52347,HMDB0062566
CHEBI:52364,HMDB0032412
CHEBI:52367,HMDB0060325
CHEBI:52368,HMDB0060349
CHEBI:52386,HMDB0304222
CHEBI:52392,HMDB0004666
CHEBI:52402,HMDB0304043
CHEBI:52417,HMDB0029932
CHEBI:52430,HMDB0039495
CHEBI:52431,HMDB0006215
CHEBI:52444,HMDB0258933
CHEBI:52445,HMDB0244685
CHEBI:52449,HMDB0010217
CHEBI:52512,HMDB0033797
CHEBI:52560,HMDB0035589
CHEBI:52562,HMDB0062462
CHEBI:52617,HMDB0002032
CHEBI:5262,HMDB0029521
CHEBI:52642,HMDB0256190
CHEBI:52649,HMDB0061694
CHEBI:52649,HMDB0240603
CHEBI:52668,HMDB0304010
CHEBI:52680,HMDB0038533
CHEBI:52683,HMDB0031320
CHEBI:52691,HMDB0245555
CHEBI:52696,HMDB0249551
CHEBI:52717,HMDB0014334
CHEBI:52741,HMDB0252014
CHEBI:52742,HMDB0001548
CHEBI:52745,HMDB0246734
CHEBI:52753,HMDB0247483
CHEBI:52768,HMDB0253234
CHEBI:52774,HMDB0031598
CHEBI:5279,HMDB0030700
CHEBI:52794,HMDB0032332
CHEBI:5280,HMDB0015178
CHEBI:52896,HMDB0031786
CHEBI:52897,HMDB0006482
CHEBI:52939,HMDB0032333
CHEBI:5296,HMDB0015371
CHEBI:52961,HMDB0011768
CHEBI:52962,HMDB0011771
CHEBI:52965,HMDB0006230
CHEBI:52966,HMDB0006459
CHEBI:52968,HMDB0001454
CHEBI:52970,HMDB0012299
CHEBI:52971,HMDB0036064
CHEBI:52971,HMDB0036062
CHEBI:52972,HMDB0006848
CHEBI:52974,HMDB0060239
CHEBI:52974,HMDB0006526
CHEBI:52977,HMDB0060241
CHEBI:52985,HMDB0253122
CHEBI:52993,HMDB0041919
CHEBI:53,HMDB0041634
CHEBI:53003,HMDB0244231
CHEBI:53013,HMDB0240312
CHEBI:53014,HMDB0240347
CHEBI:53016,HMDB0013852
CHEBI:53043,HMDB0059616
CHEBI:53049,HMDB0245460
CHEBI:53050,HMDB0259233
CHEBI:53053,HMDB0256541
CHEBI:53063,HMDB0245692
CHEBI:53070,HMDB0245459
CHEBI:53074,HMDB0251457
CHEBI:53076,HMDB0252118
CHEBI:53078,HMDB0251421
CHEBI:53088,HMDB0248145
CHEBI:53090,HMDB0251215
CHEBI:53094,HMDB0246608
CHEBI:53108,HMDB0062427
CHEBI:53124,HMDB0252368
CHEBI:5313,HMDB0252694
CHEBI:53152,HMDB0006532
CHEBI:53153,HMDB0059605
CHEBI:53159,HMDB0035091
CHEBI:53161,HMDB0302023
CHEBI:53167,HMDB0303972
CHEBI:53169,HMDB0036061
CHEBI:53173,HMDB0036821
CHEBI:53177,HMDB0041011
CHEBI:53181,HMDB0034497
CHEBI:53203,HMDB0255101
CHEBI:53206,HMDB0062243
CHEBI:53210,HMDB0000824
CHEBI:53211,HMDB0240784
CHEBI:53214,HMDB0253670
CHEBI:53215,HMDB0039017
CHEBI:53216,HMDB0253250
CHEBI:53218,HMDB0246605
CHEBI:5323,HMDB0029463
CHEBI:53239,HMDB0244457
CHEBI:5324,HMDB0031760
CHEBI:53262,HMDB0032478
CHEBI:53289,HMDB0005041
CHEBI:5331,HMDB0035157
CHEBI:5337,HMDB0302609
CHEBI:534,HMDB0032386
CHEBI:53424,HMDB0032475
CHEBI:53425,HMDB0037183
CHEBI:53436,HMDB0252072
CHEBI:53438,HMDB0303489
CHEBI:53454,HMDB0246870
CHEBI:53455,HMDB0000098
CHEBI:53459,HMDB0031739
CHEBI:53460,HMDB0060039
CHEBI:53481,HMDB0006566
CHEBI:53486,HMDB0002925
CHEBI:53487,HMDB0002226
CHEBI:53488,HMDB0006528
CHEBI:53498,HMDB0032198
CHEBI:53508,HMDB0002728
CHEBI:53510,HMDB0254982
CHEBI:5352,HMDB0035403
CHEBI:5353,HMDB0033762
CHEBI:53556,HMDB0245470
CHEBI:53557,HMDB0245517
CHEBI:53577,HMDB0256975
CHEBI:53578,HMDB0244241
CHEBI:53579,HMDB0041984
CHEBI:53614,HMDB0245215
CHEBI:53620,HMDB0245220
CHEBI:53621,HMDB0246766
CHEBI:53633,HMDB0301757
CHEBI:53648,HMDB0246071
CHEBI:53661,HMDB0248131
CHEBI:53678,HMDB0001885
CHEBI:5369,HMDB0034188
CHEBI:53691,HMDB0014416
CHEBI:53727,HMDB0258574
CHEBI:53729,HMDB0251500
CHEBI:53732,HMDB0256059
CHEBI:53745,HMDB0247036
CHEBI:53753,HMDB0005453
CHEBI:53760,HMDB0014546
CHEBI:53763,HMDB0061718
CHEBI:53766,HMDB0015487
CHEBI:53770,HMDB0015553
CHEBI:53773,HMDB0014652
CHEBI:53775,HMDB0015680
CHEBI:53776,HMDB0014385
CHEBI:53778,HMDB0015499
CHEBI:53782,HMDB0255098
CHEBI:53798,HMDB0255617
CHEBI:53806,HMDB0062270
CHEBI:5383,HMDB0014367
CHEBI:5384,HMDB0015200
CHEBI:5390,HMDB0028818
CHEBI:5397,HMDB0038417
CHEBI:5399,HMDB0038429
CHEBI:540,HMDB0031474
CHEBI:5401,HMDB0034045
CHEBI:5403,HMDB0038418
CHEBI:5404,HMDB0038403
CHEBI:5406,HMDB0038406
CHEBI:5411,HMDB0038427
CHEBI:5413,HMDB0038423
CHEBI:541975,HMDB0000365
CHEBI:5435,HMDB0252816
CHEBI:543745,HMDB0037692
CHEBI:5441,HMDB0015151
CHEBI:5445,HMDB0001051
CHEBI:545687,HMDB0000933
CHEBI:545959,HMDB0000118
CHEBI:546274,HMDB0062403
CHEBI:55328,HMDB0006294
CHEBI:55334,HMDB0029247
CHEBI:55344,HMDB0015550
CHEBI:55346,HMDB0014506
CHEBI:553473,HMDB0015427
CHEBI:55365,HMDB0031736
CHEBI:55379,HMDB0243496
CHEBI:55381,HMDB0031511
CHEBI:553827,HMDB0015478
CHEBI:55404,HMDB0006480
CHEBI:55416,HMDB0246311
CHEBI:55430,HMDB0304650
CHEBI:55443,HMDB0255011
CHEBI:554446,HMDB0015270
CHEBI:554446,HMDB0030451
CHEBI:55451,HMDB0059635
CHEBI:55455,HMDB0030693
CHEBI:55458,HMDB0011648
CHEBI:55458,HMDB0011643
CHEBI:55461,HMDB0254649
CHEBI:55466,HMDB0254937
CHEBI:55477,HMDB0255227
CHEBI:55484,HMDB0002210
CHEBI:55490,HMDB0014412
CHEBI:5550,HMDB0036648
CHEBI:55501,HMDB0002072
CHEBI:55515,HMDB0255077
CHEBI:55521,HMDB0252391
CHEBI:55534,HMDB0000624
CHEBI:55541,HMDB0000368
CHEBI:55545,HMDB0060681
CHEBI:55548,HMDB0015688
CHEBI:5555,HMDB0014371
CHEBI:5556,HMDB0014371
CHEBI:5557,HMDB0015301
CHEBI:556580,HMDB0252227
CHEBI:5571,HMDB0243497
CHEBI:5583,HMDB0033952
CHEBI:5587,HMDB0000257
CHEBI:5593,HMDB0255155
CHEBI:5613,HMDB0014645
CHEBI:5615,HMDB0015290
CHEBI:5623,HMDB0035196
CHEBI:562752,HMDB0035226
CHEBI:563586,HMDB0032394
CHEBI:5638,HMDB0036692
CHEBI:5658,HMDB0031036
CHEBI:5659,HMDB0030092
CHEBI:5660,HMDB0301831
CHEBI:566274,HMDB0006112
CHEBI:5672,HMDB0003671
CHEBI:567361,HMDB0014387
CHEBI:5679,HMDB0029758
CHEBI:5683,HMDB0014877
CHEBI:5692,HMDB0032566
CHEBI:5693,HMDB0014894
CHEBI:5706,HMDB0015444
CHEBI:5712,HMDB0032323
CHEBI:5721,HMDB0253172
CHEBI:5722,HMDB0304571
CHEBI:5729,HMDB0028889
CHEBI:57296,HMDB0304474
CHEBI:5730,HMDB0038102
CHEBI:5731,HMDB0033153
CHEBI:57330,HMDB0003712
CHEBI:57337,HMDB0303987
CHEBI:57400,HMDB0303977
CHEBI:57429,HMDB0303970
CHEBI:57432,HMDB0304358
CHEBI:57443,HMDB0304476
CHEBI:57455,HMDB0062623
CHEBI:57477,HMDB0304344
CHEBI:5754,HMDB0030111
CHEBI:575568,HMDB0015249
CHEBI:5757,HMDB0304552
CHEBI:57589,HMDB0000201
CHEBI:57602,HMDB0304228
CHEBI:5762,HMDB0030461
CHEBI:5764,HMDB0004366
CHEBI:57655,HMDB0006334
CHEBI:5768,HMDB0036467
CHEBI:57700,HMDB0304000
CHEBI:57741,HMDB0062626
CHEBI:5775,HMDB0015400
CHEBI:57756,HMDB0062807
CHEBI:57761,HMDB0062696
CHEBI:5778,HMDB0001928
CHEBI:5779,HMDB0015091
CHEBI:5784,HMDB0014912
CHEBI:57841,HMDB0304168
CHEBI:57885,HMDB0012154
CHEBI:57891,HMDB0304065
CHEBI:5790,HMDB0014472
CHEBI:57916,HMDB0304136
CHEBI:57946,HMDB0062808
CHEBI:5801,HMDB0015549
CHEBI:58027,HMDB0304402
CHEBI:58101,HMDB0062644
CHEBI:58104,HMDB0006822
CHEBI:58149,HMDB0000440
CHEBI:5818,HMDB0014697
CHEBI:58289,HMDB0062707
CHEBI:58299,HMDB0062571
CHEBI:5832,HMDB0061115
CHEBI:58339,HMDB0304464
CHEBI:5834,HMDB0030463
CHEBI:5835,HMDB0034271
CHEBI:58354,HMDB0304169
CHEBI:58357,HMDB0062570
CHEBI:583580,HMDB0030254
CHEBI:58371,HMDB0304074
CHEBI:58373,HMDB0304100
CHEBI:58374,HMDB0062210
CHEBI:584020,HMDB0014392
CHEBI:58414,HMDB0304318
CHEBI:5855,HMDB0001925
CHEBI:58550,HMDB0062649
CHEBI:585948,HMDB0015158
CHEBI:58600,HMDB0062574
CHEBI:5862,HMDB0253375
CHEBI:58630,HMDB0304428
CHEBI:58639,HMDB0304214
CHEBI:5864,HMDB0015312
CHEBI:58670,HMDB0304793
CHEBI:58690,HMDB0304012
CHEBI:5870,HMDB0040292
CHEBI:58815,HMDB0304082
CHEBI:58817,HMDB0304050
CHEBI:5885,HMDB0034376
CHEBI:58874,HMDB0011637
CHEBI:5893,HMDB0014946
CHEBI:58939,HMDB0304055
CHEBI:5896,HMDB0304729
CHEBI:58961,HMDB0005096
CHEBI:58964,HMDB0250617
CHEBI:58966,HMDB0002396
CHEBI:58968,HMDB0004362
CHEBI:58972,HMDB0060285
CHEBI:59001,HMDB0246593
CHEBI:59015,HMDB0030747
CHEBI:59016,HMDB0030748
CHEBI:59020,HMDB0245770
CHEBI:59023,HMDB0255261
CHEBI:59026,HMDB0246350
CHEBI:59038,HMDB0246356
CHEBI:59040,HMDB0014401
CHEBI:59051,HMDB0032873
CHEBI:59057,HMDB0258572
CHEBI:59059,HMDB0254594
CHEBI:59061,HMDB0248381
CHEBI:59065,HMDB0029557
CHEBI:59097,HMDB0258873
CHEBI:59114,HMDB0032139
CHEBI:59115,HMDB0250130
CHEBI:59118,HMDB0256306
CHEBI:59120,HMDB0015559
CHEBI:59124,HMDB0259031
CHEBI:59159,HMDB0036997
CHEBI:59170,HMDB0014417
CHEBI:59177,HMDB0015367
CHEBI:5920,HMDB0036698
CHEBI:59201,HMDB0240292
CHEBI:59204,HMDB0015402
CHEBI:59213,HMDB0014574
CHEBI:59219,HMDB0014547
CHEBI:59224,HMDB0014261
CHEBI:59265,HMDB0012328
CHEBI:59269,HMDB0014549
CHEBI:59270,HMDB0002261
CHEBI:59309,HMDB0013471
CHEBI:59314,HMDB0029902
CHEBI:59331,HMDB0041923
CHEBI:59332,HMDB0245024
CHEBI:59343,HMDB0015199
CHEBI:59411,HMDB0012112
CHEBI:59445,HMDB0014674
CHEBI:59472,HMDB0246340
CHEBI:59477,HMDB0015373
CHEBI:59514,HMDB0015533
CHEBI:59533,HMDB0030345
CHEBI:59534,HMDB0303846
CHEBI:59560,HMDB0000027
CHEBI:59560,HMDB0000787
CHEBI:59582,HMDB0014976
CHEBI:59589,HMDB0014596
CHEBI:5959,HMDB0015163
CHEBI:59590,HMDB0014766
CHEBI:59609,HMDB0060915
CHEBI:59612,HMDB0060542
CHEBI:59613,HMDB0013974
CHEBI:59692,HMDB0015077
CHEBI:5970,HMDB0033820
CHEBI:59719,HMDB0015079
CHEBI:59732,HMDB0240291
CHEBI:59750,HMDB0014368
CHEBI:59771,HMDB0247429
CHEBI:59773,HMDB0015138
CHEBI:59781,HMDB0061719
CHEBI:59783,HMDB0000665
CHEBI:59787,HMDB0304500
CHEBI:59788,HMDB0015277
CHEBI:59807,HMDB0303963
CHEBI:5981,HMDB0035934
CHEBI:59879,HMDB0303961
CHEBI:59908,HMDB0062751
CHEBI:5993,HMDB0061779
CHEBI:59948,HMDB0244406
CHEBI:59951,HMDB0003933
CHEBI:59952,HMDB0246267
CHEBI:59958,HMDB0041629
CHEBI:59961,HMDB0035810
CHEBI:59978,HMDB0036057
CHEBI:59981,HMDB0035882
CHEBI:59982,HMDB0040360
CHEBI:59983,HMDB0033127
CHEBI:59990,HMDB0255256
CHEBI:599928,HMDB0015574
CHEBI:600520,HMDB0015272
CHEBI:60067,HMDB0256402
CHEBI:60072,HMDB0015551
CHEBI:60077,HMDB0060297
CHEBI:6009,HMDB0031796
CHEBI:601027,HMDB0015387
CHEBI:6015,HMDB0014891
CHEBI:60158,HMDB0035792
CHEBI:6017,HMDB0030871
CHEBI:60175,HMDB0245508
CHEBI:60193,HMDB0059662
CHEBI:60193,HMDB0011596
CHEBI:60210,HMDB0059639
CHEBI:60239,HMDB0006567
CHEBI:60281,HMDB0000473
CHEBI:60295,HMDB0245278
CHEBI:6030,HMDB0015086
CHEBI:6031,HMDB0253663
CHEBI:60315,HMDB0002287
CHEBI:6032,HMDB0060665
CHEBI:60327,HMDB0004938
CHEBI:60344,HMDB0003178
CHEBI:60356,HMDB0010691
CHEBI:60361,HMDB0000024
CHEBI:60366,HMDB0012313
CHEBI:6039,HMDB0036811
CHEBI:60424,HMDB0251185
CHEBI:6047,HMDB0031779
CHEBI:604731,HMDB0246729
CHEBI:60480,HMDB0245939
CHEBI:6049,HMDB0253682
CHEBI:60490,HMDB0304020
CHEBI:6052,HMDB0002655
CHEBI:60568,HMDB0012390
CHEBI:60579,HMDB0302182
CHEBI:6061,HMDB0015021
CHEBI:6062,HMDB0015155
CHEBI:60645,HMDB0000407
CHEBI:60647,HMDB0001863
CHEBI:60648,HMDB0303043
CHEBI:60652,HMDB0014845
CHEBI:60657,HMDB0008443
CHEBI:6067,HMDB0006219
CHEBI:60696,HMDB0246315
CHEBI:60724,HMDB0251613
CHEBI:60726,HMDB0256787
CHEBI:60728,HMDB0041944
CHEBI:6076,HMDB0015298
CHEBI:60761,HMDB0014467
CHEBI:60762,HMDB0246772
CHEBI:60775,HMDB0014603
CHEBI:6078,HMDB0014740
CHEBI:60802,HMDB0243661
CHEBI:60819,HMDB0251450
CHEBI:60871,HMDB0001349
CHEBI:60872,HMDB0004067
CHEBI:60888,HMDB0248863
CHEBI:60899,HMDB0246128
CHEBI:60907,HMDB0059619
CHEBI:60908,HMDB0060309
CHEBI:60955,HMDB0303982
CHEBI:60956,HMDB0030995
CHEBI:60959,HMDB0030996
CHEBI:609827,HMDB0002706
CHEBI:60987,HMDB0029117
CHEBI:6099,HMDB0037441
CHEBI:61001,HMDB0012152
CHEBI:61028,HMDB0251592
CHEBI:61033,HMDB0014709
CHEBI:61048,HMDB0004856
CHEBI:61056,HMDB0251484
CHEBI:61058,HMDB0011754
CHEBI:61063,HMDB0255289
CHEBI:61074,HMDB0256037
CHEBI:61092,HMDB0243534
CHEBI:61095,HMDB0254148
CHEBI:61106,HMDB0249661
CHEBI:61122,HMDB0060388
CHEBI:61126,HMDB0060410
CHEBI:61203,HMDB0015049
CHEBI:61206,HMDB0302424
CHEBI:6121,HMDB0015352
CHEBI:6123,HMDB0253783
CHEBI:6128,HMDB0015144
CHEBI:6129,HMDB0014608
CHEBI:6130,HMDB0014608
CHEBI:61302,HMDB0039540
CHEBI:61308,HMDB0249636
CHEBI:61313,HMDB0247017
CHEBI:61316,HMDB0040215
CHEBI:6133,HMDB0253797
CHEBI:61352,HMDB0006576
CHEBI:61357,HMDB0006705
CHEBI:61366,HMDB0302697
CHEBI:61399,HMDB0249583
CHEBI:614,HMDB0302440
CHEBI:614,HMDB0036937
CHEBI:61406,HMDB0304511
CHEBI:61455,HMDB0012303
CHEBI:61472,HMDB0304075
CHEBI:61473,HMDB0304230
CHEBI:6149,HMDB0015137
CHEBI:61509,HMDB0062715
CHEBI:6151,HMDB0062585
CHEBI:61526,HMDB0003945
CHEBI:615597,HMDB0059882
CHEBI:61565,HMDB0028686
CHEBI:61682,HMDB0001060
CHEBI:61683,HMDB0304524
CHEBI:61695,HMDB0011178
CHEBI:61699,HMDB0304686
CHEBI:61700,HMDB0035688
CHEBI:617099,HMDB0014533
CHEBI:61718,HMDB0246359
CHEBI:61722,HMDB0304502
CHEBI:61724,HMDB0033827
CHEBI:61725,HMDB0030961
CHEBI:61725,HMDB0013809
CHEBI:61726,HMDB0255708
CHEBI:61726,HMDB0031269
CHEBI:61744,HMDB0302718
CHEBI:61748,HMDB0302984
CHEBI:61748,HMDB0013809
CHEBI:6178,HMDB0012325
CHEBI:6182,HMDB0029942
CHEBI:61827,HMDB0000048
CHEBI:61844,HMDB0006567
CHEBI:61872,HMDB0028944
CHEBI:61952,HMDB0012254
CHEBI:61953,HMDB0012253
CHEBI:61954,HMDB0013000
CHEBI:61990,HMDB0304024
CHEBI:62064,HMDB0003156
CHEBI:62084,HMDB0000833
CHEBI:62085,HMDB0251413
CHEBI:62088,HMDB0254502
CHEBI:62107,HMDB0004974
CHEBI:62109,HMDB0011594
CHEBI:62117,HMDB0061004
CHEBI:62141,HMDB0011627
CHEBI:62165,HMDB0001121
CHEBI:62207,HMDB0001886
CHEBI:62251,HMDB0060077
CHEBI:62254,HMDB0003351
CHEBI:62263,HMDB0002098
CHEBI:62336,HMDB0041622
CHEBI:62346,HMDB0000849
CHEBI:62415,HMDB0006806
CHEBI:62426,HMDB0029382
CHEBI:62426,HMDB0036093
CHEBI:62462,HMDB0000403
CHEBI:62463,HMDB0039089
CHEBI:62466,HMDB0035776
CHEBI:62474,HMDB0304262
CHEBI:62503,HMDB0303439
CHEBI:62514,HMDB0303908
CHEBI:62527,HMDB0245967
CHEBI:62629,HMDB0031822
CHEBI:6268,HMDB0060255
CHEBI:62685,HMDB0061006
CHEBI:62728,HMDB0059628
CHEBI:62734,HMDB0304048
CHEBI:62750,HMDB0062504
CHEBI:62755,HMDB0036678
CHEBI:62757,HMDB0059878
CHEBI:62768,HMDB0002353
CHEBI:62771,HMDB0002376
CHEBI:62791,HMDB0304137
CHEBI:62805,HMDB0245342
CHEBI:62828,HMDB0249213
CHEBI:62833,HMDB0062321
CHEBI:62837,HMDB0007855
CHEBI:62840,HMDB0062319
CHEBI:62845,HMDB0005896
CHEBI:62855,HMDB0061848
CHEBI:62856,HMDB0002034
CHEBI:62861,HMDB0056960
CHEBI:62862,HMDB0223200
CHEBI:62875,HMDB0301782
CHEBI:62878,HMDB0259924
CHEBI:62881,HMDB0304396
CHEBI:62890,HMDB0304049
CHEBI:62898,HMDB0030126
CHEBI:62919,HMDB0012494
CHEBI:62923,HMDB0304011
CHEBI:62961,HMDB0244780
CHEBI:62965,HMDB0303296
CHEBI:63005,HMDB0303521
CHEBI:63036,HMDB0303429
CHEBI:63041,HMDB0303438
CHEBI:63043,HMDB0303531
CHEBI:63082,HMDB0015118
CHEBI:63091,HMDB0247603
CHEBI:63104,HMDB0060648
CHEBI:63115,HMDB0252262
CHEBI:63125,HMDB0301767
CHEBI:63153,HMDB0001129
CHEBI:63154,HMDB0001129
CHEBI:63174,HMDB0258346
CHEBI:6320,HMDB0004157
CHEBI:63203,HMDB0038207
CHEBI:63205,HMDB0302757
CHEBI:63205,HMDB0038207
CHEBI:63208,HMDB0059593
CHEBI:63211,HMDB0059594
CHEBI:63213,HMDB0247005
CHEBI:63214,HMDB0041850
CHEBI:63249,HMDB0304003
CHEBI:63250,HMDB0304002
CHEBI:63334,HMDB0015414
CHEBI:63357,HMDB0028708
CHEBI:6339,HMDB0015565
CHEBI:63444,HMDB0061849
CHEBI:63447,HMDB0036444
CHEBI:63448,HMDB0245622
CHEBI:63449,HMDB0258526
CHEBI:63450,HMDB0254344
CHEBI:63451,HMDB0247543
CHEBI:63484,HMDB0252892
CHEBI:63486,HMDB0247422
CHEBI:6350,HMDB0035896
CHEBI:63539,HMDB0060311
CHEBI:63552,HMDB0035243
CHEBI:63558,HMDB0033733
CHEBI:63559,HMDB0038318
CHEBI:6357,HMDB0112256
CHEBI:63577,HMDB0014847
CHEBI:63578,HMDB0041910
CHEBI:63579,HMDB0062302
CHEBI:63579,HMDB0006245
CHEBI:6358,HMDB0035814
CHEBI:63580,HMDB0014949
CHEBI:63581,HMDB0014787
CHEBI:63584,HMDB0015672
CHEBI:6359,HMDB0000740
CHEBI:63598,HMDB0001929
CHEBI:63599,HMDB0015206
CHEBI:636,HMDB0029981
CHEBI:63606,HMDB0001562
CHEBI:63607,HMDB0014739
CHEBI:63608,HMDB0015584
CHEBI:63611,HMDB0014363
CHEBI:63612,HMDB0015401
CHEBI:63613,HMDB0014383
CHEBI:63617,HMDB0015317
CHEBI:63618,HMDB0005022
CHEBI:63619,HMDB0015313
CHEBI:63620,HMDB0015454
CHEBI:63621,HMDB0015362
CHEBI:63622,HMDB0014632
CHEBI:63624,HMDB0015394
CHEBI:63625,HMDB0014445
CHEBI:63627,HMDB0015047
CHEBI:63629,HMDB0014835
CHEBI:63630,HMDB0014468
CHEBI:63631,HMDB0005034
CHEBI:63632,HMDB0015164
CHEBI:63634,HMDB0005033
CHEBI:63635,HMDB0015548
CHEBI:63637,HMDB0259779
CHEBI:63638,HMDB0015212
CHEBI:6367,HMDB0014695
CHEBI:63681,HMDB0014502
CHEBI:63689,HMDB0001282
CHEBI:63708,HMDB0301827
CHEBI:63728,HMDB0059648
CHEBI:63730,HMDB0059613
CHEBI:6375,HMDB0005008
CHEBI:63791,HMDB0014623
CHEBI:63795,HMDB0006254
CHEBI:63798,HMDB0060003
CHEBI:63799,HMDB0006408
CHEBI:63800,HMDB0006468
CHEBI:63803,HMDB0062535
CHEBI:63804,HMDB0041905
CHEBI:63816,HMDB0246329
CHEBI:63818,HMDB0062325
CHEBI:63825,HMDB0060513
CHEBI:63835,HMDB0062416
CHEBI:63837,HMDB0062521
CHEBI:6384,HMDB0014792
CHEBI:63840,HMDB0014010
CHEBI:63841,HMDB0302447
CHEBI:63843,HMDB0062522
CHEBI:63845,HMDB0014772
CHEBI:63848,HMDB0062208
CHEBI:63849,HMDB0062206
CHEBI:63860,HMDB0001272
CHEBI:63861,HMDB0032425
CHEBI:63864,HMDB0002373
CHEBI:63866,HMDB0029586
CHEBI:63874,HMDB0006202
CHEBI:63886,HMDB0257126
CHEBI:6390,HMDB0036771
CHEBI:63905,HMDB0011664
CHEBI:63910,HMDB0059889
CHEBI:63914,HMDB0062353
CHEBI:63918,HMDB0240267
CHEBI:63919,HMDB0247193
CHEBI:63921,HMDB0031327
CHEBI:63930,HMDB0254432
CHEBI:63931,HMDB0000468
CHEBI:63934,HMDB0248880
CHEBI:63949,HMDB0244616
CHEBI:63956,HMDB0253709
CHEBI:63959,HMDB0002385
CHEBI:63961,HMDB0029419
CHEBI:63965,HMDB0247241
CHEBI:63966,HMDB0002265
CHEBI:63969,HMDB0002314
CHEBI:63970,HMDB0002311
CHEBI:63974,HMDB0002343
CHEBI:63976,HMDB0004685
CHEBI:63977,HMDB0012535
CHEBI:63979,HMDB0012641
CHEBI:63981,HMDB0005087
CHEBI:63982,HMDB0005088
CHEBI:63989,HMDB0062294
CHEBI:63993,HMDB0062291
CHEBI:63995,HMDB0012598
CHEBI:63999,HMDB0060046
CHEBI:64019,HMDB0015594
CHEBI:6402,HMDB0015229
CHEBI:64023,HMDB0007853
CHEBI:64028,HMDB0015592
CHEBI:64032,HMDB0012252
CHEBI:64042,HMDB0245814
CHEBI:64043,HMDB0255118
CHEBI:64044,HMDB0244237
CHEBI:64045,HMDB0015633
CHEBI:64050,HMDB0060536
CHEBI:64055,HMDB0249864
CHEBI:64064,HMDB0015073
CHEBI:6408,HMDB0031258
CHEBI:64089,HMDB0259764
CHEBI:64090,HMDB0258844
CHEBI:64093,HMDB0252651
CHEBI:64098,HMDB0242457
CHEBI:64110,HMDB0256720
CHEBI:64114,HMDB0244655
CHEBI:6413,HMDB0015141
CHEBI:64131,HMDB0255442
CHEBI:64136,HMDB0006251
CHEBI:64145,HMDB0249414
CHEBI:6415,HMDB0304804
CHEBI:64156,HMDB0253410
CHEBI:64159,HMDB0254915
CHEBI:64163,HMDB0303284
CHEBI:64174,HMDB0061723
CHEBI:64177,HMDB0250329
CHEBI:6418,HMDB0254039
CHEBI:64180,HMDB0062197
CHEBI:64181,HMDB0062428
CHEBI:64182,HMDB0062350
CHEBI:64183,HMDB0013111
CHEBI:64187,HMDB0248960
CHEBI:64195,HMDB0257243
CHEBI:64198,HMDB0015677
CHEBI:64200,HMDB0249686
CHEBI:64203,HMDB0254534
CHEBI:64205,HMDB0302952
CHEBI:64210,HMDB0248270
CHEBI:64217,HMDB0255510
CHEBI:64220,HMDB0303331
CHEBI:64227,HMDB0250241
CHEBI:64235,HMDB0303979
CHEBI:64266,HMDB0038121
CHEBI:6427,HMDB0041916
CHEBI:64275,HMDB0041607
CHEBI:64276,HMDB0029599
CHEBI:64277,HMDB0000038
CHEBI:64277,HMDB0247294
CHEBI:64280,HMDB0030089
CHEBI:64294,HMDB0000501
CHEBI:64303,HMDB0245812
CHEBI:64304,HMDB0242128
CHEBI:64305,HMDB0034252
CHEBI:64307,HMDB0002362
CHEBI:64312,HMDB0015177
CHEBI:64317,HMDB0015197
CHEBI:64318,HMDB0014834
CHEBI:6432,HMDB0014986
CHEBI:64321,HMDB0015662
CHEBI:64342,HMDB0013188
CHEBI:64344,HMDB0029644
CHEBI:64354,HMDB0014665
CHEBI:64356,HMDB0014375
CHEBI:64366,HMDB0000739
CHEBI:64368,HMDB0245903
CHEBI:6438,HMDB0015341
CHEBI:64390,HMDB0000701
CHEBI:64395,HMDB0011517
CHEBI:64399,HMDB0003152
CHEBI:6441,HMDB0015358
CHEBI:64414,HMDB0094710
CHEBI:6443,HMDB0014511
CHEBI:64455,HMDB0248986
CHEBI:64482,HMDB0062577
CHEBI:64485,HMDB0240608
CHEBI:64486,HMDB0012097
CHEBI:64487,HMDB0240613
CHEBI:64489,HMDB0010379
CHEBI:64502,HMDB0302312
CHEBI:64543,HMDB0034124
CHEBI:64555,HMDB0003654
CHEBI:64557,HMDB0013070
CHEBI:6456,HMDB0014426
CHEBI:64564,HMDB0258979
CHEBI:64598,HMDB0251253
CHEBI:64610,HMDB0258817
CHEBI:64628,HMDB0013072
CHEBI:64629,HMDB0243794
CHEBI:64635,HMDB0246535
CHEBI:64681,HMDB0060014
CHEBI:64685,HMDB0060488
CHEBI:64689,HMDB0060491
CHEBI:6469,HMDB0302749
CHEBI:64701,HMDB0002322
CHEBI:64703,HMDB0001867
CHEBI:6472,HMDB0015564
CHEBI:64734,HMDB0303556
CHEBI:64758,HMDB0301766
CHEBI:64777,HMDB0245615
CHEBI:64797,HMDB0037784
CHEBI:64798,HMDB0038206
CHEBI:64799,HMDB0302503
CHEBI:64818,HMDB0002237
CHEBI:6482,HMDB0254109
CHEBI:64820,HMDB0002237
CHEBI:64821,HMDB0246063
CHEBI:64838,HMDB0002985
CHEBI:64844,HMDB0007859
CHEBI:64850,HMDB0000828
CHEBI:64860,HMDB0012189
CHEBI:64944,HMDB0029839
CHEBI:64950,HMDB0257003
CHEBI:64956,HMDB0240316
CHEBI:6498,HMDB0004385
CHEBI:64983,HMDB0030831
CHEBI:6499,HMDB0005082
CHEBI:65,HMDB0032707
CHEBI:65004,HMDB0013692
CHEBI:65009,HMDB0029740
CHEBI:65083,HMDB0246408
CHEBI:65087,HMDB0112236
CHEBI:65130,HMDB0060312
CHEBI:65131,HMDB0060313
CHEBI:65136,HMDB0001976
CHEBI:65136,HMDB0013123
CHEBI:65172,HMDB0015603
CHEBI:65173,HMDB0253402
CHEBI:6520,HMDB0015337
CHEBI:65209,HMDB0254194
CHEBI:6530,HMDB0302687
CHEBI:65308,HMDB0259019
CHEBI:6532,HMDB0004999
CHEBI:65326,HMDB0252659
CHEBI:65329,HMDB0244699
CHEBI:65370,HMDB0031021
CHEBI:6538,HMDB0005000
CHEBI:6539,HMDB0014332
CHEBI:6541,HMDB0014816
CHEBI:65439,HMDB0030849
CHEBI:65460,HMDB0030860
CHEBI:65480,HMDB0251055
CHEBI:6550,HMDB0254182
CHEBI:6559,HMDB0029900
CHEBI:6559,HMDB0029905
CHEBI:65665,HMDB0039521
CHEBI:65684,HMDB0030682
CHEBI:65685,HMDB0032734
CHEBI:65686,HMDB0250587
CHEBI:65732,HMDB0250926
CHEBI:65737,HMDB0033801
CHEBI:65751,HMDB0029280
CHEBI:65751,HMDB0030706
CHEBI:65769,HMDB0251228
CHEBI:6579,HMDB0301681
CHEBI:65819,HMDB0251692
CHEBI:6584,HMDB0029249
CHEBI:65842,HMDB0040867
CHEBI:65862,HMDB0303158
CHEBI:65899,HMDB0033691
CHEBI:65941,HMDB0302912
CHEBI:65948,HMDB0029791
CHEBI:6603,HMDB0243651
CHEBI:66032,HMDB0029525
CHEBI:66033,HMDB0259946
CHEBI:66071,HMDB0253646
CHEBI:66257,HMDB0034855
CHEBI:66288,HMDB0040486
CHEBI:66331,HMDB0037479
CHEBI:66332,HMDB0035440
CHEBI:66334,HMDB0034867
CHEBI:66335,HMDB0035003
CHEBI:66359,HMDB0304750
CHEBI:6636,HMDB0303509
CHEBI:66369,HMDB0031633
CHEBI:66395,HMDB0029212
CHEBI:6640,HMDB0015469
CHEBI:66416,HMDB0036797
CHEBI:66460,HMDB0037585
CHEBI:66470,HMDB0034256
CHEBI:66471,HMDB0038781
CHEBI:6650,HMDB0000744
CHEBI:66545,HMDB0035101
CHEBI:66557,HMDB0040974
CHEBI:66594,HMDB0040454
CHEBI:66595,HMDB0038352
CHEBI:66606,HMDB0038922
CHEBI:66614,HMDB0255518
CHEBI:66619,HMDB0040847
CHEBI:6664,HMDB0037601
CHEBI:66678,HMDB0242215
CHEBI:66680,HMDB0249689
CHEBI:66682,HMDB0002392
CHEBI:66729,HMDB0031085
CHEBI:6673,HMDB0302286
CHEBI:66735,HMDB0036568
CHEBI:66773,HMDB0037487
CHEBI:6682,HMDB0034410
CHEBI:6682,HMDB0302730
CHEBI:66870,HMDB0303398
CHEBI:66879,HMDB0062406
CHEBI:66892,HMDB0041965
CHEBI:66899,HMDB0015704
CHEBI:669,HMDB0032619
CHEBI:66901,HMDB0015705
CHEBI:66903,HMDB0259838
CHEBI:66926,HMDB0246531
CHEBI:66932,HMDB0245463
CHEBI:6694,HMDB0029711
CHEBI:66942,HMDB0000992
CHEBI:66951,HMDB0000992
CHEBI:66964,HMDB0014613
CHEBI:66964,HMDB0041865
CHEBI:6698,HMDB0035698
CHEBI:670,HMDB0002017
CHEBI:67021,HMDB0011765
CHEBI:67027,HMDB0011764
CHEBI:67033,HMDB0011761
CHEBI:6704,HMDB0014781
CHEBI:67040,HMDB0001185
CHEBI:67042,HMDB0011760
CHEBI:67045,HMDB0011759
CHEBI:67045,HMDB0002504
CHEBI:6710,HMDB0015074
CHEBI:67107,HMDB0251403
CHEBI:67116,HMDB0246528
CHEBI:67119,HMDB0000302
CHEBI:67121,HMDB0015491
CHEBI:67125,HMDB0031308
CHEBI:67128,HMDB0245457
CHEBI:67129,HMDB0252021
CHEBI:67135,HMDB0245259
CHEBI:67139,HMDB0303976
CHEBI:67144,HMDB0060650
CHEBI:6715,HMDB0001939
CHEBI:67168,HMDB0060522
CHEBI:67168,HMDB0000304
CHEBI:6717,HMDB0014922
CHEBI:67188,HMDB0112264
CHEBI:67206,HMDB0031846
CHEBI:67207,HMDB0032498
CHEBI:67218,HMDB0250433
CHEBI:6722,HMDB0014495
CHEBI:67227,HMDB0060443
CHEBI:67228,HMDB0060340
CHEBI:67235,HMDB0247281
CHEBI:67237,HMDB0004035
CHEBI:67246,HMDB0303941
CHEBI:67251,HMDB0013804
CHEBI:67255,HMDB0059705
CHEBI:67262,HMDB0031552
CHEBI:67263,HMDB0005789
CHEBI:67264,HMDB0036103
CHEBI:67272,HMDB0256342
CHEBI:6731,HMDB0011730
CHEBI:67347,HMDB0033732
CHEBI:67374,HMDB0036627
CHEBI:67375,HMDB0303562
CHEBI:67376,HMDB0037322
CHEBI:67378,HMDB0039755
CHEBI:67380,HMDB0258653
CHEBI:6741,HMDB0014952
CHEBI:67410,HMDB0011724
CHEBI:67482,HMDB0036786
CHEBI:67486,HMDB0030775
CHEBI:6751,HMDB0254448
CHEBI:67547,HMDB0035796
CHEBI:67548,HMDB0035795
CHEBI:6757,HMDB0014673
CHEBI:6758,HMDB0014987
CHEBI:6759,HMDB0015096
CHEBI:67591,HMDB0036847
CHEBI:6762,HMDB0015639
CHEBI:6775,HMDB0014389
CHEBI:6780,HMDB0015068
CHEBI:6784,HMDB0015446
CHEBI:6791,HMDB0254501
CHEBI:67914,HMDB0036651
CHEBI:6792,HMDB0014954
CHEBI:67939,HMDB0002360
CHEBI:6794,HMDB0014748
CHEBI:6798,HMDB0254508
CHEBI:67986,HMDB0034745
CHEBI:67987,HMDB0035857
CHEBI:67991,HMDB0039546
CHEBI:6801,HMDB0001921
CHEBI:6804,HMDB0015654
CHEBI:6809,HMDB0015517
CHEBI:68103,HMDB0036962
CHEBI:681569,HMDB0014769
CHEBI:681848,HMDB0014701
CHEBI:681850,HMDB0015010
CHEBI:6820,HMDB0254524
CHEBI:6821,HMDB0240285
CHEBI:68233,HMDB0302263
CHEBI:6824,HMDB0029598
CHEBI:6827,HMDB0015541
CHEBI:68329,HMDB0002085
CHEBI:6835,HMDB0031804
CHEBI:68352,HMDB0037362
CHEBI:6838,HMDB0015474
CHEBI:68381,HMDB0034502
CHEBI:68383,HMDB0034419
CHEBI:6839,HMDB0014861
CHEBI:6841,HMDB0033351
CHEBI:6842,HMDB0254545
CHEBI:68428,HMDB0002928
CHEBI:6843,HMDB0015162
CHEBI:68433,HMDB0011171
CHEBI:68434,HMDB0011170
CHEBI:68440,HMDB0059711
CHEBI:68441,HMDB0003099
CHEBI:68444,HMDB0010738
CHEBI:68447,HMDB0001857
CHEBI:68449,HMDB0011103
CHEBI:68451,HMDB0002404
CHEBI:68453,HMDB0059708
CHEBI:68454,HMDB0001987
CHEBI:68455,HMDB0011723
CHEBI:68456,HMDB0059723
CHEBI:68459,HMDB0061676
CHEBI:68465,HMDB0013676
CHEBI:68478,HMDB0015529
CHEBI:68486,HMDB0013189
CHEBI:68496,HMDB0059713
CHEBI:68499,HMDB0000459
CHEBI:68500,HMDB0013245
CHEBI:68502,HMDB0002441
CHEBI:68503,HMDB0000555
CHEBI:68505,HMDB0059724
CHEBI:68508,HMDB0038601
CHEBI:68531,HMDB0001982
CHEBI:68534,HMDB0251831
CHEBI:68538,HMDB0255117
CHEBI:6854,HMDB0041389
CHEBI:68552,HMDB0013292
CHEBI:68554,HMDB0250932
CHEBI:68555,HMDB0011725
CHEBI:68556,HMDB0015624
CHEBI:68558,HMDB0015702
CHEBI:68561,HMDB0244966
CHEBI:68561,HMDB0000866
CHEBI:68565,HMDB0004085
CHEBI:68566,HMDB0000752
CHEBI:68567,HMDB0000422
CHEBI:68568,HMDB0304653
CHEBI:68572,HMDB0061680
CHEBI:68573,HMDB0015608
CHEBI:68575,HMDB0015608
CHEBI:68584,HMDB0257171
CHEBI:68589,HMDB0061683
CHEBI:68595,HMDB0015616
CHEBI:68596,HMDB0028757
CHEBI:68599,HMDB0028756
CHEBI:68606,HMDB0061725
CHEBI:68616,HMDB0011621
CHEBI:6863,HMDB0258228
CHEBI:68641,HMDB0001046
CHEBI:68647,HMDB0257137
CHEBI:68656,HMDB0033723
CHEBI:68657,HMDB0032590
CHEBI:68662,HMDB0251518
CHEBI:68721,HMDB0033338
CHEBI:68722,HMDB0033344
CHEBI:68801,HMDB0033340
CHEBI:68802,HMDB0034202
CHEBI:68802,HMDB0033341
CHEBI:68803,HMDB0033342
CHEBI:68819,HMDB0011688
CHEBI:68830,HMDB0000651
CHEBI:68834,HMDB0010348
CHEBI:68834,HMDB0010327
CHEBI:68840,HMDB0252567
CHEBI:68841,HMDB0015649
CHEBI:68845,HMDB0248803
CHEBI:68846,HMDB0028832
CHEBI:68848,HMDB0011172
CHEBI:68850,HMDB0248802
CHEBI:6888,HMDB0015094
CHEBI:68880,HMDB0301698
CHEBI:68881,HMDB0037426
CHEBI:68882,HMDB0304608
CHEBI:68883,HMDB0037438
CHEBI:68889,HMDB0005784
CHEBI:68917,HMDB0035701
CHEBI:68947,HMDB0004668
CHEBI:6897,HMDB0015345
CHEBI:69017,HMDB0030128
CHEBI:69018,HMDB0034353
CHEBI:69019,HMDB0034092
CHEBI:69020,HMDB0034340
CHEBI:69039,HMDB0030884
CHEBI:6904,HMDB0001932
CHEBI:69041,HMDB0302544
CHEBI:69042,HMDB0304330
CHEBI:6908,HMDB0254686
CHEBI:69080,HMDB0034381
CHEBI:69081,HMDB0245964
CHEBI:69081,HMDB0031074
CHEBI:69083,HMDB0034184
CHEBI:69086,HMDB0033712
CHEBI:69087,HMDB0038225
CHEBI:6909,HMDB0015052
CHEBI:69091,HMDB0048570
CHEBI:69093,HMDB0035184
CHEBI:69094,HMDB0029515
CHEBI:69096,HMDB0038109
CHEBI:69097,HMDB0041193
CHEBI:69098,HMDB0038755
CHEBI:69099,HMDB0038756
CHEBI:691037,HMDB0014687
CHEBI:6912,HMDB0014903
CHEBI:6916,HMDB0014523
CHEBI:691622,HMDB0002123
CHEBI:69187,HMDB0061859
CHEBI:69188,HMDB0034154
CHEBI:6919,HMDB0015083
CHEBI:692,HMDB0037798
CHEBI:69304,HMDB0037672
CHEBI:69305,HMDB0037673
CHEBI:6931,HMDB0014821
CHEBI:6933,HMDB0014356
CHEBI:69355,HMDB0030660
CHEBI:6942,HMDB0014494
CHEBI:69426,HMDB0004326
CHEBI:69433,HMDB0030151
CHEBI:69437,HMDB0041658
CHEBI:69453,HMDB0029979
CHEBI:6950,HMDB0014514
CHEBI:69533,HMDB0257354
CHEBI:69542,HMDB0301739
CHEBI:69557,HMDB0030772
CHEBI:69558,HMDB0034279
CHEBI:6956,HMDB0041933
CHEBI:6965,HMDB0015555
CHEBI:69657,HMDB0302426
CHEBI:6970,HMDB0014902
CHEBI:69749,HMDB0037920
CHEBI:69796,HMDB0036562
CHEBI:6980,HMDB0034363
CHEBI:69917,HMDB0029512
CHEBI:69933,HMDB0041245
CHEBI:6995,HMDB0030794
CHEBI:6997,HMDB0014818
CHEBI:70031,HMDB0034014
CHEBI:7005,HMDB0036631
CHEBI:70079,HMDB0039101
CHEBI:70082,HMDB0034360
CHEBI:70091,HMDB0033959
CHEBI:70093,HMDB0038841
CHEBI:701,HMDB0060676
CHEBI:70206,HMDB0037419
CHEBI:7025,HMDB0014554
CHEBI:70254,HMDB0029175
CHEBI:70255,HMDB0037944
CHEBI:70315,HMDB0302590
CHEBI:7035,HMDB0254955
CHEBI:70478,HMDB0034160
CHEBI:70478,HMDB0037186
CHEBI:70649,HMDB0301844
CHEBI:70651,HMDB0033367
CHEBI:70658,HMDB0037376
CHEBI:70659,HMDB0037485
CHEBI:70703,HMDB0034720
CHEBI:70707,HMDB0015637
CHEBI:7071,HMDB0250930
CHEBI:70712,HMDB0062426
CHEBI:70716,HMDB0000521
CHEBI:70719,HMDB0000560
CHEBI:70736,HMDB0059718
CHEBI:70743,HMDB0015641
CHEBI:70744,HMDB0000721
CHEBI:70746,HMDB0015641
CHEBI:70747,HMDB0059719
CHEBI:70749,HMDB0000705
CHEBI:70752,HMDB0250817
CHEBI:70766,HMDB0000325
CHEBI:70773,HMDB0249598
CHEBI:70778,HMDB0252992
CHEBI:70801,HMDB0029736
CHEBI:70808,HMDB0002320
CHEBI:70811,HMDB0013240
CHEBI:70818,HMDB0000333
CHEBI:70819,HMDB0000688
CHEBI:70824,HMDB0006116
CHEBI:70830,HMDB0061678
CHEBI:70838,HMDB0241917
CHEBI:70848,HMDB0112245
CHEBI:70850,HMDB0061709
CHEBI:70851,HMDB0255866
CHEBI:70854,HMDB0004339
CHEBI:70855,HMDB0059722
CHEBI:70857,HMDB0000552
CHEBI:70867,HMDB0006038
CHEBI:70869,HMDB0000859
CHEBI:70966,HMDB0004988
CHEBI:70971,HMDB0003950
CHEBI:70973,HMDB0002120
CHEBI:70976,HMDB0255052
CHEBI:70979,HMDB0000730
CHEBI:70981,HMDB0247066
CHEBI:70984,HMDB0000678
CHEBI:70989,HMDB0005923
CHEBI:70997,HMDB0013288
CHEBI:71003,HMDB0010347
CHEBI:71012,HMDB0013324
CHEBI:71013,HMDB0256305
CHEBI:71018,HMDB0013678
CHEBI:71023,HMDB0015670
CHEBI:71028,HMDB0015673
CHEBI:71029,HMDB0029046
CHEBI:71032,HMDB0029004
CHEBI:71038,HMDB0062352
CHEBI:71045,HMDB0002114
CHEBI:71049,HMDB0304953
CHEBI:71052,HMDB0242181
CHEBI:71062,HMDB0240263
CHEBI:71157,HMDB0245498
CHEBI:71167,HMDB0255085
CHEBI:71169,HMDB0000912
CHEBI:71172,HMDB0061679
CHEBI:71175,HMDB0304238
CHEBI:71176,HMDB0000940
CHEBI:71179,HMDB0002366
CHEBI:71180,HMDB0240764
CHEBI:71182,HMDB0001390
CHEBI:71219,HMDB0256144
CHEBI:71225,HMDB0302404
CHEBI:71231,HMDB0032041
CHEBI:71235,HMDB0246445
CHEBI:71240,HMDB0303435
CHEBI:71241,HMDB0259027
CHEBI:7125,HMDB0001367
CHEBI:71255,HMDB0242748
CHEBI:71267,HMDB0304905
CHEBI:71268,HMDB0302610
CHEBI:71272,HMDB0015634
CHEBI:71294,HMDB0304130
CHEBI:71311,HMDB0059734
CHEBI:71404,HMDB0003362
CHEBI:71404,HMDB0006698
CHEBI:71416,HMDB0015506
CHEBI:71417,HMDB0015299
CHEBI:71433,HMDB0112246
CHEBI:71437,HMDB0112243
CHEBI:71457,HMDB0037963
CHEBI:71464,HMDB0002100
CHEBI:71465,HMDB0013648
CHEBI:71466,HMDB0002088
CHEBI:71467,HMDB0013649
CHEBI:71488,HMDB0002177
CHEBI:71498,HMDB0302089
CHEBI:71512,HMDB0302470
CHEBI:71540,HMDB0112247
CHEBI:71553,HMDB0006535
CHEBI:71563,HMDB0002177
CHEBI:71573,HMDB0304525
CHEBI:71574,HMDB0062354
CHEBI:71580,HMDB0060465
CHEBI:71608,HMDB0094673
CHEBI:71693,HMDB0304506
CHEBI:71693,HMDB0030388
CHEBI:71940,HMDB0014958
CHEBI:71941,HMDB0014643
CHEBI:71952,HMDB0247649
CHEBI:71954,HMDB0247677
CHEBI:71958,HMDB0259934
CHEBI:71972,HMDB0246573
CHEBI:71980,HMDB0060196
CHEBI:72004,HMDB0247596
CHEBI:72013,HMDB0032938
CHEBI:7203,HMDB0248228
CHEBI:7207,HMDB0041821
CHEBI:7210,HMDB0005084
CHEBI:7219,HMDB0245596
CHEBI:72296,HMDB0248515
CHEBI:72297,HMDB0254156
CHEBI:72317,HMDB0249524
CHEBI:72330,HMDB0012113
CHEBI:72345,HMDB0245001
CHEBI:724125,HMDB0015127
CHEBI:72442,HMDB0062413
CHEBI:72457,HMDB0245129
CHEBI:72564,HMDB0014991
CHEBI:72568,HMDB0254938
CHEBI:72578,HMDB0250498
CHEBI:72583,HMDB0259903
CHEBI:72593,HMDB0060045
CHEBI:72595,HMDB0001968
CHEBI:72595,HMDB0001979
CHEBI:72607,HMDB0012202
CHEBI:72608,HMDB0060043
CHEBI:72610,HMDB0060051
CHEBI:72612,HMDB0012213
CHEBI:72615,HMDB0060048
CHEBI:72620,HMDB0012244
CHEBI:72623,HMDB0060050
CHEBI:72624,HMDB0060049
CHEBI:72627,HMDB0010209
CHEBI:72631,HMDB0041807
CHEBI:72637,HMDB0010213
CHEBI:72640,HMDB0060037
CHEBI:72641,HMDB0010203
CHEBI:72643,HMDB0062433
CHEBI:72645,HMDB0010202
CHEBI:72647,HMDB0060044
CHEBI:72651,HMDB0062652
CHEBI:72651,HMDB0010223
CHEBI:72653,HMDB0013620
CHEBI:72657,HMDB0010214
CHEBI:72663,HMDB0004704
CHEBI:72665,HMDB0004705
CHEBI:72666,HMDB0041055
CHEBI:72668,HMDB0041058
CHEBI:72677,HMDB0030590
CHEBI:72678,HMDB0030591
CHEBI:72689,HMDB0005065
CHEBI:72690,HMDB0256694
CHEBI:72691,HMDB0062773
CHEBI:72715,HMDB0006461
CHEBI:72718,HMDB0010699
CHEBI:72719,HMDB0000488
CHEBI:72723,HMDB0013302
CHEBI:72727,HMDB0062712
CHEBI:72733,HMDB0002497
CHEBI:7274,HMDB0000854
CHEBI:72741,HMDB0011487
CHEBI:72742,HMDB0011518
CHEBI:72743,HMDB0011158
CHEBI:72746,HMDB0011488
CHEBI:72747,HMDB0011526
CHEBI:72749,HMDB0011496
CHEBI:72752,HMDB0032082
CHEBI:72752,HMDB0032077
CHEBI:72754,HMDB0249276
CHEBI:72763,HMDB0038642
CHEBI:72764,HMDB0038581
CHEBI:72767,HMDB0029565
CHEBI:72772,HMDB0245808
CHEBI:72775,HMDB0033968
CHEBI:72779,HMDB0062286
CHEBI:72782,HMDB0029738
CHEBI:72785,HMDB0010222
CHEBI:72789,HMDB0012587
CHEBI:72794,HMDB0060040
CHEBI:72795,HMDB0005089
CHEBI:72801,HMDB0005081
CHEBI:72803,HMDB0011158
CHEBI:72816,HMDB0028680
CHEBI:72821,HMDB0243932
CHEBI:72842,HMDB0004669
CHEBI:72853,HMDB0010212
CHEBI:72855,HMDB0013621
CHEBI:72865,HMDB0010378
CHEBI:72866,HMDB0060052
CHEBI:72867,HMDB0010216
CHEBI:72952,HMDB0240602
CHEBI:72956,HMDB0004947
CHEBI:72957,HMDB0011773
CHEBI:72959,HMDB0004949
CHEBI:72961,HMDB0004950
CHEBI:72962,HMDB0004951
CHEBI:72965,HMDB0004956
CHEBI:72966,HMDB0004952
CHEBI:72968,HMDB0004955
CHEBI:72998,HMDB0010382
CHEBI:72999,HMDB0000564
CHEBI:73000,HMDB0007970
CHEBI:73001,HMDB0007972
CHEBI:73002,HMDB0007973
CHEBI:73003,HMDB0007982
CHEBI:73004,HMDB0011503
CHEBI:73005,HMDB0008923
CHEBI:73006,HMDB0008925
CHEBI:73006,HMDB0003990
CHEBI:73007,HMDB0008927
CHEBI:73008,HMDB0008928
CHEBI:73009,HMDB0008937
CHEBI:73012,HMDB0245308
CHEBI:73018,HMDB0000959
CHEBI:73024,HMDB0240773
CHEBI:73025,HMDB0000688
CHEBI:73026,HMDB0000378
CHEBI:73031,HMDB0240781
CHEBI:73032,HMDB0251022
CHEBI:73033,HMDB0250204
CHEBI:73034,HMDB0061717
CHEBI:73034,HMDB0255869
CHEBI:73037,HMDB0240750
CHEBI:73038,HMDB0256127
CHEBI:73040,HMDB0240779
CHEBI:73041,HMDB0259094
CHEBI:73042,HMDB0240749
CHEBI:73043,HMDB0240766
CHEBI:73044,HMDB0015403
CHEBI:73046,HMDB0240752
CHEBI:73047,HMDB0240751
CHEBI:73048,HMDB0240753
CHEBI:73049,HMDB0242187
CHEBI:73052,HMDB0240724
CHEBI:73056,HMDB0061638
CHEBI:73057,HMDB0240726
CHEBI:73058,HMDB0036670
CHEBI:73059,HMDB0240756
CHEBI:73060,HMDB0002014
CHEBI:73061,HMDB0254979
CHEBI:73063,HMDB0061640
CHEBI:73064,HMDB0240775
CHEBI:73065,HMDB0240757
CHEBI:73066,HMDB0240782
CHEBI:73067,HMDB0240783
CHEBI:73068,HMDB0240770
CHEBI:73069,HMDB0240754
CHEBI:73070,HMDB0061642
CHEBI:73070,HMDB0013336
CHEBI:73071,HMDB0240776
CHEBI:73072,HMDB0240780
CHEBI:73075,HMDB0240768
CHEBI:73076,HMDB0240761
CHEBI:73077,HMDB0240769
CHEBI:73081,HMDB0000712
CHEBI:73086,HMDB0034500
CHEBI:73087,HMDB0002271
CHEBI:73100,HMDB0006460
CHEBI:73101,HMDB0240765
CHEBI:73102,HMDB0240778
CHEBI:73103,HMDB0240767
CHEBI:73104,HMDB0240777
CHEBI:73105,HMDB0062468
CHEBI:73106,HMDB0240760
CHEBI:73108,HMDB0240755
CHEBI:73109,HMDB0240762
CHEBI:73110,HMDB0004853
CHEBI:73116,HMDB0240763
CHEBI:73117,HMDB0008937
CHEBI:73118,HMDB0240746
CHEBI:73119,HMDB0240747
CHEBI:73120,HMDB0240748
CHEBI:73121,HMDB0008928
CHEBI:73122,HMDB0240758
CHEBI:73124,HMDB0008927
CHEBI:73126,HMDB0008925
CHEBI:73127,HMDB0008923
CHEBI:73129,HMDB0060619
CHEBI:73134,HMDB0011503
CHEBI:73135,HMDB0010706
CHEBI:73137,HMDB0010704
CHEBI:73138,HMDB0010703
CHEBI:73140,HMDB0010702
CHEBI:73144,HMDB0010701
CHEBI:73145,HMDB0010700
CHEBI:73145,HMDB0010698
CHEBI:73158,HMDB0258312
CHEBI:73171,HMDB0248390
CHEBI:73172,HMDB0037112
CHEBI:73175,HMDB0245436
CHEBI:732,HMDB0003259
CHEBI:73200,HMDB0003665
CHEBI:73205,HMDB0010570
CHEBI:73206,HMDB0010630
CHEBI:73207,HMDB0010600
CHEBI:73209,HMDB0009789
CHEBI:7321,HMDB0030326
CHEBI:73212,HMDB0009784
CHEBI:73215,HMDB0009783
CHEBI:73218,HMDB0061695
CHEBI:73222,HMDB0035219
CHEBI:73223,HMDB0009781
CHEBI:73224,HMDB0005843
CHEBI:73229,HMDB0009778
CHEBI:73231,HMDB0036695
CHEBI:73232,HMDB0031849
CHEBI:73234,HMDB0010574
CHEBI:73237,HMDB0033439
CHEBI:73238,HMDB0010575
CHEBI:73241,HMDB0010572
CHEBI:73242,HMDB0010604
CHEBI:73244,HMDB0029703
CHEBI:73246,HMDB0000674
CHEBI:73248,HMDB0060558
CHEBI:73254,HMDB0010572
CHEBI:73259,HMDB0007860
CHEBI:73261,HMDB0013839
CHEBI:73262,HMDB0114841
CHEBI:73264,HMDB0114833
CHEBI:73282,HMDB0247432
CHEBI:73287,HMDB0245206
CHEBI:73288,HMDB0258753
CHEBI:73290,HMDB0256625
CHEBI:73297,HMDB0257539
CHEBI:73330,HMDB0028682
CHEBI:73339,HMDB0254535
CHEBI:73364,HMDB0247455
CHEBI:73370,HMDB0244489
CHEBI:73380,HMDB0252924
CHEBI:73393,HMDB0028695
CHEBI:73394,HMDB0028696
CHEBI:73395,HMDB0028699
CHEBI:73406,HMDB0028726
CHEBI:73410,HMDB0255629
CHEBI:73419,HMDB0028727
CHEBI:73420,HMDB0243705
CHEBI:73421,HMDB0028729
CHEBI:73422,HMDB0028731
CHEBI:73424,HMDB0028733
CHEBI:73425,HMDB0028739
CHEBI:73426,HMDB0028740
CHEBI:73427,HMDB0028743
CHEBI:73445,HMDB0028747
CHEBI:73446,HMDB0028749
CHEBI:73450,HMDB0028753
CHEBI:73451,HMDB0028755
CHEBI:73454,HMDB0028762
CHEBI:73455,HMDB0028765
CHEBI:73458,HMDB0255773
CHEBI:73461,HMDB0028783
CHEBI:73462,HMDB0028784
CHEBI:73468,HMDB0014325
CHEBI:73469,HMDB0246413
CHEBI:73472,HMDB0012246
CHEBI:73503,HMDB0028815
CHEBI:73504,HMDB0029632
CHEBI:73505,HMDB0028819
CHEBI:73506,HMDB0028823
CHEBI:73507,HMDB0028825
CHEBI:73508,HMDB0028827
CHEBI:73509,HMDB0028828
CHEBI:7351,HMDB0031411
CHEBI:73510,HMDB0028829
CHEBI:73512,HMDB0028830
CHEBI:73513,HMDB0028831
CHEBI:73514,HMDB0000759
CHEBI:73515,HMDB0028843
CHEBI:73516,HMDB0028850
CHEBI:73517,HMDB0028853
CHEBI:73520,HMDB0028909
CHEBI:73521,HMDB0004207
CHEBI:73521,HMDB0028824
CHEBI:73523,HMDB0028938
CHEBI:73527,HMDB0028922
CHEBI:73528,HMDB0028923
CHEBI:73529,HMDB0028924
CHEBI:73531,HMDB0028933
CHEBI:73533,HMDB0304432
CHEBI:73579,HMDB0028942
CHEBI:73580,HMDB0011175
CHEBI:73582,HMDB0028926
CHEBI:73583,HMDB0028934
CHEBI:73584,HMDB0028935
CHEBI:73585,HMDB0013243
CHEBI:73589,HMDB0028939
CHEBI:73590,HMDB0028940
CHEBI:73591,HMDB0028941
CHEBI:73598,HMDB0304806
CHEBI:73600,HMDB0028949
CHEBI:73601,HMDB0028947
CHEBI:73604,HMDB0028951
CHEBI:73605,HMDB0028958
CHEBI:73606,HMDB0028961
CHEBI:73607,HMDB0028964
CHEBI:73608,HMDB0028963
CHEBI:73610,HMDB0028966
CHEBI:73611,HMDB0028973
CHEBI:73612,HMDB0028981
CHEBI:73613,HMDB0028982
CHEBI:73614,HMDB0028983
CHEBI:73615,HMDB0028985
CHEBI:73616,HMDB0028986
CHEBI:73630,HMDB0028988
CHEBI:73631,HMDB0028991
CHEBI:73632,HMDB0028989
CHEBI:73633,HMDB0028990
CHEBI:73634,HMDB0028997
CHEBI:73635,HMDB0028995
CHEBI:73636,HMDB0029005
CHEBI:73637,HMDB0029007
CHEBI:73638,HMDB0029008
CHEBI:73645,HMDB0029011
CHEBI:73646,HMDB0011180
CHEBI:73648,HMDB0029026
CHEBI:73651,HMDB0029041
CHEBI:73652,HMDB0029051
CHEBI:73653,HMDB0029048
CHEBI:73662,HMDB0029069
CHEBI:73663,HMDB0029063
CHEBI:73664,HMDB0029070
CHEBI:73665,HMDB0029071
CHEBI:73666,HMDB0029072
CHEBI:73667,HMDB0029073
CHEBI:73676,HMDB0002492
CHEBI:73685,HMDB0006029
CHEBI:73688,HMDB0001067
CHEBI:73689,HMDB0031249
CHEBI:73695,HMDB0029107
CHEBI:73698,HMDB0029122
CHEBI:73699,HMDB0029127
CHEBI:73700,HMDB0029129
CHEBI:73701,HMDB0029135
CHEBI:73703,HMDB0029139
CHEBI:73704,HMDB0029140
CHEBI:73705,HMDB0011737
CHEBI:73707,HMDB0011738
CHEBI:73710,HMDB0029076
CHEBI:73711,HMDB0029121
CHEBI:73713,HMDB0000888
CHEBI:73716,HMDB0251153
CHEBI:73718,HMDB0002327
CHEBI:73722,HMDB0000672
CHEBI:73723,HMDB0013631
CHEBI:73726,HMDB0246147
CHEBI:73728,HMDB0242141
CHEBI:73731,HMDB0005060
CHEBI:73755,HMDB0244081
CHEBI:73757,HMDB0006899
CHEBI:73762,HMDB0028697
CHEBI:73766,HMDB0059617
CHEBI:73770,HMDB0028691
CHEBI:73771,HMDB0028689
CHEBI:73784,HMDB0028840
CHEBI:73788,HMDB0028685
CHEBI:73792,HMDB0062312
CHEBI:73793,HMDB0007872
CHEBI:73794,HMDB0010380
CHEBI:73803,HMDB0028683
CHEBI:73804,HMDB0028837
CHEBI:73805,HMDB0028690
CHEBI:73806,HMDB0028693
CHEBI:73807,HMDB0028694
CHEBI:73808,HMDB0028698
CHEBI:73808,HMDB0013209
CHEBI:73809,HMDB0028700
CHEBI:73810,HMDB0028702
CHEBI:73811,HMDB0028703
CHEBI:73812,HMDB0028705
CHEBI:73813,HMDB0028707
CHEBI:73814,HMDB0028712
CHEBI:73815,HMDB0028713
CHEBI:73816,HMDB0028714
CHEBI:73817,HMDB0028715
CHEBI:73818,HMDB0028716
CHEBI:73819,HMDB0028718
CHEBI:73821,HMDB0028720
CHEBI:73822,HMDB0028721
CHEBI:73823,HMDB0028722
CHEBI:73824,HMDB0028730
CHEBI:73825,HMDB0028744
CHEBI:73826,HMDB0028746
CHEBI:73827,HMDB0028751
CHEBI:73829,HMDB0004987
CHEBI:73830,HMDB0000706
CHEBI:73831,HMDB0028764
CHEBI:73832,HMDB0028766
CHEBI:73836,HMDB0302832
CHEBI:73845,HMDB0011667
CHEBI:73846,HMDB0028795
CHEBI:73847,HMDB0028796
CHEBI:73848,HMDB0028797
CHEBI:73849,HMDB0003764
CHEBI:73850,HMDB0010407
CHEBI:73851,HMDB0010383
CHEBI:73858,HMDB0010384
CHEBI:7386,HMDB0004226
CHEBI:73860,HMDB0028835
CHEBI:73865,HMDB0008055
CHEBI:73868,HMDB0008089
CHEBI:73873,HMDB0010404
CHEBI:73875,HMDB0008941
CHEBI:73882,HMDB0304813
CHEBI:73888,HMDB0028836
CHEBI:73890,HMDB0028838
CHEBI:73898,HMDB0028839
CHEBI:73907,HMDB0028844
CHEBI:73909,HMDB0028846
CHEBI:73910,HMDB0062457
CHEBI:73910,HMDB0010375
CHEBI:73912,HMDB0028848
CHEBI:73914,HMDB0246067
CHEBI:73920,HMDB0028851
CHEBI:73921,HMDB0028852
CHEBI:73922,HMDB0028854
CHEBI:73924,HMDB0028878
CHEBI:73925,HMDB0028881
CHEBI:73928,HMDB0028884
CHEBI:73930,HMDB0028885
CHEBI:73944,HMDB0062618
CHEBI:73944,HMDB0002277
CHEBI:73949,HMDB0302340
CHEBI:73959,HMDB0013141
CHEBI:73961,HMDB0010313
CHEBI:73990,HMDB0011537
CHEBI:73992,HMDB0029523
CHEBI:73992,HMDB0302540
CHEBI:73999,HMDB0008924
CHEBI:74,HMDB0004350
CHEBI:74000,HMDB0007969
CHEBI:74001,HMDB0011143
CHEBI:74017,HMDB0012607
CHEBI:74018,HMDB0002355
CHEBI:74020,HMDB0029310
CHEBI:74024,HMDB0244915
CHEBI:74027,HMDB0304127
CHEBI:74048,HMDB0029426
CHEBI:74048,HMDB0029420
CHEBI:74049,HMDB0002339
CHEBI:74051,HMDB0028887
CHEBI:74052,HMDB0028890
CHEBI:74053,HMDB0028891
CHEBI:74054,HMDB0304150
CHEBI:74055,HMDB0028893
CHEBI:74056,HMDB0028894
CHEBI:74057,HMDB0012575
CHEBI:74058,HMDB0028896
CHEBI:74059,HMDB0028897
CHEBI:74060,HMDB0028898
CHEBI:74061,HMDB0028901
CHEBI:74062,HMDB0028900
CHEBI:74063,HMDB0028902
CHEBI:74064,HMDB0006037
CHEBI:74065,HMDB0028905
CHEBI:74066,HMDB0028907
CHEBI:74067,HMDB0028910
CHEBI:74072,HMDB0028911
CHEBI:74073,HMDB0028913
CHEBI:74074,HMDB0000481
CHEBI:74075,HMDB0028914
CHEBI:74076,HMDB0011174
CHEBI:74076,HMDB0028915
CHEBI:74077,HMDB0034323
CHEBI:74078,HMDB0028916
CHEBI:74080,HMDB0028918
CHEBI:74092,HMDB0004818
CHEBI:74096,HMDB0013224
CHEBI:74099,HMDB0000832
CHEBI:74100,HMDB0011763
CHEBI:74102,HMDB0006733
CHEBI:74105,HMDB0246042
CHEBI:74106,HMDB0062217
CHEBI:74107,HMDB0013228
CHEBI:74112,HMDB0244983
CHEBI:74120,HMDB0028847
CHEBI:74125,HMDB0060553
CHEBI:74130,HMDB0011769
CHEBI:74132,HMDB0011772
CHEBI:74135,HMDB0002171
CHEBI:74142,HMDB0062221
CHEBI:741548,HMDB0000622
CHEBI:74168,HMDB0001900
CHEBI:74235,HMDB0253647
CHEBI:74303,HMDB0013238
CHEBI:74322,HMDB0034498
CHEBI:74324,HMDB0006372
CHEBI:74326,HMDB0028919
CHEBI:74327,HMDB0028920
CHEBI:74330,HMDB0007852
CHEBI:74340,HMDB0012108
CHEBI:74343,HMDB0010393
CHEBI:74344,HMDB0010395
CHEBI:74345,HMDB0248150
CHEBI:74348,HMDB0010402
CHEBI:74357,HMDB0031832
CHEBI:7438,HMDB0001122
CHEBI:74397,HMDB0006497
CHEBI:74410,HMDB0255064
CHEBI:7443,HMDB0014604
CHEBI:74430,HMDB0013267
CHEBI:74433,HMDB0013010
CHEBI:74435,HMDB0000894
CHEBI:74437,HMDB0013317
CHEBI:74438,HMDB0013286
CHEBI:74439,HMDB0013279
CHEBI:74441,HMDB0013272
CHEBI:7445,HMDB0014804
CHEBI:74450,HMDB0004953
CHEBI:74456,HMDB0031859
CHEBI:74460,HMDB0250327
CHEBI:7447,HMDB0014745
CHEBI:74475,HMDB0012273
CHEBI:74479,HMDB0008020
CHEBI:74482,HMDB0013419
CHEBI:74484,HMDB0009009
CHEBI:74487,HMDB0009041
CHEBI:74490,HMDB0009212
CHEBI:74500,HMDB0250139
CHEBI:7451,HMDB0014873
CHEBI:74514,HMDB0247034
CHEBI:74524,HMDB0059743
CHEBI:74526,HMDB0032179
CHEBI:74531,HMDB0028928
CHEBI:74532,HMDB0012103
CHEBI:74533,HMDB0012104
CHEBI:74534,HMDB0028929
CHEBI:74535,HMDB0012107
CHEBI:74537,HMDB0242566
CHEBI:74539,HMDB0028931
CHEBI:7454,HMDB0014982
CHEBI:74540,HMDB0028932
CHEBI:74553,HMDB0028945
CHEBI:74557,HMDB0028950
CHEBI:74559,HMDB0028954
CHEBI:74561,HMDB0028955
CHEBI:74562,HMDB0259756
CHEBI:74564,HMDB0028956
CHEBI:74566,HMDB0028957
CHEBI:74567,HMDB0028959
CHEBI:74568,HMDB0028960
CHEBI:74569,HMDB0028962
CHEBI:74571,HMDB0253518
CHEBI:7459,HMDB0015314
CHEBI:74608,HMDB0062367
CHEBI:74640,HMDB0013713
CHEBI:7465,HMDB0014842
CHEBI:7466,HMDB0002725
CHEBI:74661,HMDB0062802
CHEBI:74667,HMDB0008100
CHEBI:74669,HMDB0000593
CHEBI:74670,HMDB0008105
CHEBI:74671,HMDB0008114
CHEBI:7468,HMDB0015119
CHEBI:74683,HMDB0012992
CHEBI:74684,HMDB0012219
CHEBI:746859,HMDB0014432
CHEBI:74688,HMDB0000817
CHEBI:74689,HMDB0002263
CHEBI:74698,HMDB0028967
CHEBI:74699,HMDB0028969
CHEBI:74701,HMDB0028971
CHEBI:74702,HMDB0028972
CHEBI:74703,HMDB0028975
CHEBI:74704,HMDB0028976
CHEBI:74705,HMDB0028977
CHEBI:74706,HMDB0028978
CHEBI:74707,HMDB0028979
CHEBI:74708,HMDB0028980
CHEBI:74709,HMDB0028984
CHEBI:74712,HMDB0028994
CHEBI:74717,HMDB0028998
CHEBI:74719,HMDB0029001
CHEBI:74733,HMDB0247093
CHEBI:74739,HMDB0246825
CHEBI:74750,HMDB0011177
CHEBI:74751,HMDB0029006
CHEBI:74753,HMDB0029010
CHEBI:74754,HMDB0029012
CHEBI:74756,HMDB0029013
CHEBI:74757,HMDB0029015
CHEBI:74759,HMDB0243669
CHEBI:7476,HMDB0001923
CHEBI:74760,HMDB0246510
CHEBI:74761,HMDB0245231
CHEBI:74762,HMDB0029016
CHEBI:74763,HMDB0002144
CHEBI:74766,HMDB0245938
CHEBI:74767,HMDB0006695
CHEBI:7478,HMDB0015087
CHEBI:74789,HMDB0247578
CHEBI:74790,HMDB0304810
CHEBI:74792,HMDB0029022
CHEBI:74793,HMDB0013689
CHEBI:74794,HMDB0258594
CHEBI:74795,HMDB0011179
CHEBI:74797,HMDB0029028
CHEBI:74799,HMDB0029029
CHEBI:74800,HMDB0029030
CHEBI:74801,HMDB0029032
CHEBI:74802,HMDB0029034
CHEBI:74803,HMDB0252529
CHEBI:74807,HMDB0029035
CHEBI:74808,HMDB0029037
CHEBI:74810,HMDB0038003
CHEBI:74811,HMDB0037976
CHEBI:74813,HMDB0029038
CHEBI:74814,HMDB0029039
CHEBI:74815,HMDB0029043
CHEBI:74817,HMDB0029045
CHEBI:74820,HMDB0029047
CHEBI:74823,HMDB0029052
CHEBI:74824,HMDB0029054
CHEBI:74825,HMDB0029055
CHEBI:74830,HMDB0114953
CHEBI:74831,HMDB0062320
CHEBI:74833,HMDB0115007
CHEBI:74836,HMDB0114924
CHEBI:74839,HMDB0114926
CHEBI:74840,HMDB0062318
CHEBI:74848,HMDB0248371
CHEBI:74849,HMDB0114927
CHEBI:74850,HMDB0007854
CHEBI:74852,HMDB0114923
CHEBI:74854,HMDB0029057
CHEBI:74855,HMDB0029059
CHEBI:74857,HMDB0029060
CHEBI:74859,HMDB0029061
CHEBI:74860,HMDB0029065
CHEBI:74861,HMDB0029067
CHEBI:74862,HMDB0029068
CHEBI:74866,HMDB0029077
CHEBI:74868,HMDB0029079
CHEBI:74869,HMDB0029082
CHEBI:74870,HMDB0029083
CHEBI:74871,HMDB0029087
CHEBI:74872,HMDB0029088
CHEBI:74874,HMDB0029090
CHEBI:74876,HMDB0029094
CHEBI:74877,HMDB0029096
CHEBI:74878,HMDB0029095
CHEBI:74879,HMDB0029098
CHEBI:7488,HMDB0014964
CHEBI:74881,HMDB0029103
CHEBI:74883,HMDB0029104
CHEBI:74903,HMDB0000689
CHEBI:7492,HMDB0014854
CHEBI:74926,HMDB0034299
CHEBI:74930,HMDB0114921
CHEBI:74933,HMDB0062316
CHEBI:74936,HMDB0114980
CHEBI:74939,HMDB0062315
CHEBI:7494,HMDB0015280
CHEBI:74942,HMDB0115069
CHEBI:74944,HMDB0251495
CHEBI:74947,HMDB0015175
CHEBI:74948,HMDB0240586
CHEBI:74951,HMDB0256474
CHEBI:74957,HMDB0031715
CHEBI:7496,HMDB0014365
CHEBI:74963,HMDB0007991
CHEBI:74965,HMDB0008048
CHEBI:74966,HMDB0240697
CHEBI:74968,HMDB0010390
CHEBI:74970,HMDB0008279
CHEBI:74971,HMDB0011506
CHEBI:74975,HMDB0009069
CHEBI:74977,HMDB0009060
CHEBI:74986,HMDB0009059
CHEBI:74990,HMDB0029105
CHEBI:74993,HMDB0029108
CHEBI:7500,HMDB0037408
CHEBI:75003,HMDB0029109
CHEBI:75004,HMDB0029110
CHEBI:75005,HMDB0029112
CHEBI:75006,HMDB0029116
CHEBI:75007,HMDB0029118
CHEBI:75008,HMDB0029120
CHEBI:75009,HMDB0029123
CHEBI:75010,HMDB0029125
CHEBI:75011,HMDB0029126
CHEBI:75012,HMDB0029130
CHEBI:75013,HMDB0029131
CHEBI:75014,HMDB0029132
CHEBI:75014,HMDB0029131
CHEBI:75015,HMDB0029133
CHEBI:75016,HMDB0029134
CHEBI:7502,HMDB0302534
CHEBI:75021,HMDB0029136
CHEBI:75026,HMDB0000436
CHEBI:75026,HMDB0008034
CHEBI:75030,HMDB0038009
CHEBI:75034,HMDB0008038
CHEBI:75035,HMDB0003173
CHEBI:75036,HMDB0011130
CHEBI:75038,HMDB0008993
CHEBI:75045,HMDB0250818
CHEBI:75062,HMDB0007869
CHEBI:75064,HMDB0062226
CHEBI:75068,HMDB0062231
CHEBI:75070,HMDB0062323
CHEBI:75073,HMDB0114877
CHEBI:75074,HMDB0114925
CHEBI:7508,HMDB0015129
CHEBI:75089,HMDB0304816
CHEBI:75092,HMDB0030796
CHEBI:75094,HMDB0060038
CHEBI:75095,HMDB0036619
CHEBI:75096,HMDB0012391
CHEBI:75098,HMDB0244268
CHEBI:75099,HMDB0012394
CHEBI:75101,HMDB0012388
CHEBI:75103,HMDB0012389
CHEBI:75106,HMDB0012387
CHEBI:75108,HMDB0006270
CHEBI:75117,HMDB0061714
CHEBI:75118,HMDB0114934
CHEBI:75125,HMDB0249892
CHEBI:75134,HMDB0114931
CHEBI:7514,HMDB0015472
CHEBI:75141,HMDB0115151
CHEBI:75143,HMDB0246647
CHEBI:75144,HMDB0253942
CHEBI:75145,HMDB0000991
CHEBI:75146,HMDB0246492
CHEBI:75164,HMDB0030802
CHEBI:75168,HMDB0011506
CHEBI:75179,HMDB0014576
CHEBI:75183,HMDB0001570
CHEBI:75184,HMDB0042033
CHEBI:7521,HMDB0255542
CHEBI:75212,HMDB0250885
CHEBI:75216,HMDB0011149
CHEBI:75228,HMDB0304825
CHEBI:7524,HMDB0035662
CHEBI:75245,HMDB0013420
CHEBI:75246,HMDB0015351
CHEBI:75247,HMDB0256770
CHEBI:75250,HMDB0041989
CHEBI:75251,HMDB0031452
CHEBI:75270,HMDB0255613
CHEBI:75272,HMDB0258435
CHEBI:7528,HMDB0015090
CHEBI:75283,HMDB0254735
CHEBI:75292,HMDB0247116
CHEBI:75294,HMDB0008265
CHEBI:75303,HMDB0244657
CHEBI:75304,HMDB0007965
CHEBI:75308,HMDB0003959
CHEBI:75318,HMDB0003173
CHEBI:75323,HMDB0040937
CHEBI:75331,HMDB0244873
CHEBI:75340,HMDB0004874
CHEBI:75344,HMDB0004977
CHEBI:75349,HMDB0030553
CHEBI:75354,HMDB0006521
CHEBI:75357,HMDB0007864
CHEBI:75366,HMDB0259886
CHEBI:75370,HMDB0251202
CHEBI:75376,HMDB0240601
CHEBI:75377,HMDB0256437
CHEBI:75379,HMDB0243556
CHEBI:75385,HMDB0010634
CHEBI:75390,HMDB0254788
CHEBI:75402,HMDB0304078
CHEBI:75404,HMDB0248054
CHEBI:75406,HMDB0038959
CHEBI:75408,HMDB0060614
CHEBI:75417,HMDB0251166
CHEBI:75425,HMDB0252968
CHEBI:75432,HMDB0302583
CHEBI:75442,HMDB0243962
CHEBI:75446,HMDB0007211
CHEBI:75447,HMDB0007214
CHEBI:75448,HMDB0007216
CHEBI:75449,HMDB0007228
CHEBI:7545,HMDB0255572
CHEBI:75450,HMDB0007219
CHEBI:75452,HMDB0072874
CHEBI:75453,HMDB0072869
CHEBI:75454,HMDB0011530
CHEBI:75455,HMDB0011533
CHEBI:75456,HMDB0011535
CHEBI:75457,HMDB0011538
CHEBI:75458,HMDB0252179
CHEBI:75465,HMDB0007015
CHEBI:75466,HMDB0007102
CHEBI:75468,HMDB0007160
CHEBI:75470,HMDB0007363
CHEBI:75471,HMDB0007247
CHEBI:75472,HMDB0007508
CHEBI:75473,HMDB0251988
CHEBI:75474,HMDB0011540
CHEBI:75475,HMDB0007221
CHEBI:75489,HMDB0029278
CHEBI:75491,HMDB0030653
CHEBI:75493,HMDB0301716
CHEBI:75496,HMDB0301715
CHEBI:75497,HMDB0301714
CHEBI:75523,HMDB0304565
CHEBI:75526,HMDB0072866
CHEBI:75528,HMDB0072863
CHEBI:75536,HMDB0011561
CHEBI:75539,HMDB0245396
CHEBI:75542,HMDB0011564
CHEBI:75544,HMDB0037107
CHEBI:75550,HMDB0011131
CHEBI:75555,HMDB0011131
CHEBI:75561,HMDB0011568
CHEBI:75562,HMDB0304951
CHEBI:75565,HMDB0242115
CHEBI:75575,HMDB0011570
CHEBI:75578,HMDB0007305
CHEBI:75583,HMDB0005382
CHEBI:75584,HMDB0249838
CHEBI:75618,HMDB0038369
CHEBI:75619,HMDB0038367
CHEBI:75621,HMDB0038366
CHEBI:75627,HMDB0011619
CHEBI:7563,HMDB0003269
CHEBI:75630,HMDB0033974
CHEBI:75632,HMDB0033973
CHEBI:75633,HMDB0029754
CHEBI:75642,HMDB0303062
CHEBI:75643,HMDB0038370
CHEBI:75644,HMDB0303662
CHEBI:75646,HMDB0010610
CHEBI:75647,HMDB0301932
CHEBI:7565,HMDB0015247
CHEBI:75651,HMDB0301931
CHEBI:75652,HMDB0301929
CHEBI:75655,HMDB0301930
CHEBI:75664,HMDB0304728
CHEBI:75666,HMDB0037653
CHEBI:75678,HMDB0038004
CHEBI:75688,HMDB0044109
CHEBI:75691,HMDB0301903
CHEBI:75697,HMDB0301893
CHEBI:7570,HMDB0029882
CHEBI:75704,HMDB0254398
CHEBI:75718,HMDB0252684
CHEBI:75721,HMDB0029500
CHEBI:75722,HMDB0259401
CHEBI:75725,HMDB0014339
CHEBI:75726,HMDB0240540
CHEBI:75728,HMDB0007170
CHEBI:75729,HMDB0045188
CHEBI:7573,HMDB0014803
CHEBI:75735,HMDB0056197
CHEBI:7575,HMDB0014537
CHEBI:75750,HMDB0302682
CHEBI:75751,HMDB0301761
CHEBI:75757,HMDB0011567
CHEBI:75790,HMDB0303599
CHEBI:7581,HMDB0015534
CHEBI:75813,HMDB0303631
CHEBI:75815,HMDB0034358
CHEBI:7582,HMDB0015187
CHEBI:75832,HMDB0303497
CHEBI:75836,HMDB0303498
CHEBI:75839,HMDB0037932
CHEBI:75841,HMDB0005432
CHEBI:75842,HMDB0005760
CHEBI:75844,HMDB0005474
CHEBI:75845,HMDB0055309
CHEBI:75846,HMDB0049741
CHEBI:75848,HMDB0303020
CHEBI:75848,HMDB0005382
CHEBI:75852,HMDB0056366
CHEBI:75868,HMDB0056017
CHEBI:75873,HMDB0257497
CHEBI:75913,HMDB0013657
CHEBI:75915,HMDB0248289
CHEBI:75920,HMDB0038959
CHEBI:75921,HMDB0302992
CHEBI:75922,HMDB0015678
CHEBI:75926,HMDB0245468
CHEBI:75934,HMDB0251549
CHEBI:75949,HMDB0254370
CHEBI:7596,HMDB0014470
CHEBI:75972,HMDB0031057
CHEBI:75977,HMDB0031057
CHEBI:75984,HMDB0015326
CHEBI:75988,HMDB0014587
CHEBI:76,HMDB0030348
CHEBI:76004,HMDB0031257
CHEBI:7601,HMDB0014723
CHEBI:7601,HMDB0259636
CHEBI:76018,HMDB0257236
CHEBI:7602,HMDB0029540
CHEBI:76071,HMDB0061701
CHEBI:76073,HMDB0008102
CHEBI:76076,HMDB0011128
CHEBI:76078,HMDB0240262
CHEBI:76078,HMDB0061702
CHEBI:76079,HMDB0061699
CHEBI:76082,HMDB0303060
CHEBI:76084,HMDB0061700
CHEBI:76088,HMDB0011476
CHEBI:76090,HMDB0011477
CHEBI:7610,HMDB0033857
CHEBI:76103,HMDB0030211
CHEBI:76105,HMDB0030211
CHEBI:7611,HMDB0035664
CHEBI:7611,HMDB0034287
CHEBI:76114,HMDB0248956
CHEBI:76116,HMDB0303700
CHEBI:76117,HMDB0240705
CHEBI:7612,HMDB0033719
CHEBI:76125,HMDB0037954
CHEBI:76126,HMDB0240514
CHEBI:76127,HMDB0250253
CHEBI:76128,HMDB0041873
CHEBI:7613,HMDB0034288
CHEBI:76131,HMDB0029255
CHEBI:76133,HMDB0251624
CHEBI:76136,HMDB0252268
CHEBI:76138,HMDB0252340
CHEBI:76141,HMDB0301735
CHEBI:76151,HMDB0041333
CHEBI:76155,HMDB0031422
CHEBI:76156,HMDB0303377
CHEBI:76158,HMDB0253333
CHEBI:76160,HMDB0253336
CHEBI:76162,HMDB0253478
CHEBI:76163,HMDB0253714
CHEBI:76164,HMDB0254157
CHEBI:76172,HMDB0041920
CHEBI:76200,HMDB0250352
CHEBI:76207,HMDB0254349
CHEBI:76212,HMDB0259264
CHEBI:76216,HMDB0258935
CHEBI:7622,HMDB0255722
CHEBI:76231,HMDB0011476
CHEBI:76233,HMDB0011477
CHEBI:76247,HMDB0040594
CHEBI:76249,HMDB0254753
CHEBI:7625,HMDB0012270
CHEBI:76252,HMDB0254828
CHEBI:76258,HMDB0256021
CHEBI:76261,HMDB0243966
CHEBI:76263,HMDB0256795
CHEBI:76269,HMDB0257284
CHEBI:7627,HMDB0014855
CHEBI:76274,HMDB0257536
CHEBI:76276,HMDB0304377
CHEBI:76277,HMDB0258823
CHEBI:76284,HMDB0259773
CHEBI:76287,HMDB0256247
CHEBI:76288,HMDB0041801
CHEBI:76290,HMDB0041008
CHEBI:76297,HMDB0004969
CHEBI:76298,HMDB0304092
CHEBI:76299,HMDB0304342
CHEBI:76302,HMDB0004975
CHEBI:76304,HMDB0304091
CHEBI:76308,HMDB0000872
CHEBI:76319,HMDB0242127
CHEBI:76322,HMDB0302963
CHEBI:76324,HMDB0243970
CHEBI:76326,HMDB0255208
CHEBI:7633,HMDB0041959
CHEBI:76331,HMDB0247920
CHEBI:76341,HMDB0000323
CHEBI:7635,HMDB0033790
CHEBI:76350,HMDB0034069
CHEBI:76357,HMDB0059926
CHEBI:76358,HMDB0059925
CHEBI:76358,HMDB0031848
CHEBI:7640,HMDB0014680
CHEBI:76400,HMDB0246736
CHEBI:76447,HMDB0060308
CHEBI:76447,HMDB0060307
CHEBI:76449,HMDB0060315
CHEBI:76450,HMDB0006513
CHEBI:76451,HMDB0002818
CHEBI:76452,HMDB0251131
CHEBI:76453,HMDB0060191
CHEBI:76459,HMDB0060216
CHEBI:76463,HMDB0060240
CHEBI:76503,HMDB0243949
CHEBI:76537,HMDB0304007
CHEBI:76591,HMDB0002103
CHEBI:766,HMDB0006766
CHEBI:76604,HMDB0029864
CHEBI:76606,HMDB0254579
CHEBI:7671,HMDB0029423
CHEBI:76721,HMDB0031759
CHEBI:76793,HMDB0246202
CHEBI:76794,HMDB0246797
CHEBI:76917,HMDB0014545
CHEBI:76930,HMDB0302964
CHEBI:76942,HMDB0241915
CHEBI:76953,HMDB0010212
CHEBI:76978,HMDB0011187
CHEBI:76979,HMDB0116368
CHEBI:76980,HMDB0061660
CHEBI:76987,HMDB0245795
CHEBI:76992,HMDB0061659
CHEBI:76995,HMDB0247291
CHEBI:77012,HMDB0060489
CHEBI:77013,HMDB0249144
CHEBI:77028,HMDB0062526
CHEBI:77028,HMDB0011117
CHEBI:77029,HMDB0034322
CHEBI:77054,HMDB0250369
CHEBI:77058,HMDB0042052
CHEBI:77065,HMDB0013220
CHEBI:77070,HMDB0251837
CHEBI:77086,HMDB0002250
CHEBI:77092,HMDB0029745
CHEBI:77095,HMDB0252324
CHEBI:77096,HMDB0007112
CHEBI:77097,HMDB0007161
CHEBI:771,HMDB0000315
CHEBI:77125,HMDB0007518
CHEBI:77127,HMDB0007248
CHEBI:77129,HMDB0007179
CHEBI:7713,HMDB0035858
CHEBI:77145,HMDB0039545
CHEBI:77149,HMDB0035363
CHEBI:77150,HMDB0039555
CHEBI:77151,HMDB0035395
CHEBI:77152,HMDB0034996
CHEBI:77154,HMDB0034995
CHEBI:77181,HMDB0014550
CHEBI:7719,HMDB0029399
CHEBI:77227,HMDB0006246
CHEBI:77239,HMDB0114884
CHEBI:77241,HMDB0115078
CHEBI:77248,HMDB0007861
CHEBI:77249,HMDB0015230
CHEBI:77252,HMDB0115159
CHEBI:77254,HMDB0114954
CHEBI:77258,HMDB0114893
CHEBI:7726,HMDB0014262
CHEBI:77260,HMDB0001913
CHEBI:77270,HMDB0062581
CHEBI:77270,HMDB0060906
CHEBI:77278,HMDB0258921
CHEBI:7728,HMDB0255916
CHEBI:77292,HMDB0011220
CHEBI:77319,HMDB0041967
CHEBI:77320,HMDB0254957
CHEBI:77322,HMDB0035238
CHEBI:77323,HMDB0039531
CHEBI:77325,HMDB0251357
CHEBI:77327,HMDB0253147
CHEBI:77343,HMDB0009809
CHEBI:77344,HMDB0009951
CHEBI:77345,HMDB0009956
CHEBI:77346,HMDB0240667
CHEBI:77347,HMDB0009950
CHEBI:77348,HMDB0009850
CHEBI:77349,HMDB0009987
CHEBI:7735,HMDB0005012
CHEBI:77358,HMDB0006968
CHEBI:77359,HMDB0304761
CHEBI:77360,HMDB0006323
CHEBI:77363,HMDB0060579
CHEBI:77366,HMDB0002007
CHEBI:77366,HMDB0013025
CHEBI:77386,HMDB0031125
CHEBI:77388,HMDB0000548
CHEBI:77389,HMDB0011188
CHEBI:77391,HMDB0042061
CHEBI:77393,HMDB0005356
CHEBI:77397,HMDB0005038
CHEBI:77401,HMDB0253915
CHEBI:77415,HMDB0033177
CHEBI:77417,HMDB0011638
CHEBI:77424,HMDB0246344
CHEBI:77428,HMDB0255648
CHEBI:77431,HMDB0014442
CHEBI:77439,HMDB0029225
CHEBI:77443,HMDB0031270
CHEBI:77444,HMDB0029551
CHEBI:77446,HMDB0304339
CHEBI:77468,HMDB0013299
CHEBI:7747,HMDB0035872
CHEBI:77491,HMDB0062593
CHEBI:77498,HMDB0014567
CHEBI:77505,HMDB0061834
CHEBI:77506,HMDB0031082
CHEBI:77507,HMDB0243889
CHEBI:77512,HMDB0059848
CHEBI:77514,HMDB0061857
CHEBI:77517,HMDB0033777
CHEBI:77518,HMDB0031599
CHEBI:77519,HMDB0303831
CHEBI:77520,HMDB0062726
CHEBI:77525,HMDB0062452
CHEBI:77526,HMDB0006246
CHEBI:77527,HMDB0006322
CHEBI:77562,HMDB0250539
CHEBI:77585,HMDB0014883
CHEBI:776,HMDB0000335
CHEBI:77619,HMDB0031011
CHEBI:77619,HMDB0056009
CHEBI:77623,HMDB0044110
CHEBI:77624,HMDB0056010
CHEBI:77649,HMDB0255421
CHEBI:77683,HMDB0005455
CHEBI:77684,HMDB0042371
CHEBI:77686,HMDB0005403
CHEBI:77690,HMDB0040152
CHEBI:77694,HMDB0008429
CHEBI:77699,HMDB0254588
CHEBI:77700,HMDB0031523
CHEBI:77701,HMDB0255654
CHEBI:77726,HMDB0003752
CHEBI:7773,HMDB0005035
CHEBI:77733,HMDB0001850
CHEBI:7775,HMDB0033987
CHEBI:77761,HMDB0011749
CHEBI:77776,HMDB0258569
CHEBI:77780,HMDB0015667
CHEBI:77796,HMDB0258796
CHEBI:77807,HMDB0002823
CHEBI:7781,HMDB0030614
CHEBI:77817,HMDB0251096
CHEBI:77818,HMDB0038920
CHEBI:77835,HMDB0255754
CHEBI:77855,HMDB0244784
CHEBI:77856,HMDB0031519
CHEBI:77868,HMDB0303718
CHEBI:7789,HMDB0015304
CHEBI:77898,HMDB0015142
CHEBI:77914,HMDB0245923
CHEBI:77915,HMDB0245210
CHEBI:77927,HMDB0031266
CHEBI:77928,HMDB0034148
CHEBI:77929,HMDB0031409
CHEBI:77930,HMDB0030942
CHEBI:77954,HMDB0244751
CHEBI:7798,HMDB0014343
CHEBI:77995,HMDB0246617
CHEBI:77996,HMDB0004948
CHEBI:78002,HMDB0033532
CHEBI:78022,HMDB0008041
CHEBI:78029,HMDB0038549
CHEBI:7809,HMDB0014851
CHEBI:78105,HMDB0244852
CHEBI:7815,HMDB0003974
CHEBI:7815,HMDB0304444
CHEBI:78156,HMDB0030420
CHEBI:78163,HMDB0011142
CHEBI:78176,HMDB0013114
CHEBI:7820,HMDB0014759
CHEBI:78209,HMDB0012496
CHEBI:78215,HMDB0029207
CHEBI:7822,HMDB0015126
CHEBI:7823,HMDB0014980
CHEBI:7823,HMDB0060746
CHEBI:7824,HMDB0014914
CHEBI:78242,HMDB0003822
CHEBI:7825,HMDB0014384
CHEBI:78256,HMDB0302102
CHEBI:78258,HMDB0301859
CHEBI:78259,HMDB0039702
CHEBI:7826,HMDB0014384
CHEBI:78261,HMDB0008946
CHEBI:78263,HMDB0011394
CHEBI:78266,HMDB0009012
CHEBI:78268,HMDB0009003
CHEBI:78272,HMDB0006217
CHEBI:78273,HMDB0006218
CHEBI:78277,HMDB0030017
CHEBI:78277,HMDB0030020
CHEBI:783,HMDB0006764
CHEBI:78304,HMDB0033916
CHEBI:78307,HMDB0036831
CHEBI:78308,HMDB0246912
CHEBI:78309,HMDB0031469
CHEBI:78310,HMDB0030658
CHEBI:78315,HMDB0259787
CHEBI:78317,HMDB0031336
CHEBI:78321,HMDB0040735
CHEBI:78331,HMDB0244786
CHEBI:78333,HMDB0039522
CHEBI:78336,HMDB0062595
CHEBI:78337,HMDB0034106
CHEBI:78340,HMDB0011375
CHEBI:78342,HMDB0005779
CHEBI:78342,HMDB0060631
CHEBI:78358,HMDB0304151
CHEBI:78359,HMDB0304152
CHEBI:78360,HMDB0251453
CHEBI:78399,HMDB0031617
CHEBI:78411,HMDB0302572
CHEBI:78412,HMDB0030837
CHEBI:78416,HMDB0015228
CHEBI:78427,HMDB0302378
CHEBI:78432,HMDB0249821
CHEBI:78439,HMDB0029695
CHEBI:78441,HMDB0029690
CHEBI:7847,HMDB0041970
CHEBI:78486,HMDB0004898
CHEBI:78486,HMDB0004891
CHEBI:78492,HMDB0031154
CHEBI:78510,HMDB0251590
CHEBI:7852,HMDB0014640
CHEBI:7853,HMDB0030172
CHEBI:78538,HMDB0258677
CHEBI:78543,HMDB0240214
CHEBI:78549,HMDB0256570
CHEBI:7856,HMDB0015195
CHEBI:78576,HMDB0030479
CHEBI:78582,HMDB0030753
CHEBI:78600,HMDB0004029
CHEBI:7862,HMDB0015070
CHEBI:7863,HMDB0015070
CHEBI:78646,HMDB0010169
CHEBI:78646,HMDB0061712
CHEBI:78647,HMDB0010168
CHEBI:78652,HMDB0251700
CHEBI:78667,HMDB0303515
CHEBI:78673,HMDB0250588
CHEBI:78677,HMDB0247642
CHEBI:78692,HMDB0015583
CHEBI:78700,HMDB0094711
CHEBI:78706,HMDB0062432
CHEBI:78710,HMDB0002063
CHEBI:7872,HMDB0002865
CHEBI:78738,HMDB0033155
CHEBI:78741,HMDB0001537
CHEBI:78757,HMDB0250701
CHEBI:78759,HMDB0013645
CHEBI:78761,HMDB0254800
CHEBI:78770,HMDB0244942
CHEBI:78780,HMDB0256940
CHEBI:78782,HMDB0256998
CHEBI:78810,HMDB0009056
CHEBI:78813,HMDB0009055
CHEBI:78814,HMDB0009052
CHEBI:78842,HMDB0000409
CHEBI:78842,HMDB0000525
CHEBI:78870,HMDB0303548
CHEBI:78878,HMDB0246389
CHEBI:78884,HMDB0035833
CHEBI:78886,HMDB0032062
CHEBI:78904,HMDB0062381
CHEBI:78949,HMDB0062596
CHEBI:78949,HMDB0000486
CHEBI:79053,HMDB0013835
CHEBI:79059,HMDB0012496
CHEBI:79068,HMDB0002398
CHEBI:7907,HMDB0015430
CHEBI:79075,HMDB0114771
CHEBI:79078,HMDB0030851
CHEBI:79087,HMDB0033937
CHEBI:79090,HMDB0257510
CHEBI:79096,HMDB0010163
CHEBI:79097,HMDB0008946
CHEBI:79098,HMDB0010167
CHEBI:79099,HMDB0011394
CHEBI:791,HMDB0010317
CHEBI:79103,HMDB0012362
CHEBI:79109,HMDB0009012
CHEBI:79110,HMDB0009003
CHEBI:79113,HMDB0012383
CHEBI:7912,HMDB0029937
CHEBI:7915,HMDB0005017
CHEBI:7916,HMDB0250782
CHEBI:7916,HMDB0000210
CHEBI:79162,HMDB0061914
CHEBI:79199,HMDB0012563
CHEBI:792,HMDB0010358
CHEBI:79203,HMDB0011375
CHEBI:79207,HMDB0005779
CHEBI:7931,HMDB0015046
CHEBI:79311,HMDB0038404
CHEBI:79317,HMDB0034070
CHEBI:79319,HMDB0038427
CHEBI:79325,HMDB0038403
CHEBI:7934,HMDB0015490
CHEBI:79347,HMDB0038423
CHEBI:79352,HMDB0034071
CHEBI:7936,HMDB0014853
CHEBI:79441,HMDB0060533
CHEBI:7947,HMDB0030804
CHEBI:7952,HMDB0030325
CHEBI:7953,HMDB0256214
CHEBI:7956,HMDB0014444
CHEBI:7959,HMDB0014997
CHEBI:79628,HMDB0302154
CHEBI:79737,HMDB0031768
CHEBI:798,HMDB0060089
CHEBI:7983,HMDB0014457
CHEBI:79870,HMDB0041997
CHEBI:799,HMDB0006768
CHEBI:79936,HMDB0037518
CHEBI:79966,HMDB0259299
CHEBI:79978,HMDB0260240
CHEBI:79987,HMDB0252291
CHEBI:8,HMDB0303912
CHEBI:80079,HMDB0258241
CHEBI:80094,HMDB0006845
CHEBI:80127,HMDB0001038
CHEBI:80144,HMDB0012988
CHEBI:80220,HMDB0006865
CHEBI:80223,HMDB0012310
CHEBI:8024,HMDB0014928
CHEBI:8028,HMDB0014988
CHEBI:8031,HMDB0030328
CHEBI:8034,HMDB0301849
CHEBI:80371,HMDB0041263
CHEBI:80372,HMDB0029529
CHEBI:80373,HMDB0002219
CHEBI:80374,HMDB0039323
CHEBI:80389,HMDB0029493
CHEBI:80390,HMDB0303948
CHEBI:80430,HMDB0301991
CHEBI:80444,HMDB0031152
CHEBI:8046,HMDB0303708
CHEBI:80463,HMDB0011108
CHEBI:80465,HMDB0060458
CHEBI:80472,HMDB0029198
CHEBI:80473,HMDB0004400
CHEBI:80475,HMDB0301883
CHEBI:80489,HMDB0030610
CHEBI:80495,HMDB0041835
CHEBI:8050,HMDB0256387
CHEBI:80502,HMDB0041940
CHEBI:80507,HMDB0035837
CHEBI:80550,HMDB0031046
CHEBI:80553,HMDB0060585
CHEBI:80554,HMDB0013866
CHEBI:80556,HMDB0061086
CHEBI:80557,HMDB0060668
CHEBI:80559,HMDB0060432
CHEBI:80561,HMDB0060690
CHEBI:80562,HMDB0013859
CHEBI:80565,HMDB0060693
CHEBI:80566,HMDB0060691
CHEBI:80579,HMDB0060657
CHEBI:80579,HMDB0060651
CHEBI:8058,HMDB0256399
CHEBI:80580,HMDB0060464
CHEBI:80584,HMDB0060669
CHEBI:80585,HMDB0060351
CHEBI:80586,HMDB0060366
CHEBI:80589,HMDB0060367
CHEBI:80590,HMDB0060671
CHEBI:80594,HMDB0060400
CHEBI:80597,HMDB0060653
CHEBI:80598,HMDB0060673
CHEBI:80599,HMDB0060652
CHEBI:80601,HMDB0060566
CHEBI:80604,HMDB0060472
CHEBI:80605,HMDB0060463
CHEBI:80607,HMDB0060462
CHEBI:80609,HMDB0060414
CHEBI:80611,HMDB0060411
CHEBI:80614,HMDB0060413
CHEBI:80617,HMDB0041912
CHEBI:80618,HMDB0060664
CHEBI:80619,HMDB0060663
CHEBI:8062,HMDB0302344
CHEBI:80624,HMDB0060402
CHEBI:80625,HMDB0060435
CHEBI:80630,HMDB0014900
CHEBI:80631,HMDB0041936
CHEBI:80635,HMDB0013900
CHEBI:80636,HMDB0013898
CHEBI:80637,HMDB0013899
CHEBI:80638,HMDB0060685
CHEBI:8064,HMDB0015050
CHEBI:80640,HMDB0013903
CHEBI:80641,HMDB0060683
CHEBI:80642,HMDB0060682
CHEBI:80644,HMDB0060684
CHEBI:80646,HMDB0060672
CHEBI:80651,HMDB0007008
CHEBI:80656,HMDB0006280
CHEBI:80656,HMDB0006285
CHEBI:80657,HMDB0012456
CHEBI:80657,HMDB0012452
CHEBI:80658,HMDB0012451
CHEBI:8066,HMDB0014641
CHEBI:8067,HMDB0014968
CHEBI:8067,HMDB0006773
CHEBI:8069,HMDB0015305
CHEBI:80702,HMDB0302036
CHEBI:80707,HMDB0033566
CHEBI:80720,HMDB0038197
CHEBI:80721,HMDB0036071
CHEBI:80727,HMDB0030401
CHEBI:80744,HMDB0033322
CHEBI:80749,HMDB0038205
CHEBI:8075,HMDB0031609
CHEBI:80774,HMDB0000874
CHEBI:8080,HMDB0014337
CHEBI:8081,HMDB0014830
CHEBI:80811,HMDB0033960
CHEBI:80818,HMDB0251013
CHEBI:8082,HMDB0040733
CHEBI:80832,HMDB0033882
CHEBI:80837,HMDB0029867
CHEBI:80839,HMDB0037318
CHEBI:80840,HMDB0029477
CHEBI:8087,HMDB0062645
CHEBI:80897,HMDB0257193
CHEBI:80911,HMDB0005874
CHEBI:80915,HMDB0036767
CHEBI:8092,HMDB0254282
CHEBI:8093,HMDB0002182
CHEBI:80940,HMDB0302108
CHEBI:80945,HMDB0030070
CHEBI:80946,HMDB0031295
CHEBI:80959,HMDB0255154
CHEBI:81013,HMDB0060425
CHEBI:81014,HMDB0012453
CHEBI:81015,HMDB0012454
CHEBI:8102,HMDB0256652
CHEBI:81069,HMDB0247936
CHEBI:8107,HMDB0014397
CHEBI:81086,HMDB0060469
CHEBI:81126,HMDB0036764
CHEBI:81126,HMDB0036766
CHEBI:8113,HMDB0036634
CHEBI:81131,HMDB0034714
CHEBI:81141,HMDB0036004
CHEBI:81151,HMDB0036993
CHEBI:81162,HMDB0301807
CHEBI:81167,HMDB0302481
CHEBI:81186,HMDB0037935
CHEBI:8121,HMDB0041985
CHEBI:81221,HMDB0060525
CHEBI:81222,HMDB0060526
CHEBI:81223,HMDB0060527
CHEBI:81225,HMDB0041376
CHEBI:81227,HMDB0037661
CHEBI:81228,HMDB0037659
CHEBI:81231,HMDB0037669
CHEBI:81240,HMDB0000917
CHEBI:81243,HMDB0000506
CHEBI:81244,HMDB0000760
CHEBI:81253,HMDB0000717
CHEBI:81253,HMDB0000713
CHEBI:81256,HMDB0002536
CHEBI:81257,HMDB0033386
CHEBI:81258,HMDB0000514
CHEBI:81264,HMDB0033911
CHEBI:81265,HMDB0038473
CHEBI:81267,HMDB0037476
CHEBI:81290,HMDB0032948
CHEBI:81298,HMDB0000415
CHEBI:81299,HMDB0000364
CHEBI:81308,HMDB0000505
CHEBI:81311,HMDB0302131
CHEBI:81321,HMDB0301952
CHEBI:81337,HMDB0250276
CHEBI:81340,HMDB0302731
CHEBI:81377,HMDB0013687
CHEBI:81378,HMDB0013688
CHEBI:81379,HMDB0040938
CHEBI:81380,HMDB0040906
CHEBI:81409,HMDB0303159
CHEBI:81467,HMDB0060424
CHEBI:81468,HMDB0060407
CHEBI:81469,HMDB0060408
CHEBI:81470,HMDB0060409
CHEBI:81481,HMDB0060339
CHEBI:81485,HMDB0034130
CHEBI:81494,HMDB0252029
CHEBI:81526,HMDB0031211
CHEBI:81540,HMDB0059570
CHEBI:81541,HMDB0059571
CHEBI:81555,HMDB0006101
CHEBI:81556,HMDB0005056
CHEBI:81559,HMDB0010410
CHEBI:81561,HMDB0062410
CHEBI:81563,HMDB0062222
CHEBI:81563,HMDB0012611
CHEBI:81581,HMDB0012183
CHEBI:81582,HMDB0037516
CHEBI:81584,HMDB0037547
CHEBI:81611,HMDB0060337
CHEBI:81612,HMDB0060321
CHEBI:8163,HMDB0060689
CHEBI:81655,HMDB0060345
CHEBI:81656,HMDB0060346
CHEBI:81660,HMDB0060368
CHEBI:81661,HMDB0060369
CHEBI:81696,HMDB0248680
CHEBI:81724,HMDB0251412
CHEBI:81733,HMDB0251050
CHEBI:81734,HMDB0256405
CHEBI:81746,HMDB0033145
CHEBI:81760,HMDB0251255
CHEBI:81761,HMDB0252123
CHEBI:81763,HMDB0252328
CHEBI:81780,HMDB0040546
CHEBI:81783,HMDB0031809
CHEBI:81810,HMDB0032710
CHEBI:81817,HMDB0259248
CHEBI:81821,HMDB0253557
CHEBI:81822,HMDB0249353
CHEBI:81824,HMDB0251262
CHEBI:81842,HMDB0031780
CHEBI:81848,HMDB0251380
CHEBI:81853,HMDB0252201
CHEBI:81856,HMDB0251180
CHEBI:81862,HMDB0303537
CHEBI:81897,HMDB0029391
CHEBI:8191,HMDB0002181
CHEBI:81918,HMDB0031789
CHEBI:81920,HMDB0252330
CHEBI:81922,HMDB0039815
CHEBI:81925,HMDB0252429
CHEBI:81934,HMDB0031224
CHEBI:81938,HMDB0031669
CHEBI:81942,HMDB0256957
CHEBI:81945,HMDB0258587
CHEBI:81951,HMDB0248943
CHEBI:81952,HMDB0249442
CHEBI:8196,HMDB0035754
CHEBI:81974,HMDB0257037
CHEBI:8198,HMDB0030564
CHEBI:8200,HMDB0256533
CHEBI:82019,HMDB0031792
CHEBI:82040,HMDB0257055
CHEBI:82044,HMDB0031808
CHEBI:82047,HMDB0259213
CHEBI:82049,HMDB0060490
CHEBI:82060,HMDB0259024
CHEBI:8207,HMDB0015217
CHEBI:82076,HMDB0248437
CHEBI:8212,HMDB0015232
CHEBI:8214,HMDB0015095
CHEBI:82200,HMDB0250129
CHEBI:82220,HMDB0248713
CHEBI:8224,HMDB0256564
CHEBI:82275,HMDB0249038
CHEBI:8228,HMDB0015264
CHEBI:82288,HMDB0255842
CHEBI:8232,HMDB0014464
CHEBI:82344,HMDB0002939
CHEBI:82388,HMDB0029300
CHEBI:82392,HMDB0033206
CHEBI:8240,HMDB0032612
CHEBI:82405,HMDB0032040
CHEBI:8242,HMDB0014381
CHEBI:82420,HMDB0243845
CHEBI:82426,HMDB0032886
CHEBI:82432,HMDB0030457
CHEBI:8247,HMDB0014808
CHEBI:8248,HMDB0256598
CHEBI:8249,HMDB0014694
CHEBI:82517,HMDB0060341
CHEBI:82518,HMDB0060517
CHEBI:82535,HMDB0258559
CHEBI:8255,HMDB0015542
CHEBI:82557,HMDB0042046
CHEBI:82558,HMDB0062223
CHEBI:82560,HMDB0060420
CHEBI:82561,HMDB0062382
CHEBI:82562,HMDB0062376
CHEBI:82569,HMDB0041809
CHEBI:82572,HMDB0062407
CHEBI:82573,HMDB0001119
CHEBI:82574,HMDB0062444
CHEBI:82575,HMDB0062443
CHEBI:82576,HMDB0062266
CHEBI:82580,HMDB0060430
CHEBI:82583,HMDB0062442
CHEBI:82589,HMDB0041953
CHEBI:82590,HMDB0060422
CHEBI:82591,HMDB0060383
CHEBI:82593,HMDB0060519
CHEBI:82617,HMDB0041480
CHEBI:82625,HMDB0038804
CHEBI:82635,HMDB0246538
CHEBI:82648,HMDB0240368
CHEBI:82679,HMDB0000467
CHEBI:8273,HMDB0256646
CHEBI:82749,HMDB0062238
CHEBI:82750,HMDB0062461
CHEBI:82750,HMDB0010368
CHEBI:82751,HMDB0006726
CHEBI:82753,HMDB0061693
CHEBI:82762,HMDB0009844
CHEBI:82777,HMDB0248940
CHEBI:82790,HMDB0031802
CHEBI:82809,HMDB0030532
CHEBI:82814,HMDB0246186
CHEBI:82827,HMDB0034511
CHEBI:82837,HMDB0009056
CHEBI:82839,HMDB0009055
CHEBI:82840,HMDB0009052
CHEBI:82848,HMDB0013536
CHEBI:82864,HMDB0252420
CHEBI:82873,HMDB0015259
CHEBI:82892,HMDB0015242
CHEBI:82911,HMDB0062720
CHEBI:82912,HMDB0000439
CHEBI:82913,HMDB0060747
CHEBI:82913,HMDB0001434
CHEBI:82914,HMDB0011635
CHEBI:82925,HMDB0007788
CHEBI:82927,HMDB0007103
CHEBI:82929,HMDB0007098
CHEBI:82931,HMDB0062775
CHEBI:82935,HMDB0062721
CHEBI:82937,HMDB0253285
CHEBI:82941,HMDB0015416
CHEBI:82942,HMDB0062547
CHEBI:82943,HMDB0007977
CHEBI:82944,HMDB0062550
CHEBI:82946,HMDB0062659
CHEBI:82949,HMDB0007121
CHEBI:82952,HMDB0013130
CHEBI:82956,HMDB0000396
CHEBI:82960,HMDB0241916
CHEBI:82965,HMDB0029155
CHEBI:82965,HMDB0034367
CHEBI:82966,HMDB0029156
CHEBI:82969,HMDB0011741
CHEBI:82980,HMDB0014396
CHEBI:82984,HMDB0062656
CHEBI:83032,HMDB0039509
CHEBI:83036,HMDB0012458
CHEBI:83037,HMDB0002759
CHEBI:83040,HMDB0062657
CHEBI:83044,HMDB0000529
CHEBI:83047,HMDB0011130
CHEBI:83051,HMDB0013622
CHEBI:83053,HMDB0061690
CHEBI:83054,HMDB0240261
CHEBI:83054,HMDB0062777
CHEBI:83055,HMDB0010392
CHEBI:83058,HMDB0011507
CHEBI:83061,HMDB0251397
CHEBI:83063,HMDB0061864
CHEBI:83067,HMDB0061890
CHEBI:83094,HMDB0304823
CHEBI:83168,HMDB0240231
CHEBI:83221,HMDB0254599
CHEBI:83233,HMDB0059640
CHEBI:83259,HMDB0010708
CHEBI:83263,HMDB0036128
CHEBI:83276,HMDB0303953
CHEBI:83279,HMDB0246958
CHEBI:83291,HMDB0252217
CHEBI:83329,HMDB0014954
CHEBI:83354,HMDB0248971
CHEBI:83358,HMDB0001348
CHEBI:83359,HMDB0012102
CHEBI:83360,HMDB0011697
CHEBI:83361,HMDB0011698
CHEBI:83365,HMDB0031810
CHEBI:8337,HMDB0000839
CHEBI:83394,HMDB0252265
CHEBI:8341,HMDB0012281
CHEBI:8342,HMDB0304685
CHEBI:83453,HMDB0258993
CHEBI:83456,HMDB0255282
CHEBI:83457,HMDB0244280
CHEBI:83458,HMDB0244494
CHEBI:8346,HMDB0303550
CHEBI:83464,HMDB0243790
CHEBI:83465,HMDB0258570
CHEBI:83466,HMDB0255108
CHEBI:83469,HMDB0252207
CHEBI:83478,HMDB0254682
CHEBI:83481,HMDB0042008
CHEBI:83487,HMDB0252267
CHEBI:83489,HMDB0252266
CHEBI:83490,HMDB0039853
CHEBI:83491,HMDB0256331
CHEBI:83492,HMDB0256324
CHEBI:83497,HMDB0257111
CHEBI:83498,HMDB0257110
CHEBI:83501,HMDB0033585
CHEBI:83503,HMDB0034566
CHEBI:83504,HMDB0250357
CHEBI:83505,HMDB0256327
CHEBI:83513,HMDB0246326
CHEBI:83517,HMDB0253556
CHEBI:83525,HMDB0013892
CHEBI:83526,HMDB0246429
CHEBI:83527,HMDB0015646
CHEBI:83528,HMDB0013962
CHEBI:83529,HMDB0060852
CHEBI:83531,HMDB0015302
CHEBI:83533,HMDB0251156
CHEBI:83535,HMDB0030542
CHEBI:83536,HMDB0244703
CHEBI:83537,HMDB0243838
CHEBI:8354,HMDB0014871
CHEBI:83557,HMDB0250146
CHEBI:8356,HMDB0014557
CHEBI:83569,HMDB0256221
CHEBI:83584,HMDB0251676
CHEBI:8359,HMDB0030617
CHEBI:83593,HMDB0253572
CHEBI:83598,HMDB0252322
CHEBI:83605,HMDB0247156
CHEBI:83631,HMDB0033375
CHEBI:83632,HMDB0032559
CHEBI:83638,HMDB0251377
CHEBI:8364,HMDB0014600
CHEBI:83645,HMDB0254678
CHEBI:83656,HMDB0254202
CHEBI:83667,HMDB0253623
CHEBI:8368,HMDB0256741
CHEBI:83682,HMDB0015284
CHEBI:83686,HMDB0040599
CHEBI:83717,HMDB0008002
CHEBI:83718,HMDB0008036
CHEBI:83729,HMDB0243541
CHEBI:83732,HMDB0259811
CHEBI:83742,HMDB0253404
CHEBI:83748,HMDB0250696
CHEBI:83758,HMDB0242676
CHEBI:83766,HMDB0255929
CHEBI:83768,HMDB0252019
CHEBI:83775,HMDB0007865
CHEBI:83778,HMDB0115425
CHEBI:83779,HMDB0258762
CHEBI:8378,HMDB0014998
CHEBI:83784,HMDB0244470
CHEBI:83785,HMDB0114849
CHEBI:83804,HMDB0015396
CHEBI:83808,HMDB0256085
CHEBI:83815,HMDB0060568
CHEBI:8382,HMDB0014773
CHEBI:83829,HMDB0031794
CHEBI:83865,HMDB0062415
CHEBI:8387,HMDB0004025
CHEBI:83880,HMDB0012105
CHEBI:8393,HMDB0041134
CHEBI:8393,HMDB0041140
CHEBI:83981,HMDB0245891
CHEBI:83986,HMDB0059917
CHEBI:83993,HMDB0256219
CHEBI:83999,HMDB0258876
CHEBI:84002,HMDB0259142
CHEBI:8403,HMDB0006500
CHEBI:84038,HMDB0240500
CHEBI:84039,HMDB0240499
CHEBI:8404,HMDB0014888
CHEBI:84040,HMDB0041772
CHEBI:8405,HMDB0015219
CHEBI:84050,HMDB0015609
CHEBI:84058,HMDB0005765
CHEBI:84060,HMDB0246423
CHEBI:84067,HMDB0034283
CHEBI:84069,HMDB0031206
CHEBI:84085,HMDB0061682
CHEBI:84086,HMDB0061681
CHEBI:84089,HMDB0061686
CHEBI:84093,HMDB0059721
CHEBI:84094,HMDB0002833
CHEBI:84095,HMDB0006320
CHEBI:84098,HMDB0006469
CHEBI:84100,HMDB0061634
CHEBI:84115,HMDB0015689
CHEBI:84116,HMDB0014571
CHEBI:84118,HMDB0304771
CHEBI:8412,HMDB0014932
CHEBI:8415,HMDB0256775
CHEBI:84153,HMDB0009815
CHEBI:84199,HMDB0257043
CHEBI:84212,HMDB0004812
CHEBI:84216,HMDB0062792
CHEBI:84218,HMDB0062601
CHEBI:84219,HMDB0062669
CHEBI:84220,HMDB0062602
CHEBI:84221,HMDB0062670
CHEBI:84222,HMDB0062727
CHEBI:84223,HMDB0062786
CHEBI:84225,HMDB0062603
CHEBI:84226,HMDB0062671
CHEBI:84227,HMDB0061924
CHEBI:84230,HMDB0062787
CHEBI:84233,HMDB0062666
CHEBI:84234,HMDB0009057
CHEBI:84235,HMDB0041288
CHEBI:84237,HMDB0062604
CHEBI:84239,HMDB0062728
CHEBI:84242,HMDB0035246
CHEBI:84244,HMDB0010147
CHEBI:84245,HMDB0062667
CHEBI:84249,HMDB0062598
CHEBI:84252,HMDB0062668
CHEBI:84254,HMDB0255258
CHEBI:84256,HMDB0062605
CHEBI:8426,HMDB0015166
CHEBI:84260,HMDB0062729
CHEBI:84261,HMDB0062788
CHEBI:84262,HMDB0035474
CHEBI:84265,HMDB0062730
CHEBI:84268,HMDB0059835
CHEBI:8427,HMDB0015537
CHEBI:84270,HMDB0061786
CHEBI:84273,HMDB0062791
CHEBI:84276,HMDB0014566
CHEBI:84277,HMDB0062732
CHEBI:84278,HMDB0062789
CHEBI:8428,HMDB0015169
CHEBI:84280,HMDB0062790
CHEBI:84282,HMDB0062599
CHEBI:84283,HMDB0062674
CHEBI:84284,HMDB0062733
CHEBI:84287,HMDB0062600
CHEBI:84288,HMDB0062672
CHEBI:84290,HMDB0062673
CHEBI:84296,HMDB0062734
CHEBI:84299,HMDB0011500
CHEBI:8430,HMDB0014859
CHEBI:84300,HMDB0008828
CHEBI:84304,HMDB0006725
CHEBI:84309,HMDB0254850
CHEBI:84318,HMDB0060057
CHEBI:84323,HMDB0000658
CHEBI:84326,HMDB0060059
CHEBI:84328,HMDB0062437
CHEBI:84329,HMDB0062454
CHEBI:84329,HMDB0060060
CHEBI:8434,HMDB0062513
CHEBI:84341,HMDB0010370
CHEBI:84343,HMDB0062793
CHEBI:84346,HMDB0006736
CHEBI:8435,HMDB0014577
CHEBI:84352,HMDB0006727
CHEBI:84372,HMDB0000950
CHEBI:84385,HMDB0007011
CHEBI:84386,HMDB0007012
CHEBI:84387,HMDB0012283
CHEBI:84392,HMDB0007016
CHEBI:84394,HMDB0007099
CHEBI:84398,HMDB0010692
CHEBI:84399,HMDB0010247
CHEBI:84400,HMDB0010244
CHEBI:84401,HMDB0007109
CHEBI:84402,HMDB0007111
CHEBI:84405,HMDB0007118
CHEBI:84415,HMDB0240253
CHEBI:84417,HMDB0007128
CHEBI:84418,HMDB0007129
CHEBI:84419,HMDB0007132
CHEBI:84425,HMDB0112106
CHEBI:84433,HMDB0007169
CHEBI:84435,HMDB0007176
CHEBI:84436,HMDB0007224
CHEBI:84437,HMDB0007227
CHEBI:84438,HMDB0007234
CHEBI:84439,HMDB0007237
CHEBI:84440,HMDB0007698
CHEBI:84444,HMDB0005099
CHEBI:84450,HMDB0304099
CHEBI:84452,HMDB0304102
CHEBI:84454,HMDB0304135
CHEBI:84456,HMDB0304138
CHEBI:84457,HMDB0112107
CHEBI:84458,HMDB0005461
CHEBI:84464,HMDB0112119
CHEBI:84468,HMDB0112113
CHEBI:84469,HMDB0112121
CHEBI:84476,HMDB0013461
CHEBI:84479,HMDB0112116
CHEBI:8448,HMDB0014531
CHEBI:84484,HMDB0240611
CHEBI:84486,HMDB0112118
CHEBI:84487,HMDB0012101
CHEBI:84488,HMDB0240609
CHEBI:84490,HMDB0061691
CHEBI:84495,HMDB0012094
CHEBI:84500,HMDB0015398
CHEBI:84505,HMDB0060061
CHEBI:84506,HMDB0112382
CHEBI:84512,HMDB0012382
CHEBI:84513,HMDB0012380
CHEBI:84519,HMDB0012378
CHEBI:8452,HMDB0015255
CHEBI:84520,HMDB0012356
CHEBI:84523,HMDB0000614
CHEBI:84526,HMDB0010580
CHEBI:84527,HMDB0011352
CHEBI:84532,HMDB0011343
CHEBI:84533,HMDB0011342
CHEBI:84538,HMDB0009705
CHEBI:8454,HMDB0034071
CHEBI:84543,HMDB0009060
CHEBI:84549,HMDB0008943
CHEBI:8455,HMDB0015263
CHEBI:84555,HMDB0011244
CHEBI:84557,HMDB0011211
CHEBI:84559,HMDB0245458
CHEBI:84562,HMDB0011207
CHEBI:84563,HMDB0008147
CHEBI:84565,HMDB0008054
CHEBI:84567,HMDB0008006
CHEBI:84570,HMDB0008003
CHEBI:84573,HMDB0007988
CHEBI:84574,HMDB0007979
CHEBI:84575,HMDB0007978
CHEBI:84578,HMDB0007870
CHEBI:8459,HMDB0014564
CHEBI:84599,HMDB0012217
CHEBI:8461,HMDB0015202
CHEBI:84634,HMDB0005066
CHEBI:84644,HMDB0000848
CHEBI:84645,HMDB0006460
CHEBI:84647,HMDB0240588
CHEBI:84649,HMDB0002014
CHEBI:84651,HMDB0005065
CHEBI:84701,HMDB0011775
CHEBI:84702,HMDB0007038
CHEBI:84716,HMDB0004971
CHEBI:84719,HMDB0004972
CHEBI:84721,HMDB0004973
CHEBI:84725,HMDB0012305
CHEBI:8473,HMDB0034238
CHEBI:8474,HMDB0031634
CHEBI:8475,HMDB0040346
CHEBI:84750,HMDB0004976
CHEBI:84753,HMDB0010408
CHEBI:84758,HMDB0006734
CHEBI:84758,HMDB0006750
CHEBI:84759,HMDB0011591
CHEBI:84761,HMDB0011593
CHEBI:84764,HMDB0011595
CHEBI:84765,HMDB0004872
CHEBI:84786,HMDB0007974
CHEBI:84789,HMDB0007975
CHEBI:84795,HMDB0007989
CHEBI:84796,HMDB0007990
CHEBI:84806,HMDB0004873
CHEBI:84808,HMDB0007873
CHEBI:84810,HMDB0008004
CHEBI:84811,HMDB0008005
CHEBI:84812,HMDB0008090
CHEBI:84814,HMDB0008123
CHEBI:84816,HMDB0008015
CHEBI:84822,HMDB0008039
CHEBI:84825,HMDB0013426
CHEBI:84827,HMDB0013432
CHEBI:84828,HMDB0011253
CHEBI:84829,HMDB0008057
CHEBI:84833,HMDB0008926
CHEBI:84834,HMDB0000756
CHEBI:84838,HMDB0000736
CHEBI:84839,HMDB0009059
CHEBI:84842,HMDB0062735
CHEBI:84842,HMDB0013127
CHEBI:84846,HMDB0009093
CHEBI:84849,HMDB0034153
CHEBI:84851,HMDB0302158
CHEBI:84867,HMDB0002230
CHEBI:84874,HMDB0031067
CHEBI:84875,HMDB0038070
CHEBI:84883,HMDB0039530
CHEBI:8489,HMDB0256825
CHEBI:84890,HMDB0031068
CHEBI:84896,HMDB0031066
CHEBI:84898,HMDB0013126
CHEBI:84901,HMDB0303080
CHEBI:8491,HMDB0014915
CHEBI:84917,HMDB0302377
CHEBI:84932,HMDB0029811
CHEBI:84936,HMDB0034156
CHEBI:84940,HMDB0034451
CHEBI:84946,HMDB0032868
CHEBI:84950,HMDB0302220
CHEBI:84962,HMDB0012559
CHEBI:84963,HMDB0012561
CHEBI:84969,HMDB0006731
CHEBI:84978,HMDB0001862
CHEBI:84980,HMDB0303007
CHEBI:84987,HMDB0011930
CHEBI:84988,HMDB0011931
CHEBI:8499,HMDB0001849
CHEBI:85017,HMDB0012093
CHEBI:85019,HMDB0011404
CHEBI:8502,HMDB0014690
CHEBI:85020,HMDB0011408
CHEBI:85029,HMDB0013109
CHEBI:85037,HMDB0007971
CHEBI:85057,HMDB0245229
CHEBI:85061,HMDB0255265
CHEBI:85076,HMDB0009057
CHEBI:85077,HMDB0112244
CHEBI:85095,HMDB0013128
CHEBI:85098,HMDB0303226
CHEBI:85103,HMDB0253699
CHEBI:85105,HMDB0013333
CHEBI:85107,HMDB0252044
CHEBI:85109,HMDB0041303
CHEBI:85117,HMDB0034412
CHEBI:85125,HMDB0039033
CHEBI:85135,HMDB0304618
CHEBI:85148,HMDB0061656
CHEBI:85153,HMDB0037093
CHEBI:85155,HMDB0255552
CHEBI:85158,HMDB0032759
CHEBI:85159,HMDB0034956
CHEBI:85161,HMDB0014521
CHEBI:85165,HMDB0062591
CHEBI:85166,HMDB0062663
CHEBI:85174,HMDB0013629
CHEBI:85182,HMDB0250872
CHEBI:85186,HMDB0010587
CHEBI:85197,HMDB0303981
CHEBI:85206,HMDB0240729
CHEBI:85208,HMDB0061706
CHEBI:85232,HMDB0013653
CHEBI:85235,HMDB0003843
CHEBI:85237,HMDB0008828
CHEBI:85238,HMDB0013656
CHEBI:85239,HMDB0004815
CHEBI:85252,HMDB0013658
CHEBI:85253,HMDB0248559
CHEBI:85259,HMDB0041878
CHEBI:85261,HMDB0011758
CHEBI:85269,HMDB0041895
CHEBI:85299,HMDB0013078
CHEBI:85403,HMDB0061698
CHEBI:85403,HMDB0240606
CHEBI:85426,HMDB0034236
CHEBI:85427,HMDB0005359
CHEBI:85442,HMDB0006522
CHEBI:85470,HMDB0002095
CHEBI:85473,HMDB0062785
CHEBI:85505,HMDB0246417
CHEBI:85520,HMDB0002366
CHEBI:85525,HMDB0013328
CHEBI:85530,HMDB0033469
CHEBI:85531,HMDB0060153
CHEBI:85533,HMDB0029412
CHEBI:85534,HMDB0029409
CHEBI:85545,HMDB0002196
CHEBI:85639,HMDB0034297
CHEBI:85661,HMDB0247617
CHEBI:85673,HMDB0304712
CHEBI:85674,HMDB0000601
CHEBI:85679,HMDB0010565
CHEBI:85680,HMDB0010564
CHEBI:857,HMDB0033747
CHEBI:85778,HMDB0013643
CHEBI:85779,HMDB0062664
CHEBI:85803,HMDB0060310
CHEBI:85804,HMDB0012300
CHEBI:85805,HMDB0041862
CHEBI:85829,HMDB0006982
CHEBI:85830,HMDB0006973
CHEBI:85838,HMDB0006981
CHEBI:85841,HMDB0006980
CHEBI:85846,HMDB0006985
CHEBI:85867,HMDB0246539
CHEBI:8588,HMDB0034062
CHEBI:85962,HMDB0010565
CHEBI:85963,HMDB0010564
CHEBI:8597,HMDB0014488
CHEBI:85981,HMDB0000745
CHEBI:85983,HMDB0040290
CHEBI:85993,HMDB0256084
CHEBI:85994,HMDB0254011
CHEBI:8600,HMDB0034127
CHEBI:8602,HMDB0036616
CHEBI:86031,HMDB0006317
CHEBI:86038,HMDB0006464
CHEBI:86045,HMDB0240771
CHEBI:86049,HMDB0041993
CHEBI:86055,HMDB0040209
CHEBI:8607,HMDB0034580
CHEBI:86076,HMDB0013124
CHEBI:86080,HMDB0033460
CHEBI:86086,HMDB0012100
CHEBI:86087,HMDB0062675
CHEBI:86088,HMDB0007934
CHEBI:86089,HMDB0008031
CHEBI:86090,HMDB0006727
CHEBI:86090,HMDB0007871
CHEBI:86092,HMDB0008097
CHEBI:86094,HMDB0007874
CHEBI:86095,HMDB0007876
CHEBI:86097,HMDB0008035
CHEBI:86099,HMDB0008133
CHEBI:86100,HMDB0008101
CHEBI:86101,HMDB0007976
CHEBI:86102,HMDB0007883
CHEBI:86103,HMDB0008525
CHEBI:86107,HMDB0007886
CHEBI:86109,HMDB0008037
CHEBI:86111,HMDB0008069
CHEBI:86112,HMDB0008135
CHEBI:86113,HMDB0062607
CHEBI:86114,HMDB0008070
CHEBI:86115,HMDB0062736
CHEBI:86117,HMDB0008040
CHEBI:86119,HMDB0007980
CHEBI:86121,HMDB0007981
CHEBI:86123,HMDB0008170
CHEBI:86127,HMDB0008203
CHEBI:8613,HMDB0042000
CHEBI:86133,HMDB0008107
CHEBI:86134,HMDB0008042
CHEBI:86137,HMDB0007984
CHEBI:8614,HMDB0256899
CHEBI:86147,HMDB0000477
CHEBI:86148,HMDB0030962
CHEBI:8616,HMDB0034050
CHEBI:86161,HMDB0008206
CHEBI:86162,HMDB0007892
CHEBI:86163,HMDB0008755
CHEBI:86164,HMDB0008528
CHEBI:86166,HMDB0008267
CHEBI:86167,HMDB0008043
CHEBI:86168,HMDB0007985
CHEBI:86169,HMDB0007893
CHEBI:86170,HMDB0008268
CHEBI:86171,HMDB0008269
CHEBI:86172,HMDB0008109
CHEBI:86173,HMDB0008044
CHEBI:86174,HMDB0007986
CHEBI:86175,HMDB0007894
CHEBI:86176,HMDB0008046
CHEBI:86177,HMDB0008047
CHEBI:86178,HMDB0008112
CHEBI:86182,HMDB0008725
CHEBI:86183,HMDB0008499
CHEBI:86184,HMDB0008434
CHEBI:86186,HMDB0008083
CHEBI:86187,HMDB0008116
CHEBI:86188,HMDB0008275
CHEBI:86189,HMDB0008084
CHEBI:86190,HMDB0008117
CHEBI:86192,HMDB0036906
CHEBI:86194,HMDB0246302
CHEBI:86196,HMDB0008052
CHEBI:86197,HMDB0007993
CHEBI:86198,HMDB0008308
CHEBI:86199,HMDB0008276
CHEBI:86200,HMDB0008628
CHEBI:86201,HMDB0008120
CHEBI:86203,HMDB0008056
CHEBI:86205,HMDB0008122
CHEBI:86208,HMDB0008760
CHEBI:86210,HMDB0008537
CHEBI:86211,HMDB0008282
CHEBI:86212,HMDB0008058
CHEBI:86213,HMDB0008762
CHEBI:86215,HMDB0008538
CHEBI:86216,HMDB0008283
CHEBI:86217,HMDB0008124
CHEBI:86219,HMDB0008059
CHEBI:86220,HMDB0008287
CHEBI:86221,HMDB0008288
CHEBI:86223,HMDB0013341
CHEBI:86225,HMDB0013402
CHEBI:86228,HMDB0247202
CHEBI:86229,HMDB0013405
CHEBI:86231,HMDB0011151
CHEBI:86232,HMDB0011210
CHEBI:86235,HMDB0303406
CHEBI:86239,HMDB0013417
CHEBI:86240,HMDB0013406
CHEBI:86241,HMDB0011243
CHEBI:86243,HMDB0013408
CHEBI:86248,HMDB0013409
CHEBI:86251,HMDB0013421
CHEBI:86252,HMDB0013422
CHEBI:86253,HMDB0013443
CHEBI:86255,HMDB0010385
CHEBI:86256,HMDB0010394
CHEBI:86259,HMDB0010396
CHEBI:86260,HMDB0010405
CHEBI:86261,HMDB0003640
CHEBI:86285,HMDB0062737
CHEBI:86319,HMDB0001438
CHEBI:86320,HMDB0006225
CHEBI:86329,HMDB0062738
CHEBI:8633,HMDB0240265
CHEBI:86337,HMDB0007245
CHEBI:86344,HMDB0007949
CHEBI:86346,HMDB0007185
CHEBI:86347,HMDB0000498
CHEBI:86347,HMDB0245394
CHEBI:86348,HMDB0000360
CHEBI:86349,HMDB0062795
CHEBI:86350,HMDB0000366
CHEBI:86354,HMDB0062676
CHEBI:86360,HMDB0303512
CHEBI:86365,HMDB0000408
CHEBI:86366,HMDB0000339
CHEBI:86367,HMDB0011659
CHEBI:86368,HMDB0303253
CHEBI:86369,HMDB0002643
CHEBI:86371,HMDB0000337
CHEBI:86374,HMDB0255614
CHEBI:86377,HMDB0062608
CHEBI:86378,HMDB0012453
CHEBI:8638,HMDB0030963
CHEBI:86381,HMDB0006757
CHEBI:86384,HMDB0062609
CHEBI:86388,HMDB0030669
CHEBI:86389,HMDB0006754
CHEBI:86390,HMDB0001538
CHEBI:86391,HMDB0002453
CHEBI:86393,HMDB0006046
CHEBI:86395,HMDB0059784
CHEBI:86396,HMDB0000858
CHEBI:86398,HMDB0011550
CHEBI:864,HMDB0012289
CHEBI:86415,HMDB0007999
CHEBI:86416,HMDB0304643
CHEBI:86422,HMDB0008191
CHEBI:86423,HMDB0013410
CHEBI:86425,HMDB0013411
CHEBI:86427,HMDB0304658
CHEBI:8643,HMDB0034739
CHEBI:86436,HMDB0039527
CHEBI:86437,HMDB0039528
CHEBI:8645,HMDB0256928
CHEBI:86451,HMDB0013458
CHEBI:86454,HMDB0013449
CHEBI:86456,HMDB0013460
CHEBI:86465,HMDB0303578
CHEBI:8647,HMDB0256929
CHEBI:86477,HMDB0303520
CHEBI:86507,HMDB0061677
CHEBI:86509,HMDB0034403
CHEBI:86513,HMDB0240678
CHEBI:86529,HMDB0303354
CHEBI:8653,HMDB0256934
CHEBI:86534,HMDB0243822
CHEBI:86537,HMDB0002074
CHEBI:86542,HMDB0001624
CHEBI:86543,HMDB0000711
CHEBI:86544,HMDB0001568
CHEBI:86544,HMDB0034565
CHEBI:86545,HMDB0000329
CHEBI:86549,HMDB0034315
CHEBI:86553,HMDB0000750
CHEBI:86562,HMDB0041194
CHEBI:86567,HMDB0032570
CHEBI:86570,HMDB0000908
CHEBI:86576,HMDB0301758
CHEBI:86583,HMDB0032348
CHEBI:86593,HMDB0304574
CHEBI:86595,HMDB0000529
CHEBI:86612,HMDB0062121
CHEBI:86618,HMDB0000798
CHEBI:86635,HMDB0304575
CHEBI:8665,HMDB0014685
CHEBI:86655,HMDB0000434
CHEBI:8673,HMDB0014350
CHEBI:8674,HMDB0033135
CHEBI:8687,HMDB0240273
CHEBI:86898,HMDB0038551
CHEBI:86901,HMDB0030752
CHEBI:86903,HMDB0032639
CHEBI:86904,HMDB0302074
CHEBI:8691,HMDB0036888
CHEBI:86952,HMDB0000393
CHEBI:86956,HMDB0029663
CHEBI:86971,HMDB0041711
CHEBI:86973,HMDB0059900
CHEBI:86975,HMDB0007100
CHEBI:86977,HMDB0007054
CHEBI:86985,HMDB0007252
CHEBI:86989,HMDB0258488
CHEBI:86990,HMDB0014615
CHEBI:87044,HMDB0006840
CHEBI:87045,HMDB0012171
CHEBI:87045,HMDB0062391
CHEBI:87046,HMDB0062388
CHEBI:87046,HMDB0012168
CHEBI:87050,HMDB0012174
CHEBI:87050,HMDB0062393
CHEBI:87051,HMDB0062394
CHEBI:87053,HMDB0012173
CHEBI:87054,HMDB0012169
CHEBI:87056,HMDB0012178
CHEBI:87056,HMDB0062414
CHEBI:87057,HMDB0012160
CHEBI:87057,HMDB0062380
CHEBI:87060,HMDB0012159
CHEBI:87060,HMDB0062379
CHEBI:8707,HMDB0005021
CHEBI:87103,HMDB0256971
CHEBI:87104,HMDB0256698
CHEBI:8711,HMDB0015235
CHEBI:8712,HMDB0257033
CHEBI:8713,HMDB0015019
CHEBI:87142,HMDB0013250
CHEBI:8716,HMDB0015579
CHEBI:8717,HMDB0015420
CHEBI:87182,HMDB0006258
CHEBI:87202,HMDB0036613
CHEBI:87225,HMDB0007375
CHEBI:87234,HMDB0007115
CHEBI:87241,HMDB0007173
CHEBI:87246,HMDB0007353
CHEBI:87247,HMDB0033836
CHEBI:87248,HMDB0010325
CHEBI:87254,HMDB0011534
CHEBI:87262,HMDB0012941
CHEBI:87263,HMDB0012942
CHEBI:87272,HMDB0037634
CHEBI:87277,HMDB0012165
CHEBI:87277,HMDB0062384
CHEBI:87281,HMDB0031717
CHEBI:87287,HMDB0062387
CHEBI:87287,HMDB0012167
CHEBI:87289,HMDB0012170
CHEBI:87289,HMDB0062390
CHEBI:87293,HMDB0062386
CHEBI:87293,HMDB0012166
CHEBI:87295,HMDB0303910
CHEBI:87299,HMDB0032267
CHEBI:87301,HMDB0029717
CHEBI:87303,HMDB0031248
CHEBI:87307,HMDB0031214
CHEBI:87309,HMDB0032212
CHEBI:87310,HMDB0246381
CHEBI:87316,HMDB0243485
CHEBI:87319,HMDB0059879
CHEBI:8732,HMDB0015455
CHEBI:87321,HMDB0255184
CHEBI:87323,HMDB0035016
CHEBI:87324,HMDB0037329
CHEBI:87325,HMDB0303872
CHEBI:87327,HMDB0037116
CHEBI:87331,HMDB0006035
CHEBI:87332,HMDB0032070
CHEBI:87333,HMDB0062677
CHEBI:87334,HMDB0039581
CHEBI:87335,HMDB0031572
CHEBI:87343,HMDB0037372
CHEBI:87346,HMDB0260299
CHEBI:87362,HMDB0039095
CHEBI:87365,HMDB0034165
CHEBI:87368,HMDB0040220
CHEBI:87370,HMDB0031215
CHEBI:87373,HMDB0031638
CHEBI:87374,HMDB0059831
CHEBI:87375,HMDB0254591
CHEBI:87380,HMDB0303890
CHEBI:87381,HMDB0033676
CHEBI:87383,HMDB0037635
CHEBI:87393,HMDB0012971
CHEBI:87397,HMDB0248731
CHEBI:87409,HMDB0035015
CHEBI:87411,HMDB0032078
CHEBI:87413,HMDB0035014
CHEBI:87417,HMDB0040428
CHEBI:87419,HMDB0034164
CHEBI:87421,HMDB0036228
CHEBI:87422,HMDB0040221
CHEBI:87426,HMDB0040195
CHEBI:87427,HMDB0033788
CHEBI:87428,HMDB0059866
CHEBI:87429,HMDB0039620
CHEBI:87430,HMDB0030998
CHEBI:87432,HMDB0031291
CHEBI:87434,HMDB0031294
CHEBI:87462,HMDB0256810
CHEBI:87476,HMDB0062610
CHEBI:87489,HMDB0303834
CHEBI:87490,HMDB0036216
CHEBI:87492,HMDB0251152
CHEBI:87493,HMDB0029585
CHEBI:87494,HMDB0031018
CHEBI:87495,HMDB0038602
CHEBI:87496,HMDB0038603
CHEBI:87499,HMDB0013113
CHEBI:87500,HMDB0040583
CHEBI:87501,HMDB0040193
CHEBI:87503,HMDB0040413
CHEBI:87506,HMDB0038556
CHEBI:87508,HMDB0031606
CHEBI:87510,HMDB0029980
CHEBI:87511,HMDB0040266
CHEBI:87515,HMDB0032460
CHEBI:87529,HMDB0036107
CHEBI:87534,HMDB0059825
CHEBI:87536,HMDB0038729
CHEBI:87537,HMDB0036234
CHEBI:87542,HMDB0033618
CHEBI:87549,HMDB0034606
CHEBI:87551,HMDB0243828
CHEBI:87559,HMDB0033620
CHEBI:87560,HMDB0059908
CHEBI:87567,HMDB0303836
CHEBI:87568,HMDB0059885
CHEBI:87570,HMDB0059865
CHEBI:87572,HMDB0040279
CHEBI:87574,HMDB0030088
CHEBI:87582,HMDB0031487
CHEBI:87583,HMDB0031491
CHEBI:87586,HMDB0037181
CHEBI:87597,HMDB0244173
CHEBI:87598,HMDB0062741
CHEBI:87602,HMDB0005895
CHEBI:87604,HMDB0059826
CHEBI:87607,HMDB0013815
CHEBI:87611,HMDB0302373
CHEBI:87620,HMDB0000347
CHEBI:87625,HMDB0000349
CHEBI:87628,HMDB0000313
CHEBI:8764,HMDB0014826
CHEBI:87662,HMDB0258486
CHEBI:8768,HMDB0005026
CHEBI:87682,HMDB0038272
CHEBI:87683,HMDB0034161
CHEBI:87684,HMDB0034162
CHEBI:87685,HMDB0040409
CHEBI:87690,HMDB0014388
CHEBI:8772,HMDB0014624
CHEBI:87721,HMDB0010719
CHEBI:87723,HMDB0015625
CHEBI:87732,HMDB0001935
CHEBI:8774,HMDB0014324
CHEBI:87753,HMDB0003290
CHEBI:87754,HMDB0031429
CHEBI:8776,HMDB0001930
CHEBI:87764,HMDB0013219
CHEBI:87767,HMDB0013310
CHEBI:87768,HMDB0062678
CHEBI:87805,HMDB0060624
CHEBI:87820,HMDB0062612
CHEBI:87821,HMDB0062679
CHEBI:87823,HMDB0240598
CHEBI:87840,HMDB0002113
CHEBI:87897,HMDB0000635
CHEBI:87986,HMDB0011686
CHEBI:87998,HMDB0061705
CHEBI:87999,HMDB0240258
CHEBI:88,HMDB0035094
CHEBI:88014,HMDB0258560
CHEBI:8802,HMDB0015036
CHEBI:8803,HMDB0014357
CHEBI:88064,HMDB0062681
CHEBI:88065,HMDB0062743
CHEBI:88097,HMDB0000503
CHEBI:88098,HMDB0000438
CHEBI:88102,HMDB0000361
CHEBI:88104,HMDB0062742
CHEBI:88105,HMDB0000419
CHEBI:88108,HMDB0000502
CHEBI:88109,HMDB0062744
CHEBI:8811,HMDB0257162
CHEBI:88112,HMDB0000476
CHEBI:88117,HMDB0033373
CHEBI:88153,HMDB0032857
CHEBI:88164,HMDB0243713
CHEBI:88179,HMDB0255815
CHEBI:88200,HMDB0060582
CHEBI:88206,HMDB0014333
CHEBI:88213,HMDB0255925
CHEBI:88216,HMDB0258556
CHEBI:88226,HMDB0304088
CHEBI:8824,HMDB0304731
CHEBI:88243,HMDB0012304
CHEBI:88258,HMDB0258577
CHEBI:88294,HMDB0252597
CHEBI:88297,HMDB0247598
CHEBI:88301,HMDB0248764
CHEBI:88307,HMDB0254163
CHEBI:88317,HMDB0245248
CHEBI:88318,HMDB0255504
CHEBI:88334,HMDB0244485
CHEBI:88337,HMDB0249263
CHEBI:88343,HMDB0041642
CHEBI:88346,HMDB0004239
CHEBI:88347,HMDB0062296
CHEBI:88348,HMDB0005045
CHEBI:88349,HMDB0010211
CHEBI:88350,HMDB0304085
CHEBI:88354,HMDB0301671
CHEBI:88356,HMDB0002222
CHEBI:88364,HMDB0007186
CHEBI:88365,HMDB0007187
CHEBI:88366,HMDB0007188
CHEBI:88367,HMDB0007182
CHEBI:88368,HMDB0007183
CHEBI:88369,HMDB0007189
CHEBI:88370,HMDB0061886
CHEBI:88371,HMDB0007191
CHEBI:88372,HMDB0007190
CHEBI:88373,HMDB0061885
CHEBI:88374,HMDB0061884
CHEBI:88375,HMDB0061882
CHEBI:88376,HMDB0007172
CHEBI:88377,HMDB0007171
CHEBI:88378,HMDB0011732
CHEBI:88379,HMDB0011739
CHEBI:88380,HMDB0061876
CHEBI:88381,HMDB0061875
CHEBI:88382,HMDB0061872
CHEBI:88383,HMDB0061871
CHEBI:88384,HMDB0061874
CHEBI:88385,HMDB0011720
CHEBI:88386,HMDB0038604
CHEBI:88387,HMDB0009786
CHEBI:88388,HMDB0009785
CHEBI:88389,HMDB0009788
CHEBI:88390,HMDB0031507
CHEBI:88391,HMDB0009787
CHEBI:88392,HMDB0009782
CHEBI:88393,HMDB0007194
CHEBI:88394,HMDB0007195
CHEBI:88395,HMDB0007192
CHEBI:88396,HMDB0009779
CHEBI:88397,HMDB0007193
CHEBI:88398,HMDB0007198
CHEBI:88399,HMDB0007199
CHEBI:88400,HMDB0007196
CHEBI:88401,HMDB0007197
CHEBI:88402,HMDB0011714
CHEBI:88403,HMDB0011716
CHEBI:88404,HMDB0011717
CHEBI:88405,HMDB0011719
CHEBI:88406,HMDB0061898
CHEBI:88407,HMDB0061897
CHEBI:88408,HMDB0061899
CHEBI:88409,HMDB0061894
CHEBI:88410,HMDB0061893
CHEBI:88411,HMDB0061896
CHEBI:88412,HMDB0061895
CHEBI:88413,HMDB0061892
CHEBI:88414,HMDB0031525
CHEBI:88415,HMDB0009790
CHEBI:88416,HMDB0009791
CHEBI:88417,HMDB0009794
CHEBI:88418,HMDB0009795
CHEBI:88419,HMDB0031512
CHEBI:88420,HMDB0009792
CHEBI:88421,HMDB0009793
CHEBI:88422,HMDB0008660
CHEBI:88423,HMDB0009799
CHEBI:88424,HMDB0009796
CHEBI:88425,HMDB0009797
CHEBI:88426,HMDB0011774
CHEBI:88427,HMDB0001518
CHEBI:88428,HMDB0031541
CHEBI:88429,HMDB0031542
CHEBI:88430,HMDB0008690
CHEBI:88431,HMDB0011762
CHEBI:88432,HMDB0031549
CHEBI:88433,HMDB0008692
CHEBI:88434,HMDB0008693
CHEBI:88435,HMDB0008685
CHEBI:88436,HMDB0008689
CHEBI:88437,HMDB0031530
CHEBI:88438,HMDB0010224
CHEBI:88439,HMDB0011751
CHEBI:88440,HMDB0010221
CHEBI:88441,HMDB0010220
CHEBI:88442,HMDB0006606
CHEBI:88443,HMDB0012442
CHEBI:88444,HMDB0012445
CHEBI:88445,HMDB0012444
CHEBI:88446,HMDB0007107
CHEBI:88447,HMDB0007108
CHEBI:88448,HMDB0032610
CHEBI:88449,HMDB0007105
CHEBI:88450,HMDB0006600
CHEBI:88451,HMDB0007106
CHEBI:88452,HMDB0033745
CHEBI:88453,HMDB0007104
CHEBI:88454,HMDB0007101
CHEBI:88455,HMDB0003040
CHEBI:88456,HMDB0010219
CHEBI:88457,HMDB0010205
CHEBI:88459,HMDB0010204
CHEBI:88460,HMDB0010206
CHEBI:88461,HMDB0010201
CHEBI:88462,HMDB0010200
CHEBI:88463,HMDB0006612
CHEBI:88464,HMDB0005047
CHEBI:88465,HMDB0010208
CHEBI:88466,HMDB0012467
CHEBI:88467,HMDB0007120
CHEBI:88468,HMDB0007125
CHEBI:88469,HMDB0007124
CHEBI:88470,HMDB0006622
CHEBI:88471,HMDB0007127
CHEBI:88472,HMDB0007110
CHEBI:88473,HMDB0032626
CHEBI:88474,HMDB0007113
CHEBI:88475,HMDB0007114
CHEBI:88476,HMDB0007116
CHEBI:88477,HMDB0007117
CHEBI:88478,HMDB0007119
CHEBI:88479,HMDB0007149
CHEBI:88480,HMDB0007148
CHEBI:88481,HMDB0007147
CHEBI:88482,HMDB0007146
CHEBI:88483,HMDB0007145
CHEBI:88484,HMDB0007144
CHEBI:88485,HMDB0012400
CHEBI:88486,HMDB0012401
CHEBI:88487,HMDB0007142
CHEBI:88488,HMDB0012402
CHEBI:88489,HMDB0007141
CHEBI:88490,HMDB0007140
CHEBI:88491,HMDB0012404
CHEBI:88492,HMDB0012405
CHEBI:88493,HMDB0005073
CHEBI:88494,HMDB0003869
CHEBI:88495,HMDB0007139
CHEBI:88496,HMDB0007138
CHEBI:88497,HMDB0007134
CHEBI:88498,HMDB0007137
CHEBI:88499,HMDB0007136
CHEBI:88500,HMDB0007131
CHEBI:88501,HMDB0007130
CHEBI:88502,HMDB0007133
CHEBI:88503,HMDB0012411
CHEBI:88504,HMDB0012412
CHEBI:88505,HMDB0012415
CHEBI:88506,HMDB0012421
CHEBI:88507,HMDB0012420
CHEBI:88508,HMDB0000909
CHEBI:88509,HMDB0007168
CHEBI:88510,HMDB0007167
CHEBI:88511,HMDB0007162
CHEBI:88512,HMDB0012426
CHEBI:88513,HMDB0012427
CHEBI:88514,HMDB0040575
CHEBI:88515,HMDB0005095
CHEBI:88516,HMDB0007166
CHEBI:88517,HMDB0012422
CHEBI:88518,HMDB0007165
CHEBI:88519,HMDB0012423
CHEBI:88520,HMDB0007164
CHEBI:88521,HMDB0012424
CHEBI:88522,HMDB0013247
CHEBI:88523,HMDB0007163
CHEBI:88524,HMDB0012425
CHEBI:88525,HMDB0012431
CHEBI:88526,HMDB0000913
CHEBI:88527,HMDB0007157
CHEBI:88528,HMDB0005994
CHEBI:88529,HMDB0007156
CHEBI:88530,HMDB0007159
CHEBI:88531,HMDB0012437
CHEBI:88532,HMDB0007153
CHEBI:88533,HMDB0012435
CHEBI:88534,HMDB0035907
CHEBI:88535,HMDB0012433
CHEBI:88536,HMDB0007154
CHEBI:88537,HMDB0012434
CHEBI:88538,HMDB0029762
CHEBI:88539,HMDB0000851
CHEBI:88540,HMDB0003892
CHEBI:88541,HMDB0030433
CHEBI:88543,HMDB0013205
CHEBI:88544,HMDB0013207
CHEBI:88545,HMDB0007207
CHEBI:88546,HMDB0007206
CHEBI:88547,HMDB0007201
CHEBI:88548,HMDB0007200
CHEBI:88549,HMDB0037139
CHEBI:88550,HMDB0000860
CHEBI:88551,HMDB0007208
CHEBI:88552,HMDB0061803
CHEBI:88553,HMDB0061805
CHEBI:88554,HMDB0061801
CHEBI:88555,HMDB0061800
CHEBI:88556,HMDB0009808
CHEBI:88557,HMDB0009806
CHEBI:88558,HMDB0009807
CHEBI:88559,HMDB0009804
CHEBI:88560,HMDB0009805
CHEBI:88561,HMDB0009803
CHEBI:88562,HMDB0009801
CHEBI:88563,HMDB0009800
CHEBI:88564,HMDB0008751
CHEBI:88565,HMDB0061812
CHEBI:88566,HMDB0061811
CHEBI:88567,HMDB0061810
CHEBI:88568,HMDB0061816
CHEBI:88569,HMDB0061815
CHEBI:88570,HMDB0061814
CHEBI:88571,HMDB0061813
CHEBI:88572,HMDB0009816
CHEBI:88573,HMDB0009817
CHEBI:88574,HMDB0009818
CHEBI:88575,HMDB0009819
CHEBI:88576,HMDB0008761
CHEBI:88577,HMDB0009810
CHEBI:88578,HMDB0009812
CHEBI:88579,HMDB0009811
CHEBI:88580,HMDB0009814
CHEBI:88581,HMDB0009813
CHEBI:88582,HMDB0061808
CHEBI:88583,HMDB0061809
CHEBI:88584,HMDB0061806
CHEBI:88585,HMDB0031454
CHEBI:88586,HMDB0061807
CHEBI:88587,HMDB0008766
CHEBI:88588,HMDB0008763
CHEBI:88589,HMDB0061821
CHEBI:88590,HMDB0061820
CHEBI:88591,HMDB0061823
CHEBI:88592,HMDB0061825
CHEBI:88593,HMDB0061824
CHEBI:88594,HMDB0061827
CHEBI:88595,HMDB0061826
CHEBI:88596,HMDB0009828
CHEBI:88597,HMDB0009829
CHEBI:88598,HMDB0009826
CHEBI:88599,HMDB0009827
CHEBI:88600,HMDB0009821
CHEBI:88601,HMDB0009820
CHEBI:88602,HMDB0009825
CHEBI:88603,HMDB0041662
CHEBI:88604,HMDB0009824
CHEBI:88605,HMDB0009823
CHEBI:88606,HMDB0009822
CHEBI:88607,HMDB0061817
CHEBI:88608,HMDB0061818
CHEBI:88609,HMDB0061819
CHEBI:88610,HMDB0002381
CHEBI:88611,HMDB0009838
CHEBI:88612,HMDB0009837
CHEBI:88613,HMDB0009839
CHEBI:88614,HMDB0061837
CHEBI:88615,HMDB0061836
CHEBI:88616,HMDB0061833
CHEBI:88617,HMDB0029728
CHEBI:88618,HMDB0061831
CHEBI:88622,HMDB0061828
CHEBI:88623,HMDB0031476
CHEBI:88624,HMDB0009833
CHEBI:88625,HMDB0009834
CHEBI:88626,HMDB0009835
CHEBI:88627,HMDB0009836
CHEBI:88628,HMDB0009830
CHEBI:88629,HMDB0009831
CHEBI:88630,HMDB0009832
CHEBI:88631,HMDB0061840
CHEBI:88632,HMDB0061841
CHEBI:88633,HMDB0009849
CHEBI:88634,HMDB0009848
CHEBI:88635,HMDB0061846
CHEBI:88636,HMDB0008718
CHEBI:88637,HMDB0061843
CHEBI:88638,HMDB0061845
CHEBI:88639,HMDB0061839
CHEBI:88640,HMDB0009846
CHEBI:88641,HMDB0009847
CHEBI:88642,HMDB0009845
CHEBI:88643,HMDB0009842
CHEBI:88644,HMDB0009843
CHEBI:88645,HMDB0009840
CHEBI:88646,HMDB0009841
CHEBI:88647,HMDB0009859
CHEBI:88648,HMDB0061852
CHEBI:88649,HMDB0061850
CHEBI:88650,HMDB0061855
CHEBI:88651,HMDB0061856
CHEBI:88652,HMDB0031492
CHEBI:88653,HMDB0031493
CHEBI:88654,HMDB0008722
CHEBI:88655,HMDB0009851
CHEBI:88656,HMDB0009852
CHEBI:88657,HMDB0009853
CHEBI:88658,HMDB0009854
CHEBI:88659,HMDB0041693
CHEBI:88660,HMDB0009855
CHEBI:88661,HMDB0009856
CHEBI:88662,HMDB0041695
CHEBI:88663,HMDB0009857
CHEBI:88664,HMDB0041696
CHEBI:88665,HMDB0009858
CHEBI:88666,HMDB0061860
CHEBI:88667,HMDB0061861
CHEBI:88668,HMDB0061862
CHEBI:88669,HMDB0061863
CHEBI:88671,HMDB0009860
CHEBI:88672,HMDB0009861
CHEBI:88673,HMDB0009864
CHEBI:88674,HMDB0009865
CHEBI:88675,HMDB0009862
CHEBI:88676,HMDB0009863
CHEBI:88677,HMDB0009868
CHEBI:88678,HMDB0009869
CHEBI:88679,HMDB0009866
CHEBI:88680,HMDB0009867
CHEBI:88681,HMDB0059977
CHEBI:88682,HMDB0059975
CHEBI:88683,HMDB0059976
CHEBI:88684,HMDB0010399
CHEBI:88685,HMDB0010391
CHEBI:88686,HMDB0010397
CHEBI:88687,HMDB0059974
CHEBI:88688,HMDB0059973
CHEBI:88689,HMDB0059972
CHEBI:8869,HMDB0015022
CHEBI:88690,HMDB0059971
CHEBI:88691,HMDB0059970
CHEBI:88692,HMDB0059986
CHEBI:88693,HMDB0059987
CHEBI:88694,HMDB0059988
CHEBI:88695,HMDB0059989
CHEBI:88696,HMDB0010389
CHEBI:88697,HMDB0010388
CHEBI:88698,HMDB0010387
CHEBI:88699,HMDB0059983
CHEBI:88700,HMDB0059982
CHEBI:88701,HMDB0059985
CHEBI:88702,HMDB0059984
CHEBI:88703,HMDB0059981
CHEBI:88704,HMDB0059980
CHEBI:88705,HMDB0007068
CHEBI:88706,HMDB0008597
CHEBI:88707,HMDB0007064
CHEBI:88708,HMDB0008596
CHEBI:88709,HMDB0007065
CHEBI:8871,HMDB0005020
CHEBI:88710,HMDB0008594
CHEBI:88711,HMDB0007060
CHEBI:88712,HMDB0008591
CHEBI:88713,HMDB0008590
CHEBI:88714,HMDB0059964
CHEBI:88715,HMDB0059966
CHEBI:88716,HMDB0059967
CHEBI:88717,HMDB0059968
CHEBI:88718,HMDB0007059
CHEBI:88719,HMDB0059969
CHEBI:88720,HMDB0007057
CHEBI:88721,HMDB0007058
CHEBI:88722,HMDB0007053
CHEBI:88723,HMDB0007051
CHEBI:88724,HMDB0007052
CHEBI:88725,HMDB0007050
CHEBI:88726,HMDB0008570
CHEBI:88727,HMDB0010356
CHEBI:88728,HMDB0010357
CHEBI:88729,HMDB0008573
CHEBI:88730,HMDB0010359
CHEBI:88731,HMDB0008572
CHEBI:88732,HMDB0036453
CHEBI:88733,HMDB0010351
CHEBI:88734,HMDB0010345
CHEBI:88735,HMDB0010343
CHEBI:88736,HMDB0008565
CHEBI:88737,HMDB0008569
CHEBI:88738,HMDB0013198
CHEBI:88739,HMDB0010340
CHEBI:8874,HMDB0015124
CHEBI:88740,HMDB0010376
CHEBI:88741,HMDB0008559
CHEBI:88742,HMDB0059999
CHEBI:88743,HMDB0059998
CHEBI:88744,HMDB0059997
CHEBI:88745,HMDB0008558
CHEBI:88746,HMDB0240471
CHEBI:88746,HMDB0059991
CHEBI:88747,HMDB0059992
CHEBI:88748,HMDB0059990
CHEBI:88749,HMDB0059996
CHEBI:88750,HMDB0059993
CHEBI:88751,HMDB0059994
CHEBI:88752,HMDB0010373
CHEBI:88753,HMDB0010372
CHEBI:88754,HMDB0010374
CHEBI:88755,HMDB0010371
CHEBI:88756,HMDB0010369
CHEBI:88757,HMDB0007096
CHEBI:88758,HMDB0010367
CHEBI:88759,HMDB0007095
CHEBI:88760,HMDB0008542
CHEBI:88761,HMDB0008543
CHEBI:88762,HMDB0013161
CHEBI:88764,HMDB0033889
CHEBI:88765,HMDB0010318
CHEBI:88766,HMDB0005176
CHEBI:88768,HMDB0005189
CHEBI:88769,HMDB0013159
CHEBI:88770,HMDB0059906
CHEBI:88771,HMDB0010338
CHEBI:88772,HMDB0013131
CHEBI:88773,HMDB0010320
CHEBI:88775,HMDB0006734
CHEBI:88776,HMDB0010329
CHEBI:88777,HMDB0006730
CHEBI:88778,HMDB0006706
CHEBI:88779,HMDB0013122
CHEBI:8878,HMDB0302847
CHEBI:88780,HMDB0007041
CHEBI:88781,HMDB0007040
CHEBI:88782,HMDB0007045
CHEBI:88783,HMDB0007044
CHEBI:88784,HMDB0007043
CHEBI:88785,HMDB0013126
CHEBI:88786,HMDB0007042
CHEBI:88787,HMDB0007049
CHEBI:88788,HMDB0007030
CHEBI:88789,HMDB0007032
CHEBI:88790,HMDB0007031
CHEBI:88791,HMDB0007033
CHEBI:88792,HMDB0007036
CHEBI:88793,HMDB0007035
CHEBI:88794,HMDB0007023
CHEBI:88795,HMDB0005193
CHEBI:88796,HMDB0007022
CHEBI:88797,HMDB0007021
CHEBI:88798,HMDB0007020
CHEBI:88799,HMDB0059910
CHEBI:888,HMDB0251547
CHEBI:88800,HMDB0007029
CHEBI:88801,HMDB0005199
CHEBI:88802,HMDB0007028
CHEBI:88803,HMDB0007026
CHEBI:88804,HMDB0007025
CHEBI:88805,HMDB0007024
CHEBI:88806,HMDB0033890
CHEBI:88807,HMDB0007018
CHEBI:88808,HMDB0007017
CHEBI:88809,HMDB0007014
CHEBI:88810,HMDB0007013
CHEBI:88811,HMDB0000953
CHEBI:88812,HMDB0041702
CHEBI:88813,HMDB0034239
CHEBI:88814,HMDB0030307
CHEBI:88815,HMDB0033908
CHEBI:88816,HMDB0037268
CHEBI:88817,HMDB0033962
CHEBI:88818,HMDB0061900
CHEBI:88819,HMDB0061903
CHEBI:88820,HMDB0061904
CHEBI:88821,HMDB0061902
CHEBI:88822,HMDB0032405
CHEBI:88824,HMDB0002284
CHEBI:88825,HMDB0061932
CHEBI:88826,HMDB0061931
CHEBI:88827,HMDB0061930
CHEBI:88829,HMDB0061935
CHEBI:88830,HMDB0061934
CHEBI:88831,HMDB0061929
CHEBI:88832,HMDB0061928
CHEBI:88833,HMDB0061942
CHEBI:88834,HMDB0037213
CHEBI:88835,HMDB0061944
CHEBI:88836,HMDB0061943
CHEBI:88837,HMDB0061946
CHEBI:88838,HMDB0061945
CHEBI:88839,HMDB0029817
CHEBI:8884,HMDB0014866
CHEBI:88840,HMDB0061938
CHEBI:88841,HMDB0008657
CHEBI:88842,HMDB0061939
CHEBI:88843,HMDB0008656
CHEBI:88844,HMDB0008659
CHEBI:88845,HMDB0031343
CHEBI:88846,HMDB0008652
CHEBI:88847,HMDB0041788
CHEBI:88848,HMDB0041787
CHEBI:88849,HMDB0061915
CHEBI:88850,HMDB0061913
CHEBI:88851,HMDB0008627
CHEBI:88852,HMDB0061912
CHEBI:88853,HMDB0061911
CHEBI:88854,HMDB0061910
CHEBI:88855,HMDB0008622
CHEBI:88856,HMDB0008621
CHEBI:88857,HMDB0061909
CHEBI:88858,HMDB0061907
CHEBI:88859,HMDB0008626
CHEBI:88860,HMDB0061908
CHEBI:88861,HMDB0061905
CHEBI:88862,HMDB0008624
CHEBI:88863,HMDB0061906
CHEBI:88864,HMDB0008623
CHEBI:88865,HMDB0061923
CHEBI:88866,HMDB0061926
CHEBI:88867,HMDB0061920
CHEBI:88868,HMDB0061916
CHEBI:88869,HMDB0008635
CHEBI:88870,HMDB0061919
CHEBI:88871,HMDB0008604
CHEBI:88872,HMDB0008602
CHEBI:88873,HMDB0038157
CHEBI:88874,HMDB0038155
CHEBI:88875,HMDB0010491
CHEBI:88876,HMDB0008432
CHEBI:88877,HMDB0008433
CHEBI:88878,HMDB0008430
CHEBI:88879,HMDB0008431
CHEBI:8888,HMDB0014413
CHEBI:88880,HMDB0010485
CHEBI:88881,HMDB0010482
CHEBI:88882,HMDB0010481
CHEBI:88883,HMDB0008425
CHEBI:88884,HMDB0008426
CHEBI:88885,HMDB0008422
CHEBI:88886,HMDB0008423
CHEBI:88887,HMDB0008424
CHEBI:88888,HMDB0002504
CHEBI:88890,HMDB0010470
CHEBI:88891,HMDB0010474
CHEBI:88892,HMDB0010473
CHEBI:88893,HMDB0008456
CHEBI:88894,HMDB0008457
CHEBI:88895,HMDB0008455
CHEBI:88896,HMDB0008458
CHEBI:88897,HMDB0008459
CHEBI:88898,HMDB0010477
CHEBI:88899,HMDB0010479
CHEBI:8890,HMDB0014441
CHEBI:88900,HMDB0031309
CHEBI:88901,HMDB0010460
CHEBI:88902,HMDB0004629
CHEBI:88903,HMDB0040726
CHEBI:88904,HMDB0008446
CHEBI:88905,HMDB0008479
CHEBI:88906,HMDB0007907
CHEBI:88907,HMDB0007904
CHEBI:88908,HMDB0007903
CHEBI:88909,HMDB0008462
CHEBI:88910,HMDB0008464
CHEBI:88911,HMDB0008463
CHEBI:88912,HMDB0013749
CHEBI:88913,HMDB0008466
CHEBI:88914,HMDB0008465
CHEBI:88915,HMDB0008467
CHEBI:88916,HMDB0007915
CHEBI:88917,HMDB0007914
CHEBI:88918,HMDB0007913
CHEBI:88919,HMDB0007912
CHEBI:88920,HMDB0007919
CHEBI:88921,HMDB0038130
CHEBI:88922,HMDB0008491
CHEBI:88923,HMDB0008490
CHEBI:88924,HMDB0008497
CHEBI:88925,HMDB0008496
CHEBI:88926,HMDB0008495
CHEBI:88927,HMDB0008498
CHEBI:88928,HMDB0007911
CHEBI:88929,HMDB0007924
CHEBI:88930,HMDB0007923
CHEBI:88931,HMDB0007929
CHEBI:88932,HMDB0008488
CHEBI:88933,HMDB0008489
CHEBI:88934,HMDB0007920
CHEBI:88935,HMDB0007921
CHEBI:88936,HMDB0007922
CHEBI:88937,HMDB0033136
CHEBI:88938,HMDB0007389
CHEBI:88939,HMDB0007388
CHEBI:88940,HMDB0010417
CHEBI:88941,HMDB0010418
CHEBI:88942,HMDB0007386
CHEBI:88943,HMDB0010415
CHEBI:88944,HMDB0007385
CHEBI:88945,HMDB0010416
CHEBI:88946,HMDB0010414
CHEBI:88947,HMDB0005770
CHEBI:88948,HMDB0010406
CHEBI:88950,HMDB0013701
CHEBI:88951,HMDB0007374
CHEBI:88952,HMDB0010400
CHEBI:88954,HMDB0013704
CHEBI:88955,HMDB0003626
CHEBI:88956,HMDB0039229
CHEBI:88957,HMDB0007391
CHEBI:88958,HMDB0007390
CHEBI:88959,HMDB0007393
CHEBI:88960,HMDB0007392
CHEBI:88961,HMDB0007395
CHEBI:88962,HMDB0007394
CHEBI:88963,HMDB0007396
CHEBI:88964,HMDB0039216
CHEBI:88965,HMDB0033167
CHEBI:88966,HMDB0007341
CHEBI:88967,HMDB0010459
CHEBI:88968,HMDB0010458
CHEBI:88969,HMDB0007340
CHEBI:88970,HMDB0010457
CHEBI:88971,HMDB0010456
CHEBI:88972,HMDB0010454
CHEBI:88973,HMDB0010453
CHEBI:88974,HMDB0007349
CHEBI:88975,HMDB0007347
CHEBI:88976,HMDB0010451
CHEBI:88977,HMDB0010452
CHEBI:88978,HMDB0010450
CHEBI:88979,HMDB0010447
CHEBI:88980,HMDB0010446
CHEBI:88981,HMDB0007330
CHEBI:88982,HMDB0010449
CHEBI:88983,HMDB0010448
CHEBI:88984,HMDB0010443
CHEBI:88985,HMDB0010442
CHEBI:88986,HMDB0010445
CHEBI:88987,HMDB0010444
CHEBI:88988,HMDB0007339
CHEBI:88989,HMDB0007332
CHEBI:88990,HMDB0007983
CHEBI:88991,HMDB0007333
CHEBI:88992,HMDB0007334
CHEBI:88993,HMDB0010440
CHEBI:88994,HMDB0010441
CHEBI:88995,HMDB0010434
CHEBI:88996,HMDB0007360
CHEBI:88997,HMDB0010432
CHEBI:88998,HMDB0010431
CHEBI:88999,HMDB0010438
CHEBI:8900,HMDB0301852
CHEBI:89000,HMDB0007364
CHEBI:89001,HMDB0010437
CHEBI:89002,HMDB0007361
CHEBI:89003,HMDB0010436
CHEBI:89004,HMDB0007362
CHEBI:89005,HMDB0010435
CHEBI:89006,HMDB0007367
CHEBI:89007,HMDB0033119
CHEBI:89008,HMDB0007365
CHEBI:89009,HMDB0007994
CHEBI:89010,HMDB0007366
CHEBI:89011,HMDB0010439
CHEBI:89012,HMDB0033113
CHEBI:89013,HMDB0007996
CHEBI:89014,HMDB0007997
CHEBI:89015,HMDB0033112
CHEBI:89016,HMDB0010430
CHEBI:89017,HMDB0010421
CHEBI:89018,HMDB0010420
CHEBI:89019,HMDB0010423
CHEBI:89020,HMDB0010425
CHEBI:89021,HMDB0010424
CHEBI:89022,HMDB0010427
CHEBI:89023,HMDB0010426
CHEBI:89024,HMDB0010429
CHEBI:89025,HMDB0010428
CHEBI:89026,HMDB0007356
CHEBI:89027,HMDB0007357
CHEBI:89028,HMDB0007359
CHEBI:89029,HMDB0003603
CHEBI:89030,HMDB0007419
CHEBI:89031,HMDB0007417
CHEBI:89032,HMDB0007418
CHEBI:89033,HMDB0007415
CHEBI:89034,HMDB0007414
CHEBI:89035,HMDB0007428
CHEBI:89036,HMDB0007421
CHEBI:89037,HMDB0007420
CHEBI:89038,HMDB0007423
CHEBI:89039,HMDB0007422
CHEBI:8904,HMDB0302945
CHEBI:89040,HMDB0007425
CHEBI:89041,HMDB0007424
CHEBI:89042,HMDB0007433
CHEBI:89043,HMDB0007432
CHEBI:89044,HMDB0035625
CHEBI:89045,HMDB0007431
CHEBI:89046,HMDB0007447
CHEBI:89047,HMDB0007446
CHEBI:89048,HMDB0007449
CHEBI:89049,HMDB0007448
CHEBI:89050,HMDB0007443
CHEBI:89051,HMDB0007444
CHEBI:89052,HMDB0033182
CHEBI:89053,HMDB0031293
CHEBI:89054,HMDB0031296
CHEBI:89055,HMDB0007404
CHEBI:89056,HMDB0007400
CHEBI:89057,HMDB0007401
CHEBI:89058,HMDB0031230
CHEBI:89059,HMDB0031253
CHEBI:89060,HMDB0002586
CHEBI:89061,HMDB0036731
CHEBI:89063,HMDB0008526
CHEBI:89064,HMDB0008524
CHEBI:89065,HMDB0008523
CHEBI:89066,HMDB0008522
CHEBI:89067,HMDB0008521
CHEBI:89068,HMDB0008535
CHEBI:89069,HMDB0008534
CHEBI:8907,HMDB0035836
CHEBI:89070,HMDB0008539
CHEBI:89071,HMDB0010593
CHEBI:89072,HMDB0010595
CHEBI:89073,HMDB0010594
CHEBI:89074,HMDB0010596
CHEBI:89075,HMDB0010597
CHEBI:89076,HMDB0010598
CHEBI:89077,HMDB0008331
CHEBI:89078,HMDB0008332
CHEBI:89079,HMDB0001420
CHEBI:89080,HMDB0008335
CHEBI:89081,HMDB0008336
CHEBI:89082,HMDB0012457
CHEBI:89082,HMDB0008334
CHEBI:89083,HMDB0008339
CHEBI:89084,HMDB0008337
CHEBI:89085,HMDB0008338
CHEBI:89086,HMDB0038040
CHEBI:89087,HMDB0001411
CHEBI:89088,HMDB0010584
CHEBI:89089,HMDB0010583
CHEBI:89090,HMDB0010582
CHEBI:89091,HMDB0010581
CHEBI:89092,HMDB0010588
CHEBI:89093,HMDB0010589
CHEBI:89094,HMDB0008324
CHEBI:89095,HMDB0008328
CHEBI:89096,HMDB0008329
CHEBI:89097,HMDB0008315
CHEBI:89098,HMDB0008316
CHEBI:89099,HMDB0029222
CHEBI:89099,HMDB0240566
CHEBI:89100,HMDB0008309
CHEBI:89101,HMDB0008304
CHEBI:89102,HMDB0008305
CHEBI:89103,HMDB0008306
CHEBI:89104,HMDB0029216
CHEBI:89105,HMDB0008303
CHEBI:89106,HMDB0008371
CHEBI:89107,HMDB0008370
CHEBI:89108,HMDB0008373
CHEBI:89109,HMDB0008367
CHEBI:89110,HMDB0009894
CHEBI:89111,HMDB0008366
CHEBI:89112,HMDB0009893
CHEBI:89113,HMDB0008369
CHEBI:89114,HMDB0009892
CHEBI:89115,HMDB0008368
CHEBI:89116,HMDB0009891
CHEBI:89117,HMDB0009890
CHEBI:89118,HMDB0002432
CHEBI:89119,HMDB0008361
CHEBI:89120,HMDB0008360
CHEBI:89121,HMDB0009899
CHEBI:89122,HMDB0009898
CHEBI:89123,HMDB0008362
CHEBI:89124,HMDB0009897
CHEBI:89125,HMDB0008365
CHEBI:89126,HMDB0009896
CHEBI:89127,HMDB0008364
CHEBI:89128,HMDB0009895
CHEBI:89129,HMDB0002409
CHEBI:89130,HMDB0008359
CHEBI:89131,HMDB0009881
CHEBI:89132,HMDB0008357
CHEBI:89133,HMDB0009880
CHEBI:89134,HMDB0009883
CHEBI:89135,HMDB0009882
CHEBI:89136,HMDB0009885
CHEBI:89137,HMDB0009884
CHEBI:89138,HMDB0009887
CHEBI:89139,HMDB0009886
CHEBI:89140,HMDB0008350
CHEBI:89141,HMDB0009889
CHEBI:89142,HMDB0009888
CHEBI:89143,HMDB0008348
CHEBI:89144,HMDB0009872
CHEBI:89145,HMDB0009871
CHEBI:89146,HMDB0009870
CHEBI:89147,HMDB0008341
CHEBI:89148,HMDB0009876
CHEBI:89149,HMDB0007298
CHEBI:89150,HMDB0009875
CHEBI:89151,HMDB0009874
CHEBI:89152,HMDB0009873
CHEBI:89153,HMDB0009879
CHEBI:89154,HMDB0009878
CHEBI:89155,HMDB0007292
CHEBI:89156,HMDB0009877
CHEBI:89157,HMDB0007283
CHEBI:89158,HMDB0007282
CHEBI:89159,HMDB0007281
CHEBI:89160,HMDB0007285
CHEBI:89162,HMDB0007284
CHEBI:89163,HMDB0007290
CHEBI:89164,HMDB0007272
CHEBI:89165,HMDB0007274
CHEBI:89166,HMDB0010501
CHEBI:89167,HMDB0007273
CHEBI:89168,HMDB0007276
CHEBI:89169,HMDB0007275
CHEBI:8917,HMDB0033852
CHEBI:89170,HMDB0007277
CHEBI:89171,HMDB0007265
CHEBI:89172,HMDB0008395
CHEBI:89173,HMDB0013811
CHEBI:89174,HMDB0007264
CHEBI:89175,HMDB0013810
CHEBI:89176,HMDB0007263
CHEBI:89177,HMDB0008397
CHEBI:89178,HMDB0007262
CHEBI:89179,HMDB0008398
CHEBI:89180,HMDB0008391
CHEBI:89181,HMDB0008392
CHEBI:89182,HMDB0000350
CHEBI:89183,HMDB0008393
CHEBI:89184,HMDB0008394
CHEBI:89185,HMDB0013812
CHEBI:89186,HMDB0013818
CHEBI:89187,HMDB0013817
CHEBI:89188,HMDB0013816
CHEBI:89189,HMDB0007269
CHEBI:89190,HMDB0008399
CHEBI:89191,HMDB0013820
CHEBI:89192,HMDB0000341
CHEBI:89192,HMDB0000344
CHEBI:89193,HMDB0007254
CHEBI:89194,HMDB0007253
CHEBI:89195,HMDB0013821
CHEBI:89196,HMDB0008382
CHEBI:89197,HMDB0013824
CHEBI:89198,HMDB0007250
CHEBI:89199,HMDB0030469
CHEBI:89200,HMDB0007256
CHEBI:89201,HMDB0007255
CHEBI:89202,HMDB0007258
CHEBI:89203,HMDB0007257
CHEBI:89204,HMDB0008390
CHEBI:89205,HMDB0000345
CHEBI:89206,HMDB0005842
CHEBI:89207,HMDB0007246
CHEBI:89208,HMDB0007244
CHEBI:89209,HMDB0005841
CHEBI:89210,HMDB0007249
CHEBI:89211,HMDB0007243
CHEBI:89212,HMDB0007240
CHEBI:89213,HMDB0000332
CHEBI:89214,HMDB0007241
CHEBI:89215,HMDB0005846
CHEBI:89216,HMDB0007235
CHEBI:89217,HMDB0007236
CHEBI:89218,HMDB0007230
CHEBI:89219,HMDB0000326
CHEBI:89220,HMDB0007229
CHEBI:89221,HMDB0007226
CHEBI:89222,HMDB0007225
CHEBI:89223,HMDB0007222
CHEBI:89224,HMDB0007223
CHEBI:89225,HMDB0007220
CHEBI:89226,HMDB0010579
CHEBI:89227,HMDB0010578
CHEBI:89228,HMDB0000317
CHEBI:89229,HMDB0007215
CHEBI:89230,HMDB0007217
CHEBI:89231,HMDB0007212
CHEBI:89232,HMDB0011695
CHEBI:89233,HMDB0011694
CHEBI:89234,HMDB0000308
CHEBI:89235,HMDB0007319
CHEBI:89236,HMDB0037020
CHEBI:89237,HMDB0007314
CHEBI:89238,HMDB0007313
CHEBI:89239,HMDB0007312
CHEBI:89240,HMDB0007311
CHEBI:89241,HMDB0007310
CHEBI:89242,HMDB0037013
CHEBI:89243,HMDB0009904
CHEBI:89244,HMDB0009903
CHEBI:89245,HMDB0009906
CHEBI:89246,HMDB0009905
CHEBI:89247,HMDB0009908
CHEBI:89248,HMDB0009907
CHEBI:89249,HMDB0009909
CHEBI:89250,HMDB0009900
CHEBI:89251,HMDB0009901
CHEBI:89252,HMDB0009902
CHEBI:89253,HMDB0007321
CHEBI:89254,HMDB0031081
CHEBI:89255,HMDB0031191
CHEBI:89257,HMDB0005821
CHEBI:89258,HMDB0007302
CHEBI:89259,HMDB0007301
CHEBI:89260,HMDB0007304
CHEBI:89261,HMDB0007303
CHEBI:89262,HMDB0007306
CHEBI:89263,HMDB0037050
CHEBI:89264,HMDB0010607
CHEBI:89265,HMDB0010606
CHEBI:89266,HMDB0010605
CHEBI:89267,HMDB0031158
CHEBI:89268,HMDB0000380
CHEBI:89269,HMDB0010603
CHEBI:8927,HMDB0062528
CHEBI:89270,HMDB0010601
CHEBI:89271,HMDB0010616
CHEBI:89272,HMDB0010615
CHEBI:89273,HMDB0010618
CHEBI:89274,HMDB0010617
CHEBI:89275,HMDB0010619
CHEBI:89276,HMDB0000394
CHEBI:89277,HMDB0010612
CHEBI:89278,HMDB0010611
CHEBI:89279,HMDB0010614
CHEBI:89280,HMDB0010613
CHEBI:89282,HMDB0002472
CHEBI:89283,HMDB0029165
CHEBI:89284,HMDB0031019
CHEBI:89285,HMDB0240472
CHEBI:89285,HMDB0029185
CHEBI:89286,HMDB0041566
CHEBI:89287,HMDB0029190
CHEBI:89288,HMDB0008406
CHEBI:89289,HMDB0008404
CHEBI:89290,HMDB0008403
CHEBI:89291,HMDB0008402
CHEBI:89292,HMDB0008401
CHEBI:89293,HMDB0008400
CHEBI:89294,HMDB0008414
CHEBI:89295,HMDB0009911
CHEBI:89296,HMDB0009910
CHEBI:89297,HMDB0009913
CHEBI:89298,HMDB0009912
CHEBI:89299,HMDB0009918
CHEBI:89300,HMDB0009919
CHEBI:89301,HMDB0061387
CHEBI:89302,HMDB0061386
CHEBI:89303,HMDB0009914
CHEBI:89304,HMDB0009915
CHEBI:89305,HMDB0009916
CHEBI:89306,HMDB0009917
CHEBI:89307,HMDB0009920
CHEBI:89308,HMDB0001959
CHEBI:89309,HMDB0010680
CHEBI:89310,HMDB0002689
CHEBI:89311,HMDB0010683
CHEBI:89312,HMDB0000424
CHEBI:89313,HMDB0010688
CHEBI:89314,HMDB0010689
CHEBI:89315,HMDB0001244
CHEBI:89316,HMDB0010684
CHEBI:89317,HMDB0010686
CHEBI:89318,HMDB0010687
CHEBI:89319,HMDB0007741
CHEBI:89320,HMDB0007740
CHEBI:89321,HMDB0007736
CHEBI:89322,HMDB0007737
CHEBI:89323,HMDB0007739
CHEBI:89324,HMDB0000430
CHEBI:89325,HMDB0007733
CHEBI:89326,HMDB0007769
CHEBI:89327,HMDB0001972
CHEBI:89328,HMDB0000449
CHEBI:89329,HMDB0010662
CHEBI:89330,HMDB0010663
CHEBI:89331,HMDB0010664
CHEBI:89332,HMDB0010665
CHEBI:89333,HMDB0010668
CHEBI:89334,HMDB0010669
CHEBI:89335,HMDB0007768
CHEBI:89336,HMDB0007767
CHEBI:89337,HMDB0007765
CHEBI:89338,HMDB0001986
CHEBI:89339,HMDB0010672
CHEBI:89340,HMDB0010671
CHEBI:89341,HMDB0001988
CHEBI:89342,HMDB0010673
CHEBI:89343,HMDB0010674
CHEBI:89344,HMDB0000451
CHEBI:89345,HMDB0010679
CHEBI:89346,HMDB0010677
CHEBI:89347,HMDB0010678
CHEBI:89348,HMDB0010649
CHEBI:89349,HMDB0010648
CHEBI:89350,HMDB0008266
CHEBI:89351,HMDB0010645
CHEBI:89352,HMDB0010644
CHEBI:89353,HMDB0010647
CHEBI:89354,HMDB0008263
CHEBI:89355,HMDB0010641
CHEBI:89356,HMDB0008261
CHEBI:89357,HMDB0010640
CHEBI:89358,HMDB0008260
CHEBI:89359,HMDB0010643
CHEBI:89360,HMDB0010642
CHEBI:89361,HMDB0010650
CHEBI:89362,HMDB0038311
CHEBI:89363,HMDB0001270
CHEBI:89364,HMDB0008278
CHEBI:89365,HMDB0010659
CHEBI:89366,HMDB0010658
CHEBI:89367,HMDB0008820
CHEBI:89368,HMDB0010657
CHEBI:89369,HMDB0008277
CHEBI:89370,HMDB0010656
CHEBI:89371,HMDB0010655
CHEBI:89372,HMDB0008271
CHEBI:89373,HMDB0010654
CHEBI:89374,HMDB0010653
CHEBI:89375,HMDB0008273
CHEBI:89376,HMDB0010652
CHEBI:89377,HMDB0008272
CHEBI:89378,HMDB0010651
CHEBI:89379,HMDB0001931
CHEBI:89380,HMDB0010627
CHEBI:89381,HMDB0010626
CHEBI:89382,HMDB0010629
CHEBI:89383,HMDB0010628
CHEBI:89384,HMDB0008284
CHEBI:89385,HMDB0010621
CHEBI:89386,HMDB0010620
CHEBI:89387,HMDB0010623
CHEBI:89388,HMDB0031934
CHEBI:89389,HMDB0010622
CHEBI:8939,HMDB0034854
CHEBI:89390,HMDB0010625
CHEBI:89391,HMDB0008285
CHEBI:89392,HMDB0010624
CHEBI:89393,HMDB0000499
CHEBI:89394,HMDB0010639
CHEBI:89395,HMDB0010638
CHEBI:89396,HMDB0010637
CHEBI:89397,HMDB0010632
CHEBI:89398,HMDB0010631
CHEBI:89399,HMDB0008295
CHEBI:89401,HMDB0010636
CHEBI:89402,HMDB0007791
CHEBI:89403,HMDB0008296
CHEBI:89404,HMDB0010635
CHEBI:89405,HMDB0000496
CHEBI:89406,HMDB0001297
CHEBI:89407,HMDB0007792
CHEBI:89408,HMDB0008299
CHEBI:89409,HMDB0008298
CHEBI:89410,HMDB0010633
CHEBI:89411,HMDB0008227
CHEBI:89412,HMDB0008228
CHEBI:89413,HMDB0008224
CHEBI:89414,HMDB0008225
CHEBI:89415,HMDB0008226
CHEBI:89416,HMDB0008232
CHEBI:89417,HMDB0006203
CHEBI:89418,HMDB0008236
CHEBI:89419,HMDB0008237
CHEBI:89420,HMDB0008234
CHEBI:89421,HMDB0029304
CHEBI:89422,HMDB0006292
CHEBI:89422,HMDB0008235
CHEBI:89423,HMDB0008241
CHEBI:89424,HMDB0008242
CHEBI:89425,HMDB0008243
CHEBI:89426,HMDB0008818
CHEBI:89427,HMDB0008819
CHEBI:89428,HMDB0008258
CHEBI:89429,HMDB0008259
CHEBI:89430,HMDB0006117
CHEBI:89431,HMDB0008256
CHEBI:89432,HMDB0008257
CHEBI:89433,HMDB0007708
CHEBI:89434,HMDB0007707
CHEBI:89435,HMDB0007704
CHEBI:89436,HMDB0039843
CHEBI:89437,HMDB0008202
CHEBI:89438,HMDB0008201
CHEBI:89439,HMDB0008204
CHEBI:8944,HMDB0304475
CHEBI:89440,HMDB0059667
CHEBI:89441,HMDB0008205
CHEBI:89442,HMDB0008208
CHEBI:89443,HMDB0008200
CHEBI:89444,HMDB0008209
CHEBI:89445,HMDB0032272
CHEBI:89446,HMDB0004866
CHEBI:89447,HMDB0008212
CHEBI:89448,HMDB0007712
CHEBI:89449,HMDB0007710
CHEBI:89450,HMDB0007711
CHEBI:89451,HMDB0008216
CHEBI:89452,HMDB0008211
CHEBI:89453,HMDB0008210
CHEBI:89454,HMDB0000416
CHEBI:89455,HMDB0000418
CHEBI:89456,HMDB0059676
CHEBI:89457,HMDB0011310
CHEBI:89458,HMDB0011312
CHEBI:89459,HMDB0011311
CHEBI:89460,HMDB0011313
CHEBI:89462,HMDB0011316
CHEBI:89463,HMDB0011318
CHEBI:89464,HMDB0011317
CHEBI:89465,HMDB0011319
CHEBI:89466,HMDB0059678
CHEBI:89467,HMDB0059683
CHEBI:89468,HMDB0011320
CHEBI:89469,HMDB0011321
CHEBI:89470,HMDB0011324
CHEBI:89471,HMDB0011329
CHEBI:89473,HMDB0059689
CHEBI:89474,HMDB0059693
CHEBI:89475,HMDB0059696
CHEBI:89476,HMDB0059698
CHEBI:89477,HMDB0011330
CHEBI:89478,HMDB0006078
CHEBI:89479,HMDB0004823
CHEBI:89480,HMDB0004822
CHEBI:89480,HMDB0004818
CHEBI:89481,HMDB0004821
CHEBI:89482,HMDB0012085
CHEBI:89483,HMDB0012087
CHEBI:89484,HMDB0004814
CHEBI:89485,HMDB0004817
CHEBI:89486,HMDB0004810
CHEBI:89487,HMDB0004813
CHEBI:89489,HMDB0004808
CHEBI:89490,HMDB0012091
CHEBI:89491,HMDB0012090
CHEBI:89492,HMDB0012895
CHEBI:89493,HMDB0029273
CHEBI:89494,HMDB0006095
CHEBI:89495,HMDB0008786
CHEBI:89496,HMDB0008787
CHEBI:89497,HMDB0008793
CHEBI:89498,HMDB0008794
CHEBI:89499,HMDB0002642
CHEBI:89500,HMDB0008797
CHEBI:89501,HMDB0008798
CHEBI:89502,HMDB0008795
CHEBI:89503,HMDB0011308
CHEBI:89504,HMDB0011309
CHEBI:89505,HMDB0011305
CHEBI:89506,HMDB0011306
CHEBI:89507,HMDB0011307
CHEBI:89508,HMDB0011302
CHEBI:89509,HMDB0040240
CHEBI:89510,HMDB0000569
CHEBI:89511,HMDB0032980
CHEBI:89512,HMDB0007884
CHEBI:89513,HMDB0007882
CHEBI:89514,HMDB0007889
CHEBI:89515,HMDB0007888
CHEBI:89516,HMDB0007887
CHEBI:89517,HMDB0007881
CHEBI:89518,HMDB0007880
CHEBI:89519,HMDB0000577
CHEBI:89520,HMDB0007879
CHEBI:89521,HMDB0007875
CHEBI:89522,HMDB0060062
CHEBI:89523,HMDB0008192
CHEBI:89524,HMDB0000546
CHEBI:89525,HMDB0007867
CHEBI:89526,HMDB0032965
CHEBI:89527,HMDB0007863
CHEBI:89528,HMDB0007862
CHEBI:89529,HMDB0008183
CHEBI:89530,HMDB0007858
CHEBI:89531,HMDB0000550
CHEBI:89532,HMDB0008199
CHEBI:89533,HMDB0008193
CHEBI:89534,HMDB0008194
CHEBI:89535,HMDB0008195
CHEBI:89536,HMDB0008196
CHEBI:89537,HMDB0060030
CHEBI:89538,HMDB0060031
CHEBI:89539,HMDB0008163
CHEBI:89541,HMDB0008162
CHEBI:89542,HMDB0008161
CHEBI:89543,HMDB0008160
CHEBI:89544,HMDB0008167
CHEBI:89545,HMDB0008166
CHEBI:89546,HMDB0001189
CHEBI:89547,HMDB0008169
CHEBI:89548,HMDB0008168
CHEBI:89549,HMDB0060027
CHEBI:89550,HMDB0060028
CHEBI:89551,HMDB0060029
CHEBI:89552,HMDB0060020
CHEBI:89553,HMDB0060021
CHEBI:89554,HMDB0060022
CHEBI:89554,HMDB0240568
CHEBI:89555,HMDB0060024
CHEBI:89556,HMDB0060026
CHEBI:89557,HMDB0008172
CHEBI:89558,HMDB0008171
CHEBI:89559,HMDB0008173
CHEBI:89560,HMDB0008176
CHEBI:89561,HMDB0040211
CHEBI:89562,HMDB0008175
CHEBI:89563,HMDB0008178
CHEBI:89564,HMDB0008177
CHEBI:89565,HMDB0008179
CHEBI:89566,HMDB0060058
CHEBI:89567,HMDB0060056
CHEBI:89568,HMDB0060054
CHEBI:89569,HMDB0060055
CHEBI:89570,HMDB0060053
CHEBI:89572,HMDB0008145
CHEBI:89573,HMDB0000585
CHEBI:89574,HMDB0008144
CHEBI:89575,HMDB0000582
CHEBI:89576,HMDB0008142
CHEBI:89577,HMDB0008141
CHEBI:89578,HMDB0008140
CHEBI:89579,HMDB0008148
CHEBI:89580,HMDB0008146
CHEBI:89582,HMDB0000594
CHEBI:89583,HMDB0007890
CHEBI:89584,HMDB0007891
CHEBI:89585,HMDB0008151
CHEBI:89586,HMDB0007897
CHEBI:89587,HMDB0007898
CHEBI:89588,HMDB0007899
CHEBI:89589,HMDB0008157
CHEBI:89590,HMDB0007896
CHEBI:89591,HMDB0008159
CHEBI:89592,HMDB0008125
CHEBI:89593,HMDB0008126
CHEBI:89594,HMDB0008127
CHEBI:89595,HMDB0008128
CHEBI:89596,HMDB0008129
CHEBI:89597,HMDB0008137
CHEBI:89598,HMDB0036823
CHEBI:89599,HMDB0008136
CHEBI:89600,HMDB0008139
CHEBI:89601,HMDB0008134
CHEBI:89602,HMDB0008131
CHEBI:89603,HMDB0008108
CHEBI:89604,HMDB0008103
CHEBI:89605,HMDB0013624
CHEBI:89606,HMDB0013623
CHEBI:89607,HMDB0013628
CHEBI:89608,HMDB0013627
CHEBI:89609,HMDB0060013
CHEBI:89610,HMDB0060012
CHEBI:89611,HMDB0060011
CHEBI:89612,HMDB0060017
CHEBI:89613,HMDB0060016
CHEBI:89614,HMDB0060019
CHEBI:89615,HMDB0060018
CHEBI:89616,HMDB0008119
CHEBI:89617,HMDB0008115
CHEBI:89618,HMDB0008113
CHEBI:89619,HMDB0008111
CHEBI:89620,HMDB0060004
CHEBI:89621,HMDB0060002
CHEBI:89622,HMDB0060001
CHEBI:89623,HMDB0060000
CHEBI:89624,HMDB0060005
CHEBI:89625,HMDB0004982
CHEBI:89626,HMDB0004989
CHEBI:89627,HMDB0000526
CHEBI:89629,HMDB0031872
CHEBI:89630,HMDB0007820
CHEBI:89631,HMDB0007821
CHEBI:89632,HMDB0031875
CHEBI:89633,HMDB0004063
CHEBI:89634,HMDB0004068
CHEBI:89635,HMDB0004944
CHEBI:89636,HMDB0004913
CHEBI:89637,HMDB0004932
CHEBI:89638,HMDB0040966
CHEBI:89639,HMDB0012197
CHEBI:89640,HMDB0002730
CHEBI:89641,HMDB0012162
CHEBI:89642,HMDB0002720
CHEBI:89644,HMDB0003332
CHEBI:89645,HMDB0059802
CHEBI:89646,HMDB0007545
CHEBI:89647,HMDB0007546
CHEBI:89648,HMDB0008029
CHEBI:89649,HMDB0059805
CHEBI:89650,HMDB0008028
CHEBI:89651,HMDB0007544
CHEBI:89652,HMDB0008027
CHEBI:89653,HMDB0007542
CHEBI:89654,HMDB0059809
CHEBI:89655,HMDB0008024
CHEBI:89656,HMDB0001045
CHEBI:89657,HMDB0008022
CHEBI:89659,HMDB0008021
CHEBI:89660,HMDB0007534
CHEBI:89661,HMDB0007535
CHEBI:89662,HMDB0007536
CHEBI:89663,HMDB0007537
CHEBI:89664,HMDB0007530
CHEBI:89665,HMDB0007533
CHEBI:89666,HMDB0001036
CHEBI:89667,HMDB0008032
CHEBI:89668,HMDB0008030
CHEBI:89669,HMDB0007538
CHEBI:89670,HMDB0007565
CHEBI:89671,HMDB0007566
CHEBI:89672,HMDB0008049
CHEBI:89673,HMDB0007564
CHEBI:89674,HMDB0007562
CHEBI:89675,HMDB0059829
CHEBI:89676,HMDB0059820
CHEBI:89677,HMDB0008067
CHEBI:89678,HMDB0008068
CHEBI:89679,HMDB0008063
CHEBI:89680,HMDB0008064
CHEBI:89681,HMDB0008062
CHEBI:89682,HMDB0007504
CHEBI:89683,HMDB0007501
CHEBI:89684,HMDB0007509
CHEBI:89685,HMDB0007507
CHEBI:89686,HMDB0007505
CHEBI:89687,HMDB0007506
CHEBI:89688,HMDB0008071
CHEBI:89689,HMDB0008078
CHEBI:89690,HMDB0008079
CHEBI:89691,HMDB0008072
CHEBI:89692,HMDB0008073
CHEBI:89693,HMDB0008074
CHEBI:89694,HMDB0008075
CHEBI:89695,HMDB0008080
CHEBI:89696,HMDB0008082
CHEBI:89697,HMDB0008081
CHEBI:89698,HMDB0000676
CHEBI:89699,HMDB0008086
CHEBI:89700,HMDB0060524
CHEBI:89701,HMDB0028816
CHEBI:89702,HMDB0008093
CHEBI:89703,HMDB0008092
CHEBI:89704,HMDB0008091
CHEBI:89705,HMDB0008094
CHEBI:89706,HMDB0008095
CHEBI:89707,HMDB0008096
CHEBI:89708,HMDB0007513
CHEBI:89709,HMDB0007515
CHEBI:89710,HMDB0007516
CHEBI:89711,HMDB0007517
CHEBI:89712,HMDB0033547
CHEBI:89713,HMDB0059874
CHEBI:89714,HMDB0033561
CHEBI:89715,HMDB0033567
CHEBI:89716,HMDB0013329
CHEBI:89717,HMDB0013326
CHEBI:89718,HMDB0039619
CHEBI:89719,HMDB0039618
CHEBI:89720,HMDB0059897
CHEBI:89721,HMDB0059843
CHEBI:89722,HMDB0059847
CHEBI:89723,HMDB0032042
CHEBI:89724,HMDB0032045
CHEBI:89725,HMDB0032047
CHEBI:89726,HMDB0034136
CHEBI:89727,HMDB0059832
CHEBI:89728,HMDB0032076
CHEBI:89729,HMDB0032072
CHEBI:89730,HMDB0000603
CHEBI:89731,HMDB0008001
CHEBI:89732,HMDB0008007
CHEBI:89733,HMDB0008008
CHEBI:89734,HMDB0008012
CHEBI:89735,HMDB0008013
CHEBI:89736,HMDB0008010
CHEBI:89737,HMDB0008011
CHEBI:89738,HMDB0008016
CHEBI:89739,HMDB0008017
CHEBI:89740,HMDB0008014
CHEBI:89741,HMDB0031740
CHEBI:89742,HMDB0013338
CHEBI:89743,HMDB0031685
CHEBI:89744,HMDB0031681
CHEBI:89745,HMDB0013334
CHEBI:89746,HMDB0013331
CHEBI:89747,HMDB0013332
CHEBI:89748,HMDB0013330
CHEBI:89749,HMDB0002130
CHEBI:89750,HMDB0040272
CHEBI:89751,HMDB0005357
CHEBI:89752,HMDB0007490
CHEBI:89753,HMDB0002163
CHEBI:89754,HMDB0005369
CHEBI:89755,HMDB0005367
CHEBI:89756,HMDB0005363
CHEBI:89757,HMDB0005361
CHEBI:89758,HMDB0005362
CHEBI:89759,HMDB0005360
CHEBI:89760,HMDB0002173
CHEBI:89761,HMDB0040295
CHEBI:89762,HMDB0035289
CHEBI:89763,HMDB0005374
CHEBI:89764,HMDB0005375
CHEBI:89765,HMDB0005376
CHEBI:89767,HMDB0005378
CHEBI:89768,HMDB0005379
CHEBI:89769,HMDB0040296
CHEBI:89770,HMDB0002185
CHEBI:89771,HMDB0040297
CHEBI:89772,HMDB0005370
CHEBI:89773,HMDB0040284
CHEBI:89774,HMDB0005388
CHEBI:89775,HMDB0005385
CHEBI:89776,HMDB0005389
CHEBI:89777,HMDB0005380
CHEBI:89778,HMDB0005383
CHEBI:89779,HMDB0005384
CHEBI:89780,HMDB0007452
CHEBI:89781,HMDB0007451
CHEBI:89782,HMDB0007450
CHEBI:89783,HMDB0007456
CHEBI:89784,HMDB0007453
CHEBI:89785,HMDB0007459
CHEBI:89786,HMDB0007458
CHEBI:89787,HMDB0007461
CHEBI:89788,HMDB0007460
CHEBI:89789,HMDB0007473
CHEBI:89790,HMDB0007472
CHEBI:89791,HMDB0035248
CHEBI:89792,HMDB0007479
CHEBI:89793,HMDB0007478
CHEBI:89794,HMDB0007477
CHEBI:89795,HMDB0007476
CHEBI:89796,HMDB0007475
CHEBI:89797,HMDB0007482
CHEBI:89798,HMDB0007485
CHEBI:89799,HMDB0007481
CHEBI:89800,HMDB0007480
CHEBI:89801,HMDB0035239
CHEBI:89802,HMDB0007487
CHEBI:89803,HMDB0007489
CHEBI:89804,HMDB0007488
CHEBI:89805,HMDB0007683
CHEBI:89806,HMDB0007680
CHEBI:89807,HMDB0007684
CHEBI:89808,HMDB0007685
CHEBI:89809,HMDB0059701
CHEBI:89810,HMDB0060602
CHEBI:89811,HMDB0007675
CHEBI:89812,HMDB0007676
CHEBI:89813,HMDB0007678
CHEBI:89814,HMDB0007679
CHEBI:89815,HMDB0030930
CHEBI:89816,HMDB0030928
CHEBI:89817,HMDB0007650
CHEBI:89818,HMDB0030924
CHEBI:89819,HMDB0007657
CHEBI:89820,HMDB0007654
CHEBI:89821,HMDB0007647
CHEBI:89822,HMDB0007646
CHEBI:89823,HMDB0012358
CHEBI:89824,HMDB0012355
CHEBI:89825,HMDB0001855
CHEBI:89826,HMDB0007649
CHEBI:89827,HMDB0030056
CHEBI:89828,HMDB0030059
CHEBI:89829,HMDB0012345
CHEBI:8983,HMDB0257537
CHEBI:89830,HMDB0001868
CHEBI:89831,HMDB0030052
CHEBI:89832,HMDB0030027
CHEBI:89833,HMDB0007621
CHEBI:89834,HMDB0007620
CHEBI:89835,HMDB0030025
CHEBI:89836,HMDB0000783
CHEBI:89837,HMDB0012335
CHEBI:89838,HMDB0007626
CHEBI:89839,HMDB0007627
CHEBI:89840,HMDB0005397
CHEBI:89841,HMDB0005391
CHEBI:89842,HMDB0005390
CHEBI:89844,HMDB0007617
CHEBI:89845,HMDB0007618
CHEBI:89846,HMDB0006559
CHEBI:89847,HMDB0059783
CHEBI:89848,HMDB0059782
CHEBI:89850,HMDB0013444
CHEBI:89851,HMDB0001896
CHEBI:89852,HMDB0013440
CHEBI:89853,HMDB0029672
CHEBI:89854,HMDB0013445
CHEBI:89855,HMDB0013446
CHEBI:89856,HMDB0031653
CHEBI:89857,HMDB0036209
CHEBI:89858,HMDB0059775
CHEBI:89859,HMDB0059773
CHEBI:89860,HMDB0059772
CHEBI:89861,HMDB0059771
CHEBI:89862,HMDB0059770
CHEBI:89863,HMDB0013431
CHEBI:89864,HMDB0013438
CHEBI:89865,HMDB0013439
CHEBI:89866,HMDB0013435
CHEBI:89867,HMDB0013436
CHEBI:89868,HMDB0013437
CHEBI:89869,HMDB0059779
CHEBI:89870,HMDB0036219
CHEBI:89871,HMDB0059777
CHEBI:89872,HMDB0059761
CHEBI:89873,HMDB0030062
CHEBI:89874,HMDB0059760
CHEBI:89875,HMDB0030060
CHEBI:89876,HMDB0059762
CHEBI:89877,HMDB0059765
CHEBI:89878,HMDB0001876
CHEBI:89879,HMDB0013425
CHEBI:8988,HMDB0060510
CHEBI:89880,HMDB0013424
CHEBI:89881,HMDB0013429
CHEBI:89882,HMDB0013427
CHEBI:89883,HMDB0013428
CHEBI:89884,HMDB0059766
CHEBI:89885,HMDB0059767
CHEBI:89886,HMDB0032136
CHEBI:89887,HMDB0059768
CHEBI:89888,HMDB0031635
CHEBI:89889,HMDB0059754
CHEBI:89890,HMDB0059753
CHEBI:89891,HMDB0000753
CHEBI:89892,HMDB0013412
CHEBI:89893,HMDB0013414
CHEBI:89894,HMDB0013416
CHEBI:89895,HMDB0013418
CHEBI:89896,HMDB0059757
CHEBI:89897,HMDB0059758
CHEBI:89898,HMDB0059756
CHEBI:89899,HMDB0059741
CHEBI:8990,HMDB0060511
CHEBI:89900,HMDB0059749
CHEBI:89901,HMDB0059745
CHEBI:89902,HMDB0059744
CHEBI:89903,HMDB0013407
CHEBI:89904,HMDB0031619
CHEBI:89905,HMDB0006593
CHEBI:89907,HMDB0006594
CHEBI:89908,HMDB0011296
CHEBI:89909,HMDB0011297
CHEBI:89910,HMDB0059731
CHEBI:89911,HMDB0059732
CHEBI:89912,HMDB0000737
CHEBI:89913,HMDB0059730
CHEBI:89914,HMDB0011291
CHEBI:89915,HMDB0059739
CHEBI:89916,HMDB0059738
CHEBI:89917,HMDB0006587
CHEBI:89918,HMDB0059735
CHEBI:89919,HMDB0006589
CHEBI:89920,HMDB0029641
CHEBI:89921,HMDB0059733
CHEBI:89922,HMDB0006580
CHEBI:89923,HMDB0011285
CHEBI:89924,HMDB0011286
CHEBI:89925,HMDB0011287
CHEBI:89926,HMDB0011288
CHEBI:89927,HMDB0011283
CHEBI:89928,HMDB0011284
CHEBI:89929,HMDB0000708
CHEBI:89930,HMDB0000709
CHEBI:89931,HMDB0011280
CHEBI:89932,HMDB0006577
CHEBI:89933,HMDB0059727
CHEBI:89934,HMDB0059726
CHEBI:89935,HMDB0059729
CHEBI:89936,HMDB0011276
CHEBI:89937,HMDB0011277
CHEBI:89938,HMDB0011274
CHEBI:89939,HMDB0011275
CHEBI:8994,HMDB0033591
CHEBI:89940,HMDB0011272
CHEBI:89941,HMDB0011273
CHEBI:89943,HMDB0031611
CHEBI:89944,HMDB0031605
CHEBI:89945,HMDB0031607
CHEBI:89946,HMDB0011279
CHEBI:89947,HMDB0011278
CHEBI:89948,HMDB0005411
CHEBI:89949,HMDB0033714
CHEBI:89950,HMDB0005412
CHEBI:89951,HMDB0000819
CHEBI:89952,HMDB0005419
CHEBI:89953,HMDB0011252
CHEBI:89954,HMDB0011255
CHEBI:89955,HMDB0011254
CHEBI:89956,HMDB0011251
CHEBI:89957,HMDB0011269
CHEBI:89958,HMDB0044754
CHEBI:89958,HMDB0005421
CHEBI:89959,HMDB0005423
CHEBI:89960,HMDB0005424
CHEBI:89961,HMDB0005425
CHEBI:89962,HMDB0005426
CHEBI:89963,HMDB0000808
CHEBI:89964,HMDB0011264
CHEBI:89965,HMDB0011236
CHEBI:89966,HMDB0011237
CHEBI:89967,HMDB0011247
CHEBI:89968,HMDB0011245
CHEBI:89969,HMDB0011246
CHEBI:89970,HMDB0005403
CHEBI:89971,HMDB0005405
CHEBI:89972,HMDB0011240
CHEBI:89973,HMDB0011242
CHEBI:89974,HMDB0011217
CHEBI:89975,HMDB0011216
CHEBI:89976,HMDB0011219
CHEBI:89977,HMDB0011218
CHEBI:89978,HMDB0011213
CHEBI:89979,HMDB0011212
CHEBI:89980,HMDB0011214
CHEBI:89981,HMDB0013470
CHEBI:89982,HMDB0002027
CHEBI:89983,HMDB0013471
CHEBI:89984,HMDB0031582
CHEBI:89986,HMDB0031578
CHEBI:89988,HMDB0011227
CHEBI:89989,HMDB0011226
CHEBI:89990,HMDB0011221
CHEBI:89991,HMDB0002904
CHEBI:89992,HMDB0031566
CHEBI:89993,HMDB0031563
CHEBI:89994,HMDB0013459
CHEBI:89995,HMDB0013456
CHEBI:89996,HMDB0013455
CHEBI:89997,HMDB0013452
CHEBI:89998,HMDB0013453
CHEBI:89999,HMDB0011209
CHEBI:90,HMDB0001871
CHEBI:90000,HMDB0003148
CHEBI:90001,HMDB0002015
CHEBI:90002,HMDB0013468
CHEBI:90003,HMDB0013467
CHEBI:90005,HMDB0002011
CHEBI:90006,HMDB0012654
CHEBI:90006,HMDB0013469
CHEBI:90007,HMDB0013463
CHEBI:90008,HMDB0013464
CHEBI:90009,HMDB0013465
CHEBI:90010,HMDB0013466
CHEBI:90011,HMDB0013462
CHEBI:90012,HMDB0061799
CHEBI:90013,HMDB0061798
CHEBI:90014,HMDB0061793
CHEBI:90015,HMDB0061792
CHEBI:90016,HMDB0061791
CHEBI:90017,HMDB0012381
CHEBI:90018,HMDB0061790
CHEBI:90019,HMDB0061797
CHEBI:90020,HMDB0061795
CHEBI:90021,HMDB0012385
CHEBI:90022,HMDB0002062
CHEBI:90023,HMDB0012392
CHEBI:90024,HMDB0012393
CHEBI:90025,HMDB0012395
CHEBI:90026,HMDB0012398
CHEBI:90027,HMDB0040392
CHEBI:90028,HMDB0012365
CHEBI:90029,HMDB0012361
CHEBI:90030,HMDB0012360
CHEBI:90031,HMDB0002044
CHEBI:90032,HMDB0012368
CHEBI:90033,HMDB0012367
CHEBI:90034,HMDB0012375
CHEBI:90035,HMDB0012376
CHEBI:90036,HMDB0012377
CHEBI:90037,HMDB0012371
CHEBI:90038,HMDB0002056
CHEBI:90039,HMDB0002053
CHEBI:90040,HMDB0010166
CHEBI:90041,HMDB0010165
CHEBI:90042,HMDB0005456
CHEBI:90043,HMDB0007599
CHEBI:90044,HMDB0007592
CHEBI:90045,HMDB0007591
CHEBI:90046,HMDB0041932
CHEBI:90047,HMDB0005437
CHEBI:90047,HMDB0045741
CHEBI:90048,HMDB0005438
CHEBI:90049,HMDB0005439
CHEBI:90050,HMDB0005434
CHEBI:90051,HMDB0005433
CHEBI:90052,HMDB0005435
CHEBI:90053,HMDB0044889
CHEBI:90053,HMDB0005430
CHEBI:90054,HMDB0005431
CHEBI:90054,HMDB0045689
CHEBI:90055,HMDB0002089
CHEBI:90056,HMDB0041014
CHEBI:90057,HMDB0007573
CHEBI:90058,HMDB0007572
CHEBI:90059,HMDB0061783
CHEBI:90060,HMDB0061785
CHEBI:90061,HMDB0061780
CHEBI:90062,HMDB0061781
CHEBI:90063,HMDB0061787
CHEBI:90064,HMDB0061789
CHEBI:90065,HMDB0002094
CHEBI:90066,HMDB0005446
CHEBI:90067,HMDB0005445
CHEBI:90068,HMDB0007588
CHEBI:90069,HMDB0045871
CHEBI:90069,HMDB0005444
CHEBI:90070,HMDB0005443
CHEBI:90071,HMDB0007589
CHEBI:90072,HMDB0005441
CHEBI:90073,HMDB0005440
CHEBI:90074,HMDB0002097
CHEBI:90075,HMDB0036097
CHEBI:9008,HMDB0000840
CHEBI:90102,HMDB0303859
CHEBI:90117,HMDB0059912
CHEBI:9014,HMDB0015471
CHEBI:90159,HMDB0062745
CHEBI:90185,HMDB0251150
CHEBI:90187,HMDB0254240
CHEBI:90194,HMDB0029508
CHEBI:90195,HMDB0244393
CHEBI:90206,HMDB0032824
CHEBI:90217,HMDB0257064
CHEBI:90222,HMDB0001041
CHEBI:90224,HMDB0011660
CHEBI:90227,HMDB0304858
CHEBI:9023,HMDB0302709
CHEBI:90230,HMDB0013043
CHEBI:90232,HMDB0244787
CHEBI:90237,HMDB0258709
CHEBI:90240,HMDB0004914
CHEBI:90242,HMDB0041706
CHEBI:90279,HMDB0302021
CHEBI:90290,HMDB0039777
CHEBI:90295,HMDB0256648
CHEBI:90324,HMDB0251520
CHEBI:90326,HMDB0029042
CHEBI:90328,HMDB0029074
CHEBI:90330,HMDB0029137
CHEBI:90332,HMDB0240661
CHEBI:90333,HMDB0000734
CHEBI:90344,HMDB0094696
CHEBI:90354,HMDB0028993
CHEBI:90355,HMDB0002359
CHEBI:90369,HMDB0246699
CHEBI:90402,HMDB0246993
CHEBI:90407,HMDB0013132
CHEBI:90419,HMDB0255086
CHEBI:9042,HMDB0036423
CHEBI:90441,HMDB0244652
CHEBI:90474,HMDB0011351
CHEBI:90479,HMDB0005780
CHEBI:90482,HMDB0011371
CHEBI:90483,HMDB0011376
CHEBI:90484,HMDB0011384
CHEBI:90485,HMDB0011392
CHEBI:90486,HMDB0011409
CHEBI:90487,HMDB0011460
CHEBI:90494,HMDB0240610
CHEBI:90524,HMDB0256521
CHEBI:9053,HMDB0036827
CHEBI:90531,HMDB0258398
CHEBI:90579,HMDB0011485
CHEBI:9061,HMDB0258335
CHEBI:90633,HMDB0256318
CHEBI:90679,HMDB0060607
CHEBI:90679,HMDB0256714
CHEBI:90685,HMDB0256101
CHEBI:90686,HMDB0253339
CHEBI:90687,HMDB0249204
CHEBI:90695,HMDB0244499
CHEBI:90702,HMDB0249652
CHEBI:90705,HMDB0244686
CHEBI:90721,HMDB0254998
CHEBI:90724,HMDB0248269
CHEBI:9073,HMDB0014562
CHEBI:90759,HMDB0012327
CHEBI:9082,HMDB0060509
CHEBI:90841,HMDB0240386
CHEBI:90844,HMDB0258215
CHEBI:90848,HMDB0254922
CHEBI:90865,HMDB0252304
CHEBI:90868,HMDB0036593
CHEBI:90930,HMDB0248596
CHEBI:90936,HMDB0248129
CHEBI:90943,HMDB0248778
CHEBI:90951,HMDB0247669
CHEBI:9096,HMDB0004119
CHEBI:90970,HMDB0062686
CHEBI:90990,HMDB0060105
CHEBI:90994,HMDB0245998
CHEBI:90995,HMDB0062747
CHEBI:91018,HMDB0030299
CHEBI:91021,HMDB0034394
CHEBI:91021,HMDB0034398
CHEBI:91038,HMDB0006050
CHEBI:91043,HMDB0245251
CHEBI:91069,HMDB0249047
CHEBI:91078,HMDB0246747
CHEBI:91088,HMDB0258528
CHEBI:91091,HMDB0250080
CHEBI:91107,HMDB0257518
CHEBI:91108,HMDB0246120
CHEBI:91110,HMDB0032630
CHEBI:91114,HMDB0246303
CHEBI:9112,HMDB0034317
CHEBI:91132,HMDB0006245
CHEBI:91133,HMDB0013041
CHEBI:91136,HMDB0062615
CHEBI:91140,HMDB0062293
CHEBI:91146,HMDB0012095
CHEBI:91151,HMDB0035665
CHEBI:91152,HMDB0035923
CHEBI:91164,HMDB0094687
CHEBI:91165,HMDB0036588
CHEBI:91181,HMDB0304463
CHEBI:91185,HMDB0260032
CHEBI:91194,HMDB0253798
CHEBI:91215,HMDB0244864
CHEBI:91218,HMDB0035919
CHEBI:9122,HMDB0015618
CHEBI:91222,HMDB0255520
CHEBI:91224,HMDB0246889
CHEBI:9123,HMDB0005010
CHEBI:91231,HMDB0256572
CHEBI:9124,HMDB0005010
CHEBI:91264,HMDB0012534
CHEBI:91268,HMDB0011135
CHEBI:91271,HMDB0062688
CHEBI:91275,HMDB0255094
CHEBI:91286,HMDB0010216
CHEBI:9130,HMDB0015366
CHEBI:91316,HMDB0001844
CHEBI:91326,HMDB0248689
CHEBI:91331,HMDB0249936
CHEBI:91335,HMDB0247549
CHEBI:91356,HMDB0247170
CHEBI:9138,HMDB0033325
CHEBI:9139,HMDB0005039
CHEBI:91390,HMDB0247175
CHEBI:91396,HMDB0247670
CHEBI:91399,HMDB0246181
CHEBI:91400,HMDB0248040
CHEBI:91402,HMDB0254107
CHEBI:91420,HMDB0256210
CHEBI:91430,HMDB0246179
CHEBI:91432,HMDB0249386
CHEBI:91434,HMDB0252658
CHEBI:91435,HMDB0254099
CHEBI:9144,HMDB0030583
CHEBI:91462,HMDB0258527
CHEBI:91464,HMDB0249058
CHEBI:91466,HMDB0250823
CHEBI:91494,HMDB0249421
CHEBI:9150,HMDB0005007
CHEBI:91506,HMDB0250243
CHEBI:91519,HMDB0060549
CHEBI:91532,HMDB0250425
CHEBI:91545,HMDB0249087
CHEBI:91548,HMDB0252979
CHEBI:91549,HMDB0249324
CHEBI:91555,HMDB0242339
CHEBI:91556,HMDB0249491
CHEBI:91570,HMDB0259177
CHEBI:91572,HMDB0252665
CHEBI:91575,HMDB0250842
CHEBI:91576,HMDB0253321
CHEBI:9159,HMDB0036633
CHEBI:91594,HMDB0247247
CHEBI:91598,HMDB0253061
CHEBI:91606,HMDB0260125
CHEBI:91610,HMDB0244999
CHEBI:91615,HMDB0256168
CHEBI:91616,HMDB0254180
CHEBI:91619,HMDB0254511
CHEBI:9162,HMDB0034070
CHEBI:91628,HMDB0249859
CHEBI:91629,HMDB0246470
CHEBI:91647,HMDB0255498
CHEBI:91653,HMDB0251961
CHEBI:91666,HMDB0253364
CHEBI:9168,HMDB0015015
CHEBI:91697,HMDB0255782
CHEBI:9171,HMDB0000466
CHEBI:91715,HMDB0260180
CHEBI:91723,HMDB0247956
CHEBI:91736,HMDB0257279
CHEBI:91751,HMDB0247781
CHEBI:91765,HMDB0249490
CHEBI:91775,HMDB0245716
CHEBI:91792,HMDB0250657
CHEBI:91796,HMDB0257233
CHEBI:91799,HMDB0243806
CHEBI:91804,HMDB0001069
CHEBI:91816,HMDB0250015
CHEBI:91825,HMDB0250864
CHEBI:9183,HMDB0034027
CHEBI:91852,HMDB0242414
CHEBI:91862,HMDB0259902
CHEBI:91863,HMDB0242214
CHEBI:91873,HMDB0257469
CHEBI:9188,HMDB0034202
CHEBI:91888,HMDB0253809
CHEBI:91894,HMDB0257813
CHEBI:91895,HMDB0257765
CHEBI:91896,HMDB0249866
CHEBI:91899,HMDB0242500
CHEBI:9190,HMDB0035282
CHEBI:91913,HMDB0250060
CHEBI:91920,HMDB0252024
CHEBI:91924,HMDB0248908
CHEBI:91927,HMDB0242692
CHEBI:91928,HMDB0257056
CHEBI:91930,HMDB0244464
CHEBI:91931,HMDB0248937
CHEBI:91934,HMDB0252978
CHEBI:91944,HMDB0249966
CHEBI:91950,HMDB0247784
CHEBI:91951,HMDB0253354
CHEBI:91956,HMDB0247693
CHEBI:91977,HMDB0252477
CHEBI:91996,HMDB0251289
CHEBI:920,HMDB0245464
CHEBI:92029,HMDB0244522
CHEBI:9209,HMDB0034648
CHEBI:9211,HMDB0034649
CHEBI:9212,HMDB0015339
CHEBI:92147,HMDB0254807
CHEBI:9215,HMDB0015055
CHEBI:92194,HMDB0259992
CHEBI:92207,HMDB0252929
CHEBI:92209,HMDB0255487
CHEBI:92211,HMDB0258336
CHEBI:92212,HMDB0244549
CHEBI:92246,HMDB0001930
CHEBI:92254,HMDB0248050
CHEBI:92281,HMDB0250258
CHEBI:92320,HMDB0249020
CHEBI:92327,HMDB0247113
CHEBI:9233,HMDB0258423
CHEBI:92359,HMDB0245302
CHEBI:92386,HMDB0259938
CHEBI:92389,HMDB0248267
CHEBI:92409,HMDB0254810
CHEBI:9241,HMDB0014565
CHEBI:9242,HMDB0258432
CHEBI:9249,HMDB0003116
CHEBI:92491,HMDB0254162
CHEBI:92505,HMDB0249109
CHEBI:92511,HMDB0015056
CHEBI:92538,HMDB0252483
CHEBI:92539,HMDB0249327
CHEBI:9254,HMDB0303351
CHEBI:92545,HMDB0246691
CHEBI:92566,HMDB0251472
CHEBI:92597,HMDB0252239
CHEBI:92609,HMDB0014367
CHEBI:9261,HMDB0258495
CHEBI:92611,HMDB0258525
CHEBI:9271,HMDB0034945
CHEBI:92766,HMDB0243648
CHEBI:92804,HMDB0245669
CHEBI:92823,HMDB0244477
CHEBI:92867,HMDB0252649
CHEBI:9287,HMDB0258512
CHEBI:9288,HMDB0014572
CHEBI:92893,HMDB0247567
CHEBI:92896,HMDB0248195
CHEBI:92898,HMDB0241918
CHEBI:929,HMDB0006821
CHEBI:92916,HMDB0257530
CHEBI:92928,HMDB0250300
CHEBI:9300,HMDB0000893
CHEBI:93043,HMDB0255778
CHEBI:9307,HMDB0240653
CHEBI:93118,HMDB0244373
CHEBI:93125,HMDB0249972
CHEBI:9313,HMDB0014508
CHEBI:9316,HMDB0014846
CHEBI:93166,HMDB0257698
CHEBI:93178,HMDB0258284
CHEBI:93197,HMDB0247791
CHEBI:93201,HMDB0260031
CHEBI:93277,HMDB0259360
CHEBI:9328,HMDB0014503
CHEBI:9329,HMDB0015413
CHEBI:9330,HMDB0034830
CHEBI:9331,HMDB0014715
CHEBI:9332,HMDB0015150
CHEBI:9334,HMDB0014933
CHEBI:9336,HMDB0256507
CHEBI:9337,HMDB0015619
CHEBI:93373,HMDB0245247
CHEBI:9339,HMDB0034852
CHEBI:93415,HMDB0244372
CHEBI:9342,HMDB0015269
CHEBI:93466,HMDB0246125
CHEBI:9347,HMDB0002639
CHEBI:93477,HMDB0259121
CHEBI:93478,HMDB0246033
CHEBI:9348,HMDB0258595
CHEBI:93486,HMDB0245759
CHEBI:9349,HMDB0004983
CHEBI:93517,HMDB0255961
CHEBI:93519,HMDB0257336
CHEBI:9352,HMDB0014743
CHEBI:93530,HMDB0247196
CHEBI:9360,HMDB0302361
CHEBI:93612,HMDB0255488
CHEBI:9362,HMDB0015008
CHEBI:93630,HMDB0248566
CHEBI:93635,HMDB0015377
CHEBI:9368,HMDB0258642
CHEBI:9369,HMDB0030569
CHEBI:93753,HMDB0248513
CHEBI:93755,HMDB0244762
CHEBI:93756,HMDB0243488
CHEBI:93763,HMDB0251554
CHEBI:93766,HMDB0252670
CHEBI:93772,HMDB0253716
CHEBI:93774,HMDB0248077
CHEBI:93776,HMDB0256358
CHEBI:93781,HMDB0256930
CHEBI:93793,HMDB0249128
CHEBI:93811,HMDB0246228
CHEBI:93813,HMDB0244744
CHEBI:93815,HMDB0243505
CHEBI:93817,HMDB0246817
CHEBI:93820,HMDB0245554
CHEBI:93859,HMDB0260015
CHEBI:93862,HMDB0249592
CHEBI:93880,HMDB0258957
CHEBI:93885,HMDB0248071
CHEBI:93891,HMDB0252457
CHEBI:93899,HMDB0030745
CHEBI:93910,HMDB0249563
CHEBI:9395,HMDB0302153
CHEBI:9398,HMDB0014844
CHEBI:9400,HMDB0030539
CHEBI:94003,HMDB0245347
CHEBI:9401,HMDB0035920
CHEBI:94035,HMDB0014429
CHEBI:94057,HMDB0256415
CHEBI:94063,HMDB0250821
CHEBI:94094,HMDB0247797
CHEBI:9410,HMDB0000896
CHEBI:94186,HMDB0259316
CHEBI:9421,HMDB0015544
CHEBI:9422,HMDB0258765
CHEBI:9429,HMDB0042024
CHEBI:943,HMDB0245512
CHEBI:94318,HMDB0035830
CHEBI:94331,HMDB0242150
CHEBI:9434,HMDB0015101
CHEBI:94340,HMDB0259034
CHEBI:94353,HMDB0242507
CHEBI:94357,HMDB0255502
CHEBI:94358,HMDB0247798
CHEBI:9436,HMDB0061721
CHEBI:9437,HMDB0258804
CHEBI:94382,HMDB0251936
CHEBI:94386,HMDB0254702
CHEBI:94389,HMDB0246244
CHEBI:94390,HMDB0251098
CHEBI:94398,HMDB0247880
CHEBI:94418,HMDB0247876
CHEBI:94427,HMDB0249769
CHEBI:94436,HMDB0259079
CHEBI:94444,HMDB0242698
CHEBI:9445,HMDB0015293
CHEBI:94454,HMDB0252213
CHEBI:94462,HMDB0260253
CHEBI:94463,HMDB0243988
CHEBI:9448,HMDB0014995
CHEBI:94480,HMDB0253939
CHEBI:9449,HMDB0015009
CHEBI:94513,HMDB0014841
CHEBI:94522,HMDB0247477
CHEBI:94524,HMDB0247367
CHEBI:94563,HMDB0249061
CHEBI:94568,HMDB0243646
CHEBI:9457,HMDB0036994
CHEBI:94591,HMDB0252122
CHEBI:94593,HMDB0251160
CHEBI:9460,HMDB0015031
CHEBI:94621,HMDB0258573
CHEBI:94638,HMDB0249836
CHEBI:9464,HMDB0005814
CHEBI:94671,HMDB0247176
CHEBI:9468,HMDB0258868
CHEBI:94683,HMDB0250246
CHEBI:94685,HMDB0247786
CHEBI:94686,HMDB0015215
CHEBI:94695,HMDB0247587
CHEBI:94701,HMDB0015206
CHEBI:94705,HMDB0258826
CHEBI:94714,HMDB0251602
CHEBI:94736,HMDB0254882
CHEBI:94745,HMDB0259921
CHEBI:94769,HMDB0250289
CHEBI:9479,HMDB0000494
CHEBI:9481,HMDB0000268
CHEBI:9493,HMDB0006836
CHEBI:9495,HMDB0259039
CHEBI:94964,HMDB0250058
CHEBI:94985,HMDB0249179
CHEBI:94989,HMDB0247736
CHEBI:94998,HMDB0250047
CHEBI:95070,HMDB0255036
CHEBI:95117,HMDB0244766
CHEBI:95120,HMDB0255414
CHEBI:95123,HMDB0259750
CHEBI:95124,HMDB0242219
CHEBI:95133,HMDB0029561
CHEBI:95136,HMDB0038703
CHEBI:95156,HMDB0249220
CHEBI:95159,HMDB0250570
CHEBI:95163,HMDB0242304
CHEBI:95165,HMDB0255781
CHEBI:95169,HMDB0039085
CHEBI:95176,HMDB0247553
CHEBI:95185,HMDB0252882
CHEBI:95191,HMDB0244189
CHEBI:95202,HMDB0244354
CHEBI:95217,HMDB0254645
CHEBI:9532,HMDB0001372
CHEBI:9533,HMDB0002666
CHEBI:9534,HMDB0001512
CHEBI:95344,HMDB0251866
CHEBI:95352,HMDB0247518
CHEBI:95357,HMDB0256926
CHEBI:9536,HMDB0015285
CHEBI:9544,HMDB0014516
CHEBI:955,HMDB0034158
CHEBI:9555,HMDB0014496
CHEBI:9566,HMDB0014817
CHEBI:957,HMDB0245521
CHEBI:9577,HMDB0036115
CHEBI:9582,HMDB0037334
CHEBI:9586,HMDB0015042
CHEBI:9587,HMDB0015545
CHEBI:9588,HMDB0014353
CHEBI:9590,HMDB0259082
CHEBI:9591,HMDB0259086
CHEBI:9592,HMDB0001470
CHEBI:9599,HMDB0014517
CHEBI:9605,HMDB0014913
CHEBI:961,HMDB0301847
CHEBI:9611,HMDB0015189
CHEBI:9613,HMDB0014977
CHEBI:9620,HMDB0005005
CHEBI:9622,HMDB0015170
CHEBI:9629,HMDB0034731
CHEBI:9630,HMDB0034103
CHEBI:9635,HMDB0014679
CHEBI:9637,HMDB0014359
CHEBI:9642,HMDB0032462
CHEBI:9654,HMDB0014794
CHEBI:9661,HMDB0029592
CHEBI:9666,HMDB0259143
CHEBI:9667,HMDB0014758
CHEBI:9671,HMDB0001940
CHEBI:9674,HMDB0015034
CHEBI:9682,HMDB0259186
CHEBI:9683,HMDB0015156
CHEBI:9699,HMDB0035400
CHEBI:9701,HMDB0014648
CHEBI:9711,HMDB0014650
CHEBI:9720,HMDB0014520
CHEBI:9728,HMDB0015248
CHEBI:9737,HMDB0015288
CHEBI:9738,HMDB0014864
CHEBI:9751,HMDB0301832
CHEBI:9753,HMDB0259292
CHEBI:9754,HMDB0240288
CHEBI:9763,HMDB0014823
CHEBI:9774,HMDB0015330
CHEBI:978,HMDB0003904
CHEBI:98,HMDB0036101
CHEBI:98,HMDB0036102
CHEBI:9847,HMDB0246788
CHEBI:9859,HMDB0033748
CHEBI:9884,HMDB0014929
CHEBI:9889,HMDB0248159
CHEBI:99,HMDB0036629
CHEBI:9901,HMDB0000903
CHEBI:9907,HMDB0000946
CHEBI:9908,HMDB0002395
CHEBI:991,HMDB0244975
CHEBI:9927,HMDB0014323
CHEBI:9939,HMDB0015432
CHEBI:9943,HMDB0005016
CHEBI:995,HMDB0001330
CHEBI:9992,HMDB0302837
