id1,id2,pair_id,true_class,predicted_class,score_S,correct_prediction
CHEBI_125535,CHEBI_94577,CHEBI_125535_CHEBI_94577,diastereomer,diastereomer,100.0,1
CHEBI_75862,CHEBI_76035,CHEBI_75862_CHEBI_76035,diastereomer,diastereomer,100.0,1
CHEBI_218679,CHEBI_218673,CHEBI_218673_CHEBI_218679,diastereomer,diastereomer,77.0,1
CHEBI_122224,CHEBI_122326,CHEBI_122224_CHEBI_122326,diastereomer,diastereomer,100.0,1
CHEBI_214863,CHEBI_226208,CHEBI_214863_CHEBI_226208,diastereomer,diastereomer,100.0,1
CHEBI_172329,CHEBI_180018,CHEBI_172329_CHEBI_180018,diastereomer,diastereomer,80.0,1
CHEBI_106575,CHEBI_106630,CHEBI_106575_CHEBI_106630,diastereomer,diastereomer,100.0,1
CHEBI_113930,CHEBI_114092,CHEBI_113930_CHEBI_114092,diastereomer,diastereomer,100.0,1
CHEBI_69289,CHEBI_69288,CHEBI_69288_CHEBI_69289,diastereomer,diastereomer,100.0,1
CHEBI_198846,CHEBI_216672,CHEBI_198846_CHEBI_216672,diastereomer,diastereomer,100.0,1
CHEBI_199007,CHEBI_205800,CHEBI_199007_CHEBI_205800,diastereomer,diastereomer,78.0,1
CHEBI_201299,CHEBI_198375,CHEBI_198375_CHEBI_201299,diastereomer,diastereomer,100.0,1
CHEBI_69950,CHEBI_69951,CHEBI_69950_CHEBI_69951,diastereomer,diastereomer,83.0,1
CHEBI_100694,CHEBI_102076,CHEBI_100694_CHEBI_102076,diastereomer,diastereomer,100.0,1
CHEBI_106673,CHEBI_106456,CHEBI_106456_CHEBI_106673,diastereomer,diastereomer,100.0,1
CHEBI_222346,CHEBI_207342,CHEBI_207342_CHEBI_222346,diastereomer,diastereomer,100.0,1
CHEBI_211559,CHEBI_200444,CHEBI_200444_CHEBI_211559,diastereomer,diastereomer,100.0,1
CHEBI_62043,CHEBI_45352,CHEBI_45352_CHEBI_62043,diastereomer,diastereomer,100.0,1
CHEBI_211767,CHEBI_211773,CHEBI_211767_CHEBI_211773,diastereomer,diastereomer,100.0,1
CHEBI_59987,CHEBI_59286,CHEBI_59286_CHEBI_59987,diastereomer,diastereomer,100.0,1
CHEBI_186138,CHEBI_185828,CHEBI_185828_CHEBI_186138,diastereomer,diastereomer,100.0,1
CHEBI_165330,CHEBI_165323,CHEBI_165323_CHEBI_165330,diastereomer,diastereomer,100.0,1
CHEBI_28023,CHEBI_231434,CHEBI_231434_CHEBI_28023,diastereomer,diastereomer,100.0,1
CHEBI_225165,CHEBI_225172,CHEBI_225165_CHEBI_225172,diastereomer,diastereomer,100.0,1
CHEBI_214220,CHEBI_199551,CHEBI_199551_CHEBI_214220,diastereomer,diastereomer,100.0,1
CHEBI_100353,CHEBI_100432,CHEBI_100353_CHEBI_100432,diastereomer,diastereomer,100.0,1
CHEBI_184582,CHEBI_176154,CHEBI_176154_CHEBI_184582,diastereomer,diastereomer,100.0,1
CHEBI_218489,CHEBI_216303,CHEBI_216303_CHEBI_218489,diastereomer,diastereomer,100.0,1
CHEBI_102658,CHEBI_112965,CHEBI_102658_CHEBI_112965,diastereomer,diastereomer,100.0,1
CHEBI_67615,CHEBI_67616,CHEBI_67615_CHEBI_67616,diastereomer,diastereomer,100.0,1
CHEBI_176846,CHEBI_176847,CHEBI_176846_CHEBI_176847,diastereomer,diastereomer,100.0,1
CHEBI_200475,CHEBI_204206,CHEBI_200475_CHEBI_204206,diastereomer,diastereomer,100.0,1
CHEBI_90259,CHEBI_91122,CHEBI_90259_CHEBI_91122,diastereomer,diastereomer,100.0,1
CHEBI_67634,CHEBI_67633,CHEBI_67633_CHEBI_67634,diastereomer,diastereomer,100.0,1
CHEBI_168147,CHEBI_185504,CHEBI_168147_CHEBI_185504,diastereomer,diastereomer,100.0,1
CHEBI_96282,CHEBI_96633,CHEBI_96282_CHEBI_96633,diastereomer,diastereomer,100.0,1
CHEBI_100548,CHEBI_100491,CHEBI_100491_CHEBI_100548,diastereomer,diastereomer,100.0,1
CHEBI_83040,CHEBI_83037,CHEBI_83037_CHEBI_83040,diastereomer,diastereomer,100.0,1
CHEBI_96608,CHEBI_95752,CHEBI_95752_CHEBI_96608,diastereomer,diastereomer,100.0,1
CHEBI_62883,CHEBI_62882,CHEBI_62882_CHEBI_62883,diastereomer,diastereomer,100.0,1
CHEBI_177907,CHEBI_15948,CHEBI_15948_CHEBI_177907,diastereomer,diastereomer,75.0,1
CHEBI_212961,CHEBI_212951,CHEBI_212951_CHEBI_212961,diastereomer,diastereomer,76.0,1
CHEBI_218345,CHEBI_218309,CHEBI_218309_CHEBI_218345,diastereomer,diastereomer,100.0,1
CHEBI_70480,CHEBI_70479,CHEBI_70479_CHEBI_70480,diastereomer,diastereomer,100.0,1
CHEBI_55353,CHEBI_16717,CHEBI_16717_CHEBI_55353,diastereomer,diastereomer,78.0,1
CHEBI_101150,CHEBI_98680,CHEBI_101150_CHEBI_98680,diastereomer,diastereomer,100.0,1
CHEBI_225245,CHEBI_225249,CHEBI_225245_CHEBI_225249,diastereomer,diastereomer,100.0,1
CHEBI_100186,CHEBI_103016,CHEBI_100186_CHEBI_103016,diastereomer,diastereomer,100.0,1
CHEBI_207470,CHEBI_205260,CHEBI_205260_CHEBI_207470,diastereomer,diastereomer,100.0,1
CHEBI_126888,CHEBI_129250,CHEBI_126888_CHEBI_129250,diastereomer,diastereomer,100.0,1
CHEBI_206730,CHEBI_199920,CHEBI_199920_CHEBI_206730,diastereomer,diastereomer,76.0,1
CHEBI_110783,CHEBI_110771,CHEBI_110771_CHEBI_110783,diastereomer,diastereomer,100.0,1
CHEBI_97846,CHEBI_102205,CHEBI_102205_CHEBI_97846,diastereomer,diastereomer,100.0,1
CHEBI_104453,CHEBI_104528,CHEBI_104453_CHEBI_104528,diastereomer,diastereomer,100.0,1
CHEBI_151474,CHEBI_146775,CHEBI_146775_CHEBI_151474,diastereomer,diastereomer,100.0,1
CHEBI_58142,CHEBI_57732,CHEBI_57732_CHEBI_58142,diastereomer,diastereomer,77.0,1
CHEBI_95744,CHEBI_95862,CHEBI_95744_CHEBI_95862,diastereomer,diastereomer,100.0,1
CHEBI_216941,CHEBI_204158,CHEBI_204158_CHEBI_216941,diastereomer,diastereomer,100.0,1
CHEBI_17521,CHEBI_36124,CHEBI_17521_CHEBI_36124,enantiomer,diastereomer,100.0,0
CHEBI_130255,CHEBI_129691,CHEBI_129691_CHEBI_130255,diastereomer,diastereomer,100.0,1
CHEBI_119096,CHEBI_118949,CHEBI_118949_CHEBI_119096,diastereomer,diastereomer,100.0,1
CHEBI_132916,CHEBI_132915,CHEBI_132915_CHEBI_132916,enantiomer,diastereomer,100.0,0
CHEBI_47998,CHEBI_47999,CHEBI_47998_CHEBI_47999,diastereomer,diastereomer,100.0,1
CHEBI_172982,CHEBI_172965,CHEBI_172965_CHEBI_172982,diastereomer,diastereomer,100.0,1
CHEBI_215576,CHEBI_212760,CHEBI_212760_CHEBI_215576,diastereomer,diastereomer,100.0,1
CHEBI_216486,CHEBI_217430,CHEBI_216486_CHEBI_217430,diastereomer,diastereomer,100.0,1
CHEBI_188988,CHEBI_188994,CHEBI_188988_CHEBI_188994,diastereomer,diastereomer,100.0,1
CHEBI_199465,CHEBI_198581,CHEBI_198581_CHEBI_199465,diastereomer,diastereomer,78.0,1
CHEBI_119003,CHEBI_119008,CHEBI_119003_CHEBI_119008,diastereomer,diastereomer,100.0,1
CHEBI_130097,CHEBI_131021,CHEBI_130097_CHEBI_131021,diastereomer,diastereomer,100.0,1
CHEBI_174257,CHEBI_187264,CHEBI_174257_CHEBI_187264,diastereomer,diastereomer,78.0,1
CHEBI_129705,CHEBI_130617,CHEBI_129705_CHEBI_130617,diastereomer,diastereomer,100.0,1
CHEBI_232268,CHEBI_232194,CHEBI_232194_CHEBI_232268,diastereomer,diastereomer,100.0,1
CHEBI_227193,CHEBI_227189,CHEBI_227189_CHEBI_227193,diastereomer,diastereomer,100.0,1
CHEBI_223701,CHEBI_200430,CHEBI_200430_CHEBI_223701,diastereomer,diastereomer,100.0,1
CHEBI_167352,CHEBI_169732,CHEBI_167352_CHEBI_169732,diastereomer,diastereomer,100.0,1
CHEBI_103153,CHEBI_101493,CHEBI_101493_CHEBI_103153,diastereomer,diastereomer,100.0,1
CHEBI_27508,CHEBI_48153,CHEBI_27508_CHEBI_48153,diastereomer,diastereomer,100.0,1
CHEBI_157238,CHEBI_153424,CHEBI_153424_CHEBI_157238,diastereomer,diastereomer,100.0,1
CHEBI_70562,CHEBI_70563,CHEBI_70562_CHEBI_70563,diastereomer,diastereomer,100.0,1
CHEBI_59818,CHEBI_59820,CHEBI_59818_CHEBI_59820,diastereomer,diastereomer,100.0,1
CHEBI_113705,CHEBI_124286,CHEBI_113705_CHEBI_124286,diastereomer,diastereomer,100.0,1
CHEBI_76041,CHEBI_75859,CHEBI_75859_CHEBI_76041,diastereomer,diastereomer,100.0,1
CHEBI_174781,CHEBI_174780,CHEBI_174780_CHEBI_174781,diastereomer,diastereomer,79.0,1
CHEBI_215528,CHEBI_208828,CHEBI_208828_CHEBI_215528,diastereomer,diastereomer,97.0,1
CHEBI_99180,CHEBI_102343,CHEBI_102343_CHEBI_99180,diastereomer,diastereomer,100.0,1
CHEBI_205777,CHEBI_206508,CHEBI_205777_CHEBI_206508,diastereomer,diastereomer,100.0,1
CHEBI_127007,CHEBI_128443,CHEBI_127007_CHEBI_128443,diastereomer,diastereomer,100.0,1
CHEBI_211155,CHEBI_211149,CHEBI_211149_CHEBI_211155,diastereomer,diastereomer,100.0,1
CHEBI_124274,CHEBI_124872,CHEBI_124274_CHEBI_124872,diastereomer,diastereomer,100.0,1
CHEBI_110656,CHEBI_110669,CHEBI_110656_CHEBI_110669,diastereomer,diastereomer,100.0,1
CHEBI_203508,CHEBI_223686,CHEBI_203508_CHEBI_223686,diastereomer,diastereomer,100.0,1
CHEBI_112061,CHEBI_112029,CHEBI_112029_CHEBI_112061,diastereomer,diastereomer,100.0,1
CHEBI_124532,CHEBI_103734,CHEBI_103734_CHEBI_124532,diastereomer,diastereomer,100.0,1
CHEBI_117417,CHEBI_117293,CHEBI_117293_CHEBI_117417,diastereomer,diastereomer,100.0,1
CHEBI_214250,CHEBI_214256,CHEBI_214250_CHEBI_214256,diastereomer,diastereomer,100.0,1
CHEBI_219551,CHEBI_219546,CHEBI_219546_CHEBI_219551,diastereomer,diastereomer,84.0,1
CHEBI_28344,CHEBI_28164,CHEBI_28164_CHEBI_28344,diastereomer,diastereomer,100.0,1
CHEBI_34310,CHEBI_50516,CHEBI_34310_CHEBI_50516,diastereomer,diastereomer,100.0,1
CHEBI_127129,CHEBI_130645,CHEBI_127129_CHEBI_130645,diastereomer,diastereomer,100.0,1
CHEBI_216928,CHEBI_216921,CHEBI_216921_CHEBI_216928,diastereomer,diastereomer,75.0,1
CHEBI_213425,CHEBI_200856,CHEBI_200856_CHEBI_213425,diastereomer,diastereomer,100.0,1
CHEBI_67913,CHEBI_68381,CHEBI_67913_CHEBI_68381,diastereomer,diastereomer,100.0,1
CHEBI_188918,CHEBI_185407,CHEBI_185407_CHEBI_188918,diastereomer,diastereomer,100.0,1
CHEBI_171784,CHEBI_145741,CHEBI_145741_CHEBI_171784,diastereomer,diastereomer,77.0,1
CHEBI_130430,CHEBI_128720,CHEBI_128720_CHEBI_130430,diastereomer,diastereomer,100.0,1
CHEBI_210640,CHEBI_210645,CHEBI_210640_CHEBI_210645,diastereomer,diastereomer,81.0,1
CHEBI_100021,CHEBI_97991,CHEBI_100021_CHEBI_97991,diastereomer,diastereomer,100.0,1
CHEBI_17395,CHEBI_16433,CHEBI_16433_CHEBI_17395,diastereomer,diastereomer,77.0,1
CHEBI_69568,CHEBI_69569,CHEBI_69568_CHEBI_69569,diastereomer,diastereomer,100.0,1
CHEBI_205140,CHEBI_201969,CHEBI_201969_CHEBI_205140,diastereomer,diastereomer,100.0,1
CHEBI_224566,CHEBI_219196,CHEBI_219196_CHEBI_224566,diastereomer,diastereomer,100.0,1
CHEBI_97797,CHEBI_101779,CHEBI_101779_CHEBI_97797,diastereomer,diastereomer,100.0,1
CHEBI_209795,CHEBI_209766,CHEBI_209766_CHEBI_209795,diastereomer,diastereomer,100.0,1
CHEBI_118129,CHEBI_118032,CHEBI_118032_CHEBI_118129,diastereomer,diastereomer,100.0,1
CHEBI_218847,CHEBI_218853,CHEBI_218847_CHEBI_218853,diastereomer,diastereomer,100.0,1
CHEBI_212964,CHEBI_212970,CHEBI_212964_CHEBI_212970,diastereomer,diastereomer,100.0,1
CHEBI_128728,CHEBI_126931,CHEBI_126931_CHEBI_128728,diastereomer,diastereomer,100.0,1
CHEBI_70584,CHEBI_70585,CHEBI_70584_CHEBI_70585,diastereomer,diastereomer,100.0,1
CHEBI_118955,CHEBI_119154,CHEBI_118955_CHEBI_119154,diastereomer,diastereomer,100.0,1
CHEBI_16980,CHEBI_29020,CHEBI_16980_CHEBI_29020,diastereomer,diastereomer,84.0,1
CHEBI_156943,CHEBI_152003,CHEBI_152003_CHEBI_156943,diastereomer,diastereomer,100.0,1
CHEBI_155,CHEBI_168,CHEBI_155_CHEBI_168,diastereomer,diastereomer,100.0,1
CHEBI_209318,CHEBI_209305,CHEBI_209305_CHEBI_209318,diastereomer,diastereomer,100.0,1
CHEBI_78412,CHEBI_35616,CHEBI_35616_CHEBI_78412,diastereomer,diastereomer,80.0,1
CHEBI_200292,CHEBI_203894,CHEBI_200292_CHEBI_203894,diastereomer,diastereomer,100.0,1
CHEBI_226292,CHEBI_226287,CHEBI_226287_CHEBI_226292,diastereomer,diastereomer,100.0,1
CHEBI_232096,CHEBI_90988,CHEBI_232096_CHEBI_90988,diastereomer,diastereomer,100.0,1
CHEBI_100089,CHEBI_102297,CHEBI_100089_CHEBI_102297,diastereomer,diastereomer,100.0,1
CHEBI_215688,CHEBI_215693,CHEBI_215688_CHEBI_215693,diastereomer,diastereomer,100.0,1
CHEBI_200809,CHEBI_222467,CHEBI_200809_CHEBI_222467,diastereomer,diastereomer,100.0,1
CHEBI_139138,CHEBI_182389,CHEBI_139138_CHEBI_182389,diastereomer,diastereomer,100.0,1
CHEBI_83081,CHEBI_83080,CHEBI_83080_CHEBI_83081,diastereomer,diastereomer,100.0,1
CHEBI_59621,CHEBI_61872,CHEBI_59621_CHEBI_61872,diastereomer,diastereomer,100.0,1
CHEBI_63872,CHEBI_42665,CHEBI_42665_CHEBI_63872,diastereomer,diastereomer,100.0,1
CHEBI_4938,CHEBI_708,CHEBI_4938_CHEBI_708,diastereomer,diastereomer,100.0,1
CHEBI_32537,CHEBI_32539,CHEBI_32537_CHEBI_32539,diastereomer,diastereomer,100.0,1
CHEBI_206359,CHEBI_206371,CHEBI_206359_CHEBI_206371,diastereomer,diastereomer,100.0,1
CHEBI_77809,CHEBI_78640,CHEBI_77809_CHEBI_78640,diastereomer,diastereomer,100.0,1
CHEBI_118024,CHEBI_118026,CHEBI_118024_CHEBI_118026,diastereomer,diastereomer,100.0,1
CHEBI_209537,CHEBI_209531,CHEBI_209531_CHEBI_209537,diastereomer,diastereomer,100.0,1
CHEBI_123586,CHEBI_123456,CHEBI_123456_CHEBI_123586,diastereomer,diastereomer,100.0,1
CHEBI_207234,CHEBI_227667,CHEBI_207234_CHEBI_227667,diastereomer,diastereomer,76.0,1
CHEBI_206811,CHEBI_206805,CHEBI_206805_CHEBI_206811,diastereomer,diastereomer,100.0,1
CHEBI_97613,CHEBI_97954,CHEBI_97613_CHEBI_97954,diastereomer,diastereomer,100.0,1
CHEBI_102712,CHEBI_103223,CHEBI_102712_CHEBI_103223,diastereomer,diastereomer,100.0,1
CHEBI_187712,CHEBI_187499,CHEBI_187499_CHEBI_187712,diastereomer,diastereomer,82.0,1
CHEBI_209728,CHEBI_209734,CHEBI_209728_CHEBI_209734,diastereomer,diastereomer,100.0,1
CHEBI_176081,CHEBI_176074,CHEBI_176074_CHEBI_176081,diastereomer,diastereomer,76.0,1
CHEBI_218126,CHEBI_199691,CHEBI_199691_CHEBI_218126,diastereomer,diastereomer,100.0,1
CHEBI_209515,CHEBI_225855,CHEBI_209515_CHEBI_225855,diastereomer,diastereomer,91.0,1
CHEBI_103628,CHEBI_103551,CHEBI_103551_CHEBI_103628,diastereomer,diastereomer,100.0,1
CHEBI_199999,CHEBI_205294,CHEBI_199999_CHEBI_205294,diastereomer,diastereomer,100.0,1
CHEBI_208421,CHEBI_208413,CHEBI_208413_CHEBI_208421,diastereomer,diastereomer,100.0,1
CHEBI_120224,CHEBI_120198,CHEBI_120198_CHEBI_120224,diastereomer,diastereomer,100.0,1
CHEBI_98520,CHEBI_95381,CHEBI_95381_CHEBI_98520,diastereomer,diastereomer,77.0,1
CHEBI_217145,CHEBI_217150,CHEBI_217145_CHEBI_217150,diastereomer,diastereomer,79.0,1
CHEBI_204866,CHEBI_213129,CHEBI_204866_CHEBI_213129,diastereomer,diastereomer,100.0,1
CHEBI_99763,CHEBI_99331,CHEBI_99331_CHEBI_99763,diastereomer,diastereomer,100.0,1
CHEBI_122741,CHEBI_122746,CHEBI_122741_CHEBI_122746,diastereomer,diastereomer,100.0,1
CHEBI_217106,CHEBI_205167,CHEBI_205167_CHEBI_217106,diastereomer,diastereomer,100.0,1
CHEBI_197222,CHEBI_197167,CHEBI_197167_CHEBI_197222,diastereomer,diastereomer,100.0,1
CHEBI_50676,CHEBI_50677,CHEBI_50676_CHEBI_50677,diastereomer,diastereomer,100.0,1
CHEBI_198914,CHEBI_211518,CHEBI_198914_CHEBI_211518,diastereomer,diastereomer,86.0,1
CHEBI_201211,CHEBI_198805,CHEBI_198805_CHEBI_201211,diastereomer,diastereomer,100.0,1
CHEBI_119069,CHEBI_118948,CHEBI_118948_CHEBI_119069,diastereomer,diastereomer,100.0,1
CHEBI_200916,CHEBI_199930,CHEBI_199930_CHEBI_200916,diastereomer,diastereomer,100.0,1
CHEBI_102111,CHEBI_99224,CHEBI_102111_CHEBI_99224,diastereomer,diastereomer,100.0,1
CHEBI_119571,CHEBI_119721,CHEBI_119571_CHEBI_119721,diastereomer,diastereomer,100.0,1
CHEBI_200053,CHEBI_227876,CHEBI_200053_CHEBI_227876,diastereomer,diastereomer,100.0,1
CHEBI_110709,CHEBI_110826,CHEBI_110709_CHEBI_110826,diastereomer,diastereomer,100.0,1
CHEBI_223730,CHEBI_200354,CHEBI_200354_CHEBI_223730,diastereomer,diastereomer,100.0,1
CHEBI_118801,CHEBI_118703,CHEBI_118703_CHEBI_118801,diastereomer,diastereomer,100.0,1
CHEBI_167641,CHEBI_94471,CHEBI_167641_CHEBI_94471,diastereomer,diastereomer,100.0,1
CHEBI_46995,CHEBI_46987,CHEBI_46987_CHEBI_46995,enantiomer,diastereomer,100.0,0
CHEBI_199118,CHEBI_218675,CHEBI_199118_CHEBI_218675,diastereomer,diastereomer,82.0,1
CHEBI_205332,CHEBI_212282,CHEBI_205332_CHEBI_212282,diastereomer,diastereomer,100.0,1
CHEBI_100791,CHEBI_103219,CHEBI_100791_CHEBI_103219,diastereomer,diastereomer,100.0,1
CHEBI_141613,CHEBI_140440,CHEBI_140440_CHEBI_141613,diastereomer,diastereomer,100.0,1
CHEBI_100299,CHEBI_99426,CHEBI_100299_CHEBI_99426,diastereomer,diastereomer,100.0,1
CHEBI_68002,CHEBI_68003,CHEBI_68002_CHEBI_68003,diastereomer,diastereomer,100.0,1
CHEBI_205357,CHEBI_225779,CHEBI_205357_CHEBI_225779,diastereomer,diastereomer,79.0,1
CHEBI_128931,CHEBI_130506,CHEBI_128931_CHEBI_130506,diastereomer,diastereomer,100.0,1
CHEBI_220380,CHEBI_220374,CHEBI_220374_CHEBI_220380,diastereomer,diastereomer,100.0,1
CHEBI_174910,CHEBI_174914,CHEBI_174910_CHEBI_174914,diastereomer,diastereomer,100.0,1
CHEBI_156173,CHEBI_190371,CHEBI_156173_CHEBI_190371,diastereomer,diastereomer,81.0,1
CHEBI_110044,CHEBI_109924,CHEBI_109924_CHEBI_110044,diastereomer,diastereomer,100.0,1
CHEBI_90341,CHEBI_90343,CHEBI_90341_CHEBI_90343,diastereomer,diastereomer,100.0,1
CHEBI_210950,CHEBI_214491,CHEBI_210950_CHEBI_214491,diastereomer,diastereomer,100.0,1
CHEBI_213581,CHEBI_217459,CHEBI_213581_CHEBI_217459,diastereomer,diastereomer,100.0,1
CHEBI_172544,CHEBI_175042,CHEBI_172544_CHEBI_175042,diastereomer,diastereomer,100.0,1
CHEBI_78605,CHEBI_78603,CHEBI_78603_CHEBI_78605,diastereomer,diastereomer,100.0,1
CHEBI_208189,CHEBI_208195,CHEBI_208189_CHEBI_208195,diastereomer,diastereomer,100.0,1
CHEBI_101760,CHEBI_99363,CHEBI_101760_CHEBI_99363,diastereomer,diastereomer,100.0,1
CHEBI_98958,CHEBI_99020,CHEBI_98958_CHEBI_99020,diastereomer,diastereomer,100.0,1
CHEBI_97820,CHEBI_100282,CHEBI_100282_CHEBI_97820,diastereomer,diastereomer,100.0,1
CHEBI_3446,CHEBI_80736,CHEBI_3446_CHEBI_80736,diastereomer,diastereomer,100.0,1
CHEBI_67643,CHEBI_67642,CHEBI_67642_CHEBI_67643,diastereomer,diastereomer,100.0,1
CHEBI_65110,CHEBI_65112,CHEBI_65110_CHEBI_65112,diastereomer,diastereomer,100.0,1
CHEBI_78346,CHEBI_85971,CHEBI_78346_CHEBI_85971,diastereomer,diastereomer,100.0,1
CHEBI_108762,CHEBI_111556,CHEBI_108762_CHEBI_111556,diastereomer,diastereomer,100.0,1
CHEBI_68090,CHEBI_68091,CHEBI_68090_CHEBI_68091,diastereomer,diastereomer,100.0,1
CHEBI_130807,CHEBI_126099,CHEBI_126099_CHEBI_130807,diastereomer,diastereomer,100.0,1
CHEBI_126443,CHEBI_130348,CHEBI_126443_CHEBI_130348,diastereomer,diastereomer,100.0,1
CHEBI_179474,CHEBI_179476,CHEBI_179474_CHEBI_179476,diastereomer,diastereomer,79.0,1
CHEBI_102409,CHEBI_97950,CHEBI_102409_CHEBI_97950,diastereomer,diastereomer,100.0,1
CHEBI_197884,CHEBI_213979,CHEBI_197884_CHEBI_213979,diastereomer,diastereomer,100.0,1
CHEBI_50063,CHEBI_50061,CHEBI_50061_CHEBI_50063,diastereomer,diastereomer,100.0,1
CHEBI_110750,CHEBI_110711,CHEBI_110711_CHEBI_110750,diastereomer,diastereomer,100.0,1
CHEBI_223971,CHEBI_223964,CHEBI_223964_CHEBI_223971,diastereomer,diastereomer,100.0,1
CHEBI_63180,CHEBI_63178,CHEBI_63178_CHEBI_63180,diastereomer,diastereomer,100.0,1
CHEBI_66248,CHEBI_40322,CHEBI_40322_CHEBI_66248,diastereomer,diastereomer,100.0,1
CHEBI_117970,CHEBI_99861,CHEBI_117970_CHEBI_99861,diastereomer,diastereomer,100.0,1
CHEBI_119119,CHEBI_119125,CHEBI_119119_CHEBI_119125,diastereomer,diastereomer,100.0,1
CHEBI_199939,CHEBI_217483,CHEBI_199939_CHEBI_217483,diastereomer,diastereomer,100.0,1
CHEBI_150151,CHEBI_150712,CHEBI_150151_CHEBI_150712,diastereomer,diastereomer,100.0,1
CHEBI_211942,CHEBI_226072,CHEBI_211942_CHEBI_226072,diastereomer,diastereomer,100.0,1
CHEBI_101347,CHEBI_102576,CHEBI_101347_CHEBI_102576,diastereomer,diastereomer,100.0,1
CHEBI_118857,CHEBI_118912,CHEBI_118857_CHEBI_118912,diastereomer,diastereomer,100.0,1
CHEBI_224526,CHEBI_224522,CHEBI_224522_CHEBI_224526,diastereomer,diastereomer,100.0,1
CHEBI_60476,CHEBI_528825,CHEBI_528825_CHEBI_60476,diastereomer,diastereomer,100.0,1
CHEBI_204034,CHEBI_198886,CHEBI_198886_CHEBI_204034,diastereomer,diastereomer,76.0,1
CHEBI_213257,CHEBI_213224,CHEBI_213224_CHEBI_213257,diastereomer,diastereomer,100.0,1
CHEBI_35636,CHEBI_35635,CHEBI_35635_CHEBI_35636,diastereomer,diastereomer,100.0,1
CHEBI_129580,CHEBI_128620,CHEBI_128620_CHEBI_129580,diastereomer,diastereomer,100.0,1
CHEBI_119628,CHEBI_119624,CHEBI_119624_CHEBI_119628,diastereomer,diastereomer,100.0,1
CHEBI_66939,CHEBI_61467,CHEBI_61467_CHEBI_66939,diastereomer,diastereomer,83.0,1
CHEBI_97379,CHEBI_101664,CHEBI_101664_CHEBI_97379,diastereomer,diastereomer,100.0,1
CHEBI_113667,CHEBI_111489,CHEBI_111489_CHEBI_113667,diastereomer,diastereomer,100.0,1
CHEBI_102281,CHEBI_101592,CHEBI_101592_CHEBI_102281,diastereomer,diastereomer,100.0,1
CHEBI_123584,CHEBI_123483,CHEBI_123483_CHEBI_123584,diastereomer,diastereomer,100.0,1
CHEBI_27509,CHEBI_3703,CHEBI_27509_CHEBI_3703,diastereomer,diastereomer,100.0,1
CHEBI_67784,CHEBI_67783,CHEBI_67783_CHEBI_67784,diastereomer,diastereomer,97.0,1
CHEBI_124323,CHEBI_113668,CHEBI_113668_CHEBI_124323,diastereomer,diastereomer,100.0,1
CHEBI_221167,CHEBI_227518,CHEBI_221167_CHEBI_227518,diastereomer,diastereomer,100.0,1
CHEBI_69695,CHEBI_69694,CHEBI_69694_CHEBI_69695,diastereomer,diastereomer,100.0,1
CHEBI_212128,CHEBI_207586,CHEBI_207586_CHEBI_212128,diastereomer,diastereomer,100.0,1
CHEBI_220977,CHEBI_220989,CHEBI_220977_CHEBI_220989,diastereomer,diastereomer,100.0,1
CHEBI_124622,CHEBI_118405,CHEBI_118405_CHEBI_124622,diastereomer,diastereomer,100.0,1
CHEBI_98839,CHEBI_102183,CHEBI_102183_CHEBI_98839,diastereomer,diastereomer,100.0,1
CHEBI_223777,CHEBI_223769,CHEBI_223769_CHEBI_223777,diastereomer,diastereomer,82.0,1
CHEBI_69263,CHEBI_69261,CHEBI_69261_CHEBI_69263,diastereomer,diastereomer,77.0,1
CHEBI_97943,CHEBI_98620,CHEBI_97943_CHEBI_98620,diastereomer,diastereomer,100.0,1
CHEBI_208107,CHEBI_208101,CHEBI_208101_CHEBI_208107,diastereomer,diastereomer,100.0,1
CHEBI_216987,CHEBI_216994,CHEBI_216987_CHEBI_216994,diastereomer,diastereomer,100.0,1
CHEBI_122458,CHEBI_122242,CHEBI_122242_CHEBI_122458,diastereomer,diastereomer,100.0,1
CHEBI_222376,CHEBI_222383,CHEBI_222376_CHEBI_222383,diastereomer,diastereomer,100.0,1
CHEBI_118219,CHEBI_118035,CHEBI_118035_CHEBI_118219,diastereomer,diastereomer,100.0,1
CHEBI_224112,CHEBI_224119,CHEBI_224112_CHEBI_224119,diastereomer,diastereomer,100.0,1
CHEBI_233,CHEBI_228,CHEBI_228_CHEBI_233,diastereomer,diastereomer,100.0,1
CHEBI_136884,CHEBI_136886,CHEBI_136884_CHEBI_136886,diastereomer,diastereomer,100.0,1
CHEBI_216756,CHEBI_227467,CHEBI_216756_CHEBI_227467,diastereomer,diastereomer,100.0,1
CHEBI_67790,CHEBI_67791,CHEBI_67790_CHEBI_67791,diastereomer,diastereomer,100.0,1
CHEBI_68737,CHEBI_68736,CHEBI_68736_CHEBI_68737,diastereomer,diastereomer,100.0,1
CHEBI_99228,CHEBI_101514,CHEBI_101514_CHEBI_99228,diastereomer,diastereomer,100.0,1
CHEBI_48882,CHEBI_17486,CHEBI_17486_CHEBI_48882,diastereomer,diastereomer,100.0,1
CHEBI_225800,CHEBI_225795,CHEBI_225795_CHEBI_225800,diastereomer,diastereomer,100.0,1
CHEBI_220574,CHEBI_225324,CHEBI_220574_CHEBI_225324,diastereomer,diastereomer,100.0,1
CHEBI_205013,CHEBI_201337,CHEBI_201337_CHEBI_205013,diastereomer,diastereomer,93.0,1
CHEBI_207914,CHEBI_205153,CHEBI_205153_CHEBI_207914,diastereomer,diastereomer,100.0,1
CHEBI_98259,CHEBI_98933,CHEBI_98259_CHEBI_98933,diastereomer,diastereomer,100.0,1
CHEBI_144271,CHEBI_227420,CHEBI_144271_CHEBI_227420,diastereomer,diastereomer,100.0,1
CHEBI_193562,CHEBI_177743,CHEBI_177743_CHEBI_193562,diastereomer,diastereomer,100.0,1
CHEBI_217766,CHEBI_217772,CHEBI_217766_CHEBI_217772,diastereomer,diastereomer,100.0,1
CHEBI_220017,CHEBI_221022,CHEBI_220017_CHEBI_221022,diastereomer,diastereomer,100.0,1
CHEBI_27372,CHEBI_27374,CHEBI_27372_CHEBI_27374,enantiomer,diastereomer,100.0,0
CHEBI_97333,CHEBI_97423,CHEBI_97333_CHEBI_97423,diastereomer,diastereomer,100.0,1
CHEBI_39069,CHEBI_39068,CHEBI_39068_CHEBI_39069,diastereomer,diastereomer,100.0,1
CHEBI_102832,CHEBI_99318,CHEBI_102832_CHEBI_99318,diastereomer,diastereomer,76.0,1
CHEBI_129505,CHEBI_126934,CHEBI_126934_CHEBI_129505,diastereomer,diastereomer,100.0,1
CHEBI_127433,CHEBI_126852,CHEBI_126852_CHEBI_127433,diastereomer,diastereomer,100.0,1
CHEBI_199453,CHEBI_208950,CHEBI_199453_CHEBI_208950,diastereomer,diastereomer,100.0,1
CHEBI_227737,CHEBI_227741,CHEBI_227737_CHEBI_227741,diastereomer,diastereomer,100.0,1
CHEBI_221742,CHEBI_221749,CHEBI_221742_CHEBI_221749,diastereomer,diastereomer,100.0,1
CHEBI_126045,CHEBI_130363,CHEBI_126045_CHEBI_130363,diastereomer,diastereomer,100.0,1
CHEBI_195668,CHEBI_195673,CHEBI_195668_CHEBI_195673,diastereomer,diastereomer,85.0,1
CHEBI_110158,CHEBI_110032,CHEBI_110032_CHEBI_110158,diastereomer,diastereomer,100.0,1
CHEBI_126393,CHEBI_127518,CHEBI_126393_CHEBI_127518,diastereomer,diastereomer,100.0,1
CHEBI_204893,CHEBI_207095,CHEBI_204893_CHEBI_207095,diastereomer,diastereomer,78.0,1
CHEBI_208010,CHEBI_208004,CHEBI_208004_CHEBI_208010,diastereomer,diastereomer,100.0,1
CHEBI_98575,CHEBI_102854,CHEBI_102854_CHEBI_98575,diastereomer,diastereomer,100.0,1
CHEBI_197858,CHEBI_209267,CHEBI_197858_CHEBI_209267,diastereomer,diastereomer,100.0,1
CHEBI_120190,CHEBI_120302,CHEBI_120190_CHEBI_120302,diastereomer,diastereomer,100.0,1
CHEBI_189066,CHEBI_17495,CHEBI_17495_CHEBI_189066,diastereomer,diastereomer,100.0,1
CHEBI_126047,CHEBI_127874,CHEBI_126047_CHEBI_127874,diastereomer,diastereomer,100.0,1
CHEBI_124073,CHEBI_118502,CHEBI_118502_CHEBI_124073,diastereomer,diastereomer,100.0,1
CHEBI_210128,CHEBI_210135,CHEBI_210128_CHEBI_210135,diastereomer,diastereomer,100.0,1
CHEBI_21338,CHEBI_33817,CHEBI_21338_CHEBI_33817,diastereomer,diastereomer,100.0,1
CHEBI_182969,CHEBI_182970,CHEBI_182969_CHEBI_182970,diastereomer,diastereomer,100.0,1
CHEBI_120118,CHEBI_120360,CHEBI_120118_CHEBI_120360,diastereomer,diastereomer,100.0,1
CHEBI_112005,CHEBI_112082,CHEBI_112005_CHEBI_112082,diastereomer,diastereomer,100.0,1
CHEBI_127580,CHEBI_126924,CHEBI_126924_CHEBI_127580,diastereomer,diastereomer,100.0,1
CHEBI_65973,CHEBI_65974,CHEBI_65973_CHEBI_65974,diastereomer,diastereomer,100.0,1
CHEBI_122273,CHEBI_122392,CHEBI_122273_CHEBI_122392,diastereomer,diastereomer,100.0,1
CHEBI_102766,CHEBI_102648,CHEBI_102648_CHEBI_102766,diastereomer,diastereomer,100.0,1
CHEBI_50701,CHEBI_134681,CHEBI_134681_CHEBI_50701,diastereomer,diastereomer,85.0,1
CHEBI_227548,CHEBI_218799,CHEBI_218799_CHEBI_227548,diastereomer,diastereomer,100.0,1
CHEBI_118496,CHEBI_118301,CHEBI_118301_CHEBI_118496,diastereomer,diastereomer,100.0,1
CHEBI_122624,CHEBI_122803,CHEBI_122624_CHEBI_122803,diastereomer,diastereomer,100.0,1
CHEBI_117935,CHEBI_118085,CHEBI_117935_CHEBI_118085,diastereomer,diastereomer,100.0,1
CHEBI_210881,CHEBI_206669,CHEBI_206669_CHEBI_210881,diastereomer,diastereomer,100.0,1
CHEBI_214727,CHEBI_214732,CHEBI_214727_CHEBI_214732,diastereomer,diastereomer,76.0,1
CHEBI_102865,CHEBI_97534,CHEBI_102865_CHEBI_97534,diastereomer,diastereomer,100.0,1
CHEBI_202946,CHEBI_225918,CHEBI_202946_CHEBI_225918,diastereomer,diastereomer,100.0,1
CHEBI_206757,CHEBI_206751,CHEBI_206751_CHEBI_206757,diastereomer,diastereomer,100.0,1
CHEBI_208256,CHEBI_208251,CHEBI_208251_CHEBI_208256,diastereomer,diastereomer,100.0,1
CHEBI_217471,CHEBI_217467,CHEBI_217467_CHEBI_217471,diastereomer,diastereomer,100.0,1
CHEBI_145605,CHEBI_153547,CHEBI_145605_CHEBI_153547,diastereomer,diastereomer,100.0,1
CHEBI_196500,CHEBI_196505,CHEBI_196500_CHEBI_196505,diastereomer,diastereomer,80.0,1
CHEBI_49227,CHEBI_49228,CHEBI_49227_CHEBI_49228,diastereomer,diastereomer,100.0,1
CHEBI_209603,CHEBI_209609,CHEBI_209603_CHEBI_209609,diastereomer,diastereomer,100.0,1
CHEBI_15708,CHEBI_16383,CHEBI_15708_CHEBI_16383,diastereomer,diastereomer,79.0,1
CHEBI_197672,CHEBI_211108,CHEBI_197672_CHEBI_211108,diastereomer,diastereomer,100.0,1
CHEBI_127633,CHEBI_127227,CHEBI_127227_CHEBI_127633,diastereomer,diastereomer,100.0,1
CHEBI_129889,CHEBI_129959,CHEBI_129889_CHEBI_129959,diastereomer,diastereomer,100.0,1
CHEBI_98050,CHEBI_97096,CHEBI_97096_CHEBI_98050,diastereomer,diastereomer,100.0,1
CHEBI_118267,CHEBI_118263,CHEBI_118263_CHEBI_118267,diastereomer,diastereomer,100.0,1
CHEBI_215660,CHEBI_215654,CHEBI_215654_CHEBI_215660,diastereomer,diastereomer,100.0,1
CHEBI_79701,CHEBI_79417,CHEBI_79417_CHEBI_79701,diastereomer,diastereomer,100.0,1
CHEBI_169888,CHEBI_165298,CHEBI_165298_CHEBI_169888,diastereomer,diastereomer,81.0,1
CHEBI_216437,CHEBI_216442,CHEBI_216437_CHEBI_216442,diastereomer,diastereomer,100.0,1
CHEBI_122370,CHEBI_122230,CHEBI_122230_CHEBI_122370,diastereomer,diastereomer,100.0,1
CHEBI_126183,CHEBI_126969,CHEBI_126183_CHEBI_126969,diastereomer,diastereomer,100.0,1
CHEBI_205203,CHEBI_204851,CHEBI_204851_CHEBI_205203,diastereomer,diastereomer,96.0,1
CHEBI_83076,CHEBI_83115,CHEBI_83076_CHEBI_83115,diastereomer,diastereomer,79.0,1
CHEBI_126149,CHEBI_128057,CHEBI_126149_CHEBI_128057,diastereomer,diastereomer,100.0,1
CHEBI_8243,CHEBI_106,CHEBI_106_CHEBI_8243,diastereomer,diastereomer,100.0,1
CHEBI_126490,CHEBI_128903,CHEBI_126490_CHEBI_128903,diastereomer,diastereomer,100.0,1
CHEBI_126777,CHEBI_126786,CHEBI_126777_CHEBI_126786,diastereomer,diastereomer,100.0,1
CHEBI_59284,CHEBI_59318,CHEBI_59284_CHEBI_59318,diastereomer,diastereomer,100.0,1
CHEBI_139026,CHEBI_139027,CHEBI_139026_CHEBI_139027,diastereomer,diastereomer,100.0,1
CHEBI_126424,CHEBI_129802,CHEBI_126424_CHEBI_129802,diastereomer,diastereomer,100.0,1
CHEBI_216794,CHEBI_216484,CHEBI_216484_CHEBI_216794,diastereomer,diastereomer,100.0,1
CHEBI_63233,CHEBI_67002,CHEBI_63233_CHEBI_67002,diastereomer,diastereomer,100.0,1
CHEBI_75816,CHEBI_75826,CHEBI_75816_CHEBI_75826,diastereomer,diastereomer,100.0,1
CHEBI_127161,CHEBI_126138,CHEBI_126138_CHEBI_127161,diastereomer,diastereomer,100.0,1
CHEBI_99186,CHEBI_102708,CHEBI_102708_CHEBI_99186,diastereomer,diastereomer,100.0,1
CHEBI_216528,CHEBI_205871,CHEBI_205871_CHEBI_216528,diastereomer,diastereomer,100.0,1
CHEBI_68412,CHEBI_68413,CHEBI_68412_CHEBI_68413,diastereomer,diastereomer,100.0,1
CHEBI_113273,CHEBI_96154,CHEBI_113273_CHEBI_96154,diastereomer,diastereomer,100.0,1
CHEBI_51861,CHEBI_51857,CHEBI_51857_CHEBI_51861,diastereomer,diastereomer,100.0,1
CHEBI_208113,CHEBI_208119,CHEBI_208113_CHEBI_208119,diastereomer,diastereomer,100.0,1
CHEBI_211560,CHEBI_209616,CHEBI_209616_CHEBI_211560,diastereomer,diastereomer,100.0,1
CHEBI_224674,CHEBI_219347,CHEBI_219347_CHEBI_224674,diastereomer,diastereomer,100.0,1
CHEBI_212604,CHEBI_209354,CHEBI_209354_CHEBI_212604,diastereomer,diastereomer,100.0,1
CHEBI_179338,CHEBI_179344,CHEBI_179338_CHEBI_179344,diastereomer,diastereomer,86.0,1
CHEBI_100582,CHEBI_101857,CHEBI_100582_CHEBI_101857,diastereomer,diastereomer,100.0,1
CHEBI_210358,CHEBI_205316,CHEBI_205316_CHEBI_210358,diastereomer,diastereomer,100.0,1
CHEBI_67799,CHEBI_67801,CHEBI_67799_CHEBI_67801,diastereomer,diastereomer,100.0,1
CHEBI_126742,CHEBI_125915,CHEBI_125915_CHEBI_126742,diastereomer,diastereomer,100.0,1
CHEBI_126810,CHEBI_130985,CHEBI_126810_CHEBI_130985,diastereomer,diastereomer,100.0,1
CHEBI_222109,CHEBI_222101,CHEBI_222101_CHEBI_222109,diastereomer,diastereomer,100.0,1
CHEBI_210802,CHEBI_210796,CHEBI_210796_CHEBI_210802,diastereomer,diastereomer,100.0,1
CHEBI_126,CHEBI_33990,CHEBI_126_CHEBI_33990,diastereomer,diastereomer,100.0,1
CHEBI_228113,CHEBI_228115,CHEBI_228113_CHEBI_228115,diastereomer,diastereomer,100.0,1
CHEBI_59993,CHEBI_59988,CHEBI_59988_CHEBI_59993,diastereomer,diastereomer,100.0,1
CHEBI_223691,CHEBI_223687,CHEBI_223687_CHEBI_223691,diastereomer,diastereomer,100.0,1
CHEBI_103166,CHEBI_98029,CHEBI_103166_CHEBI_98029,diastereomer,diastereomer,100.0,1
CHEBI_16292,CHEBI_18118,CHEBI_16292_CHEBI_18118,diastereomer,diastereomer,100.0,1
CHEBI_128819,CHEBI_126284,CHEBI_126284_CHEBI_128819,diastereomer,diastereomer,100.0,1
CHEBI_228072,CHEBI_228070,CHEBI_228070_CHEBI_228072,diastereomer,diastereomer,100.0,1
CHEBI_186325,CHEBI_187762,CHEBI_186325_CHEBI_187762,diastereomer,diastereomer,100.0,1
CHEBI_128930,CHEBI_128623,CHEBI_128623_CHEBI_128930,diastereomer,diastereomer,100.0,1
CHEBI_15386,CHEBI_37468,CHEBI_15386_CHEBI_37468,diastereomer,diastereomer,100.0,1
CHEBI_2723,CHEBI_6478,CHEBI_2723_CHEBI_6478,diastereomer,diastereomer,100.0,1
CHEBI_120259,CHEBI_120157,CHEBI_120157_CHEBI_120259,diastereomer,diastereomer,100.0,1
CHEBI_49024,CHEBI_49022,CHEBI_49022_CHEBI_49024,diastereomer,diastereomer,100.0,1
CHEBI_90103,CHEBI_90102,CHEBI_90102_CHEBI_90103,diastereomer,diastereomer,100.0,1
CHEBI_129686,CHEBI_129852,CHEBI_129686_CHEBI_129852,diastereomer,diastereomer,100.0,1
CHEBI_128025,CHEBI_127162,CHEBI_127162_CHEBI_128025,diastereomer,diastereomer,100.0,1
CHEBI_218078,CHEBI_218084,CHEBI_218078_CHEBI_218084,diastereomer,diastereomer,100.0,1
CHEBI_130319,CHEBI_125792,CHEBI_125792_CHEBI_130319,diastereomer,diastereomer,100.0,1
CHEBI_227944,CHEBI_227428,CHEBI_227428_CHEBI_227944,diastereomer,diastereomer,98.0,1
CHEBI_35811,CHEBI_16271,CHEBI_16271_CHEBI_35811,diastereomer,diastereomer,100.0,1
CHEBI_154828,CHEBI_148939,CHEBI_148939_CHEBI_154828,diastereomer,diastereomer,100.0,1
CHEBI_211197,CHEBI_208028,CHEBI_208028_CHEBI_211197,diastereomer,diastereomer,100.0,1
CHEBI_119138,CHEBI_118990,CHEBI_118990_CHEBI_119138,diastereomer,diastereomer,100.0,1
CHEBI_20661,CHEBI_35540,CHEBI_20661_CHEBI_35540,diastereomer,diastereomer,100.0,1
CHEBI_97902,CHEBI_97174,CHEBI_97174_CHEBI_97902,diastereomer,diastereomer,100.0,1
CHEBI_95839,CHEBI_96188,CHEBI_95839_CHEBI_96188,diastereomer,diastereomer,100.0,1
CHEBI_213720,CHEBI_210698,CHEBI_210698_CHEBI_213720,diastereomer,diastereomer,100.0,1
CHEBI_208949,CHEBI_208942,CHEBI_208942_CHEBI_208949,diastereomer,diastereomer,79.0,1
CHEBI_205396,CHEBI_209729,CHEBI_205396_CHEBI_209729,diastereomer,diastereomer,100.0,1
CHEBI_208177,CHEBI_208172,CHEBI_208172_CHEBI_208177,diastereomer,diastereomer,100.0,1
CHEBI_173003,CHEBI_173004,CHEBI_173003_CHEBI_173004,diastereomer,diastereomer,89.0,1
CHEBI_96500,CHEBI_96784,CHEBI_96500_CHEBI_96784,diastereomer,diastereomer,100.0,1
CHEBI_32297,CHEBI_94487,CHEBI_32297_CHEBI_94487,diastereomer,diastereomer,100.0,1
CHEBI_44601,CHEBI_233424,CHEBI_233424_CHEBI_44601,diastereomer,diastereomer,79.0,1
CHEBI_84019,CHEBI_84020,CHEBI_84019_CHEBI_84020,diastereomer,diastereomer,100.0,1
CHEBI_118967,CHEBI_118945,CHEBI_118945_CHEBI_118967,diastereomer,diastereomer,100.0,1
CHEBI_102706,CHEBI_101725,CHEBI_101725_CHEBI_102706,diastereomer,diastereomer,100.0,1
CHEBI_61568,CHEBI_43577,CHEBI_43577_CHEBI_61568,diastereomer,diastereomer,100.0,1
CHEBI_195364,CHEBI_195365,CHEBI_195364_CHEBI_195365,diastereomer,diastereomer,100.0,1
CHEBI_226861,CHEBI_223653,CHEBI_223653_CHEBI_226861,diastereomer,diastereomer,100.0,1
CHEBI_76115,CHEBI_76116,CHEBI_76115_CHEBI_76116,diastereomer,diastereomer,76.0,1
CHEBI_180443,CHEBI_180442,CHEBI_180442_CHEBI_180443,diastereomer,diastereomer,79.0,1
CHEBI_123494,CHEBI_123517,CHEBI_123494_CHEBI_123517,diastereomer,diastereomer,100.0,1
CHEBI_102853,CHEBI_100562,CHEBI_100562_CHEBI_102853,diastereomer,diastereomer,100.0,1
CHEBI_101130,CHEBI_99919,CHEBI_101130_CHEBI_99919,diastereomer,diastereomer,100.0,1
CHEBI_67302,CHEBI_67301,CHEBI_67301_CHEBI_67302,diastereomer,diastereomer,100.0,1
CHEBI_119067,CHEBI_119113,CHEBI_119067_CHEBI_119113,diastereomer,diastereomer,100.0,1
CHEBI_99681,CHEBI_102442,CHEBI_102442_CHEBI_99681,diastereomer,diastereomer,100.0,1
CHEBI_120133,CHEBI_120171,CHEBI_120133_CHEBI_120171,diastereomer,diastereomer,100.0,1
CHEBI_125765,CHEBI_129039,CHEBI_125765_CHEBI_129039,diastereomer,diastereomer,100.0,1
CHEBI_200981,CHEBI_216146,CHEBI_200981_CHEBI_216146,diastereomer,diastereomer,100.0,1
CHEBI_225741,CHEBI_225736,CHEBI_225736_CHEBI_225741,diastereomer,diastereomer,100.0,1
CHEBI_224128,CHEBI_204289,CHEBI_204289_CHEBI_224128,diastereomer,diastereomer,77.0,1
CHEBI_182506,CHEBI_182507,CHEBI_182506_CHEBI_182507,diastereomer,diastereomer,100.0,1
CHEBI_89943,CHEBI_145352,CHEBI_145352_CHEBI_89943,diastereomer,diastereomer,84.0,1
CHEBI_179680,CHEBI_179678,CHEBI_179678_CHEBI_179680,diastereomer,diastereomer,80.0,1
CHEBI_68766,CHEBI_68767,CHEBI_68766_CHEBI_68767,diastereomer,diastereomer,86.0,1
CHEBI_212230,CHEBI_212236,CHEBI_212230_CHEBI_212236,diastereomer,diastereomer,100.0,1
CHEBI_185262,CHEBI_175712,CHEBI_175712_CHEBI_185262,diastereomer,diastereomer,100.0,1
CHEBI_224033,CHEBI_224039,CHEBI_224033_CHEBI_224039,diastereomer,diastereomer,100.0,1
CHEBI_119360,CHEBI_119308,CHEBI_119308_CHEBI_119360,diastereomer,diastereomer,100.0,1
CHEBI_126091,CHEBI_130826,CHEBI_126091_CHEBI_130826,diastereomer,diastereomer,100.0,1
CHEBI_102721,CHEBI_99510,CHEBI_102721_CHEBI_99510,diastereomer,diastereomer,100.0,1
CHEBI_126064,CHEBI_126396,CHEBI_126064_CHEBI_126396,diastereomer,diastereomer,100.0,1
CHEBI_3904,CHEBI_3905,CHEBI_3904_CHEBI_3905,diastereomer,diastereomer,100.0,1
CHEBI_218490,CHEBI_202570,CHEBI_202570_CHEBI_218490,diastereomer,diastereomer,100.0,1
CHEBI_70458,CHEBI_70459,CHEBI_70458_CHEBI_70459,diastereomer,diastereomer,100.0,1
CHEBI_117850,CHEBI_104739,CHEBI_104739_CHEBI_117850,diastereomer,diastereomer,100.0,1
CHEBI_130102,CHEBI_128763,CHEBI_128763_CHEBI_130102,diastereomer,diastereomer,100.0,1
CHEBI_137490,CHEBI_791,CHEBI_137490_CHEBI_791,diastereomer,diastereomer,100.0,1
CHEBI_118326,CHEBI_118463,CHEBI_118326_CHEBI_118463,diastereomer,diastereomer,100.0,1
CHEBI_16985,CHEBI_15994,CHEBI_15994_CHEBI_16985,diastereomer,diastereomer,100.0,1
CHEBI_98203,CHEBI_100313,CHEBI_100313_CHEBI_98203,diastereomer,diastereomer,100.0,1
CHEBI_207142,CHEBI_215860,CHEBI_207142_CHEBI_215860,diastereomer,diastereomer,79.0,1
CHEBI_104530,CHEBI_104381,CHEBI_104381_CHEBI_104530,diastereomer,diastereomer,100.0,1
CHEBI_69639,CHEBI_69640,CHEBI_69639_CHEBI_69640,diastereomer,diastereomer,100.0,1
CHEBI_108636,CHEBI_113699,CHEBI_108636_CHEBI_113699,diastereomer,diastereomer,100.0,1
CHEBI_209221,CHEBI_209209,CHEBI_209209_CHEBI_209221,diastereomer,diastereomer,100.0,1
CHEBI_146213,CHEBI_36257,CHEBI_146213_CHEBI_36257,diastereomer,diastereomer,100.0,1
CHEBI_220651,CHEBI_215012,CHEBI_215012_CHEBI_220651,diastereomer,diastereomer,100.0,1
CHEBI_220664,CHEBI_222085,CHEBI_220664_CHEBI_222085,diastereomer,diastereomer,100.0,1
CHEBI_205937,CHEBI_220829,CHEBI_205937_CHEBI_220829,diastereomer,diastereomer,80.0,1
CHEBI_102782,CHEBI_100350,CHEBI_100350_CHEBI_102782,diastereomer,diastereomer,100.0,1
CHEBI_208371,CHEBI_211371,CHEBI_208371_CHEBI_211371,diastereomer,diastereomer,100.0,1
CHEBI_204203,CHEBI_201747,CHEBI_201747_CHEBI_204203,diastereomer,diastereomer,100.0,1
CHEBI_70385,CHEBI_70386,CHEBI_70385_CHEBI_70386,diastereomer,diastereomer,100.0,1
CHEBI_70201,CHEBI_70202,CHEBI_70201_CHEBI_70202,diastereomer,diastereomer,100.0,1
CHEBI_234141,CHEBI_234140,CHEBI_234140_CHEBI_234141,diastereomer,diastereomer,75.0,1
CHEBI_212937,CHEBI_212930,CHEBI_212930_CHEBI_212937,diastereomer,diastereomer,100.0,1
CHEBI_188201,CHEBI_195654,CHEBI_188201_CHEBI_195654,diastereomer,diastereomer,83.0,1
CHEBI_97668,CHEBI_97064,CHEBI_97064_CHEBI_97668,diastereomer,diastereomer,100.0,1
CHEBI_210850,CHEBI_210856,CHEBI_210850_CHEBI_210856,diastereomer,diastereomer,100.0,1
CHEBI_120093,CHEBI_120206,CHEBI_120093_CHEBI_120206,diastereomer,diastereomer,100.0,1
CHEBI_185026,CHEBI_183592,CHEBI_183592_CHEBI_185026,diastereomer,diastereomer,100.0,1
CHEBI_219816,CHEBI_205475,CHEBI_205475_CHEBI_219816,diastereomer,diastereomer,100.0,1
CHEBI_200255,CHEBI_204653,CHEBI_200255_CHEBI_204653,diastereomer,diastereomer,100.0,1
CHEBI_128856,CHEBI_128405,CHEBI_128405_CHEBI_128856,diastereomer,diastereomer,100.0,1
CHEBI_100951,CHEBI_131200,CHEBI_100951_CHEBI_131200,diastereomer,diastereomer,100.0,1
CHEBI_118417,CHEBI_118360,CHEBI_118360_CHEBI_118417,diastereomer,diastereomer,100.0,1
CHEBI_119682,CHEBI_119738,CHEBI_119682_CHEBI_119738,diastereomer,diastereomer,100.0,1
CHEBI_220661,CHEBI_220657,CHEBI_220657_CHEBI_220661,diastereomer,diastereomer,100.0,1
CHEBI_62044,CHEBI_62045,CHEBI_62044_CHEBI_62045,diastereomer,diastereomer,100.0,1
CHEBI_118757,CHEBI_118596,CHEBI_118596_CHEBI_118757,diastereomer,diastereomer,100.0,1
CHEBI_122369,CHEBI_122401,CHEBI_122369_CHEBI_122401,diastereomer,diastereomer,100.0,1
CHEBI_125821,CHEBI_127517,CHEBI_125821_CHEBI_127517,diastereomer,diastereomer,100.0,1
CHEBI_124610,CHEBI_124308,CHEBI_124308_CHEBI_124610,diastereomer,diastereomer,100.0,1
CHEBI_215687,CHEBI_198784,CHEBI_198784_CHEBI_215687,diastereomer,diastereomer,100.0,1
CHEBI_127792,CHEBI_127236,CHEBI_127236_CHEBI_127792,diastereomer,diastereomer,100.0,1
CHEBI_97856,CHEBI_100179,CHEBI_100179_CHEBI_97856,diastereomer,diastereomer,100.0,1
CHEBI_180282,CHEBI_180283,CHEBI_180282_CHEBI_180283,diastereomer,diastereomer,81.0,1
CHEBI_126855,CHEBI_127560,CHEBI_126855_CHEBI_127560,diastereomer,diastereomer,100.0,1
CHEBI_129660,CHEBI_126893,CHEBI_126893_CHEBI_129660,diastereomer,diastereomer,100.0,1
CHEBI_217505,CHEBI_217521,CHEBI_217505_CHEBI_217521,diastereomer,diastereomer,100.0,1
CHEBI_207352,CHEBI_207358,CHEBI_207352_CHEBI_207358,diastereomer,diastereomer,100.0,1
CHEBI_198638,CHEBI_204284,CHEBI_198638_CHEBI_204284,diastereomer,diastereomer,100.0,1
CHEBI_210684,CHEBI_210676,CHEBI_210676_CHEBI_210684,diastereomer,diastereomer,100.0,1
CHEBI_154732,CHEBI_156726,CHEBI_154732_CHEBI_156726,diastereomer,diastereomer,100.0,1
CHEBI_179919,CHEBI_179917,CHEBI_179917_CHEBI_179919,diastereomer,diastereomer,80.0,1
CHEBI_102233,CHEBI_101480,CHEBI_101480_CHEBI_102233,diastereomer,diastereomer,100.0,1
CHEBI_122354,CHEBI_122469,CHEBI_122354_CHEBI_122469,diastereomer,diastereomer,100.0,1
CHEBI_100326,CHEBI_95375,CHEBI_100326_CHEBI_95375,diastereomer,diastereomer,100.0,1
CHEBI_202096,CHEBI_206446,CHEBI_202096_CHEBI_206446,diastereomer,diastereomer,100.0,1
CHEBI_202656,CHEBI_201153,CHEBI_201153_CHEBI_202656,diastereomer,diastereomer,100.0,1
CHEBI_74946,CHEBI_230534,CHEBI_230534_CHEBI_74946,diastereomer,diastereomer,100.0,1
CHEBI_203545,CHEBI_203577,CHEBI_203545_CHEBI_203577,diastereomer,diastereomer,100.0,1
CHEBI_100727,CHEBI_98311,CHEBI_100727_CHEBI_98311,diastereomer,diastereomer,100.0,1
CHEBI_209788,CHEBI_225139,CHEBI_209788_CHEBI_225139,diastereomer,diastereomer,100.0,1
CHEBI_123581,CHEBI_123490,CHEBI_123490_CHEBI_123581,diastereomer,diastereomer,100.0,1
CHEBI_98375,CHEBI_99494,CHEBI_98375_CHEBI_99494,diastereomer,diastereomer,100.0,1
CHEBI_153263,CHEBI_150274,CHEBI_150274_CHEBI_153263,diastereomer,diastereomer,100.0,1
CHEBI_173059,CHEBI_173058,CHEBI_173058_CHEBI_173059,diastereomer,diastereomer,77.0,1
CHEBI_97278,CHEBI_101061,CHEBI_101061_CHEBI_97278,diastereomer,diastereomer,100.0,1
CHEBI_118818,CHEBI_118727,CHEBI_118727_CHEBI_118818,diastereomer,diastereomer,100.0,1
CHEBI_210808,CHEBI_210814,CHEBI_210808_CHEBI_210814,diastereomer,diastereomer,77.0,1
CHEBI_215398,CHEBI_215101,CHEBI_215101_CHEBI_215398,diastereomer,diastereomer,100.0,1
CHEBI_67991,CHEBI_67990,CHEBI_67990_CHEBI_67991,diastereomer,diastereomer,100.0,1
CHEBI_42787,CHEBI_42697,CHEBI_42697_CHEBI_42787,diastereomer,diastereomer,100.0,1
CHEBI_182076,CHEBI_182835,CHEBI_182076_CHEBI_182835,diastereomer,diastereomer,95.0,1
CHEBI_128771,CHEBI_129518,CHEBI_128771_CHEBI_129518,diastereomer,diastereomer,100.0,1
CHEBI_122228,CHEBI_122474,CHEBI_122228_CHEBI_122474,diastereomer,diastereomer,100.0,1
CHEBI_129504,CHEBI_129406,CHEBI_129406_CHEBI_129504,diastereomer,diastereomer,100.0,1
CHEBI_27372,CHEBI_22357,CHEBI_22357_CHEBI_27372,diastereomer,diastereomer,100.0,1
CHEBI_81428,CHEBI_81427,CHEBI_81427_CHEBI_81428,diastereomer,diastereomer,100.0,1
CHEBI_122386,CHEBI_122289,CHEBI_122289_CHEBI_122386,diastereomer,diastereomer,100.0,1
CHEBI_67404,CHEBI_67405,CHEBI_67404_CHEBI_67405,diastereomer,diastereomer,100.0,1
CHEBI_220749,CHEBI_220744,CHEBI_220744_CHEBI_220749,diastereomer,diastereomer,76.0,1
CHEBI_117528,CHEBI_117556,CHEBI_117528_CHEBI_117556,diastereomer,diastereomer,100.0,1
CHEBI_118997,CHEBI_118888,CHEBI_118888_CHEBI_118997,diastereomer,diastereomer,100.0,1
CHEBI_76912,CHEBI_466659,CHEBI_466659_CHEBI_76912,diastereomer,diastereomer,100.0,1
CHEBI_169489,CHEBI_186493,CHEBI_169489_CHEBI_186493,diastereomer,diastereomer,77.0,1
CHEBI_233067,CHEBI_233066,CHEBI_233066_CHEBI_233067,diastereomer,diastereomer,100.0,1
CHEBI_81098,CHEBI_81097,CHEBI_81097_CHEBI_81098,diastereomer,diastereomer,100.0,1
CHEBI_213199,CHEBI_204671,CHEBI_204671_CHEBI_213199,diastereomer,diastereomer,100.0,1
CHEBI_212826,CHEBI_212822,CHEBI_212822_CHEBI_212826,diastereomer,diastereomer,100.0,1
CHEBI_128388,CHEBI_127164,CHEBI_127164_CHEBI_128388,diastereomer,diastereomer,100.0,1
CHEBI_98468,CHEBI_100598,CHEBI_100598_CHEBI_98468,diastereomer,diastereomer,100.0,1
CHEBI_37027,CHEBI_37028,CHEBI_37027_CHEBI_37028,diastereomer,diastereomer,100.0,1
CHEBI_118447,CHEBI_118262,CHEBI_118262_CHEBI_118447,diastereomer,diastereomer,100.0,1
CHEBI_205614,CHEBI_205613,CHEBI_205613_CHEBI_205614,diastereomer,diastereomer,100.0,1
CHEBI_51868,CHEBI_51866,CHEBI_51866_CHEBI_51868,diastereomer,diastereomer,77.0,1
CHEBI_213563,CHEBI_227808,CHEBI_213563_CHEBI_227808,diastereomer,diastereomer,100.0,1
CHEBI_126876,CHEBI_127463,CHEBI_126876_CHEBI_127463,diastereomer,diastereomer,100.0,1
CHEBI_225471,CHEBI_225476,CHEBI_225471_CHEBI_225476,diastereomer,diastereomer,100.0,1
CHEBI_204386,CHEBI_211006,CHEBI_204386_CHEBI_211006,diastereomer,diastereomer,100.0,1
CHEBI_124195,CHEBI_124596,CHEBI_124195_CHEBI_124596,diastereomer,diastereomer,100.0,1
CHEBI_224730,CHEBI_224736,CHEBI_224730_CHEBI_224736,diastereomer,diastereomer,81.0,1
CHEBI_64230,CHEBI_64231,CHEBI_64230_CHEBI_64231,diastereomer,diastereomer,100.0,1
CHEBI_118602,CHEBI_118737,CHEBI_118602_CHEBI_118737,diastereomer,diastereomer,100.0,1
CHEBI_97135,CHEBI_99532,CHEBI_97135_CHEBI_99532,diastereomer,diastereomer,100.0,1
CHEBI_181784,CHEBI_175151,CHEBI_175151_CHEBI_181784,diastereomer,diastereomer,100.0,1
CHEBI_69197,CHEBI_69198,CHEBI_69197_CHEBI_69198,diastereomer,diastereomer,100.0,1
CHEBI_228078,CHEBI_228080,CHEBI_228078_CHEBI_228080,diastereomer,diastereomer,100.0,1
CHEBI_129174,CHEBI_125999,CHEBI_125999_CHEBI_129174,diastereomer,diastereomer,100.0,1
CHEBI_209135,CHEBI_209172,CHEBI_209135_CHEBI_209172,diastereomer,diastereomer,100.0,1
CHEBI_97677,CHEBI_98464,CHEBI_97677_CHEBI_98464,diastereomer,diastereomer,100.0,1
CHEBI_136749,CHEBI_136756,CHEBI_136749_CHEBI_136756,diastereomer,diastereomer,100.0,1
CHEBI_37883,CHEBI_37881,CHEBI_37881_CHEBI_37883,diastereomer,diastereomer,100.0,1
CHEBI_219811,CHEBI_214164,CHEBI_214164_CHEBI_219811,diastereomer,diastereomer,100.0,1
CHEBI_120356,CHEBI_120105,CHEBI_120105_CHEBI_120356,diastereomer,diastereomer,100.0,1
CHEBI_225123,CHEBI_225515,CHEBI_225123_CHEBI_225515,diastereomer,diastereomer,100.0,1
CHEBI_204205,CHEBI_209900,CHEBI_204205_CHEBI_209900,diastereomer,diastereomer,100.0,1
CHEBI_224102,CHEBI_224096,CHEBI_224096_CHEBI_224102,diastereomer,diastereomer,100.0,1
CHEBI_212409,CHEBI_217770,CHEBI_212409_CHEBI_217770,diastereomer,diastereomer,100.0,1
CHEBI_204702,CHEBI_219465,CHEBI_204702_CHEBI_219465,diastereomer,diastereomer,86.0,1
CHEBI_202790,CHEBI_207143,CHEBI_202790_CHEBI_207143,diastereomer,diastereomer,100.0,1
CHEBI_101008,CHEBI_97080,CHEBI_101008_CHEBI_97080,diastereomer,diastereomer,100.0,1
CHEBI_102264,CHEBI_100096,CHEBI_100096_CHEBI_102264,diastereomer,diastereomer,100.0,1
CHEBI_118145,CHEBI_118149,CHEBI_118145_CHEBI_118149,diastereomer,diastereomer,100.0,1
CHEBI_195258,CHEBI_149461,CHEBI_149461_CHEBI_195258,diastereomer,diastereomer,100.0,1
CHEBI_198704,CHEBI_207000,CHEBI_198704_CHEBI_207000,diastereomer,diastereomer,100.0,1
CHEBI_128933,CHEBI_128384,CHEBI_128384_CHEBI_128933,diastereomer,diastereomer,100.0,1
CHEBI_124704,CHEBI_103735,CHEBI_103735_CHEBI_124704,diastereomer,diastereomer,100.0,1
CHEBI_84623,CHEBI_84620,CHEBI_84620_CHEBI_84623,diastereomer,diastereomer,100.0,1
CHEBI_100445,CHEBI_99733,CHEBI_100445_CHEBI_99733,diastereomer,diastereomer,100.0,1
CHEBI_100522,CHEBI_97419,CHEBI_100522_CHEBI_97419,diastereomer,diastereomer,100.0,1
CHEBI_60206,CHEBI_60205,CHEBI_60205_CHEBI_60206,diastereomer,diastereomer,100.0,1
CHEBI_227701,CHEBI_227707,CHEBI_227701_CHEBI_227707,diastereomer,diastereomer,100.0,1
CHEBI_221967,CHEBI_202212,CHEBI_202212_CHEBI_221967,diastereomer,diastereomer,100.0,1
CHEBI_99983,CHEBI_102991,CHEBI_102991_CHEBI_99983,diastereomer,diastereomer,100.0,1
CHEBI_225842,CHEBI_225847,CHEBI_225842_CHEBI_225847,diastereomer,diastereomer,87.0,1
CHEBI_126075,CHEBI_126485,CHEBI_126075_CHEBI_126485,diastereomer,diastereomer,100.0,1
CHEBI_79600,CHEBI_79411,CHEBI_79411_CHEBI_79600,diastereomer,diastereomer,100.0,1
CHEBI_99443,CHEBI_101636,CHEBI_101636_CHEBI_99443,diastereomer,diastereomer,100.0,1
CHEBI_157624,CHEBI_157623,CHEBI_157623_CHEBI_157624,diastereomer,diastereomer,76.0,1
CHEBI_62513,CHEBI_62514,CHEBI_62513_CHEBI_62514,diastereomer,diastereomer,100.0,1
CHEBI_216212,CHEBI_219013,CHEBI_216212_CHEBI_219013,diastereomer,diastereomer,100.0,1
CHEBI_5985,CHEBI_3080,CHEBI_3080_CHEBI_5985,diastereomer,diastereomer,100.0,1
CHEBI_95511,CHEBI_95628,CHEBI_95511_CHEBI_95628,diastereomer,diastereomer,100.0,1
CHEBI_99570,CHEBI_101460,CHEBI_101460_CHEBI_99570,diastereomer,diastereomer,100.0,1
CHEBI_20714,CHEBI_59410,CHEBI_20714_CHEBI_59410,diastereomer,diastereomer,100.0,1
CHEBI_78889,CHEBI_78888,CHEBI_78888_CHEBI_78889,diastereomer,diastereomer,100.0,1
CHEBI_222013,CHEBI_216580,CHEBI_216580_CHEBI_222013,diastereomer,diastereomer,100.0,1
CHEBI_206164,CHEBI_206158,CHEBI_206158_CHEBI_206164,diastereomer,diastereomer,100.0,1
CHEBI_205794,CHEBI_206497,CHEBI_205794_CHEBI_206497,diastereomer,diastereomer,100.0,1
CHEBI_101843,CHEBI_95437,CHEBI_101843_CHEBI_95437,diastereomer,diastereomer,100.0,1
CHEBI_215486,CHEBI_215479,CHEBI_215479_CHEBI_215486,diastereomer,diastereomer,76.0,1
CHEBI_123487,CHEBI_123568,CHEBI_123487_CHEBI_123568,diastereomer,diastereomer,100.0,1
CHEBI_193559,CHEBI_193560,CHEBI_193559_CHEBI_193560,diastereomer,diastereomer,100.0,1
CHEBI_198812,CHEBI_205766,CHEBI_198812_CHEBI_205766,diastereomer,diastereomer,100.0,1
CHEBI_103091,CHEBI_101329,CHEBI_101329_CHEBI_103091,diastereomer,diastereomer,100.0,1
CHEBI_126926,CHEBI_128786,CHEBI_126926_CHEBI_128786,diastereomer,diastereomer,100.0,1
CHEBI_118769,CHEBI_118568,CHEBI_118568_CHEBI_118769,diastereomer,diastereomer,100.0,1
CHEBI_179487,CHEBI_179491,CHEBI_179487_CHEBI_179491,diastereomer,diastereomer,86.0,1
CHEBI_117941,CHEBI_118046,CHEBI_117941_CHEBI_118046,diastereomer,diastereomer,100.0,1
CHEBI_223865,CHEBI_223869,CHEBI_223865_CHEBI_223869,diastereomer,diastereomer,100.0,1
CHEBI_129359,CHEBI_131125,CHEBI_129359_CHEBI_131125,diastereomer,diastereomer,100.0,1
CHEBI_35699,CHEBI_35697,CHEBI_35697_CHEBI_35699,diastereomer,diastereomer,78.0,1
CHEBI_213777,CHEBI_219750,CHEBI_213777_CHEBI_219750,diastereomer,diastereomer,100.0,1
CHEBI_192692,CHEBI_192691,CHEBI_192691_CHEBI_192692,diastereomer,diastereomer,100.0,1
CHEBI_226578,CHEBI_216535,CHEBI_216535_CHEBI_226578,diastereomer,diastereomer,100.0,1
CHEBI_101880,CHEBI_97942,CHEBI_101880_CHEBI_97942,diastereomer,diastereomer,100.0,1
CHEBI_81329,CHEBI_81328,CHEBI_81328_CHEBI_81329,diastereomer,diastereomer,100.0,1
CHEBI_197986,CHEBI_198172,CHEBI_197986_CHEBI_198172,diastereomer,diastereomer,93.0,1
CHEBI_126096,CHEBI_127997,CHEBI_126096_CHEBI_127997,diastereomer,diastereomer,100.0,1
CHEBI_210363,CHEBI_210357,CHEBI_210357_CHEBI_210363,diastereomer,diastereomer,100.0,1
CHEBI_202028,CHEBI_210636,CHEBI_202028_CHEBI_210636,diastereomer,diastereomer,100.0,1
CHEBI_214237,CHEBI_199102,CHEBI_199102_CHEBI_214237,diastereomer,diastereomer,100.0,1
CHEBI_216841,CHEBI_216847,CHEBI_216841_CHEBI_216847,diastereomer,diastereomer,100.0,1
CHEBI_208232,CHEBI_208240,CHEBI_208232_CHEBI_208240,diastereomer,diastereomer,100.0,1
CHEBI_119605,CHEBI_119589,CHEBI_119589_CHEBI_119605,diastereomer,diastereomer,100.0,1
CHEBI_27475,CHEBI_28426,CHEBI_27475_CHEBI_28426,diastereomer,diastereomer,100.0,1
CHEBI_130682,CHEBI_126765,CHEBI_126765_CHEBI_130682,diastereomer,diastereomer,100.0,1
CHEBI_186781,CHEBI_188237,CHEBI_186781_CHEBI_188237,diastereomer,diastereomer,100.0,1
CHEBI_208246,CHEBI_207064,CHEBI_207064_CHEBI_208246,diastereomer,diastereomer,100.0,1
CHEBI_196596,CHEBI_196606,CHEBI_196596_CHEBI_196606,diastereomer,diastereomer,100.0,1
CHEBI_99199,CHEBI_95372,CHEBI_95372_CHEBI_99199,diastereomer,diastereomer,100.0,1
CHEBI_173066,CHEBI_173067,CHEBI_173066_CHEBI_173067,diastereomer,diastereomer,100.0,1
CHEBI_130477,CHEBI_129062,CHEBI_129062_CHEBI_130477,diastereomer,diastereomer,100.0,1
CHEBI_214523,CHEBI_214517,CHEBI_214517_CHEBI_214523,diastereomer,diastereomer,75.0,1
CHEBI_21101,CHEBI_21398,CHEBI_21101_CHEBI_21398,enantiomer,diastereomer,100.0,0
CHEBI_200390,CHEBI_203486,CHEBI_200390_CHEBI_203486,diastereomer,diastereomer,100.0,1
CHEBI_183437,CHEBI_182059,CHEBI_182059_CHEBI_183437,diastereomer,diastereomer,100.0,1
CHEBI_179416,CHEBI_179417,CHEBI_179416_CHEBI_179417,diastereomer,diastereomer,84.0,1
CHEBI_98331,CHEBI_101455,CHEBI_101455_CHEBI_98331,diastereomer,diastereomer,100.0,1
CHEBI_100771,CHEBI_102311,CHEBI_100771_CHEBI_102311,diastereomer,diastereomer,100.0,1
CHEBI_129385,CHEBI_130067,CHEBI_129385_CHEBI_130067,diastereomer,diastereomer,100.0,1
CHEBI_187365,CHEBI_169576,CHEBI_169576_CHEBI_187365,diastereomer,diastereomer,83.0,1
CHEBI_70071,CHEBI_70072,CHEBI_70071_CHEBI_70072,diastereomer,diastereomer,100.0,1
CHEBI_180921,CHEBI_180697,CHEBI_180697_CHEBI_180921,diastereomer,diastereomer,100.0,1
CHEBI_124223,CHEBI_111480,CHEBI_111480_CHEBI_124223,diastereomer,diastereomer,100.0,1
CHEBI_100698,CHEBI_99505,CHEBI_100698_CHEBI_99505,diastereomer,diastereomer,100.0,1
CHEBI_217999,CHEBI_217993,CHEBI_217993_CHEBI_217999,diastereomer,diastereomer,100.0,1
CHEBI_102336,CHEBI_101603,CHEBI_101603_CHEBI_102336,diastereomer,diastereomer,100.0,1
CHEBI_101152,CHEBI_101306,CHEBI_101152_CHEBI_101306,diastereomer,diastereomer,100.0,1
CHEBI_97184,CHEBI_99128,CHEBI_97184_CHEBI_99128,diastereomer,diastereomer,100.0,1
CHEBI_68410,CHEBI_68411,CHEBI_68410_CHEBI_68411,diastereomer,diastereomer,100.0,1
CHEBI_224739,CHEBI_221256,CHEBI_221256_CHEBI_224739,diastereomer,diastereomer,100.0,1
CHEBI_110111,CHEBI_109939,CHEBI_109939_CHEBI_110111,diastereomer,diastereomer,100.0,1
CHEBI_234285,CHEBI_234283,CHEBI_234283_CHEBI_234285,diastereomer,diastereomer,84.0,1
CHEBI_232280,CHEBI_232206,CHEBI_232206_CHEBI_232280,diastereomer,diastereomer,100.0,1
CHEBI_130614,CHEBI_130600,CHEBI_130600_CHEBI_130614,diastereomer,diastereomer,100.0,1
CHEBI_133052,CHEBI_133049,CHEBI_133049_CHEBI_133052,diastereomer,diastereomer,100.0,1
CHEBI_83590,CHEBI_83591,CHEBI_83590_CHEBI_83591,diastereomer,diastereomer,100.0,1
CHEBI_217310,CHEBI_226984,CHEBI_217310_CHEBI_226984,diastereomer,diastereomer,91.0,1
CHEBI_126410,CHEBI_130183,CHEBI_126410_CHEBI_130183,diastereomer,diastereomer,100.0,1
CHEBI_196190,CHEBI_196202,CHEBI_196190_CHEBI_196202,diastereomer,diastereomer,78.0,1
CHEBI_207930,CHEBI_222061,CHEBI_207930_CHEBI_222061,diastereomer,diastereomer,100.0,1
CHEBI_207368,CHEBI_198428,CHEBI_198428_CHEBI_207368,diastereomer,diastereomer,100.0,1
CHEBI_124707,CHEBI_124655,CHEBI_124655_CHEBI_124707,diastereomer,diastereomer,100.0,1
CHEBI_222285,CHEBI_222291,CHEBI_222285_CHEBI_222291,diastereomer,diastereomer,79.0,1
CHEBI_83132,CHEBI_83131,CHEBI_83131_CHEBI_83132,diastereomer,diastereomer,100.0,1
CHEBI_199555,CHEBI_215637,CHEBI_199555_CHEBI_215637,diastereomer,diastereomer,100.0,1
CHEBI_127456,CHEBI_130528,CHEBI_127456_CHEBI_130528,diastereomer,diastereomer,100.0,1
CHEBI_102817,CHEBI_121910,CHEBI_102817_CHEBI_121910,diastereomer,diastereomer,100.0,1
CHEBI_130887,CHEBI_129471,CHEBI_129471_CHEBI_130887,diastereomer,diastereomer,100.0,1
CHEBI_18391,CHEBI_17360,CHEBI_17360_CHEBI_18391,diastereomer,diastereomer,100.0,1
CHEBI_99121,CHEBI_100289,CHEBI_100289_CHEBI_99121,diastereomer,diastereomer,100.0,1
CHEBI_33982,CHEBI_10366,CHEBI_10366_CHEBI_33982,diastereomer,diastereomer,100.0,1
CHEBI_126321,CHEBI_127689,CHEBI_126321_CHEBI_127689,diastereomer,diastereomer,100.0,1
CHEBI_118280,CHEBI_118430,CHEBI_118280_CHEBI_118430,diastereomer,diastereomer,100.0,1
CHEBI_224951,CHEBI_224947,CHEBI_224947_CHEBI_224951,diastereomer,diastereomer,100.0,1
CHEBI_70556,CHEBI_70557,CHEBI_70556_CHEBI_70557,diastereomer,diastereomer,100.0,1
CHEBI_118561,CHEBI_118523,CHEBI_118523_CHEBI_118561,diastereomer,diastereomer,100.0,1
CHEBI_127073,CHEBI_130425,CHEBI_127073_CHEBI_130425,diastereomer,diastereomer,100.0,1
CHEBI_118578,CHEBI_118839,CHEBI_118578_CHEBI_118839,diastereomer,diastereomer,100.0,1
CHEBI_104502,CHEBI_104533,CHEBI_104502_CHEBI_104533,diastereomer,diastereomer,100.0,1
CHEBI_11563,CHEBI_48460,CHEBI_11563_CHEBI_48460,diastereomer,diastereomer,100.0,1
CHEBI_117978,CHEBI_118007,CHEBI_117978_CHEBI_118007,diastereomer,diastereomer,100.0,1
CHEBI_53072,CHEBI_60465,CHEBI_53072_CHEBI_60465,diastereomer,diastereomer,100.0,1
CHEBI_119082,CHEBI_118865,CHEBI_118865_CHEBI_119082,diastereomer,diastereomer,100.0,1
CHEBI_218137,CHEBI_221257,CHEBI_218137_CHEBI_221257,diastereomer,diastereomer,100.0,1
CHEBI_96096,CHEBI_95629,CHEBI_95629_CHEBI_96096,diastereomer,diastereomer,100.0,1
CHEBI_218863,CHEBI_221139,CHEBI_218863_CHEBI_221139,diastereomer,diastereomer,100.0,1
CHEBI_102587,CHEBI_100530,CHEBI_100530_CHEBI_102587,diastereomer,diastereomer,100.0,1
CHEBI_117916,CHEBI_117997,CHEBI_117916_CHEBI_117997,diastereomer,diastereomer,100.0,1
CHEBI_197108,CHEBI_156177,CHEBI_156177_CHEBI_197108,diastereomer,diastereomer,100.0,1
CHEBI_218936,CHEBI_218930,CHEBI_218930_CHEBI_218936,diastereomer,diastereomer,100.0,1
CHEBI_118331,CHEBI_118408,CHEBI_118331_CHEBI_118408,diastereomer,diastereomer,100.0,1
CHEBI_150697,CHEBI_146493,CHEBI_146493_CHEBI_150697,diastereomer,diastereomer,100.0,1
CHEBI_204826,CHEBI_204504,CHEBI_204504_CHEBI_204826,diastereomer,diastereomer,77.0,1
CHEBI_20676,CHEBI_20655,CHEBI_20655_CHEBI_20676,diastereomer,diastereomer,100.0,1
CHEBI_118738,CHEBI_118749,CHEBI_118738_CHEBI_118749,diastereomer,diastereomer,100.0,1
CHEBI_100254,CHEBI_103132,CHEBI_100254_CHEBI_103132,diastereomer,diastereomer,100.0,1
CHEBI_46993,CHEBI_46992,CHEBI_46992_CHEBI_46993,diastereomer,diastereomer,100.0,1
CHEBI_120368,CHEBI_120376,CHEBI_120368_CHEBI_120376,diastereomer,diastereomer,100.0,1
CHEBI_101574,CHEBI_102139,CHEBI_101574_CHEBI_102139,diastereomer,diastereomer,100.0,1
CHEBI_193569,CHEBI_58724,CHEBI_193569_CHEBI_58724,diastereomer,diastereomer,100.0,1
CHEBI_127725,CHEBI_129255,CHEBI_127725_CHEBI_129255,diastereomer,diastereomer,100.0,1
CHEBI_124559,CHEBI_124614,CHEBI_124559_CHEBI_124614,diastereomer,diastereomer,100.0,1
CHEBI_63203,CHEBI_64798,CHEBI_63203_CHEBI_64798,diastereomer,diastereomer,100.0,1
CHEBI_215814,CHEBI_215822,CHEBI_215814_CHEBI_215822,diastereomer,diastereomer,100.0,1
CHEBI_216507,CHEBI_216512,CHEBI_216507_CHEBI_216512,diastereomer,diastereomer,100.0,1
CHEBI_129316,CHEBI_126268,CHEBI_126268_CHEBI_129316,diastereomer,diastereomer,100.0,1
CHEBI_202213,CHEBI_212106,CHEBI_202213_CHEBI_212106,diastereomer,diastereomer,76.0,1
CHEBI_16772,CHEBI_28455,CHEBI_16772_CHEBI_28455,diastereomer,diastereomer,100.0,1
CHEBI_113967,CHEBI_103786,CHEBI_103786_CHEBI_113967,diastereomer,diastereomer,100.0,1
CHEBI_191829,CHEBI_191732,CHEBI_191732_CHEBI_191829,diastereomer,diastereomer,100.0,1
CHEBI_208309,CHEBI_208304,CHEBI_208304_CHEBI_208309,diastereomer,diastereomer,100.0,1
CHEBI_209275,CHEBI_209269,CHEBI_209269_CHEBI_209275,diastereomer,diastereomer,100.0,1
CHEBI_222167,CHEBI_223258,CHEBI_222167_CHEBI_223258,diastereomer,diastereomer,98.0,1
CHEBI_178553,CHEBI_178551,CHEBI_178551_CHEBI_178553,diastereomer,diastereomer,100.0,1
CHEBI_18165,CHEBI_18203,CHEBI_18165_CHEBI_18203,diastereomer,diastereomer,100.0,1
CHEBI_214798,CHEBI_214804,CHEBI_214798_CHEBI_214804,diastereomer,diastereomer,100.0,1
CHEBI_106611,CHEBI_106718,CHEBI_106611_CHEBI_106718,diastereomer,diastereomer,100.0,1
CHEBI_95388,CHEBI_98361,CHEBI_95388_CHEBI_98361,diastereomer,diastereomer,100.0,1
CHEBI_118734,CHEBI_118744,CHEBI_118734_CHEBI_118744,diastereomer,diastereomer,100.0,1
CHEBI_95394,CHEBI_99807,CHEBI_95394_CHEBI_99807,diastereomer,diastereomer,76.0,1
CHEBI_213644,CHEBI_216683,CHEBI_213644_CHEBI_216683,diastereomer,diastereomer,100.0,1
CHEBI_81875,CHEBI_31244,CHEBI_31244_CHEBI_81875,diastereomer,diastereomer,100.0,1
CHEBI_101184,CHEBI_98824,CHEBI_101184_CHEBI_98824,diastereomer,diastereomer,100.0,1
CHEBI_222937,CHEBI_222946,CHEBI_222937_CHEBI_222946,diastereomer,diastereomer,77.0,1
CHEBI_120161,CHEBI_120276,CHEBI_120161_CHEBI_120276,diastereomer,diastereomer,100.0,1
CHEBI_233519,CHEBI_233520,CHEBI_233519_CHEBI_233520,diastereomer,diastereomer,100.0,1
CHEBI_68015,CHEBI_68014,CHEBI_68014_CHEBI_68015,diastereomer,diastereomer,100.0,1
CHEBI_193477,CHEBI_193403,CHEBI_193403_CHEBI_193477,diastereomer,diastereomer,100.0,1
CHEBI_183584,CHEBI_174603,CHEBI_174603_CHEBI_183584,diastereomer,diastereomer,76.0,1
CHEBI_127535,CHEBI_125727,CHEBI_125727_CHEBI_127535,diastereomer,diastereomer,100.0,1
CHEBI_210768,CHEBI_219241,CHEBI_210768_CHEBI_219241,diastereomer,diastereomer,100.0,1
CHEBI_99489,CHEBI_102541,CHEBI_102541_CHEBI_99489,diastereomer,diastereomer,100.0,1
CHEBI_187228,CHEBI_186992,CHEBI_186992_CHEBI_187228,diastereomer,diastereomer,82.0,1
CHEBI_101595,CHEBI_100703,CHEBI_100703_CHEBI_101595,diastereomer,diastereomer,100.0,1
CHEBI_130651,CHEBI_125827,CHEBI_125827_CHEBI_130651,diastereomer,diastereomer,100.0,1
CHEBI_110582,CHEBI_110727,CHEBI_110582_CHEBI_110727,diastereomer,diastereomer,100.0,1
CHEBI_144277,CHEBI_144295,CHEBI_144277_CHEBI_144295,diastereomer,diastereomer,100.0,1
CHEBI_119159,CHEBI_118974,CHEBI_118974_CHEBI_119159,diastereomer,diastereomer,100.0,1
CHEBI_144571,CHEBI_166507,CHEBI_144571_CHEBI_166507,diastereomer,diastereomer,100.0,1
CHEBI_213735,CHEBI_214291,CHEBI_213735_CHEBI_214291,diastereomer,diastereomer,100.0,1
CHEBI_186209,CHEBI_185202,CHEBI_185202_CHEBI_186209,diastereomer,diastereomer,100.0,1
CHEBI_215534,CHEBI_215522,CHEBI_215522_CHEBI_215534,diastereomer,diastereomer,100.0,1
CHEBI_219880,CHEBI_219859,CHEBI_219859_CHEBI_219880,diastereomer,diastereomer,100.0,1
CHEBI_98367,CHEBI_98982,CHEBI_98367_CHEBI_98982,diastereomer,diastereomer,100.0,1
CHEBI_209541,CHEBI_209535,CHEBI_209535_CHEBI_209541,diastereomer,diastereomer,100.0,1
CHEBI_210649,CHEBI_210654,CHEBI_210649_CHEBI_210654,diastereomer,diastereomer,100.0,1
CHEBI_70685,CHEBI_70684,CHEBI_70684_CHEBI_70685,diastereomer,diastereomer,100.0,1
CHEBI_220986,CHEBI_208444,CHEBI_208444_CHEBI_220986,diastereomer,diastereomer,81.0,1
CHEBI_211732,CHEBI_201827,CHEBI_201827_CHEBI_211732,diastereomer,diastereomer,100.0,1
CHEBI_96063,CHEBI_96077,CHEBI_96063_CHEBI_96077,diastereomer,diastereomer,100.0,1
CHEBI_223901,CHEBI_207227,CHEBI_207227_CHEBI_223901,diastereomer,diastereomer,100.0,1
CHEBI_122727,CHEBI_122631,CHEBI_122631_CHEBI_122727,diastereomer,diastereomer,100.0,1
CHEBI_179984,CHEBI_179988,CHEBI_179984_CHEBI_179988,diastereomer,diastereomer,100.0,1
CHEBI_99458,CHEBI_97322,CHEBI_97322_CHEBI_99458,diastereomer,diastereomer,100.0,1
CHEBI_125791,CHEBI_127648,CHEBI_125791_CHEBI_127648,diastereomer,diastereomer,100.0,1
CHEBI_204797,CHEBI_226927,CHEBI_204797_CHEBI_226927,diastereomer,diastereomer,100.0,1
CHEBI_226495,CHEBI_226490,CHEBI_226490_CHEBI_226495,diastereomer,diastereomer,100.0,1
CHEBI_37547,CHEBI_37546,CHEBI_37546_CHEBI_37547,enantiomer,diastereomer,100.0,0
CHEBI_123574,CHEBI_123533,CHEBI_123533_CHEBI_123574,diastereomer,diastereomer,100.0,1
CHEBI_226589,CHEBI_226585,CHEBI_226585_CHEBI_226589,diastereomer,diastereomer,100.0,1
CHEBI_227584,CHEBI_213865,CHEBI_213865_CHEBI_227584,diastereomer,diastereomer,100.0,1
CHEBI_1277,CHEBI_39564,CHEBI_1277_CHEBI_39564,diastereomer,diastereomer,100.0,1
CHEBI_224849,CHEBI_224854,CHEBI_224849_CHEBI_224854,diastereomer,diastereomer,100.0,1
CHEBI_118547,CHEBI_118597,CHEBI_118547_CHEBI_118597,diastereomer,diastereomer,100.0,1
CHEBI_98090,CHEBI_102523,CHEBI_102523_CHEBI_98090,diastereomer,diastereomer,100.0,1
CHEBI_198651,CHEBI_206721,CHEBI_198651_CHEBI_206721,diastereomer,diastereomer,100.0,1
CHEBI_118395,CHEBI_118433,CHEBI_118395_CHEBI_118433,diastereomer,diastereomer,100.0,1
CHEBI_73249,CHEBI_73247,CHEBI_73247_CHEBI_73249,diastereomer,diastereomer,100.0,1
CHEBI_108854,CHEBI_113842,CHEBI_108854_CHEBI_113842,diastereomer,diastereomer,100.0,1
CHEBI_218099,CHEBI_218093,CHEBI_218093_CHEBI_218099,diastereomer,diastereomer,76.0,1
CHEBI_101520,CHEBI_101683,CHEBI_101520_CHEBI_101683,diastereomer,diastereomer,100.0,1
CHEBI_210634,CHEBI_213076,CHEBI_210634_CHEBI_213076,diastereomer,diastereomer,100.0,1
CHEBI_113894,CHEBI_114165,CHEBI_113894_CHEBI_114165,diastereomer,diastereomer,100.0,1
CHEBI_130443,CHEBI_127601,CHEBI_127601_CHEBI_130443,diastereomer,diastereomer,100.0,1
CHEBI_199254,CHEBI_221588,CHEBI_199254_CHEBI_221588,diastereomer,diastereomer,100.0,1
CHEBI_118577,CHEBI_118621,CHEBI_118577_CHEBI_118621,diastereomer,diastereomer,100.0,1
CHEBI_81636,CHEBI_81635,CHEBI_81635_CHEBI_81636,diastereomer,diastereomer,100.0,1
CHEBI_139391,CHEBI_139390,CHEBI_139390_CHEBI_139391,diastereomer,diastereomer,100.0,1
CHEBI_120250,CHEBI_120097,CHEBI_120097_CHEBI_120250,diastereomer,diastereomer,100.0,1
CHEBI_217977,CHEBI_198590,CHEBI_198590_CHEBI_217977,diastereomer,diastereomer,100.0,1
CHEBI_122422,CHEBI_122359,CHEBI_122359_CHEBI_122422,diastereomer,diastereomer,100.0,1
CHEBI_123557,CHEBI_123502,CHEBI_123502_CHEBI_123557,diastereomer,diastereomer,100.0,1
CHEBI_224255,CHEBI_206781,CHEBI_206781_CHEBI_224255,diastereomer,diastereomer,100.0,1
CHEBI_212959,CHEBI_211038,CHEBI_211038_CHEBI_212959,diastereomer,diastereomer,100.0,1
CHEBI_127087,CHEBI_128967,CHEBI_127087_CHEBI_128967,diastereomer,diastereomer,100.0,1
CHEBI_12387,CHEBI_6220,CHEBI_12387_CHEBI_6220,diastereomer,diastereomer,100.0,1
CHEBI_177569,CHEBI_184845,CHEBI_177569_CHEBI_184845,diastereomer,diastereomer,81.0,1
CHEBI_17762,CHEBI_16074,CHEBI_16074_CHEBI_17762,diastereomer,diastereomer,100.0,1
CHEBI_227393,CHEBI_206634,CHEBI_206634_CHEBI_227393,diastereomer,diastereomer,100.0,1
CHEBI_118506,CHEBI_118258,CHEBI_118258_CHEBI_118506,diastereomer,diastereomer,100.0,1
CHEBI_101461,CHEBI_97659,CHEBI_101461_CHEBI_97659,diastereomer,diastereomer,100.0,1
CHEBI_130333,CHEBI_129520,CHEBI_129520_CHEBI_130333,diastereomer,diastereomer,100.0,1
CHEBI_207843,CHEBI_201964,CHEBI_201964_CHEBI_207843,diastereomer,diastereomer,100.0,1
CHEBI_126014,CHEBI_130335,CHEBI_126014_CHEBI_130335,diastereomer,diastereomer,100.0,1
CHEBI_217865,CHEBI_217870,CHEBI_217865_CHEBI_217870,diastereomer,diastereomer,100.0,1
CHEBI_38229,CHEBI_38240,CHEBI_38229_CHEBI_38240,diastereomer,diastereomer,100.0,1
CHEBI_98736,CHEBI_97570,CHEBI_97570_CHEBI_98736,diastereomer,diastereomer,100.0,1
CHEBI_219543,CHEBI_220307,CHEBI_219543_CHEBI_220307,diastereomer,diastereomer,100.0,1
CHEBI_118505,CHEBI_118346,CHEBI_118346_CHEBI_118505,diastereomer,diastereomer,100.0,1
CHEBI_180310,CHEBI_180308,CHEBI_180308_CHEBI_180310,diastereomer,diastereomer,81.0,1
CHEBI_129260,CHEBI_130113,CHEBI_129260_CHEBI_130113,diastereomer,diastereomer,100.0,1
CHEBI_145350,CHEBI_145348,CHEBI_145348_CHEBI_145350,diastereomer,diastereomer,100.0,1
CHEBI_96091,CHEBI_95895,CHEBI_95895_CHEBI_96091,diastereomer,diastereomer,100.0,1
CHEBI_104546,CHEBI_104506,CHEBI_104506_CHEBI_104546,diastereomer,diastereomer,100.0,1
CHEBI_172925,CHEBI_194028,CHEBI_172925_CHEBI_194028,diastereomer,diastereomer,100.0,1
CHEBI_137720,CHEBI_137701,CHEBI_137701_CHEBI_137720,diastereomer,diastereomer,100.0,1
CHEBI_199593,CHEBI_204011,CHEBI_199593_CHEBI_204011,diastereomer,diastereomer,76.0,1
CHEBI_219247,CHEBI_219252,CHEBI_219247_CHEBI_219252,diastereomer,diastereomer,100.0,1
CHEBI_208601,CHEBI_226741,CHEBI_208601_CHEBI_226741,diastereomer,diastereomer,100.0,1
CHEBI_118698,CHEBI_118610,CHEBI_118610_CHEBI_118698,diastereomer,diastereomer,100.0,1
CHEBI_196285,CHEBI_196284,CHEBI_196284_CHEBI_196285,diastereomer,diastereomer,100.0,1
CHEBI_127898,CHEBI_127794,CHEBI_127794_CHEBI_127898,diastereomer,diastereomer,100.0,1
CHEBI_198463,CHEBI_207893,CHEBI_198463_CHEBI_207893,diastereomer,diastereomer,100.0,1
CHEBI_197669,CHEBI_203665,CHEBI_197669_CHEBI_203665,diastereomer,diastereomer,100.0,1
CHEBI_99801,CHEBI_97593,CHEBI_97593_CHEBI_99801,diastereomer,diastereomer,100.0,1
CHEBI_205633,CHEBI_227958,CHEBI_205633_CHEBI_227958,diastereomer,diastereomer,100.0,1
CHEBI_122477,CHEBI_122238,CHEBI_122238_CHEBI_122477,diastereomer,diastereomer,100.0,1
CHEBI_75502,CHEBI_75055,CHEBI_75055_CHEBI_75502,diastereomer,diastereomer,100.0,1
CHEBI_157606,CHEBI_72758,CHEBI_157606_CHEBI_72758,enantiomer,diastereomer,77.0,0
CHEBI_202952,CHEBI_202777,CHEBI_202777_CHEBI_202952,diastereomer,diastereomer,100.0,1
CHEBI_225481,CHEBI_225486,CHEBI_225481_CHEBI_225486,diastereomer,diastereomer,100.0,1
CHEBI_87628,CHEBI_776,CHEBI_776_CHEBI_87628,diastereomer,diastereomer,100.0,1
CHEBI_126784,CHEBI_127911,CHEBI_126784_CHEBI_127911,diastereomer,diastereomer,100.0,1
CHEBI_142912,CHEBI_131754,CHEBI_131754_CHEBI_142912,diastereomer,diastereomer,100.0,1
CHEBI_200842,CHEBI_204342,CHEBI_200842_CHEBI_204342,diastereomer,diastereomer,100.0,1
CHEBI_98837,CHEBI_98584,CHEBI_98584_CHEBI_98837,diastereomer,diastereomer,100.0,1
CHEBI_109894,CHEBI_109872,CHEBI_109872_CHEBI_109894,diastereomer,diastereomer,100.0,1
CHEBI_211532,CHEBI_213996,CHEBI_211532_CHEBI_213996,diastereomer,diastereomer,80.0,1
CHEBI_102631,CHEBI_95393,CHEBI_102631_CHEBI_95393,diastereomer,diastereomer,100.0,1
CHEBI_59961,CHEBI_63445,CHEBI_59961_CHEBI_63445,diastereomer,diastereomer,100.0,1
CHEBI_118120,CHEBI_118150,CHEBI_118120_CHEBI_118150,diastereomer,diastereomer,100.0,1
CHEBI_205564,CHEBI_156357,CHEBI_156357_CHEBI_205564,diastereomer,diastereomer,76.0,1
CHEBI_47571,CHEBI_40729,CHEBI_40729_CHEBI_47571,diastereomer,diastereomer,100.0,1
CHEBI_118371,CHEBI_118236,CHEBI_118236_CHEBI_118371,diastereomer,diastereomer,100.0,1
CHEBI_220156,CHEBI_215924,CHEBI_215924_CHEBI_220156,diastereomer,diastereomer,100.0,1
CHEBI_67571,CHEBI_67573,CHEBI_67571_CHEBI_67573,diastereomer,diastereomer,100.0,1
CHEBI_126082,CHEBI_129513,CHEBI_126082_CHEBI_129513,diastereomer,diastereomer,100.0,1
CHEBI_167857,CHEBI_84156,CHEBI_167857_CHEBI_84156,diastereomer,diastereomer,77.0,1
CHEBI_225446,CHEBI_225440,CHEBI_225440_CHEBI_225446,diastereomer,diastereomer,100.0,1
CHEBI_198249,CHEBI_218254,CHEBI_198249_CHEBI_218254,diastereomer,diastereomer,100.0,1
CHEBI_227877,CHEBI_211052,CHEBI_211052_CHEBI_227877,diastereomer,diastereomer,100.0,1
CHEBI_120146,CHEBI_120331,CHEBI_120146_CHEBI_120331,diastereomer,diastereomer,100.0,1
CHEBI_97247,CHEBI_101959,CHEBI_101959_CHEBI_97247,diastereomer,diastereomer,100.0,1
CHEBI_126122,CHEBI_128886,CHEBI_126122_CHEBI_128886,diastereomer,diastereomer,100.0,1
CHEBI_209770,CHEBI_209762,CHEBI_209762_CHEBI_209770,diastereomer,diastereomer,100.0,1
CHEBI_118192,CHEBI_117983,CHEBI_117983_CHEBI_118192,diastereomer,diastereomer,100.0,1
CHEBI_206651,CHEBI_205819,CHEBI_205819_CHEBI_206651,diastereomer,diastereomer,100.0,1
CHEBI_199130,CHEBI_213449,CHEBI_199130_CHEBI_213449,diastereomer,diastereomer,78.0,1
CHEBI_118036,CHEBI_118173,CHEBI_118036_CHEBI_118173,diastereomer,diastereomer,100.0,1
CHEBI_210743,CHEBI_210747,CHEBI_210743_CHEBI_210747,diastereomer,diastereomer,100.0,1
CHEBI_70756,CHEBI_87840,CHEBI_70756_CHEBI_87840,diastereomer,diastereomer,81.0,1
CHEBI_215255,CHEBI_199834,CHEBI_199834_CHEBI_215255,diastereomer,diastereomer,100.0,1
CHEBI_225872,CHEBI_209951,CHEBI_209951_CHEBI_225872,diastereomer,diastereomer,96.0,1
CHEBI_187055,CHEBI_157709,CHEBI_157709_CHEBI_187055,diastereomer,diastereomer,77.0,1
CHEBI_207536,CHEBI_200978,CHEBI_200978_CHEBI_207536,diastereomer,diastereomer,76.0,1
CHEBI_126347,CHEBI_108806,CHEBI_108806_CHEBI_126347,diastereomer,diastereomer,100.0,1
CHEBI_35071,CHEBI_35064,CHEBI_35064_CHEBI_35071,diastereomer,diastereomer,100.0,1
CHEBI_204223,CHEBI_200093,CHEBI_200093_CHEBI_204223,diastereomer,diastereomer,100.0,1
CHEBI_211471,CHEBI_209466,CHEBI_209466_CHEBI_211471,diastereomer,diastereomer,100.0,1
CHEBI_191226,CHEBI_195709,CHEBI_191226_CHEBI_195709,diastereomer,diastereomer,80.0,1
CHEBI_178193,CHEBI_25205,CHEBI_178193_CHEBI_25205,diastereomer,diastereomer,84.0,1
CHEBI_101832,CHEBI_103099,CHEBI_101832_CHEBI_103099,diastereomer,diastereomer,100.0,1
CHEBI_138112,CHEBI_138121,CHEBI_138112_CHEBI_138121,diastereomer,diastereomer,100.0,1
CHEBI_216489,CHEBI_202772,CHEBI_202772_CHEBI_216489,diastereomer,diastereomer,100.0,1
CHEBI_216286,CHEBI_200692,CHEBI_200692_CHEBI_216286,diastereomer,diastereomer,100.0,1
CHEBI_106298,CHEBI_106131,CHEBI_106131_CHEBI_106298,diastereomer,diastereomer,100.0,1
CHEBI_59927,CHEBI_59928,CHEBI_59927_CHEBI_59928,diastereomer,diastereomer,100.0,1
CHEBI_99192,CHEBI_97640,CHEBI_97640_CHEBI_99192,diastereomer,diastereomer,100.0,1
CHEBI_101376,CHEBI_98721,CHEBI_101376_CHEBI_98721,diastereomer,diastereomer,100.0,1
CHEBI_88046,CHEBI_88049,CHEBI_88046_CHEBI_88049,diastereomer,diastereomer,100.0,1
CHEBI_205555,CHEBI_205813,CHEBI_205555_CHEBI_205813,diastereomer,diastereomer,100.0,1
CHEBI_4969,CHEBI_132399,CHEBI_132399_CHEBI_4969,diastereomer,diastereomer,100.0,1
CHEBI_124730,CHEBI_124857,CHEBI_124730_CHEBI_124857,diastereomer,diastereomer,100.0,1
CHEBI_117932,CHEBI_118081,CHEBI_117932_CHEBI_118081,diastereomer,diastereomer,100.0,1
CHEBI_29027,CHEBI_28805,CHEBI_28805_CHEBI_29027,diastereomer,diastereomer,83.0,1
CHEBI_62146,CHEBI_62148,CHEBI_62146_CHEBI_62148,diastereomer,diastereomer,100.0,1
CHEBI_98446,CHEBI_101051,CHEBI_101051_CHEBI_98446,diastereomer,diastereomer,100.0,1
CHEBI_224595,CHEBI_212713,CHEBI_212713_CHEBI_224595,diastereomer,diastereomer,88.0,1
CHEBI_217713,CHEBI_217707,CHEBI_217707_CHEBI_217713,diastereomer,diastereomer,100.0,1
CHEBI_51833,CHEBI_17992,CHEBI_17992_CHEBI_51833,diastereomer,diastereomer,100.0,1
CHEBI_124951,CHEBI_125844,CHEBI_124951_CHEBI_125844,diastereomer,diastereomer,100.0,1
CHEBI_179494,CHEBI_179488,CHEBI_179488_CHEBI_179494,diastereomer,diastereomer,83.0,1
CHEBI_90334,CHEBI_90327,CHEBI_90327_CHEBI_90334,diastereomer,diastereomer,100.0,1
CHEBI_57846,CHEBI_58313,CHEBI_57846_CHEBI_58313,diastereomer,diastereomer,100.0,1
CHEBI_201073,CHEBI_201152,CHEBI_201073_CHEBI_201152,diastereomer,diastereomer,100.0,1
CHEBI_234324,CHEBI_31856,CHEBI_234324_CHEBI_31856,diastereomer,diastereomer,100.0,1
CHEBI_102926,CHEBI_98387,CHEBI_102926_CHEBI_98387,diastereomer,diastereomer,100.0,1
CHEBI_64225,CHEBI_64226,CHEBI_64225_CHEBI_64226,diastereomer,diastereomer,100.0,1
CHEBI_209223,CHEBI_209211,CHEBI_209211_CHEBI_209223,diastereomer,diastereomer,100.0,1
CHEBI_123611,CHEBI_123549,CHEBI_123549_CHEBI_123611,diastereomer,diastereomer,100.0,1
CHEBI_132022,CHEBI_136182,CHEBI_132022_CHEBI_136182,diastereomer,diastereomer,100.0,1
CHEBI_120247,CHEBI_120246,CHEBI_120246_CHEBI_120247,diastereomer,diastereomer,100.0,1
CHEBI_127698,CHEBI_128859,CHEBI_127698_CHEBI_128859,diastereomer,diastereomer,100.0,1
CHEBI_218277,CHEBI_216147,CHEBI_216147_CHEBI_218277,diastereomer,diastereomer,100.0,1
CHEBI_208299,CHEBI_198628,CHEBI_198628_CHEBI_208299,diastereomer,diastereomer,100.0,1
CHEBI_198244,CHEBI_203989,CHEBI_198244_CHEBI_203989,diastereomer,diastereomer,100.0,1
CHEBI_60294,CHEBI_60293,CHEBI_60293_CHEBI_60294,diastereomer,diastereomer,79.0,1
CHEBI_97242,CHEBI_102883,CHEBI_102883_CHEBI_97242,diastereomer,diastereomer,100.0,1
CHEBI_199970,CHEBI_216296,CHEBI_199970_CHEBI_216296,diastereomer,diastereomer,100.0,1
CHEBI_218499,CHEBI_218492,CHEBI_218492_CHEBI_218499,diastereomer,diastereomer,100.0,1
CHEBI_146502,CHEBI_154755,CHEBI_146502_CHEBI_154755,diastereomer,diastereomer,100.0,1
CHEBI_228051,CHEBI_228049,CHEBI_228049_CHEBI_228051,diastereomer,diastereomer,100.0,1
CHEBI_215379,CHEBI_204115,CHEBI_204115_CHEBI_215379,diastereomer,diastereomer,100.0,1
CHEBI_102392,CHEBI_99551,CHEBI_102392_CHEBI_99551,diastereomer,diastereomer,100.0,1
CHEBI_203429,CHEBI_203623,CHEBI_203429_CHEBI_203623,diastereomer,diastereomer,100.0,1
CHEBI_47949,CHEBI_47948,CHEBI_47948_CHEBI_47949,diastereomer,diastereomer,100.0,1
CHEBI_98949,CHEBI_101631,CHEBI_101631_CHEBI_98949,diastereomer,diastereomer,100.0,1
CHEBI_28453,CHEBI_36729,CHEBI_28453_CHEBI_36729,diastereomer,diastereomer,100.0,1
CHEBI_190588,CHEBI_173208,CHEBI_173208_CHEBI_190588,diastereomer,diastereomer,78.0,1
CHEBI_118900,CHEBI_118878,CHEBI_118878_CHEBI_118900,diastereomer,diastereomer,100.0,1
CHEBI_95898,CHEBI_95776,CHEBI_95776_CHEBI_95898,diastereomer,diastereomer,100.0,1
CHEBI_220984,CHEBI_220648,CHEBI_220648_CHEBI_220984,diastereomer,diastereomer,100.0,1
CHEBI_100887,CHEBI_98118,CHEBI_100887_CHEBI_98118,diastereomer,diastereomer,100.0,1
CHEBI_228030,CHEBI_228028,CHEBI_228028_CHEBI_228030,diastereomer,diastereomer,100.0,1
CHEBI_215342,CHEBI_215338,CHEBI_215338_CHEBI_215342,diastereomer,diastereomer,100.0,1
CHEBI_217021,CHEBI_213950,CHEBI_213950_CHEBI_217021,diastereomer,diastereomer,100.0,1
CHEBI_219041,CHEBI_219048,CHEBI_219041_CHEBI_219048,diastereomer,diastereomer,100.0,1
CHEBI_18532,CHEBI_46739,CHEBI_18532_CHEBI_46739,diastereomer,diastereomer,100.0,1
CHEBI_167676,CHEBI_167675,CHEBI_167675_CHEBI_167676,enantiomer,diastereomer,100.0,0
CHEBI_221207,CHEBI_207861,CHEBI_207861_CHEBI_221207,diastereomer,diastereomer,100.0,1
CHEBI_222501,CHEBI_205896,CHEBI_205896_CHEBI_222501,diastereomer,diastereomer,100.0,1
CHEBI_103197,CHEBI_101423,CHEBI_101423_CHEBI_103197,diastereomer,diastereomer,100.0,1
CHEBI_122239,CHEBI_122375,CHEBI_122239_CHEBI_122375,diastereomer,diastereomer,100.0,1
CHEBI_214783,CHEBI_216930,CHEBI_214783_CHEBI_216930,diastereomer,diastereomer,100.0,1
CHEBI_219214,CHEBI_219219,CHEBI_219214_CHEBI_219219,diastereomer,diastereomer,100.0,1
CHEBI_185742,CHEBI_186369,CHEBI_185742_CHEBI_186369,diastereomer,diastereomer,78.0,1
CHEBI_130873,CHEBI_126892,CHEBI_126892_CHEBI_130873,diastereomer,diastereomer,100.0,1
CHEBI_199758,CHEBI_205063,CHEBI_199758_CHEBI_205063,diastereomer,diastereomer,100.0,1
CHEBI_110321,CHEBI_110281,CHEBI_110281_CHEBI_110321,diastereomer,diastereomer,100.0,1
CHEBI_118653,CHEBI_118540,CHEBI_118540_CHEBI_118653,diastereomer,diastereomer,100.0,1
CHEBI_36713,CHEBI_36714,CHEBI_36713_CHEBI_36714,diastereomer,diastereomer,100.0,1
CHEBI_97121,CHEBI_100008,CHEBI_100008_CHEBI_97121,diastereomer,diastereomer,100.0,1
CHEBI_10322,CHEBI_9043,CHEBI_10322_CHEBI_9043,diastereomer,diastereomer,100.0,1
CHEBI_200869,CHEBI_224284,CHEBI_200869_CHEBI_224284,diastereomer,diastereomer,100.0,1
CHEBI_179850,CHEBI_165439,CHEBI_165439_CHEBI_179850,diastereomer,diastereomer,79.0,1
CHEBI_127708,CHEBI_125740,CHEBI_125740_CHEBI_127708,diastereomer,diastereomer,100.0,1
CHEBI_205600,CHEBI_207303,CHEBI_205600_CHEBI_207303,diastereomer,diastereomer,100.0,1
CHEBI_225036,CHEBI_223588,CHEBI_223588_CHEBI_225036,diastereomer,diastereomer,100.0,1
CHEBI_130106,CHEBI_126038,CHEBI_126038_CHEBI_130106,diastereomer,diastereomer,100.0,1
CHEBI_217844,CHEBI_217838,CHEBI_217838_CHEBI_217844,diastereomer,diastereomer,100.0,1
CHEBI_39373,CHEBI_39372,CHEBI_39372_CHEBI_39373,diastereomer,diastereomer,100.0,1
CHEBI_211042,CHEBI_211045,CHEBI_211042_CHEBI_211045,diastereomer,diastereomer,100.0,1
CHEBI_68868,CHEBI_68869,CHEBI_68868_CHEBI_68869,diastereomer,diastereomer,84.0,1
CHEBI_141808,CHEBI_143196,CHEBI_141808_CHEBI_143196,diastereomer,diastereomer,100.0,1
CHEBI_220360,CHEBI_224927,CHEBI_220360_CHEBI_224927,diastereomer,diastereomer,87.0,1
CHEBI_120225,CHEBI_120166,CHEBI_120166_CHEBI_120225,diastereomer,diastereomer,100.0,1
CHEBI_99487,CHEBI_97596,CHEBI_97596_CHEBI_99487,diastereomer,diastereomer,100.0,1
CHEBI_126763,CHEBI_128663,CHEBI_126763_CHEBI_128663,diastereomer,diastereomer,100.0,1
CHEBI_99051,CHEBI_102689,CHEBI_102689_CHEBI_99051,diastereomer,diastereomer,100.0,1
CHEBI_99935,CHEBI_99885,CHEBI_99885_CHEBI_99935,diastereomer,diastereomer,100.0,1
CHEBI_118124,CHEBI_117919,CHEBI_117919_CHEBI_118124,diastereomer,diastereomer,100.0,1
CHEBI_205909,CHEBI_199110,CHEBI_199110_CHEBI_205909,diastereomer,diastereomer,100.0,1
CHEBI_98494,CHEBI_97672,CHEBI_97672_CHEBI_98494,diastereomer,diastereomer,100.0,1
CHEBI_218938,CHEBI_218951,CHEBI_218938_CHEBI_218951,diastereomer,diastereomer,100.0,1
CHEBI_114027,CHEBI_114023,CHEBI_114023_CHEBI_114027,diastereomer,diastereomer,100.0,1
CHEBI_132065,CHEBI_132063,CHEBI_132063_CHEBI_132065,diastereomer,diastereomer,100.0,1
CHEBI_120314,CHEBI_120180,CHEBI_120180_CHEBI_120314,diastereomer,diastereomer,100.0,1
CHEBI_165506,CHEBI_192950,CHEBI_165506_CHEBI_192950,diastereomer,diastereomer,80.0,1
CHEBI_75877,CHEBI_76057,CHEBI_75877_CHEBI_76057,diastereomer,diastereomer,100.0,1
CHEBI_123503,CHEBI_123555,CHEBI_123503_CHEBI_123555,diastereomer,diastereomer,100.0,1
CHEBI_195340,CHEBI_195341,CHEBI_195340_CHEBI_195341,diastereomer,diastereomer,76.0,1
CHEBI_139314,CHEBI_139316,CHEBI_139314_CHEBI_139316,diastereomer,diastereomer,100.0,1
CHEBI_197149,CHEBI_197169,CHEBI_197149_CHEBI_197169,diastereomer,diastereomer,100.0,1
CHEBI_120362,CHEBI_120298,CHEBI_120298_CHEBI_120362,diastereomer,diastereomer,100.0,1
CHEBI_83827,CHEBI_83826,CHEBI_83826_CHEBI_83827,diastereomer,diastereomer,100.0,1
CHEBI_221220,CHEBI_226134,CHEBI_221220_CHEBI_226134,diastereomer,diastereomer,100.0,1
CHEBI_128726,CHEBI_125971,CHEBI_125971_CHEBI_128726,diastereomer,diastereomer,100.0,1
CHEBI_99436,CHEBI_102564,CHEBI_102564_CHEBI_99436,diastereomer,diastereomer,100.0,1
CHEBI_142534,CHEBI_142535,CHEBI_142534_CHEBI_142535,diastereomer,diastereomer,100.0,1
CHEBI_137491,CHEBI_28835,CHEBI_137491_CHEBI_28835,diastereomer,diastereomer,100.0,1
CHEBI_211195,CHEBI_212170,CHEBI_211195_CHEBI_212170,diastereomer,diastereomer,100.0,1
CHEBI_197867,CHEBI_226725,CHEBI_197867_CHEBI_226725,diastereomer,diastereomer,77.0,1
CHEBI_165322,CHEBI_229535,CHEBI_165322_CHEBI_229535,diastereomer,diastereomer,100.0,1
CHEBI_118721,CHEBI_118661,CHEBI_118661_CHEBI_118721,diastereomer,diastereomer,100.0,1
CHEBI_205566,CHEBI_218102,CHEBI_205566_CHEBI_218102,diastereomer,diastereomer,100.0,1
CHEBI_92901,CHEBI_94494,CHEBI_92901_CHEBI_94494,diastereomer,diastereomer,100.0,1
CHEBI_97767,CHEBI_99305,CHEBI_97767_CHEBI_99305,diastereomer,diastereomer,100.0,1
CHEBI_96891,CHEBI_96955,CHEBI_96891_CHEBI_96955,diastereomer,diastereomer,100.0,1
CHEBI_118838,CHEBI_118760,CHEBI_118760_CHEBI_118838,diastereomer,diastereomer,100.0,1
CHEBI_102025,CHEBI_100862,CHEBI_100862_CHEBI_102025,diastereomer,diastereomer,100.0,1
CHEBI_83017,CHEBI_82992,CHEBI_82992_CHEBI_83017,diastereomer,diastereomer,79.0,1
CHEBI_148987,CHEBI_148404,CHEBI_148404_CHEBI_148987,diastereomer,diastereomer,100.0,1
CHEBI_217058,CHEBI_217053,CHEBI_217053_CHEBI_217058,diastereomer,diastereomer,75.0,1
CHEBI_188325,CHEBI_191994,CHEBI_188325_CHEBI_191994,diastereomer,diastereomer,100.0,1
CHEBI_67413,CHEBI_67415,CHEBI_67413_CHEBI_67415,diastereomer,diastereomer,100.0,1
CHEBI_220444,CHEBI_202086,CHEBI_202086_CHEBI_220444,diastereomer,diastereomer,100.0,1
CHEBI_203648,CHEBI_198725,CHEBI_198725_CHEBI_203648,diastereomer,diastereomer,100.0,1
CHEBI_69888,CHEBI_69887,CHEBI_69887_CHEBI_69888,diastereomer,diastereomer,100.0,1
CHEBI_96671,CHEBI_96554,CHEBI_96554_CHEBI_96671,diastereomer,diastereomer,100.0,1
CHEBI_202821,CHEBI_201949,CHEBI_201949_CHEBI_202821,diastereomer,diastereomer,100.0,1
CHEBI_210764,CHEBI_210735,CHEBI_210735_CHEBI_210764,diastereomer,diastereomer,83.0,1
CHEBI_207254,CHEBI_225954,CHEBI_207254_CHEBI_225954,diastereomer,diastereomer,100.0,1
CHEBI_118740,CHEBI_118636,CHEBI_118636_CHEBI_118740,diastereomer,diastereomer,100.0,1
CHEBI_208414,CHEBI_217768,CHEBI_208414_CHEBI_217768,diastereomer,diastereomer,100.0,1
CHEBI_157154,CHEBI_157414,CHEBI_157154_CHEBI_157414,diastereomer,diastereomer,100.0,1
CHEBI_98338,CHEBI_101004,CHEBI_101004_CHEBI_98338,diastereomer,diastereomer,100.0,1
CHEBI_127616,CHEBI_129362,CHEBI_127616_CHEBI_129362,diastereomer,diastereomer,100.0,1
CHEBI_81669,CHEBI_169981,CHEBI_169981_CHEBI_81669,diastereomer,diastereomer,79.0,1
CHEBI_99394,CHEBI_100800,CHEBI_100800_CHEBI_99394,diastereomer,diastereomer,100.0,1
CHEBI_197810,CHEBI_226821,CHEBI_197810_CHEBI_226821,diastereomer,diastereomer,100.0,1
CHEBI_216855,CHEBI_216859,CHEBI_216855_CHEBI_216859,diastereomer,diastereomer,100.0,1
CHEBI_94619,CHEBI_92652,CHEBI_92652_CHEBI_94619,diastereomer,diastereomer,100.0,1
CHEBI_127778,CHEBI_126032,CHEBI_126032_CHEBI_127778,diastereomer,diastereomer,100.0,1
CHEBI_220033,CHEBI_202644,CHEBI_202644_CHEBI_220033,diastereomer,diastereomer,100.0,1
CHEBI_227200,CHEBI_227204,CHEBI_227200_CHEBI_227204,diastereomer,diastereomer,100.0,1
CHEBI_58129,CHEBI_57770,CHEBI_57770_CHEBI_58129,diastereomer,diastereomer,77.0,1
CHEBI_225417,CHEBI_225422,CHEBI_225417_CHEBI_225422,diastereomer,diastereomer,100.0,1
CHEBI_129346,CHEBI_128081,CHEBI_128081_CHEBI_129346,diastereomer,diastereomer,100.0,1
CHEBI_90136,CHEBI_90133,CHEBI_90133_CHEBI_90136,diastereomer,diastereomer,100.0,1
CHEBI_205155,CHEBI_213088,CHEBI_205155_CHEBI_213088,diastereomer,diastereomer,100.0,1
CHEBI_98366,CHEBI_101582,CHEBI_101582_CHEBI_98366,diastereomer,diastereomer,100.0,1
CHEBI_180542,CHEBI_180541,CHEBI_180541_CHEBI_180542,diastereomer,diastereomer,84.0,1
CHEBI_69385,CHEBI_69386,CHEBI_69385_CHEBI_69386,diastereomer,diastereomer,100.0,1
CHEBI_85307,CHEBI_85308,CHEBI_85307_CHEBI_85308,diastereomer,diastereomer,100.0,1
CHEBI_97207,CHEBI_102366,CHEBI_102366_CHEBI_97207,diastereomer,diastereomer,100.0,1
CHEBI_67320,CHEBI_67321,CHEBI_67320_CHEBI_67321,diastereomer,diastereomer,100.0,1
CHEBI_123003,CHEBI_123040,CHEBI_123003_CHEBI_123040,diastereomer,diastereomer,100.0,1
CHEBI_199708,CHEBI_199402,CHEBI_199402_CHEBI_199708,diastereomer,diastereomer,76.0,1
CHEBI_172985,CHEBI_172984,CHEBI_172984_CHEBI_172985,diastereomer,diastereomer,100.0,1
CHEBI_209932,CHEBI_209936,CHEBI_209932_CHEBI_209936,diastereomer,diastereomer,100.0,1
CHEBI_120113,CHEBI_120365,CHEBI_120113_CHEBI_120365,diastereomer,diastereomer,100.0,1
CHEBI_172992,CHEBI_172999,CHEBI_172992_CHEBI_172999,diastereomer,diastereomer,78.0,1
CHEBI_222566,CHEBI_222558,CHEBI_222558_CHEBI_222566,diastereomer,diastereomer,100.0,1
CHEBI_130853,CHEBI_125950,CHEBI_125950_CHEBI_130853,diastereomer,diastereomer,100.0,1
CHEBI_100068,CHEBI_97920,CHEBI_100068_CHEBI_97920,diastereomer,diastereomer,100.0,1
CHEBI_15711,CHEBI_52044,CHEBI_15711_CHEBI_52044,diastereomer,diastereomer,100.0,1
CHEBI_99940,CHEBI_102890,CHEBI_102890_CHEBI_99940,diastereomer,diastereomer,100.0,1
CHEBI_35527,CHEBI_35525,CHEBI_35525_CHEBI_35527,diastereomer,diastereomer,100.0,1
CHEBI_111769,CHEBI_124272,CHEBI_111769_CHEBI_124272,diastereomer,diastereomer,100.0,1
CHEBI_213970,CHEBI_218866,CHEBI_213970_CHEBI_218866,diastereomer,diastereomer,76.0,1
CHEBI_83615,CHEBI_83616,CHEBI_83615_CHEBI_83616,diastereomer,diastereomer,100.0,1
CHEBI_171704,CHEBI_186661,CHEBI_171704_CHEBI_186661,diastereomer,diastereomer,76.0,1
CHEBI_106495,CHEBI_106547,CHEBI_106495_CHEBI_106547,diastereomer,diastereomer,100.0,1
CHEBI_51179,CHEBI_51176,CHEBI_51176_CHEBI_51179,diastereomer,diastereomer,100.0,1
CHEBI_101155,CHEBI_99146,CHEBI_101155_CHEBI_99146,diastereomer,diastereomer,100.0,1
CHEBI_210506,CHEBI_210500,CHEBI_210500_CHEBI_210506,diastereomer,diastereomer,100.0,1
CHEBI_207748,CHEBI_207757,CHEBI_207748_CHEBI_207757,diastereomer,diastereomer,100.0,1
CHEBI_233190,CHEBI_88733,CHEBI_233190_CHEBI_88733,diastereomer,diastereomer,100.0,1
CHEBI_222559,CHEBI_222552,CHEBI_222552_CHEBI_222559,diastereomer,diastereomer,100.0,1
CHEBI_99391,CHEBI_102670,CHEBI_102670_CHEBI_99391,diastereomer,diastereomer,100.0,1
CHEBI_99197,CHEBI_102452,CHEBI_102452_CHEBI_99197,diastereomer,diastereomer,100.0,1
CHEBI_198829,CHEBI_198506,CHEBI_198506_CHEBI_198829,diastereomer,diastereomer,100.0,1
CHEBI_67287,CHEBI_67280,CHEBI_67280_CHEBI_67287,diastereomer,diastereomer,100.0,1
CHEBI_206343,CHEBI_205373,CHEBI_205373_CHEBI_206343,diastereomer,diastereomer,100.0,1
CHEBI_70187,CHEBI_70186,CHEBI_70186_CHEBI_70187,diastereomer,diastereomer,100.0,1
CHEBI_127608,CHEBI_128079,CHEBI_127608_CHEBI_128079,diastereomer,diastereomer,100.0,1
CHEBI_223052,CHEBI_211547,CHEBI_211547_CHEBI_223052,diastereomer,diastereomer,80.0,1
CHEBI_127305,CHEBI_127910,CHEBI_127305_CHEBI_127910,diastereomer,diastereomer,100.0,1
CHEBI_129133,CHEBI_127948,CHEBI_127948_CHEBI_129133,diastereomer,diastereomer,100.0,1
CHEBI_123508,CHEBI_123546,CHEBI_123508_CHEBI_123546,diastereomer,diastereomer,100.0,1
CHEBI_211466,CHEBI_211472,CHEBI_211466_CHEBI_211472,diastereomer,diastereomer,100.0,1
CHEBI_221886,CHEBI_221880,CHEBI_221880_CHEBI_221886,diastereomer,diastereomer,75.0,1
CHEBI_136056,CHEBI_133368,CHEBI_133368_CHEBI_136056,diastereomer,diastereomer,100.0,1
CHEBI_130216,CHEBI_129413,CHEBI_129413_CHEBI_130216,diastereomer,diastereomer,100.0,1
CHEBI_142470,CHEBI_142465,CHEBI_142465_CHEBI_142470,diastereomer,diastereomer,100.0,1
CHEBI_123714,CHEBI_111594,CHEBI_111594_CHEBI_123714,diastereomer,diastereomer,100.0,1
CHEBI_47984,CHEBI_16446,CHEBI_16446_CHEBI_47984,diastereomer,diastereomer,100.0,1
CHEBI_196602,CHEBI_196600,CHEBI_196600_CHEBI_196602,diastereomer,diastereomer,100.0,1
CHEBI_129974,CHEBI_130817,CHEBI_129974_CHEBI_130817,diastereomer,diastereomer,100.0,1
CHEBI_118559,CHEBI_118608,CHEBI_118559_CHEBI_118608,diastereomer,diastereomer,100.0,1
CHEBI_141915,CHEBI_141956,CHEBI_141915_CHEBI_141956,diastereomer,diastereomer,100.0,1
CHEBI_68777,CHEBI_68778,CHEBI_68777_CHEBI_68778,diastereomer,diastereomer,100.0,1
CHEBI_128446,CHEBI_129764,CHEBI_128446_CHEBI_129764,diastereomer,diastereomer,100.0,1
CHEBI_118953,CHEBI_118959,CHEBI_118953_CHEBI_118959,diastereomer,diastereomer,100.0,1
CHEBI_123601,CHEBI_123565,CHEBI_123565_CHEBI_123601,diastereomer,diastereomer,100.0,1
CHEBI_220082,CHEBI_212388,CHEBI_212388_CHEBI_220082,diastereomer,diastereomer,100.0,1
CHEBI_201178,CHEBI_203901,CHEBI_201178_CHEBI_203901,diastereomer,diastereomer,100.0,1
CHEBI_215352,CHEBI_211777,CHEBI_211777_CHEBI_215352,diastereomer,diastereomer,100.0,1
CHEBI_119506,CHEBI_119690,CHEBI_119506_CHEBI_119690,diastereomer,diastereomer,100.0,1
CHEBI_26797,CHEBI_51011,CHEBI_26797_CHEBI_51011,diastereomer,diastereomer,100.0,1
CHEBI_148440,CHEBI_152376,CHEBI_148440_CHEBI_152376,diastereomer,diastereomer,100.0,1
CHEBI_140655,CHEBI_138945,CHEBI_138945_CHEBI_140655,diastereomer,diastereomer,100.0,1
CHEBI_127289,CHEBI_128061,CHEBI_127289_CHEBI_128061,diastereomer,diastereomer,100.0,1
CHEBI_204380,CHEBI_199077,CHEBI_199077_CHEBI_204380,diastereomer,diastereomer,100.0,1
CHEBI_222991,CHEBI_222995,CHEBI_222991_CHEBI_222995,diastereomer,diastereomer,100.0,1
CHEBI_217523,CHEBI_217529,CHEBI_217523_CHEBI_217529,diastereomer,diastereomer,100.0,1
CHEBI_99678,CHEBI_97060,CHEBI_97060_CHEBI_99678,diastereomer,diastereomer,100.0,1
CHEBI_217318,CHEBI_217312,CHEBI_217312_CHEBI_217318,diastereomer,diastereomer,99.0,1
CHEBI_222996,CHEBI_218158,CHEBI_218158_CHEBI_222996,diastereomer,diastereomer,100.0,1
CHEBI_42098,CHEBI_63497,CHEBI_42098_CHEBI_63497,diastereomer,diastereomer,100.0,1
CHEBI_223017,CHEBI_223011,CHEBI_223011_CHEBI_223017,diastereomer,diastereomer,100.0,1
CHEBI_72328,CHEBI_65105,CHEBI_65105_CHEBI_72328,diastereomer,diastereomer,100.0,1
CHEBI_209745,CHEBI_209740,CHEBI_209740_CHEBI_209745,diastereomer,diastereomer,100.0,1
CHEBI_213491,CHEBI_227659,CHEBI_213491_CHEBI_227659,diastereomer,diastereomer,100.0,1
CHEBI_208333,CHEBI_208351,CHEBI_208333_CHEBI_208351,diastereomer,diastereomer,78.0,1
CHEBI_206358,CHEBI_197913,CHEBI_197913_CHEBI_206358,diastereomer,diastereomer,76.0,1
CHEBI_57690,CHEBI_27992,CHEBI_27992_CHEBI_57690,diastereomer,diastereomer,81.0,1
CHEBI_65860,CHEBI_65859,CHEBI_65859_CHEBI_65860,diastereomer,diastereomer,100.0,1
CHEBI_126129,CHEBI_127666,CHEBI_126129_CHEBI_127666,diastereomer,diastereomer,100.0,1
CHEBI_128409,CHEBI_126262,CHEBI_126262_CHEBI_128409,diastereomer,diastereomer,100.0,1
CHEBI_218708,CHEBI_207928,CHEBI_207928_CHEBI_218708,diastereomer,diastereomer,100.0,1
CHEBI_128557,CHEBI_124948,CHEBI_124948_CHEBI_128557,diastereomer,diastereomer,100.0,1
CHEBI_99798,CHEBI_102174,CHEBI_102174_CHEBI_99798,diastereomer,diastereomer,100.0,1
CHEBI_214083,CHEBI_214077,CHEBI_214077_CHEBI_214083,diastereomer,diastereomer,100.0,1
CHEBI_199629,CHEBI_198845,CHEBI_198845_CHEBI_199629,diastereomer,diastereomer,100.0,1
CHEBI_97270,CHEBI_100216,CHEBI_100216_CHEBI_97270,diastereomer,diastereomer,100.0,1
CHEBI_217930,CHEBI_217936,CHEBI_217930_CHEBI_217936,diastereomer,diastereomer,100.0,1
CHEBI_83303,CHEBI_83306,CHEBI_83303_CHEBI_83306,diastereomer,diastereomer,100.0,1
CHEBI_228960,CHEBI_168338,CHEBI_168338_CHEBI_228960,diastereomer,diastereomer,100.0,1
CHEBI_227752,CHEBI_227758,CHEBI_227752_CHEBI_227758,diastereomer,diastereomer,100.0,1
CHEBI_215712,CHEBI_201119,CHEBI_201119_CHEBI_215712,diastereomer,diastereomer,100.0,1
CHEBI_217790,CHEBI_217783,CHEBI_217783_CHEBI_217790,diastereomer,diastereomer,76.0,1
CHEBI_111674,CHEBI_113823,CHEBI_111674_CHEBI_113823,diastereomer,diastereomer,100.0,1
CHEBI_63762,CHEBI_63774,CHEBI_63762_CHEBI_63774,diastereomer,diastereomer,100.0,1
CHEBI_204475,CHEBI_218529,CHEBI_204475_CHEBI_218529,diastereomer,diastereomer,100.0,1
CHEBI_210270,CHEBI_217937,CHEBI_210270_CHEBI_217937,diastereomer,diastereomer,100.0,1
CHEBI_130177,CHEBI_126178,CHEBI_126178_CHEBI_130177,diastereomer,diastereomer,100.0,1
CHEBI_49143,CHEBI_49128,CHEBI_49128_CHEBI_49143,diastereomer,diastereomer,100.0,1
CHEBI_47832,CHEBI_28227,CHEBI_28227_CHEBI_47832,diastereomer,diastereomer,100.0,1
CHEBI_102818,CHEBI_98168,CHEBI_102818_CHEBI_98168,diastereomer,diastereomer,100.0,1
CHEBI_57579,CHEBI_134284,CHEBI_134284_CHEBI_57579,diastereomer,diastereomer,100.0,1
CHEBI_99038,CHEBI_101500,CHEBI_101500_CHEBI_99038,diastereomer,diastereomer,100.0,1
CHEBI_214687,CHEBI_203483,CHEBI_203483_CHEBI_214687,diastereomer,diastereomer,77.0,1
CHEBI_97873,CHEBI_102331,CHEBI_102331_CHEBI_97873,diastereomer,diastereomer,100.0,1
CHEBI_201244,CHEBI_202138,CHEBI_201244_CHEBI_202138,diastereomer,diastereomer,81.0,1
CHEBI_96557,CHEBI_96022,CHEBI_96022_CHEBI_96557,diastereomer,diastereomer,100.0,1
CHEBI_226209,CHEBI_212052,CHEBI_212052_CHEBI_226209,diastereomer,diastereomer,100.0,1
CHEBI_783,CHEBI_182953,CHEBI_182953_CHEBI_783,diastereomer,diastereomer,100.0,1
CHEBI_177599,CHEBI_185102,CHEBI_177599_CHEBI_185102,diastereomer,diastereomer,78.0,1
CHEBI_215737,CHEBI_227501,CHEBI_215737_CHEBI_227501,diastereomer,diastereomer,100.0,1
CHEBI_38361,CHEBI_38359,CHEBI_38359_CHEBI_38361,diastereomer,diastereomer,82.0,1
CHEBI_177901,CHEBI_177900,CHEBI_177900_CHEBI_177901,diastereomer,diastereomer,100.0,1
CHEBI_197248,CHEBI_185645,CHEBI_185645_CHEBI_197248,diastereomer,diastereomer,100.0,1
CHEBI_118261,CHEBI_118415,CHEBI_118261_CHEBI_118415,diastereomer,diastereomer,100.0,1
CHEBI_128466,CHEBI_130498,CHEBI_128466_CHEBI_130498,diastereomer,diastereomer,100.0,1
CHEBI_226944,CHEBI_226934,CHEBI_226934_CHEBI_226944,diastereomer,diastereomer,100.0,1
CHEBI_102559,CHEBI_98921,CHEBI_102559_CHEBI_98921,diastereomer,diastereomer,100.0,1
CHEBI_151942,CHEBI_157284,CHEBI_151942_CHEBI_157284,diastereomer,diastereomer,100.0,1
CHEBI_209732,CHEBI_209725,CHEBI_209725_CHEBI_209732,diastereomer,diastereomer,100.0,1
CHEBI_102864,CHEBI_100170,CHEBI_100170_CHEBI_102864,diastereomer,diastereomer,100.0,1
CHEBI_225403,CHEBI_225398,CHEBI_225398_CHEBI_225403,diastereomer,diastereomer,100.0,1
CHEBI_128682,CHEBI_128852,CHEBI_128682_CHEBI_128852,diastereomer,diastereomer,100.0,1
CHEBI_16335,CHEBI_45327,CHEBI_16335_CHEBI_45327,diastereomer,diastereomer,100.0,1
CHEBI_98962,CHEBI_100844,CHEBI_100844_CHEBI_98962,diastereomer,diastereomer,100.0,1
CHEBI_115177,CHEBI_115131,CHEBI_115131_CHEBI_115177,diastereomer,diastereomer,100.0,1
CHEBI_136533,CHEBI_136535,CHEBI_136533_CHEBI_136535,diastereomer,diastereomer,100.0,1
CHEBI_138224,CHEBI_138234,CHEBI_138224_CHEBI_138234,diastereomer,diastereomer,100.0,1
CHEBI_100613,CHEBI_98482,CHEBI_100613_CHEBI_98482,diastereomer,diastereomer,100.0,1
CHEBI_145582,CHEBI_145628,CHEBI_145582_CHEBI_145628,diastereomer,diastereomer,100.0,1
CHEBI_206227,CHEBI_206232,CHEBI_206227_CHEBI_206232,diastereomer,diastereomer,100.0,1
CHEBI_130407,CHEBI_128919,CHEBI_128919_CHEBI_130407,diastereomer,diastereomer,100.0,1
CHEBI_129836,CHEBI_127837,CHEBI_127837_CHEBI_129836,diastereomer,diastereomer,100.0,1
CHEBI_226978,CHEBI_226969,CHEBI_226969_CHEBI_226978,diastereomer,diastereomer,100.0,1
CHEBI_99826,CHEBI_102127,CHEBI_102127_CHEBI_99826,diastereomer,diastereomer,100.0,1
CHEBI_66612,CHEBI_66611,CHEBI_66611_CHEBI_66612,diastereomer,diastereomer,100.0,1
CHEBI_199199,CHEBI_202191,CHEBI_199199_CHEBI_202191,diastereomer,diastereomer,100.0,1
CHEBI_173250,CHEBI_191640,CHEBI_173250_CHEBI_191640,diastereomer,diastereomer,100.0,1
CHEBI_200964,CHEBI_211744,CHEBI_200964_CHEBI_211744,diastereomer,diastereomer,100.0,1
CHEBI_226113,CHEBI_216202,CHEBI_216202_CHEBI_226113,diastereomer,diastereomer,100.0,1
CHEBI_222000,CHEBI_207102,CHEBI_207102_CHEBI_222000,diastereomer,diastereomer,92.0,1
CHEBI_207365,CHEBI_207370,CHEBI_207365_CHEBI_207370,diastereomer,diastereomer,100.0,1
CHEBI_99232,CHEBI_100889,CHEBI_100889_CHEBI_99232,diastereomer,diastereomer,100.0,1
CHEBI_200875,CHEBI_214971,CHEBI_200875_CHEBI_214971,diastereomer,diastereomer,100.0,1
CHEBI_101516,CHEBI_102259,CHEBI_101516_CHEBI_102259,diastereomer,diastereomer,100.0,1
CHEBI_180474,CHEBI_86381,CHEBI_180474_CHEBI_86381,diastereomer,diastereomer,100.0,1
CHEBI_210564,CHEBI_219297,CHEBI_210564_CHEBI_219297,diastereomer,diastereomer,100.0,1
CHEBI_231438,CHEBI_231437,CHEBI_231437_CHEBI_231438,diastereomer,diastereomer,100.0,1
CHEBI_128438,CHEBI_129063,CHEBI_128438_CHEBI_129063,diastereomer,diastereomer,100.0,1
CHEBI_203027,CHEBI_201916,CHEBI_201916_CHEBI_203027,diastereomer,diastereomer,100.0,1
CHEBI_104662,CHEBI_123907,CHEBI_104662_CHEBI_123907,diastereomer,diastereomer,100.0,1
CHEBI_120291,CHEBI_120185,CHEBI_120185_CHEBI_120291,diastereomer,diastereomer,100.0,1
CHEBI_216776,CHEBI_216783,CHEBI_216776_CHEBI_216783,diastereomer,diastereomer,100.0,1
CHEBI_149446,CHEBI_149442,CHEBI_149442_CHEBI_149446,diastereomer,diastereomer,100.0,1
CHEBI_102128,CHEBI_101401,CHEBI_101401_CHEBI_102128,diastereomer,diastereomer,100.0,1
CHEBI_199752,CHEBI_215611,CHEBI_199752_CHEBI_215611,diastereomer,diastereomer,100.0,1
CHEBI_178707,CHEBI_166725,CHEBI_166725_CHEBI_178707,diastereomer,diastereomer,100.0,1
CHEBI_213519,CHEBI_199518,CHEBI_199518_CHEBI_213519,diastereomer,diastereomer,77.0,1
CHEBI_129030,CHEBI_125714,CHEBI_125714_CHEBI_129030,diastereomer,diastereomer,100.0,1
CHEBI_142125,CHEBI_32902,CHEBI_142125_CHEBI_32902,diastereomer,diastereomer,100.0,1
CHEBI_126759,CHEBI_125890,CHEBI_125890_CHEBI_126759,diastereomer,diastereomer,100.0,1
CHEBI_70105,CHEBI_234326,CHEBI_234326_CHEBI_70105,diastereomer,diastereomer,76.0,1
CHEBI_99527,CHEBI_102477,CHEBI_102477_CHEBI_99527,diastereomer,diastereomer,100.0,1
CHEBI_69280,CHEBI_69282,CHEBI_69280_CHEBI_69282,diastereomer,diastereomer,83.0,1
CHEBI_117958,CHEBI_118208,CHEBI_117958_CHEBI_118208,diastereomer,diastereomer,100.0,1
CHEBI_38158,CHEBI_20013,CHEBI_20013_CHEBI_38158,diastereomer,diastereomer,100.0,1
CHEBI_129603,CHEBI_130864,CHEBI_129603_CHEBI_130864,diastereomer,diastereomer,100.0,1
CHEBI_2699,CHEBI_9524,CHEBI_2699_CHEBI_9524,diastereomer,diastereomer,100.0,1
CHEBI_127348,CHEBI_129358,CHEBI_127348_CHEBI_129358,diastereomer,diastereomer,100.0,1
CHEBI_226464,CHEBI_205117,CHEBI_205117_CHEBI_226464,diastereomer,diastereomer,100.0,1
CHEBI_193166,CHEBI_61678,CHEBI_193166_CHEBI_61678,diastereomer,diastereomer,100.0,1
CHEBI_123484,CHEBI_123475,CHEBI_123475_CHEBI_123484,diastereomer,diastereomer,100.0,1
CHEBI_213661,CHEBI_213651,CHEBI_213651_CHEBI_213661,diastereomer,diastereomer,100.0,1
CHEBI_122490,CHEBI_122284,CHEBI_122284_CHEBI_122490,diastereomer,diastereomer,100.0,1
CHEBI_122255,CHEBI_122371,CHEBI_122255_CHEBI_122371,diastereomer,diastereomer,100.0,1
CHEBI_66962,CHEBI_66961,CHEBI_66961_CHEBI_66962,diastereomer,diastereomer,76.0,1
CHEBI_98896,CHEBI_102674,CHEBI_102674_CHEBI_98896,diastereomer,diastereomer,100.0,1
CHEBI_220399,CHEBI_220393,CHEBI_220393_CHEBI_220399,diastereomer,diastereomer,100.0,1
CHEBI_100729,CHEBI_102176,CHEBI_100729_CHEBI_102176,diastereomer,diastereomer,100.0,1
CHEBI_47969,CHEBI_44312,CHEBI_44312_CHEBI_47969,diastereomer,diastereomer,100.0,1
CHEBI_194477,CHEBI_34353,CHEBI_194477_CHEBI_34353,diastereomer,diastereomer,100.0,1
CHEBI_219243,CHEBI_219236,CHEBI_219236_CHEBI_219243,diastereomer,diastereomer,100.0,1
CHEBI_212608,CHEBI_199792,CHEBI_199792_CHEBI_212608,diastereomer,diastereomer,100.0,1
CHEBI_156952,CHEBI_156921,CHEBI_156921_CHEBI_156952,diastereomer,diastereomer,100.0,1
CHEBI_62582,CHEBI_62584,CHEBI_62582_CHEBI_62584,diastereomer,diastereomer,100.0,1
CHEBI_120335,CHEBI_120390,CHEBI_120335_CHEBI_120390,diastereomer,diastereomer,100.0,1
CHEBI_128619,CHEBI_128957,CHEBI_128619_CHEBI_128957,diastereomer,diastereomer,100.0,1
CHEBI_129682,CHEBI_127031,CHEBI_127031_CHEBI_129682,diastereomer,diastereomer,100.0,1
CHEBI_129074,CHEBI_130364,CHEBI_129074_CHEBI_130364,diastereomer,diastereomer,100.0,1
CHEBI_110087,CHEBI_110006,CHEBI_110006_CHEBI_110087,diastereomer,diastereomer,100.0,1
CHEBI_217585,CHEBI_217591,CHEBI_217585_CHEBI_217591,diastereomer,diastereomer,89.0,1
CHEBI_118694,CHEBI_118716,CHEBI_118694_CHEBI_118716,diastereomer,diastereomer,100.0,1
CHEBI_214447,CHEBI_221925,CHEBI_214447_CHEBI_221925,diastereomer,diastereomer,100.0,1
CHEBI_224702,CHEBI_224706,CHEBI_224702_CHEBI_224706,diastereomer,diastereomer,100.0,1
CHEBI_125941,CHEBI_128084,CHEBI_125941_CHEBI_128084,diastereomer,diastereomer,100.0,1
CHEBI_127182,CHEBI_129200,CHEBI_127182_CHEBI_129200,diastereomer,diastereomer,100.0,1
CHEBI_16321,CHEBI_17424,CHEBI_16321_CHEBI_17424,diastereomer,diastereomer,77.0,1
CHEBI_16165,CHEBI_17587,CHEBI_16165_CHEBI_17587,diastereomer,diastereomer,100.0,1
CHEBI_90986,CHEBI_90985,CHEBI_90985_CHEBI_90986,diastereomer,diastereomer,100.0,1
CHEBI_100134,CHEBI_102493,CHEBI_100134_CHEBI_102493,diastereomer,diastereomer,100.0,1
CHEBI_126078,CHEBI_127754,CHEBI_126078_CHEBI_127754,diastereomer,diastereomer,100.0,1
CHEBI_220268,CHEBI_205156,CHEBI_205156_CHEBI_220268,diastereomer,diastereomer,100.0,1
CHEBI_111737,CHEBI_124430,CHEBI_111737_CHEBI_124430,diastereomer,diastereomer,100.0,1
CHEBI_203295,CHEBI_205515,CHEBI_203295_CHEBI_205515,diastereomer,diastereomer,100.0,1
CHEBI_216949,CHEBI_216961,CHEBI_216949_CHEBI_216961,diastereomer,diastereomer,100.0,1
CHEBI_130946,CHEBI_127597,CHEBI_127597_CHEBI_130946,diastereomer,diastereomer,100.0,1
CHEBI_222957,CHEBI_227838,CHEBI_222957_CHEBI_227838,diastereomer,diastereomer,78.0,1
CHEBI_221890,CHEBI_203757,CHEBI_203757_CHEBI_221890,diastereomer,diastereomer,100.0,1
CHEBI_223488,CHEBI_204338,CHEBI_204338_CHEBI_223488,diastereomer,diastereomer,100.0,1
CHEBI_202578,CHEBI_205243,CHEBI_202578_CHEBI_205243,diastereomer,diastereomer,100.0,1
CHEBI_96209,CHEBI_95636,CHEBI_95636_CHEBI_96209,diastereomer,diastereomer,100.0,1
CHEBI_206407,CHEBI_223666,CHEBI_206407_CHEBI_223666,diastereomer,diastereomer,100.0,1
CHEBI_124598,CHEBI_124302,CHEBI_124302_CHEBI_124598,diastereomer,diastereomer,100.0,1
CHEBI_118458,CHEBI_118341,CHEBI_118341_CHEBI_118458,diastereomer,diastereomer,100.0,1
CHEBI_122403,CHEBI_122222,CHEBI_122222_CHEBI_122403,diastereomer,diastereomer,100.0,1
CHEBI_207947,CHEBI_207952,CHEBI_207947_CHEBI_207952,diastereomer,diastereomer,87.0,1
CHEBI_150221,CHEBI_146112,CHEBI_146112_CHEBI_150221,diastereomer,diastereomer,100.0,1
CHEBI_96162,CHEBI_96614,CHEBI_96162_CHEBI_96614,diastereomer,diastereomer,100.0,1
CHEBI_99023,CHEBI_102678,CHEBI_102678_CHEBI_99023,diastereomer,diastereomer,100.0,1
CHEBI_180309,CHEBI_180321,CHEBI_180309_CHEBI_180321,diastereomer,diastereomer,79.0,1
CHEBI_198981,CHEBI_211010,CHEBI_198981_CHEBI_211010,diastereomer,diastereomer,100.0,1
CHEBI_206065,CHEBI_206059,CHEBI_206059_CHEBI_206065,diastereomer,diastereomer,100.0,1
CHEBI_178603,CHEBI_178604,CHEBI_178603_CHEBI_178604,diastereomer,diastereomer,100.0,1
CHEBI_126385,CHEBI_129145,CHEBI_126385_CHEBI_129145,diastereomer,diastereomer,100.0,1
CHEBI_190000,CHEBI_188367,CHEBI_188367_CHEBI_190000,diastereomer,diastereomer,83.0,1
CHEBI_227250,CHEBI_227255,CHEBI_227250_CHEBI_227255,diastereomer,diastereomer,100.0,1
CHEBI_118641,CHEBI_118562,CHEBI_118562_CHEBI_118641,diastereomer,diastereomer,100.0,1
CHEBI_120286,CHEBI_118507,CHEBI_118507_CHEBI_120286,diastereomer,diastereomer,100.0,1
CHEBI_128361,CHEBI_128641,CHEBI_128361_CHEBI_128641,diastereomer,diastereomer,100.0,1
CHEBI_225940,CHEBI_225935,CHEBI_225935_CHEBI_225940,diastereomer,diastereomer,100.0,1
CHEBI_69301,CHEBI_69302,CHEBI_69301_CHEBI_69302,diastereomer,diastereomer,100.0,1
CHEBI_100045,CHEBI_101002,CHEBI_100045_CHEBI_101002,diastereomer,diastereomer,100.0,1
CHEBI_219596,CHEBI_224116,CHEBI_219596_CHEBI_224116,diastereomer,diastereomer,84.0,1
CHEBI_205289,CHEBI_225494,CHEBI_205289_CHEBI_225494,diastereomer,diastereomer,100.0,1
CHEBI_47537,CHEBI_16002,CHEBI_16002_CHEBI_47537,enantiomer,diastereomer,100.0,0
CHEBI_127480,CHEBI_126706,CHEBI_126706_CHEBI_127480,diastereomer,diastereomer,100.0,1
CHEBI_129774,CHEBI_130677,CHEBI_129774_CHEBI_130677,diastereomer,diastereomer,100.0,1
CHEBI_65456,CHEBI_65455,CHEBI_65455_CHEBI_65456,diastereomer,diastereomer,77.0,1
CHEBI_203892,CHEBI_200331,CHEBI_200331_CHEBI_203892,diastereomer,diastereomer,100.0,1
CHEBI_110738,CHEBI_110817,CHEBI_110738_CHEBI_110817,diastereomer,diastereomer,100.0,1
CHEBI_172060,CHEBI_194238,CHEBI_172060_CHEBI_194238,diastereomer,diastereomer,84.0,1
CHEBI_185037,CHEBI_186684,CHEBI_185037_CHEBI_186684,diastereomer,diastereomer,85.0,1
CHEBI_198423,CHEBI_215368,CHEBI_198423_CHEBI_215368,diastereomer,diastereomer,100.0,1
CHEBI_138383,CHEBI_50251,CHEBI_138383_CHEBI_50251,diastereomer,diastereomer,100.0,1
CHEBI_126413,CHEBI_130075,CHEBI_126413_CHEBI_130075,diastereomer,diastereomer,100.0,1
CHEBI_219184,CHEBI_227188,CHEBI_219184_CHEBI_227188,diastereomer,diastereomer,100.0,1
CHEBI_232639,CHEBI_197415,CHEBI_197415_CHEBI_232639,diastereomer,diastereomer,100.0,1
CHEBI_220814,CHEBI_220807,CHEBI_220807_CHEBI_220814,diastereomer,diastereomer,100.0,1
CHEBI_110380,CHEBI_110214,CHEBI_110214_CHEBI_110380,diastereomer,diastereomer,100.0,1
CHEBI_152689,CHEBI_153759,CHEBI_152689_CHEBI_153759,diastereomer,diastereomer,100.0,1
CHEBI_225552,CHEBI_204047,CHEBI_204047_CHEBI_225552,diastereomer,diastereomer,100.0,1
CHEBI_212392,CHEBI_212386,CHEBI_212386_CHEBI_212392,diastereomer,diastereomer,75.0,1
CHEBI_219600,CHEBI_219594,CHEBI_219594_CHEBI_219600,diastereomer,diastereomer,100.0,1
CHEBI_130529,CHEBI_127528,CHEBI_127528_CHEBI_130529,diastereomer,diastereomer,100.0,1
CHEBI_199873,CHEBI_209968,CHEBI_199873_CHEBI_209968,diastereomer,diastereomer,87.0,1
CHEBI_118392,CHEBI_118338,CHEBI_118338_CHEBI_118392,diastereomer,diastereomer,100.0,1
CHEBI_8824,CHEBI_169947,CHEBI_169947_CHEBI_8824,diastereomer,diastereomer,75.0,1
CHEBI_217032,CHEBI_223510,CHEBI_217032_CHEBI_223510,diastereomer,diastereomer,100.0,1
CHEBI_217872,CHEBI_211039,CHEBI_211039_CHEBI_217872,diastereomer,diastereomer,100.0,1
CHEBI_97997,CHEBI_100031,CHEBI_100031_CHEBI_97997,diastereomer,diastereomer,100.0,1
CHEBI_223147,CHEBI_205236,CHEBI_205236_CHEBI_223147,diastereomer,diastereomer,100.0,1
CHEBI_68153,CHEBI_68152,CHEBI_68152_CHEBI_68153,diastereomer,diastereomer,100.0,1
CHEBI_142114,CHEBI_142112,CHEBI_142112_CHEBI_142114,diastereomer,diastereomer,100.0,1
CHEBI_202221,CHEBI_167861,CHEBI_167861_CHEBI_202221,diastereomer,diastereomer,100.0,1
CHEBI_218390,CHEBI_214709,CHEBI_214709_CHEBI_218390,diastereomer,diastereomer,100.0,1
CHEBI_199421,CHEBI_203173,CHEBI_199421_CHEBI_203173,diastereomer,diastereomer,76.0,1
CHEBI_118084,CHEBI_117948,CHEBI_117948_CHEBI_118084,diastereomer,diastereomer,100.0,1
CHEBI_178543,CHEBI_178542,CHEBI_178542_CHEBI_178543,diastereomer,diastereomer,100.0,1
CHEBI_233620,CHEBI_233621,CHEBI_233620_CHEBI_233621,diastereomer,diastereomer,100.0,1
CHEBI_132909,CHEBI_137021,CHEBI_132909_CHEBI_137021,diastereomer,diastereomer,100.0,1
CHEBI_226980,CHEBI_208732,CHEBI_208732_CHEBI_226980,diastereomer,diastereomer,100.0,1
CHEBI_203997,CHEBI_223898,CHEBI_203997_CHEBI_223898,diastereomer,diastereomer,100.0,1
CHEBI_120222,CHEBI_120284,CHEBI_120222_CHEBI_120284,diastereomer,diastereomer,100.0,1
CHEBI_119530,CHEBI_119575,CHEBI_119530_CHEBI_119575,diastereomer,diastereomer,100.0,1
CHEBI_98222,CHEBI_99254,CHEBI_98222_CHEBI_99254,diastereomer,diastereomer,100.0,1
CHEBI_224699,CHEBI_214385,CHEBI_214385_CHEBI_224699,diastereomer,diastereomer,88.0,1
CHEBI_204459,CHEBI_208293,CHEBI_204459_CHEBI_208293,diastereomer,diastereomer,100.0,1
CHEBI_46902,CHEBI_46898,CHEBI_46898_CHEBI_46902,diastereomer,diastereomer,77.0,1
CHEBI_118708,CHEBI_118611,CHEBI_118611_CHEBI_118708,diastereomer,diastereomer,100.0,1
CHEBI_118494,CHEBI_118464,CHEBI_118464_CHEBI_118494,diastereomer,diastereomer,100.0,1
CHEBI_198384,CHEBI_201953,CHEBI_198384_CHEBI_201953,diastereomer,diastereomer,100.0,1
CHEBI_214193,CHEBI_214163,CHEBI_214163_CHEBI_214193,diastereomer,diastereomer,100.0,1
CHEBI_204993,CHEBI_210359,CHEBI_204993_CHEBI_210359,diastereomer,diastereomer,100.0,1
CHEBI_200424,CHEBI_210683,CHEBI_200424_CHEBI_210683,diastereomer,diastereomer,100.0,1
CHEBI_129036,CHEBI_129736,CHEBI_129036_CHEBI_129736,diastereomer,diastereomer,100.0,1
CHEBI_179512,CHEBI_179511,CHEBI_179511_CHEBI_179512,diastereomer,diastereomer,100.0,1
CHEBI_218007,CHEBI_218003,CHEBI_218003_CHEBI_218007,diastereomer,diastereomer,100.0,1
CHEBI_205825,CHEBI_200773,CHEBI_200773_CHEBI_205825,diastereomer,diastereomer,100.0,1
CHEBI_150237,CHEBI_151184,CHEBI_150237_CHEBI_151184,diastereomer,diastereomer,100.0,1
CHEBI_18040,CHEBI_64035,CHEBI_18040_CHEBI_64035,diastereomer,diastereomer,100.0,1
CHEBI_65642,CHEBI_3740,CHEBI_3740_CHEBI_65642,diastereomer,diastereomer,100.0,1
CHEBI_129618,CHEBI_127716,CHEBI_127716_CHEBI_129618,diastereomer,diastereomer,100.0,1
CHEBI_227683,CHEBI_210578,CHEBI_210578_CHEBI_227683,diastereomer,diastereomer,100.0,1
CHEBI_102641,CHEBI_101485,CHEBI_101485_CHEBI_102641,diastereomer,diastereomer,100.0,1
CHEBI_126539,CHEBI_128535,CHEBI_126539_CHEBI_128535,diastereomer,diastereomer,100.0,1
CHEBI_204730,CHEBI_201699,CHEBI_201699_CHEBI_204730,diastereomer,diastereomer,100.0,1
CHEBI_99937,CHEBI_97994,CHEBI_97994_CHEBI_99937,diastereomer,diastereomer,100.0,1
CHEBI_215265,CHEBI_215259,CHEBI_215259_CHEBI_215265,diastereomer,diastereomer,100.0,1
CHEBI_206336,CHEBI_206330,CHEBI_206330_CHEBI_206336,diastereomer,diastereomer,100.0,1
CHEBI_189697,CHEBI_189698,CHEBI_189697_CHEBI_189698,diastereomer,diastereomer,83.0,1
CHEBI_174809,CHEBI_158128,CHEBI_158128_CHEBI_174809,diastereomer,diastereomer,100.0,1
CHEBI_108803,CHEBI_108755,CHEBI_108755_CHEBI_108803,diastereomer,diastereomer,100.0,1
CHEBI_206945,CHEBI_206940,CHEBI_206940_CHEBI_206945,diastereomer,diastereomer,100.0,1
CHEBI_130215,CHEBI_129794,CHEBI_129794_CHEBI_130215,diastereomer,diastereomer,100.0,1
CHEBI_127801,CHEBI_126220,CHEBI_126220_CHEBI_127801,diastereomer,diastereomer,100.0,1
CHEBI_5136,CHEBI_38568,CHEBI_38568_CHEBI_5136,diastereomer,diastereomer,100.0,1
CHEBI_120173,CHEBI_120165,CHEBI_120165_CHEBI_120173,diastereomer,diastereomer,100.0,1
CHEBI_226506,CHEBI_226511,CHEBI_226506_CHEBI_226511,diastereomer,diastereomer,100.0,1
CHEBI_165495,CHEBI_180173,CHEBI_165495_CHEBI_180173,diastereomer,diastereomer,77.0,1
CHEBI_119552,CHEBI_119472,CHEBI_119472_CHEBI_119552,diastereomer,diastereomer,100.0,1
CHEBI_210979,CHEBI_204853,CHEBI_204853_CHEBI_210979,diastereomer,diastereomer,100.0,1
CHEBI_100335,CHEBI_102633,CHEBI_100335_CHEBI_102633,diastereomer,diastereomer,100.0,1
CHEBI_209780,CHEBI_209784,CHEBI_209780_CHEBI_209784,diastereomer,diastereomer,100.0,1
CHEBI_206319,CHEBI_208498,CHEBI_206319_CHEBI_208498,diastereomer,diastereomer,100.0,1
CHEBI_75669,CHEBI_75664,CHEBI_75664_CHEBI_75669,diastereomer,diastereomer,100.0,1
CHEBI_109944,CHEBI_110054,CHEBI_109944_CHEBI_110054,diastereomer,diastereomer,100.0,1
CHEBI_163504,CHEBI_174895,CHEBI_163504_CHEBI_174895,diastereomer,diastereomer,100.0,1
CHEBI_96541,CHEBI_95508,CHEBI_95508_CHEBI_96541,diastereomer,diastereomer,100.0,1
CHEBI_126754,CHEBI_127913,CHEBI_126754_CHEBI_127913,diastereomer,diastereomer,100.0,1
CHEBI_129815,CHEBI_127003,CHEBI_127003_CHEBI_129815,diastereomer,diastereomer,100.0,1
CHEBI_118182,CHEBI_118169,CHEBI_118169_CHEBI_118182,diastereomer,diastereomer,100.0,1
CHEBI_214309,CHEBI_225892,CHEBI_214309_CHEBI_225892,diastereomer,diastereomer,100.0,1
CHEBI_199880,CHEBI_201076,CHEBI_199880_CHEBI_201076,diastereomer,diastereomer,100.0,1
CHEBI_106182,CHEBI_106376,CHEBI_106182_CHEBI_106376,diastereomer,diastereomer,100.0,1
CHEBI_118369,CHEBI_118513,CHEBI_118369_CHEBI_118513,diastereomer,diastereomer,100.0,1
CHEBI_140638,CHEBI_140636,CHEBI_140636_CHEBI_140638,enantiomer,diastereomer,100.0,0
CHEBI_128969,CHEBI_128818,CHEBI_128818_CHEBI_128969,diastereomer,diastereomer,100.0,1
CHEBI_33999,CHEBI_33994,CHEBI_33994_CHEBI_33999,diastereomer,diastereomer,100.0,1
CHEBI_118719,CHEBI_118612,CHEBI_118612_CHEBI_118719,diastereomer,diastereomer,100.0,1
CHEBI_38235,CHEBI_38241,CHEBI_38235_CHEBI_38241,diastereomer,diastereomer,100.0,1
CHEBI_227259,CHEBI_206111,CHEBI_206111_CHEBI_227259,diastereomer,diastereomer,100.0,1
CHEBI_117944,CHEBI_118212,CHEBI_117944_CHEBI_118212,diastereomer,diastereomer,100.0,1
CHEBI_101656,CHEBI_100138,CHEBI_100138_CHEBI_101656,diastereomer,diastereomer,100.0,1
CHEBI_222578,CHEBI_211236,CHEBI_211236_CHEBI_222578,diastereomer,diastereomer,76.0,1
CHEBI_101939,CHEBI_100811,CHEBI_100811_CHEBI_101939,diastereomer,diastereomer,100.0,1
CHEBI_213397,CHEBI_213391,CHEBI_213391_CHEBI_213397,diastereomer,diastereomer,100.0,1
CHEBI_130939,CHEBI_127638,CHEBI_127638_CHEBI_130939,diastereomer,diastereomer,100.0,1
CHEBI_225726,CHEBI_225731,CHEBI_225726_CHEBI_225731,diastereomer,diastereomer,89.0,1
CHEBI_128820,CHEBI_128040,CHEBI_128040_CHEBI_128820,diastereomer,diastereomer,100.0,1
CHEBI_102584,CHEBI_102805,CHEBI_102584_CHEBI_102805,diastereomer,diastereomer,100.0,1
CHEBI_219549,CHEBI_224649,CHEBI_219549_CHEBI_224649,diastereomer,diastereomer,100.0,1
CHEBI_7519,CHEBI_7518,CHEBI_7518_CHEBI_7519,diastereomer,diastereomer,100.0,1
CHEBI_229742,CHEBI_229741,CHEBI_229741_CHEBI_229742,diastereomer,diastereomer,100.0,1
CHEBI_59875,CHEBI_59873,CHEBI_59873_CHEBI_59875,diastereomer,diastereomer,100.0,1
CHEBI_206535,CHEBI_206529,CHEBI_206529_CHEBI_206535,diastereomer,diastereomer,100.0,1
CHEBI_128528,CHEBI_128629,CHEBI_128528_CHEBI_128629,diastereomer,diastereomer,100.0,1
CHEBI_132821,CHEBI_40,CHEBI_132821_CHEBI_40,diastereomer,diastereomer,100.0,1
CHEBI_106555,CHEBI_106414,CHEBI_106414_CHEBI_106555,diastereomer,diastereomer,100.0,1
CHEBI_65395,CHEBI_65394,CHEBI_65394_CHEBI_65395,diastereomer,diastereomer,100.0,1
CHEBI_125350,CHEBI_125347,CHEBI_125347_CHEBI_125350,diastereomer,diastereomer,100.0,1
CHEBI_223995,CHEBI_223910,CHEBI_223910_CHEBI_223995,diastereomer,diastereomer,100.0,1
CHEBI_123593,CHEBI_123482,CHEBI_123482_CHEBI_123593,diastereomer,diastereomer,100.0,1
CHEBI_69761,CHEBI_69762,CHEBI_69761_CHEBI_69762,diastereomer,diastereomer,100.0,1
CHEBI_201930,CHEBI_204714,CHEBI_201930_CHEBI_204714,diastereomer,diastereomer,100.0,1
CHEBI_123944,CHEBI_124692,CHEBI_123944_CHEBI_124692,diastereomer,diastereomer,100.0,1
CHEBI_67588,CHEBI_67587,CHEBI_67587_CHEBI_67588,diastereomer,diastereomer,100.0,1
CHEBI_16534,CHEBI_21336,CHEBI_16534_CHEBI_21336,diastereomer,diastereomer,100.0,1
CHEBI_221445,CHEBI_221451,CHEBI_221445_CHEBI_221451,diastereomer,diastereomer,76.0,1
CHEBI_102078,CHEBI_100390,CHEBI_100390_CHEBI_102078,diastereomer,diastereomer,100.0,1
CHEBI_223970,CHEBI_227756,CHEBI_223970_CHEBI_227756,diastereomer,diastereomer,100.0,1
CHEBI_96130,CHEBI_96424,CHEBI_96130_CHEBI_96424,diastereomer,diastereomer,100.0,1
CHEBI_180172,CHEBI_180181,CHEBI_180172_CHEBI_180181,diastereomer,diastereomer,79.0,1
CHEBI_177865,CHEBI_186980,CHEBI_177865_CHEBI_186980,diastereomer,diastereomer,81.0,1
CHEBI_154584,CHEBI_147082,CHEBI_147082_CHEBI_154584,diastereomer,diastereomer,100.0,1
CHEBI_120143,CHEBI_120378,CHEBI_120143_CHEBI_120378,diastereomer,diastereomer,100.0,1
CHEBI_97106,CHEBI_102112,CHEBI_102112_CHEBI_97106,diastereomer,diastereomer,100.0,1
CHEBI_195753,CHEBI_195751,CHEBI_195751_CHEBI_195753,diastereomer,diastereomer,100.0,1
CHEBI_118864,CHEBI_119101,CHEBI_118864_CHEBI_119101,diastereomer,diastereomer,100.0,1
CHEBI_211507,CHEBI_200527,CHEBI_200527_CHEBI_211507,diastereomer,diastereomer,100.0,1
CHEBI_187054,CHEBI_168692,CHEBI_168692_CHEBI_187054,diastereomer,diastereomer,81.0,1
CHEBI_215429,CHEBI_215434,CHEBI_215429_CHEBI_215434,diastereomer,diastereomer,100.0,1
CHEBI_212143,CHEBI_212137,CHEBI_212137_CHEBI_212143,diastereomer,diastereomer,100.0,1
CHEBI_216639,CHEBI_216627,CHEBI_216627_CHEBI_216639,diastereomer,diastereomer,100.0,1
CHEBI_227780,CHEBI_227775,CHEBI_227775_CHEBI_227780,diastereomer,diastereomer,100.0,1
CHEBI_139131,CHEBI_166734,CHEBI_139131_CHEBI_166734,diastereomer,diastereomer,100.0,1
CHEBI_47012,CHEBI_27476,CHEBI_27476_CHEBI_47012,enantiomer,diastereomer,100.0,0
CHEBI_110801,CHEBI_110571,CHEBI_110571_CHEBI_110801,diastereomer,diastereomer,100.0,1
CHEBI_194468,CHEBI_194475,CHEBI_194468_CHEBI_194475,diastereomer,diastereomer,100.0,1
CHEBI_225716,CHEBI_212884,CHEBI_212884_CHEBI_225716,diastereomer,diastereomer,100.0,1
CHEBI_122397,CHEBI_122468,CHEBI_122397_CHEBI_122468,diastereomer,diastereomer,100.0,1
CHEBI_201320,CHEBI_220432,CHEBI_201320_CHEBI_220432,diastereomer,diastereomer,100.0,1
CHEBI_211749,CHEBI_201936,CHEBI_201936_CHEBI_211749,diastereomer,diastereomer,100.0,1
CHEBI_225544,CHEBI_210258,CHEBI_210258_CHEBI_225544,diastereomer,diastereomer,100.0,1
CHEBI_118897,CHEBI_118848,CHEBI_118848_CHEBI_118897,diastereomer,diastereomer,100.0,1
CHEBI_100596,CHEBI_99297,CHEBI_100596_CHEBI_99297,diastereomer,diastereomer,76.0,1
CHEBI_102273,CHEBI_102321,CHEBI_102273_CHEBI_102321,diastereomer,diastereomer,100.0,1
CHEBI_67314,CHEBI_67313,CHEBI_67313_CHEBI_67314,diastereomer,diastereomer,100.0,1
CHEBI_200950,CHEBI_222555,CHEBI_200950_CHEBI_222555,diastereomer,diastereomer,100.0,1
CHEBI_112509,CHEBI_97009,CHEBI_112509_CHEBI_97009,diastereomer,diastereomer,100.0,1
CHEBI_95363,CHEBI_102410,CHEBI_102410_CHEBI_95363,diastereomer,diastereomer,100.0,1
CHEBI_210674,CHEBI_200953,CHEBI_200953_CHEBI_210674,diastereomer,diastereomer,77.0,1
CHEBI_138648,CHEBI_138615,CHEBI_138615_CHEBI_138648,diastereomer,diastereomer,100.0,1
CHEBI_133238,CHEBI_133239,CHEBI_133238_CHEBI_133239,diastereomer,diastereomer,100.0,1
CHEBI_197708,CHEBI_220164,CHEBI_197708_CHEBI_220164,diastereomer,diastereomer,87.0,1
CHEBI_81144,CHEBI_3829,CHEBI_3829_CHEBI_81144,diastereomer,diastereomer,100.0,1
CHEBI_140637,CHEBI_136698,CHEBI_136698_CHEBI_140637,enantiomer,diastereomer,100.0,0
CHEBI_96263,CHEBI_96578,CHEBI_96263_CHEBI_96578,diastereomer,diastereomer,100.0,1
CHEBI_120223,CHEBI_120234,CHEBI_120223_CHEBI_120234,diastereomer,diastereomer,100.0,1
CHEBI_118183,CHEBI_118185,CHEBI_118183_CHEBI_118185,diastereomer,diastereomer,100.0,1
CHEBI_120081,CHEBI_120175,CHEBI_120081_CHEBI_120175,diastereomer,diastereomer,100.0,1
CHEBI_206822,CHEBI_206816,CHEBI_206816_CHEBI_206822,diastereomer,diastereomer,100.0,1
CHEBI_208660,CHEBI_218248,CHEBI_208660_CHEBI_218248,diastereomer,diastereomer,89.0,1
CHEBI_101416,CHEBI_102624,CHEBI_101416_CHEBI_102624,diastereomer,diastereomer,100.0,1
CHEBI_111970,CHEBI_112073,CHEBI_111970_CHEBI_112073,diastereomer,diastereomer,100.0,1
CHEBI_98383,CHEBI_99058,CHEBI_98383_CHEBI_99058,diastereomer,diastereomer,100.0,1
CHEBI_203815,CHEBI_222489,CHEBI_203815_CHEBI_222489,diastereomer,diastereomer,100.0,1
CHEBI_98124,CHEBI_99997,CHEBI_98124_CHEBI_99997,diastereomer,diastereomer,100.0,1
CHEBI_68119,CHEBI_68120,CHEBI_68119_CHEBI_68120,diastereomer,diastereomer,100.0,1
CHEBI_42905,CHEBI_37680,CHEBI_37680_CHEBI_42905,diastereomer,diastereomer,100.0,1
CHEBI_128199,CHEBI_127864,CHEBI_127864_CHEBI_128199,diastereomer,diastereomer,100.0,1
CHEBI_131022,CHEBI_127276,CHEBI_127276_CHEBI_131022,diastereomer,diastereomer,100.0,1
CHEBI_130059,CHEBI_125800,CHEBI_125800_CHEBI_130059,diastereomer,diastereomer,100.0,1
CHEBI_129969,CHEBI_129176,CHEBI_129176_CHEBI_129969,diastereomer,diastereomer,100.0,1
CHEBI_205599,CHEBI_205598,CHEBI_205598_CHEBI_205599,diastereomer,diastereomer,100.0,1
CHEBI_180120,CHEBI_180121,CHEBI_180120_CHEBI_180121,diastereomer,diastereomer,87.0,1
CHEBI_188778,CHEBI_32903,CHEBI_188778_CHEBI_32903,stereo_resolution,diastereomer,100.0,0
CHEBI_95716,CHEBI_105185,CHEBI_105185_CHEBI_95716,diastereomer,diastereomer,100.0,1
CHEBI_17831,CHEBI_17174,CHEBI_17174_CHEBI_17831,diastereomer,diastereomer,100.0,1
CHEBI_220105,CHEBI_215927,CHEBI_215927_CHEBI_220105,diastereomer,diastereomer,100.0,1
CHEBI_209338,CHEBI_209333,CHEBI_209333_CHEBI_209338,diastereomer,diastereomer,100.0,1
CHEBI_122495,CHEBI_122425,CHEBI_122425_CHEBI_122495,diastereomer,diastereomer,100.0,1
CHEBI_49309,CHEBI_49306,CHEBI_49306_CHEBI_49309,diastereomer,diastereomer,100.0,1
CHEBI_122245,CHEBI_122494,CHEBI_122245_CHEBI_122494,diastereomer,diastereomer,100.0,1
CHEBI_115394,CHEBI_115263,CHEBI_115263_CHEBI_115394,diastereomer,diastereomer,100.0,1
CHEBI_220315,CHEBI_220309,CHEBI_220309_CHEBI_220315,diastereomer,diastereomer,100.0,1
CHEBI_129733,CHEBI_124393,CHEBI_124393_CHEBI_129733,diastereomer,diastereomer,100.0,1
CHEBI_99126,CHEBI_99055,CHEBI_99055_CHEBI_99126,diastereomer,diastereomer,100.0,1
CHEBI_27066,CHEBI_37471,CHEBI_27066_CHEBI_37471,diastereomer,diastereomer,100.0,1
CHEBI_118999,CHEBI_119086,CHEBI_118999_CHEBI_119086,diastereomer,diastereomer,100.0,1
CHEBI_128048,CHEBI_127956,CHEBI_127956_CHEBI_128048,diastereomer,diastereomer,100.0,1
CHEBI_96562,CHEBI_95706,CHEBI_95706_CHEBI_96562,diastereomer,diastereomer,100.0,1
CHEBI_197814,CHEBI_220235,CHEBI_197814_CHEBI_220235,diastereomer,diastereomer,84.0,1
CHEBI_199006,CHEBI_203880,CHEBI_199006_CHEBI_203880,diastereomer,diastereomer,100.0,1
CHEBI_124210,CHEBI_124360,CHEBI_124210_CHEBI_124360,diastereomer,diastereomer,100.0,1
CHEBI_119164,CHEBI_119075,CHEBI_119075_CHEBI_119164,diastereomer,diastereomer,100.0,1
CHEBI_150588,CHEBI_151449,CHEBI_150588_CHEBI_151449,diastereomer,diastereomer,100.0,1
CHEBI_128604,CHEBI_130847,CHEBI_128604_CHEBI_130847,diastereomer,diastereomer,100.0,1
CHEBI_198092,CHEBI_200446,CHEBI_198092_CHEBI_200446,diastereomer,diastereomer,100.0,1
CHEBI_211019,CHEBI_211013,CHEBI_211013_CHEBI_211019,diastereomer,diastereomer,83.0,1
CHEBI_205816,CHEBI_205809,CHEBI_205809_CHEBI_205816,diastereomer,diastereomer,100.0,1
CHEBI_17759,CHEBI_166836,CHEBI_166836_CHEBI_17759,diastereomer,diastereomer,100.0,1
CHEBI_214604,CHEBI_220549,CHEBI_214604_CHEBI_220549,diastereomer,diastereomer,100.0,1
CHEBI_102677,CHEBI_100674,CHEBI_100674_CHEBI_102677,diastereomer,diastereomer,100.0,1
CHEBI_178722,CHEBI_166721,CHEBI_166721_CHEBI_178722,diastereomer,diastereomer,100.0,1
CHEBI_81286,CHEBI_81441,CHEBI_81286_CHEBI_81441,diastereomer,diastereomer,100.0,1
CHEBI_100597,CHEBI_97980,CHEBI_100597_CHEBI_97980,diastereomer,diastereomer,100.0,1
CHEBI_129877,CHEBI_126716,CHEBI_126716_CHEBI_129877,diastereomer,diastereomer,100.0,1
CHEBI_122411,CHEBI_122340,CHEBI_122340_CHEBI_122411,diastereomer,diastereomer,100.0,1
CHEBI_70456,CHEBI_70455,CHEBI_70455_CHEBI_70456,diastereomer,diastereomer,100.0,1
CHEBI_69971,CHEBI_69970,CHEBI_69970_CHEBI_69971,diastereomer,diastereomer,100.0,1
CHEBI_205799,CHEBI_218204,CHEBI_205799_CHEBI_218204,diastereomer,diastereomer,100.0,1
CHEBI_200172,CHEBI_203827,CHEBI_200172_CHEBI_203827,diastereomer,diastereomer,100.0,1
CHEBI_118793,CHEBI_118789,CHEBI_118789_CHEBI_118793,diastereomer,diastereomer,100.0,1
CHEBI_98496,CHEBI_102515,CHEBI_102515_CHEBI_98496,diastereomer,diastereomer,100.0,1
CHEBI_102553,CHEBI_98633,CHEBI_102553_CHEBI_98633,diastereomer,diastereomer,100.0,1
CHEBI_127612,CHEBI_126088,CHEBI_126088_CHEBI_127612,diastereomer,diastereomer,100.0,1
CHEBI_38200,CHEBI_27669,CHEBI_27669_CHEBI_38200,enantiomer,diastereomer,100.0,0
CHEBI_95622,CHEBI_96035,CHEBI_95622_CHEBI_96035,diastereomer,diastereomer,100.0,1
CHEBI_219338,CHEBI_219313,CHEBI_219313_CHEBI_219338,diastereomer,diastereomer,98.0,1
CHEBI_196612,CHEBI_166700,CHEBI_166700_CHEBI_196612,diastereomer,diastereomer,100.0,1
CHEBI_225216,CHEBI_223341,CHEBI_223341_CHEBI_225216,diastereomer,diastereomer,100.0,1
CHEBI_68393,CHEBI_68394,CHEBI_68393_CHEBI_68394,diastereomer,diastereomer,100.0,1
CHEBI_5638,CHEBI_65881,CHEBI_5638_CHEBI_65881,diastereomer,diastereomer,100.0,1
CHEBI_99541,CHEBI_99063,CHEBI_99063_CHEBI_99541,diastereomer,diastereomer,100.0,1
CHEBI_132791,CHEBI_132790,CHEBI_132790_CHEBI_132791,diastereomer,diastereomer,100.0,1
CHEBI_101319,CHEBI_101012,CHEBI_101012_CHEBI_101319,diastereomer,diastereomer,100.0,1
CHEBI_78273,CHEBI_16066,CHEBI_16066_CHEBI_78273,diastereomer,diastereomer,84.0,1
CHEBI_120096,CHEBI_120089,CHEBI_120089_CHEBI_120096,diastereomer,diastereomer,100.0,1
CHEBI_95715,CHEBI_96464,CHEBI_95715_CHEBI_96464,diastereomer,diastereomer,100.0,1
CHEBI_228123,CHEBI_208626,CHEBI_208626_CHEBI_228123,diastereomer,diastereomer,100.0,1
CHEBI_206284,CHEBI_206278,CHEBI_206278_CHEBI_206284,diastereomer,diastereomer,100.0,1
CHEBI_203032,CHEBI_198262,CHEBI_198262_CHEBI_203032,diastereomer,diastereomer,100.0,1
CHEBI_130050,CHEBI_126142,CHEBI_126142_CHEBI_130050,diastereomer,diastereomer,100.0,1
CHEBI_168602,CHEBI_186795,CHEBI_168602_CHEBI_186795,diastereomer,diastereomer,100.0,1
CHEBI_126538,CHEBI_127824,CHEBI_126538_CHEBI_127824,diastereomer,diastereomer,100.0,1
CHEBI_75796,CHEBI_75797,CHEBI_75796_CHEBI_75797,diastereomer,diastereomer,100.0,1
CHEBI_3914,CHEBI_5600,CHEBI_3914_CHEBI_5600,diastereomer,diastereomer,100.0,1
CHEBI_181367,CHEBI_196159,CHEBI_181367_CHEBI_196159,diastereomer,diastereomer,81.0,1
CHEBI_224023,CHEBI_224028,CHEBI_224023_CHEBI_224028,diastereomer,diastereomer,81.0,1
CHEBI_16619,CHEBI_16774,CHEBI_16619_CHEBI_16774,diastereomer,diastereomer,84.0,1
CHEBI_192967,CHEBI_192811,CHEBI_192811_CHEBI_192967,diastereomer,diastereomer,100.0,1
CHEBI_68952,CHEBI_68951,CHEBI_68951_CHEBI_68952,diastereomer,diastereomer,100.0,1
CHEBI_219225,CHEBI_219231,CHEBI_219225_CHEBI_219231,diastereomer,diastereomer,100.0,1
CHEBI_130775,CHEBI_130123,CHEBI_130123_CHEBI_130775,diastereomer,diastereomer,100.0,1
CHEBI_218710,CHEBI_218704,CHEBI_218704_CHEBI_218710,diastereomer,diastereomer,100.0,1
CHEBI_216084,CHEBI_204012,CHEBI_204012_CHEBI_216084,diastereomer,diastereomer,100.0,1
CHEBI_81606,CHEBI_81600,CHEBI_81600_CHEBI_81606,diastereomer,diastereomer,100.0,1
CHEBI_97878,CHEBI_101093,CHEBI_101093_CHEBI_97878,diastereomer,diastereomer,100.0,1
CHEBI_202084,CHEBI_210249,CHEBI_202084_CHEBI_210249,diastereomer,diastereomer,79.0,1
CHEBI_99794,CHEBI_97261,CHEBI_97261_CHEBI_99794,diastereomer,diastereomer,100.0,1
CHEBI_2617,CHEBI_9361,CHEBI_2617_CHEBI_9361,diastereomer,diastereomer,100.0,1
CHEBI_98461,CHEBI_102672,CHEBI_102672_CHEBI_98461,diastereomer,diastereomer,100.0,1
CHEBI_217064,CHEBI_217070,CHEBI_217064_CHEBI_217070,diastereomer,diastereomer,100.0,1
CHEBI_209687,CHEBI_215524,CHEBI_209687_CHEBI_215524,diastereomer,diastereomer,100.0,1
CHEBI_158478,CHEBI_181933,CHEBI_158478_CHEBI_181933,diastereomer,diastereomer,100.0,1
CHEBI_83177,CHEBI_83178,CHEBI_83177_CHEBI_83178,diastereomer,diastereomer,100.0,1
CHEBI_98549,CHEBI_101738,CHEBI_101738_CHEBI_98549,diastereomer,diastereomer,100.0,1
CHEBI_125752,CHEBI_131028,CHEBI_125752_CHEBI_131028,diastereomer,diastereomer,100.0,1
CHEBI_224803,CHEBI_224813,CHEBI_224803_CHEBI_224813,diastereomer,diastereomer,100.0,1
CHEBI_118109,CHEBI_118113,CHEBI_118109_CHEBI_118113,diastereomer,diastereomer,100.0,1
CHEBI_113951,CHEBI_103795,CHEBI_103795_CHEBI_113951,diastereomer,diastereomer,100.0,1
CHEBI_218855,CHEBI_218860,CHEBI_218855_CHEBI_218860,diastereomer,diastereomer,100.0,1
CHEBI_198100,CHEBI_211651,CHEBI_198100_CHEBI_211651,diastereomer,diastereomer,100.0,1
CHEBI_98804,CHEBI_99607,CHEBI_98804_CHEBI_99607,diastereomer,diastereomer,100.0,1
CHEBI_217515,CHEBI_225665,CHEBI_217515_CHEBI_225665,diastereomer,diastereomer,100.0,1
CHEBI_36723,CHEBI_16418,CHEBI_16418_CHEBI_36723,diastereomer,diastereomer,100.0,1
CHEBI_199813,CHEBI_199366,CHEBI_199366_CHEBI_199813,diastereomer,diastereomer,100.0,1
CHEBI_65450,CHEBI_65451,CHEBI_65450_CHEBI_65451,diastereomer,diastereomer,100.0,1
CHEBI_186633,CHEBI_187071,CHEBI_186633_CHEBI_187071,diastereomer,diastereomer,76.0,1
CHEBI_229294,CHEBI_229281,CHEBI_229281_CHEBI_229294,diastereomer,diastereomer,84.0,1
CHEBI_127293,CHEBI_125861,CHEBI_125861_CHEBI_127293,diastereomer,diastereomer,100.0,1
CHEBI_69338,CHEBI_3856,CHEBI_3856_CHEBI_69338,diastereomer,diastereomer,100.0,1
CHEBI_170580,CHEBI_170542,CHEBI_170542_CHEBI_170580,diastereomer,diastereomer,75.0,1
CHEBI_97248,CHEBI_98511,CHEBI_97248_CHEBI_98511,diastereomer,diastereomer,100.0,1
CHEBI_113992,CHEBI_114022,CHEBI_113992_CHEBI_114022,diastereomer,diastereomer,100.0,1
CHEBI_185496,CHEBI_168377,CHEBI_168377_CHEBI_185496,diastereomer,diastereomer,100.0,1
CHEBI_102914,CHEBI_100363,CHEBI_100363_CHEBI_102914,diastereomer,diastereomer,100.0,1
CHEBI_69273,CHEBI_69274,CHEBI_69273_CHEBI_69274,diastereomer,diastereomer,100.0,1
CHEBI_97259,CHEBI_102716,CHEBI_102716_CHEBI_97259,diastereomer,diastereomer,100.0,1
CHEBI_199367,CHEBI_210324,CHEBI_199367_CHEBI_210324,diastereomer,diastereomer,100.0,1
CHEBI_133112,CHEBI_133101,CHEBI_133101_CHEBI_133112,diastereomer,diastereomer,100.0,1
CHEBI_232212,CHEBI_232287,CHEBI_232212_CHEBI_232287,diastereomer,diastereomer,100.0,1
CHEBI_97073,CHEBI_98622,CHEBI_97073_CHEBI_98622,diastereomer,diastereomer,100.0,1
CHEBI_122321,CHEBI_122441,CHEBI_122321_CHEBI_122441,diastereomer,diastereomer,100.0,1
CHEBI_35065,CHEBI_35072,CHEBI_35065_CHEBI_35072,diastereomer,diastereomer,100.0,1
CHEBI_197144,CHEBI_197090,CHEBI_197090_CHEBI_197144,diastereomer,diastereomer,76.0,1
CHEBI_219135,CHEBI_217625,CHEBI_217625_CHEBI_219135,diastereomer,diastereomer,100.0,1
CHEBI_209364,CHEBI_213012,CHEBI_209364_CHEBI_213012,diastereomer,diastereomer,100.0,1
CHEBI_27778,CHEBI_30943,CHEBI_27778_CHEBI_30943,diastereomer,diastereomer,100.0,1
CHEBI_223940,CHEBI_223945,CHEBI_223940_CHEBI_223945,diastereomer,diastereomer,100.0,1
CHEBI_8821,CHEBI_5642,CHEBI_5642_CHEBI_8821,diastereomer,diastereomer,100.0,1
CHEBI_96789,CHEBI_112555,CHEBI_112555_CHEBI_96789,diastereomer,diastereomer,100.0,1
CHEBI_97575,CHEBI_102359,CHEBI_102359_CHEBI_97575,diastereomer,diastereomer,100.0,1
CHEBI_124062,CHEBI_124276,CHEBI_124062_CHEBI_124276,diastereomer,diastereomer,100.0,1
CHEBI_98732,CHEBI_101594,CHEBI_101594_CHEBI_98732,diastereomer,diastereomer,100.0,1
CHEBI_195957,CHEBI_190741,CHEBI_190741_CHEBI_195957,diastereomer,diastereomer,100.0,1
CHEBI_179799,CHEBI_179800,CHEBI_179799_CHEBI_179800,diastereomer,diastereomer,79.0,1
CHEBI_195876,CHEBI_195888,CHEBI_195876_CHEBI_195888,diastereomer,diastereomer,79.0,1
CHEBI_178704,CHEBI_178702,CHEBI_178702_CHEBI_178704,diastereomer,diastereomer,100.0,1
CHEBI_232211,CHEBI_232286,CHEBI_232211_CHEBI_232286,diastereomer,diastereomer,100.0,1
CHEBI_97406,CHEBI_102274,CHEBI_102274_CHEBI_97406,diastereomer,diastereomer,100.0,1
CHEBI_118576,CHEBI_118522,CHEBI_118522_CHEBI_118576,diastereomer,diastereomer,100.0,1
CHEBI_207096,CHEBI_205802,CHEBI_205802_CHEBI_207096,diastereomer,diastereomer,100.0,1
CHEBI_232205,CHEBI_232279,CHEBI_232205_CHEBI_232279,diastereomer,diastereomer,100.0,1
CHEBI_106307,CHEBI_106247,CHEBI_106247_CHEBI_106307,diastereomer,diastereomer,100.0,1
CHEBI_230718,CHEBI_172313,CHEBI_172313_CHEBI_230718,diastereomer,diastereomer,84.0,1
CHEBI_199700,CHEBI_203159,CHEBI_199700_CHEBI_203159,diastereomer,diastereomer,100.0,1
CHEBI_129912,CHEBI_131115,CHEBI_129912_CHEBI_131115,diastereomer,diastereomer,100.0,1
CHEBI_200892,CHEBI_223021,CHEBI_200892_CHEBI_223021,diastereomer,diastereomer,100.0,1
CHEBI_187097,CHEBI_185195,CHEBI_185195_CHEBI_187097,diastereomer,diastereomer,100.0,1
CHEBI_118333,CHEBI_118511,CHEBI_118333_CHEBI_118511,diastereomer,diastereomer,100.0,1
CHEBI_180922,CHEBI_180923,CHEBI_180922_CHEBI_180923,diastereomer,diastereomer,100.0,1
CHEBI_207438,CHEBI_211276,CHEBI_207438_CHEBI_211276,diastereomer,diastereomer,100.0,1
CHEBI_222874,CHEBI_222865,CHEBI_222865_CHEBI_222874,diastereomer,diastereomer,100.0,1
CHEBI_118770,CHEBI_118549,CHEBI_118549_CHEBI_118770,diastereomer,diastereomer,100.0,1
CHEBI_67714,CHEBI_67711,CHEBI_67711_CHEBI_67714,diastereomer,diastereomer,100.0,1
CHEBI_221495,CHEBI_202793,CHEBI_202793_CHEBI_221495,diastereomer,diastereomer,100.0,1
CHEBI_211428,CHEBI_211502,CHEBI_211428_CHEBI_211502,diastereomer,diastereomer,100.0,1
CHEBI_99965,CHEBI_97632,CHEBI_97632_CHEBI_99965,diastereomer,diastereomer,100.0,1
CHEBI_217576,CHEBI_217582,CHEBI_217576_CHEBI_217582,diastereomer,diastereomer,94.0,1
CHEBI_68866,CHEBI_68865,CHEBI_68865_CHEBI_68866,diastereomer,diastereomer,100.0,1
CHEBI_223139,CHEBI_223134,CHEBI_223134_CHEBI_223139,diastereomer,diastereomer,100.0,1
CHEBI_202013,CHEBI_206116,CHEBI_202013_CHEBI_206116,diastereomer,diastereomer,100.0,1
CHEBI_114103,CHEBI_113892,CHEBI_113892_CHEBI_114103,diastereomer,diastereomer,100.0,1
CHEBI_70496,CHEBI_70495,CHEBI_70495_CHEBI_70496,diastereomer,diastereomer,100.0,1
CHEBI_194425,CHEBI_194426,CHEBI_194425_CHEBI_194426,diastereomer,diastereomer,100.0,1
CHEBI_192540,CHEBI_165335,CHEBI_165335_CHEBI_192540,diastereomer,diastereomer,100.0,1
CHEBI_222264,CHEBI_206578,CHEBI_206578_CHEBI_222264,diastereomer,diastereomer,100.0,1
CHEBI_36381,CHEBI_36382,CHEBI_36381_CHEBI_36382,diastereomer,diastereomer,100.0,1
CHEBI_225090,CHEBI_225100,CHEBI_225090_CHEBI_225100,diastereomer,diastereomer,100.0,1
CHEBI_199496,CHEBI_207915,CHEBI_199496_CHEBI_207915,diastereomer,diastereomer,100.0,1
CHEBI_21405,CHEBI_21288,CHEBI_21288_CHEBI_21405,diastereomer,diastereomer,100.0,1
CHEBI_99260,CHEBI_100391,CHEBI_100391_CHEBI_99260,diastereomer,diastereomer,100.0,1
CHEBI_64787,CHEBI_64786,CHEBI_64786_CHEBI_64787,diastereomer,diastereomer,100.0,1
CHEBI_181192,CHEBI_196614,CHEBI_181192_CHEBI_196614,diastereomer,diastereomer,100.0,1
CHEBI_206638,CHEBI_208480,CHEBI_206638_CHEBI_208480,diastereomer,diastereomer,100.0,1
CHEBI_144710,CHEBI_144706,CHEBI_144706_CHEBI_144710,diastereomer,diastereomer,78.0,1
CHEBI_226698,CHEBI_226704,CHEBI_226698_CHEBI_226704,diastereomer,diastereomer,100.0,1
CHEBI_143591,CHEBI_167725,CHEBI_143591_CHEBI_167725,diastereomer,diastereomer,75.0,1
CHEBI_126334,CHEBI_126304,CHEBI_126304_CHEBI_126334,diastereomer,diastereomer,100.0,1
CHEBI_199460,CHEBI_203779,CHEBI_199460_CHEBI_203779,diastereomer,diastereomer,100.0,1
CHEBI_102772,CHEBI_99704,CHEBI_102772_CHEBI_99704,diastereomer,diastereomer,100.0,1
CHEBI_179679,CHEBI_179677,CHEBI_179677_CHEBI_179679,diastereomer,diastereomer,85.0,1
CHEBI_226095,CHEBI_226101,CHEBI_226095_CHEBI_226101,diastereomer,diastereomer,100.0,1
CHEBI_70673,CHEBI_70674,CHEBI_70673_CHEBI_70674,diastereomer,diastereomer,100.0,1
CHEBI_200161,CHEBI_198702,CHEBI_198702_CHEBI_200161,diastereomer,diastereomer,85.0,1
CHEBI_201736,CHEBI_211946,CHEBI_201736_CHEBI_211946,diastereomer,diastereomer,100.0,1
CHEBI_97865,CHEBI_98652,CHEBI_97865_CHEBI_98652,diastereomer,diastereomer,100.0,1
CHEBI_128139,CHEBI_130990,CHEBI_128139_CHEBI_130990,diastereomer,diastereomer,100.0,1
CHEBI_128116,CHEBI_128115,CHEBI_128115_CHEBI_128116,diastereomer,diastereomer,100.0,1
CHEBI_75511,CHEBI_75510,CHEBI_75510_CHEBI_75511,diastereomer,diastereomer,100.0,1
CHEBI_126265,CHEBI_129651,CHEBI_126265_CHEBI_129651,diastereomer,diastereomer,100.0,1
CHEBI_84615,CHEBI_84622,CHEBI_84615_CHEBI_84622,diastereomer,diastereomer,100.0,1
CHEBI_137886,CHEBI_11901,CHEBI_11901_CHEBI_137886,diastereomer,diastereomer,100.0,1
CHEBI_210237,CHEBI_216909,CHEBI_210237_CHEBI_216909,diastereomer,diastereomer,100.0,1
CHEBI_62597,CHEBI_62598,CHEBI_62597_CHEBI_62598,diastereomer,diastereomer,100.0,1
CHEBI_227044,CHEBI_227049,CHEBI_227044_CHEBI_227049,diastereomer,diastereomer,100.0,1
CHEBI_118216,CHEBI_117954,CHEBI_117954_CHEBI_118216,diastereomer,diastereomer,100.0,1
CHEBI_203020,CHEBI_200052,CHEBI_200052_CHEBI_203020,diastereomer,diastereomer,100.0,1
CHEBI_156841,CHEBI_157174,CHEBI_156841_CHEBI_157174,diastereomer,diastereomer,100.0,1
CHEBI_65553,CHEBI_65552,CHEBI_65552_CHEBI_65553,diastereomer,diastereomer,100.0,1
CHEBI_228053,CHEBI_213570,CHEBI_213570_CHEBI_228053,diastereomer,diastereomer,100.0,1
CHEBI_99636,CHEBI_103179,CHEBI_103179_CHEBI_99636,diastereomer,diastereomer,100.0,1
CHEBI_96612,CHEBI_95841,CHEBI_95841_CHEBI_96612,diastereomer,diastereomer,100.0,1
CHEBI_113285,CHEBI_96503,CHEBI_113285_CHEBI_96503,diastereomer,diastereomer,100.0,1
CHEBI_57247,CHEBI_57249,CHEBI_57247_CHEBI_57249,diastereomer,diastereomer,100.0,1
CHEBI_211544,CHEBI_200599,CHEBI_200599_CHEBI_211544,diastereomer,diastereomer,100.0,1
CHEBI_211021,CHEBI_211026,CHEBI_211021_CHEBI_211026,diastereomer,diastereomer,100.0,1
CHEBI_85805,CHEBI_85532,CHEBI_85532_CHEBI_85805,diastereomer,diastereomer,100.0,1
CHEBI_98357,CHEBI_102475,CHEBI_102475_CHEBI_98357,diastereomer,diastereomer,100.0,1
CHEBI_66477,CHEBI_66476,CHEBI_66476_CHEBI_66477,diastereomer,diastereomer,100.0,1
CHEBI_224999,CHEBI_224994,CHEBI_224994_CHEBI_224999,diastereomer,diastereomer,100.0,1
CHEBI_118863,CHEBI_118998,CHEBI_118863_CHEBI_118998,diastereomer,diastereomer,100.0,1
CHEBI_20656,CHEBI_20674,CHEBI_20656_CHEBI_20674,diastereomer,diastereomer,100.0,1
CHEBI_179173,CHEBI_179172,CHEBI_179172_CHEBI_179173,diastereomer,diastereomer,78.0,1
CHEBI_195661,CHEBI_195657,CHEBI_195657_CHEBI_195661,diastereomer,diastereomer,83.0,1
CHEBI_101744,CHEBI_100905,CHEBI_100905_CHEBI_101744,diastereomer,diastereomer,100.0,1
CHEBI_217038,CHEBI_219107,CHEBI_217038_CHEBI_219107,diastereomer,diastereomer,87.0,1
CHEBI_50543,CHEBI_50545,CHEBI_50543_CHEBI_50545,diastereomer,diastereomer,80.0,1
CHEBI_128266,CHEBI_130988,CHEBI_128266_CHEBI_130988,diastereomer,diastereomer,100.0,1
CHEBI_98056,CHEBI_100268,CHEBI_100268_CHEBI_98056,diastereomer,diastereomer,100.0,1
CHEBI_90258,CHEBI_90256,CHEBI_90256_CHEBI_90258,diastereomer,diastereomer,100.0,1
CHEBI_83383,CHEBI_83384,CHEBI_83383_CHEBI_83384,diastereomer,diastereomer,100.0,1
CHEBI_149363,CHEBI_152195,CHEBI_149363_CHEBI_152195,diastereomer,diastereomer,100.0,1
CHEBI_220340,CHEBI_209407,CHEBI_209407_CHEBI_220340,diastereomer,diastereomer,100.0,1
CHEBI_216439,CHEBI_216447,CHEBI_216439_CHEBI_216447,diastereomer,diastereomer,100.0,1
CHEBI_220708,CHEBI_221174,CHEBI_220708_CHEBI_221174,diastereomer,diastereomer,100.0,1
CHEBI_118189,CHEBI_117956,CHEBI_117956_CHEBI_118189,diastereomer,diastereomer,100.0,1
CHEBI_118303,CHEBI_118248,CHEBI_118248_CHEBI_118303,diastereomer,diastereomer,100.0,1
CHEBI_118068,CHEBI_117965,CHEBI_117965_CHEBI_118068,diastereomer,diastereomer,100.0,1
CHEBI_147715,CHEBI_154581,CHEBI_147715_CHEBI_154581,diastereomer,diastereomer,100.0,1
CHEBI_128564,CHEBI_128651,CHEBI_128564_CHEBI_128651,diastereomer,diastereomer,100.0,1
CHEBI_81092,CHEBI_6700,CHEBI_6700_CHEBI_81092,diastereomer,diastereomer,100.0,1
CHEBI_60305,CHEBI_60304,CHEBI_60304_CHEBI_60305,diastereomer,diastereomer,76.0,1
CHEBI_129867,CHEBI_129101,CHEBI_129101_CHEBI_129867,diastereomer,diastereomer,100.0,1
CHEBI_370252,CHEBI_58566,CHEBI_370252_CHEBI_58566,diastereomer,diastereomer,100.0,1
CHEBI_98456,CHEBI_99052,CHEBI_98456_CHEBI_99052,diastereomer,diastereomer,100.0,1
CHEBI_63446,CHEBI_138041,CHEBI_138041_CHEBI_63446,diastereomer,diastereomer,100.0,1
CHEBI_126625,CHEBI_129662,CHEBI_126625_CHEBI_129662,diastereomer,diastereomer,100.0,1
CHEBI_223268,CHEBI_225003,CHEBI_223268_CHEBI_225003,diastereomer,diastereomer,100.0,1
CHEBI_207933,CHEBI_224686,CHEBI_207933_CHEBI_224686,diastereomer,diastereomer,100.0,1
CHEBI_28548,CHEBI_37209,CHEBI_28548_CHEBI_37209,enantiomer,diastereomer,100.0,0
CHEBI_65826,CHEBI_65827,CHEBI_65826_CHEBI_65827,diastereomer,diastereomer,100.0,1
CHEBI_96603,CHEBI_96550,CHEBI_96550_CHEBI_96603,diastereomer,diastereomer,100.0,1
CHEBI_227209,CHEBI_198701,CHEBI_198701_CHEBI_227209,diastereomer,diastereomer,100.0,1
CHEBI_208339,CHEBI_208344,CHEBI_208339_CHEBI_208344,diastereomer,diastereomer,100.0,1
CHEBI_215990,CHEBI_199599,CHEBI_199599_CHEBI_215990,diastereomer,diastereomer,100.0,1
CHEBI_102165,CHEBI_99011,CHEBI_102165_CHEBI_99011,diastereomer,diastereomer,100.0,1
CHEBI_102269,CHEBI_100982,CHEBI_100982_CHEBI_102269,diastereomer,diastereomer,100.0,1
CHEBI_130111,CHEBI_130017,CHEBI_130017_CHEBI_130111,diastereomer,diastereomer,100.0,1
CHEBI_188363,CHEBI_188362,CHEBI_188362_CHEBI_188363,diastereomer,diastereomer,80.0,1
CHEBI_206506,CHEBI_206499,CHEBI_206499_CHEBI_206506,diastereomer,diastereomer,100.0,1
CHEBI_11909,CHEBI_16229,CHEBI_11909_CHEBI_16229,diastereomer,diastereomer,100.0,1
CHEBI_70670,CHEBI_70671,CHEBI_70670_CHEBI_70671,diastereomer,diastereomer,76.0,1
CHEBI_61574,CHEBI_61593,CHEBI_61574_CHEBI_61593,diastereomer,diastereomer,100.0,1
CHEBI_100474,CHEBI_100884,CHEBI_100474_CHEBI_100884,diastereomer,diastereomer,100.0,1
CHEBI_101793,CHEBI_99694,CHEBI_101793_CHEBI_99694,diastereomer,diastereomer,100.0,1
CHEBI_114008,CHEBI_114069,CHEBI_114008_CHEBI_114069,diastereomer,diastereomer,100.0,1
CHEBI_801,CHEBI_2524,CHEBI_2524_CHEBI_801,diastereomer,diastereomer,100.0,1
CHEBI_204844,CHEBI_215948,CHEBI_204844_CHEBI_215948,diastereomer,diastereomer,100.0,1
CHEBI_97348,CHEBI_100622,CHEBI_100622_CHEBI_97348,diastereomer,diastereomer,100.0,1
CHEBI_124956,CHEBI_124943,CHEBI_124943_CHEBI_124956,diastereomer,diastereomer,100.0,1
CHEBI_196538,CHEBI_196536,CHEBI_196536_CHEBI_196538,diastereomer,diastereomer,79.0,1
CHEBI_221010,CHEBI_227083,CHEBI_221010_CHEBI_227083,diastereomer,diastereomer,100.0,1
CHEBI_48256,CHEBI_48258,CHEBI_48256_CHEBI_48258,diastereomer,diastereomer,100.0,1
CHEBI_98889,CHEBI_101180,CHEBI_101180_CHEBI_98889,diastereomer,diastereomer,100.0,1
CHEBI_97536,CHEBI_102775,CHEBI_102775_CHEBI_97536,diastereomer,diastereomer,100.0,1
CHEBI_219073,CHEBI_219080,CHEBI_219073_CHEBI_219080,diastereomer,diastereomer,100.0,1
CHEBI_106574,CHEBI_106493,CHEBI_106493_CHEBI_106574,diastereomer,diastereomer,100.0,1
CHEBI_101058,CHEBI_99938,CHEBI_101058_CHEBI_99938,diastereomer,diastereomer,100.0,1
CHEBI_197980,CHEBI_200616,CHEBI_197980_CHEBI_200616,diastereomer,diastereomer,100.0,1
CHEBI_69331,CHEBI_69330,CHEBI_69330_CHEBI_69331,diastereomer,diastereomer,100.0,1
CHEBI_95758,CHEBI_96413,CHEBI_95758_CHEBI_96413,diastereomer,diastereomer,100.0,1
CHEBI_125802,CHEBI_125809,CHEBI_125802_CHEBI_125809,diastereomer,diastereomer,100.0,1
CHEBI_219664,CHEBI_224063,CHEBI_219664_CHEBI_224063,diastereomer,diastereomer,100.0,1
CHEBI_169292,CHEBI_158739,CHEBI_158739_CHEBI_169292,diastereomer,diastereomer,100.0,1
CHEBI_59361,CHEBI_519990,CHEBI_519990_CHEBI_59361,diastereomer,diastereomer,100.0,1
CHEBI_208485,CHEBI_209670,CHEBI_208485_CHEBI_209670,diastereomer,diastereomer,100.0,1
CHEBI_131888,CHEBI_15551,CHEBI_131888_CHEBI_15551,diastereomer,diastereomer,100.0,1
CHEBI_221427,CHEBI_200698,CHEBI_200698_CHEBI_221427,diastereomer,diastereomer,100.0,1
CHEBI_16076,CHEBI_28247,CHEBI_16076_CHEBI_28247,diastereomer,diastereomer,100.0,1
CHEBI_111714,CHEBI_111780,CHEBI_111714_CHEBI_111780,diastereomer,diastereomer,100.0,1
CHEBI_58689,CHEBI_57272,CHEBI_57272_CHEBI_58689,diastereomer,diastereomer,100.0,1
CHEBI_130269,CHEBI_129165,CHEBI_129165_CHEBI_130269,diastereomer,diastereomer,100.0,1
CHEBI_65985,CHEBI_65984,CHEBI_65984_CHEBI_65985,diastereomer,diastereomer,100.0,1
CHEBI_102215,CHEBI_101313,CHEBI_101313_CHEBI_102215,diastereomer,diastereomer,100.0,1
CHEBI_118903,CHEBI_119095,CHEBI_118903_CHEBI_119095,diastereomer,diastereomer,100.0,1
CHEBI_97319,CHEBI_98116,CHEBI_97319_CHEBI_98116,diastereomer,diastereomer,100.0,1
CHEBI_20659,CHEBI_28859,CHEBI_20659_CHEBI_28859,diastereomer,diastereomer,100.0,1
CHEBI_180312,CHEBI_180287,CHEBI_180287_CHEBI_180312,diastereomer,diastereomer,80.0,1
CHEBI_65986,CHEBI_65987,CHEBI_65986_CHEBI_65987,diastereomer,diastereomer,100.0,1
CHEBI_202796,CHEBI_206382,CHEBI_202796_CHEBI_206382,diastereomer,diastereomer,100.0,1
CHEBI_214655,CHEBI_225948,CHEBI_214655_CHEBI_225948,diastereomer,diastereomer,100.0,1
CHEBI_217959,CHEBI_223593,CHEBI_217959_CHEBI_223593,diastereomer,diastereomer,98.0,1
CHEBI_99103,CHEBI_103057,CHEBI_103057_CHEBI_99103,diastereomer,diastereomer,100.0,1
CHEBI_123518,CHEBI_123564,CHEBI_123518_CHEBI_123564,diastereomer,diastereomer,100.0,1
CHEBI_118512,CHEBI_118509,CHEBI_118509_CHEBI_118512,diastereomer,diastereomer,100.0,1
CHEBI_217428,CHEBI_217436,CHEBI_217428_CHEBI_217436,diastereomer,diastereomer,100.0,1
CHEBI_177643,CHEBI_183891,CHEBI_177643_CHEBI_183891,diastereomer,diastereomer,100.0,1
CHEBI_206266,CHEBI_217976,CHEBI_206266_CHEBI_217976,diastereomer,diastereomer,100.0,1
CHEBI_130052,CHEBI_129946,CHEBI_129946_CHEBI_130052,diastereomer,diastereomer,100.0,1
CHEBI_228033,CHEBI_210935,CHEBI_210935_CHEBI_228033,diastereomer,diastereomer,100.0,1
CHEBI_214422,CHEBI_214428,CHEBI_214422_CHEBI_214428,diastereomer,diastereomer,100.0,1
CHEBI_97911,CHEBI_102011,CHEBI_102011_CHEBI_97911,diastereomer,diastereomer,100.0,1
CHEBI_204002,CHEBI_206481,CHEBI_204002_CHEBI_206481,diastereomer,diastereomer,100.0,1
CHEBI_179501,CHEBI_179500,CHEBI_179500_CHEBI_179501,diastereomer,diastereomer,78.0,1
CHEBI_57251,CHEBI_58196,CHEBI_57251_CHEBI_58196,diastereomer,diastereomer,100.0,1
CHEBI_186128,CHEBI_186715,CHEBI_186128_CHEBI_186715,diastereomer,diastereomer,80.0,1
CHEBI_173042,CHEBI_173043,CHEBI_173042_CHEBI_173043,diastereomer,diastereomer,100.0,1
CHEBI_119139,CHEBI_120373,CHEBI_119139_CHEBI_120373,diastereomer,diastereomer,100.0,1
CHEBI_130734,CHEBI_126996,CHEBI_126996_CHEBI_130734,diastereomer,diastereomer,100.0,1
CHEBI_69189,CHEBI_69190,CHEBI_69189_CHEBI_69190,diastereomer,diastereomer,100.0,1
CHEBI_39115,CHEBI_39122,CHEBI_39115_CHEBI_39122,diastereomer,diastereomer,100.0,1
CHEBI_123528,CHEBI_123499,CHEBI_123499_CHEBI_123528,diastereomer,diastereomer,100.0,1
CHEBI_102142,CHEBI_97470,CHEBI_102142_CHEBI_97470,diastereomer,diastereomer,100.0,1
CHEBI_199119,CHEBI_218689,CHEBI_199119_CHEBI_218689,diastereomer,diastereomer,100.0,1
CHEBI_224180,CHEBI_202260,CHEBI_202260_CHEBI_224180,diastereomer,diastereomer,78.0,1
CHEBI_211202,CHEBI_211204,CHEBI_211202_CHEBI_211204,diastereomer,diastereomer,100.0,1
CHEBI_125284,CHEBI_125341,CHEBI_125284_CHEBI_125341,diastereomer,diastereomer,100.0,1
CHEBI_200006,CHEBI_204264,CHEBI_200006_CHEBI_204264,diastereomer,diastereomer,100.0,1
CHEBI_113872,CHEBI_108643,CHEBI_108643_CHEBI_113872,diastereomer,diastereomer,100.0,1
CHEBI_136688,CHEBI_193602,CHEBI_136688_CHEBI_193602,diastereomer,diastereomer,100.0,1
CHEBI_84642,CHEBI_84640,CHEBI_84640_CHEBI_84642,diastereomer,diastereomer,100.0,1
CHEBI_206901,CHEBI_218444,CHEBI_206901_CHEBI_218444,diastereomer,diastereomer,100.0,1
CHEBI_68030,CHEBI_68029,CHEBI_68029_CHEBI_68030,diastereomer,diastereomer,100.0,1
CHEBI_108820,CHEBI_108858,CHEBI_108820_CHEBI_108858,diastereomer,diastereomer,100.0,1
CHEBI_209179,CHEBI_201713,CHEBI_201713_CHEBI_209179,diastereomer,diastereomer,100.0,1
CHEBI_28226,CHEBI_15807,CHEBI_15807_CHEBI_28226,diastereomer,diastereomer,100.0,1
CHEBI_104382,CHEBI_104386,CHEBI_104382_CHEBI_104386,diastereomer,diastereomer,100.0,1
CHEBI_122389,CHEBI_122317,CHEBI_122317_CHEBI_122389,diastereomer,diastereomer,100.0,1
CHEBI_152110,CHEBI_152012,CHEBI_152012_CHEBI_152110,diastereomer,diastereomer,100.0,1
CHEBI_180955,CHEBI_178075,CHEBI_178075_CHEBI_180955,diastereomer,diastereomer,100.0,1
CHEBI_178713,CHEBI_178705,CHEBI_178705_CHEBI_178713,diastereomer,diastereomer,100.0,1
CHEBI_197854,CHEBI_210896,CHEBI_197854_CHEBI_210896,diastereomer,diastereomer,100.0,1
CHEBI_129587,CHEBI_127364,CHEBI_127364_CHEBI_129587,diastereomer,diastereomer,100.0,1
CHEBI_217165,CHEBI_204828,CHEBI_204828_CHEBI_217165,diastereomer,diastereomer,100.0,1
CHEBI_231528,CHEBI_70980,CHEBI_231528_CHEBI_70980,enantiomer,diastereomer,100.0,0
CHEBI_222230,CHEBI_222223,CHEBI_222223_CHEBI_222230,diastereomer,diastereomer,100.0,1
CHEBI_211002,CHEBI_210996,CHEBI_210996_CHEBI_211002,diastereomer,diastereomer,100.0,1
CHEBI_173051,CHEBI_166769,CHEBI_166769_CHEBI_173051,diastereomer,diastereomer,100.0,1
CHEBI_152829,CHEBI_148521,CHEBI_148521_CHEBI_152829,diastereomer,diastereomer,100.0,1
CHEBI_95417,CHEBI_126780,CHEBI_126780_CHEBI_95417,diastereomer,diastereomer,100.0,1
CHEBI_203243,CHEBI_224548,CHEBI_203243_CHEBI_224548,diastereomer,diastereomer,100.0,1
CHEBI_199087,CHEBI_203717,CHEBI_199087_CHEBI_203717,diastereomer,diastereomer,100.0,1
CHEBI_189323,CHEBI_168966,CHEBI_168966_CHEBI_189323,diastereomer,diastereomer,100.0,1
CHEBI_199139,CHEBI_204242,CHEBI_199139_CHEBI_204242,diastereomer,diastereomer,100.0,1
CHEBI_128683,CHEBI_129425,CHEBI_128683_CHEBI_129425,diastereomer,diastereomer,100.0,1
CHEBI_208267,CHEBI_208261,CHEBI_208261_CHEBI_208267,diastereomer,diastereomer,76.0,1
CHEBI_129515,CHEBI_126109,CHEBI_126109_CHEBI_129515,diastereomer,diastereomer,100.0,1
CHEBI_211692,CHEBI_208751,CHEBI_208751_CHEBI_211692,diastereomer,diastereomer,100.0,1
CHEBI_218088,CHEBI_217684,CHEBI_217684_CHEBI_218088,diastereomer,diastereomer,100.0,1
CHEBI_210149,CHEBI_210154,CHEBI_210149_CHEBI_210154,diastereomer,diastereomer,100.0,1
CHEBI_99966,CHEBI_102059,CHEBI_102059_CHEBI_99966,diastereomer,diastereomer,100.0,1
CHEBI_223626,CHEBI_200389,CHEBI_200389_CHEBI_223626,diastereomer,diastereomer,100.0,1
CHEBI_122215,CHEBI_122409,CHEBI_122215_CHEBI_122409,diastereomer,diastereomer,100.0,1
CHEBI_128542,CHEBI_129631,CHEBI_128542_CHEBI_129631,diastereomer,diastereomer,100.0,1
CHEBI_213226,CHEBI_224933,CHEBI_213226_CHEBI_224933,diastereomer,diastereomer,100.0,1
CHEBI_67598,CHEBI_67599,CHEBI_67598_CHEBI_67599,diastereomer,diastereomer,100.0,1
CHEBI_101667,CHEBI_103227,CHEBI_101667_CHEBI_103227,diastereomer,diastereomer,100.0,1
CHEBI_155405,CHEBI_147876,CHEBI_147876_CHEBI_155405,diastereomer,diastereomer,100.0,1
CHEBI_219916,CHEBI_218427,CHEBI_218427_CHEBI_219916,diastereomer,diastereomer,100.0,1
CHEBI_68872,CHEBI_68871,CHEBI_68871_CHEBI_68872,diastereomer,diastereomer,100.0,1
CHEBI_70583,CHEBI_70582,CHEBI_70582_CHEBI_70583,diastereomer,diastereomer,100.0,1
CHEBI_151080,CHEBI_152287,CHEBI_151080_CHEBI_152287,diastereomer,diastereomer,100.0,1
CHEBI_130657,CHEBI_127405,CHEBI_127405_CHEBI_130657,diastereomer,diastereomer,100.0,1
CHEBI_130233,CHEBI_126673,CHEBI_126673_CHEBI_130233,diastereomer,diastereomer,100.0,1
CHEBI_220149,CHEBI_227682,CHEBI_220149_CHEBI_227682,diastereomer,diastereomer,100.0,1
CHEBI_69465,CHEBI_69466,CHEBI_69465_CHEBI_69466,diastereomer,diastereomer,100.0,1
CHEBI_227956,CHEBI_202061,CHEBI_202061_CHEBI_227956,diastereomer,diastereomer,100.0,1
CHEBI_123609,CHEBI_123525,CHEBI_123525_CHEBI_123609,diastereomer,diastereomer,100.0,1
CHEBI_62036,CHEBI_62035,CHEBI_62035_CHEBI_62036,diastereomer,diastereomer,100.0,1
CHEBI_95991,CHEBI_95784,CHEBI_95784_CHEBI_95991,diastereomer,diastereomer,100.0,1
CHEBI_98938,CHEBI_97675,CHEBI_97675_CHEBI_98938,diastereomer,diastereomer,100.0,1
CHEBI_214492,CHEBI_226440,CHEBI_214492_CHEBI_226440,diastereomer,diastereomer,96.0,1
CHEBI_221804,CHEBI_221798,CHEBI_221798_CHEBI_221804,diastereomer,diastereomer,100.0,1
CHEBI_182111,CHEBI_182129,CHEBI_182111_CHEBI_182129,diastereomer,diastereomer,100.0,1
CHEBI_204775,CHEBI_218875,CHEBI_204775_CHEBI_218875,diastereomer,diastereomer,100.0,1
CHEBI_128063,CHEBI_126757,CHEBI_126757_CHEBI_128063,diastereomer,diastereomer,100.0,1
CHEBI_101403,CHEBI_102651,CHEBI_101403_CHEBI_102651,diastereomer,diastereomer,100.0,1
CHEBI_193098,CHEBI_144780,CHEBI_144780_CHEBI_193098,diastereomer,diastereomer,100.0,1
CHEBI_128316,CHEBI_126317,CHEBI_126317_CHEBI_128316,diastereomer,diastereomer,100.0,1
CHEBI_57872,CHEBI_58915,CHEBI_57872_CHEBI_58915,diastereomer,diastereomer,78.0,1
CHEBI_122301,CHEBI_122234,CHEBI_122234_CHEBI_122301,diastereomer,diastereomer,100.0,1
CHEBI_225433,CHEBI_225428,CHEBI_225428_CHEBI_225433,diastereomer,diastereomer,100.0,1
CHEBI_137660,CHEBI_137659,CHEBI_137659_CHEBI_137660,diastereomer,diastereomer,100.0,1
CHEBI_226257,CHEBI_226263,CHEBI_226257_CHEBI_226263,diastereomer,diastereomer,100.0,1
CHEBI_200126,CHEBI_216071,CHEBI_200126_CHEBI_216071,diastereomer,diastereomer,100.0,1
CHEBI_195584,CHEBI_157794,CHEBI_157794_CHEBI_195584,diastereomer,diastereomer,100.0,1
CHEBI_219091,CHEBI_219675,CHEBI_219091_CHEBI_219675,diastereomer,diastereomer,82.0,1
CHEBI_97190,CHEBI_100328,CHEBI_100328_CHEBI_97190,diastereomer,diastereomer,100.0,1
CHEBI_139031,CHEBI_139029,CHEBI_139029_CHEBI_139031,diastereomer,diastereomer,100.0,1
CHEBI_225211,CHEBI_227389,CHEBI_225211_CHEBI_227389,diastereomer,diastereomer,100.0,1
CHEBI_218152,CHEBI_206486,CHEBI_206486_CHEBI_218152,diastereomer,diastereomer,100.0,1
CHEBI_214684,CHEBI_200435,CHEBI_200435_CHEBI_214684,diastereomer,diastereomer,100.0,1
CHEBI_129235,CHEBI_129106,CHEBI_129106_CHEBI_129235,diastereomer,diastereomer,100.0,1
CHEBI_102791,CHEBI_98711,CHEBI_102791_CHEBI_98711,diastereomer,diastereomer,77.0,1
CHEBI_178549,CHEBI_178550,CHEBI_178549_CHEBI_178550,diastereomer,diastereomer,100.0,1
CHEBI_194138,CHEBI_194139,CHEBI_194138_CHEBI_194139,diastereomer,diastereomer,77.0,1
CHEBI_118194,CHEBI_118161,CHEBI_118161_CHEBI_118194,diastereomer,diastereomer,100.0,1
CHEBI_144940,CHEBI_138619,CHEBI_138619_CHEBI_144940,enantiomer,diastereomer,100.0,0
CHEBI_224065,CHEBI_208610,CHEBI_208610_CHEBI_224065,diastereomer,diastereomer,100.0,1
CHEBI_216520,CHEBI_216527,CHEBI_216520_CHEBI_216527,diastereomer,diastereomer,100.0,1
CHEBI_212828,CHEBI_212833,CHEBI_212828_CHEBI_212833,diastereomer,diastereomer,100.0,1
CHEBI_225188,CHEBI_225193,CHEBI_225188_CHEBI_225193,diastereomer,diastereomer,100.0,1
CHEBI_224269,CHEBI_221600,CHEBI_221600_CHEBI_224269,diastereomer,diastereomer,100.0,1
CHEBI_117326,CHEBI_117283,CHEBI_117283_CHEBI_117326,diastereomer,diastereomer,100.0,1
CHEBI_209592,CHEBI_209587,CHEBI_209587_CHEBI_209592,diastereomer,diastereomer,100.0,1
CHEBI_194170,CHEBI_194165,CHEBI_194165_CHEBI_194170,diastereomer,diastereomer,100.0,1
CHEBI_97143,CHEBI_98154,CHEBI_97143_CHEBI_98154,diastereomer,diastereomer,100.0,1
CHEBI_126917,CHEBI_128944,CHEBI_126917_CHEBI_128944,diastereomer,diastereomer,100.0,1
CHEBI_108737,CHEBI_108613,CHEBI_108613_CHEBI_108737,diastereomer,diastereomer,100.0,1
CHEBI_214501,CHEBI_214495,CHEBI_214495_CHEBI_214501,diastereomer,diastereomer,100.0,1
CHEBI_125732,CHEBI_130797,CHEBI_125732_CHEBI_130797,diastereomer,diastereomer,100.0,1
CHEBI_219838,CHEBI_219249,CHEBI_219249_CHEBI_219838,diastereomer,diastereomer,100.0,1
CHEBI_35537,CHEBI_74686,CHEBI_35537_CHEBI_74686,diastereomer,diastereomer,100.0,1
CHEBI_122220,CHEBI_122487,CHEBI_122220_CHEBI_122487,diastereomer,diastereomer,100.0,1
CHEBI_120122,CHEBI_120094,CHEBI_120094_CHEBI_120122,diastereomer,diastereomer,100.0,1
CHEBI_106371,CHEBI_106295,CHEBI_106295_CHEBI_106371,diastereomer,diastereomer,100.0,1
CHEBI_119042,CHEBI_119100,CHEBI_119042_CHEBI_119100,diastereomer,diastereomer,100.0,1
CHEBI_193389,CHEBI_186007,CHEBI_186007_CHEBI_193389,diastereomer,diastereomer,100.0,1
CHEBI_212149,CHEBI_212155,CHEBI_212149_CHEBI_212155,diastereomer,diastereomer,100.0,1
CHEBI_188987,CHEBI_188993,CHEBI_188987_CHEBI_188993,diastereomer,diastereomer,100.0,1
CHEBI_127389,CHEBI_129857,CHEBI_127389_CHEBI_129857,diastereomer,diastereomer,100.0,1
CHEBI_94937,CHEBI_94874,CHEBI_94874_CHEBI_94937,diastereomer,diastereomer,100.0,1
CHEBI_51480,CHEBI_51479,CHEBI_51479_CHEBI_51480,diastereomer,diastereomer,100.0,1
CHEBI_224886,CHEBI_204943,CHEBI_204943_CHEBI_224886,diastereomer,diastereomer,100.0,1
CHEBI_129421,CHEBI_128782,CHEBI_128782_CHEBI_129421,diastereomer,diastereomer,100.0,1
CHEBI_217702,CHEBI_198355,CHEBI_198355_CHEBI_217702,diastereomer,diastereomer,100.0,1
CHEBI_217646,CHEBI_224630,CHEBI_217646_CHEBI_224630,diastereomer,diastereomer,100.0,1
CHEBI_179244,CHEBI_179245,CHEBI_179244_CHEBI_179245,diastereomer,diastereomer,77.0,1
CHEBI_141585,CHEBI_15847,CHEBI_141585_CHEBI_15847,diastereomer,diastereomer,100.0,1
CHEBI_108825,CHEBI_124541,CHEBI_108825_CHEBI_124541,diastereomer,diastereomer,100.0,1
CHEBI_101553,CHEBI_102573,CHEBI_101553_CHEBI_102573,diastereomer,diastereomer,100.0,1
CHEBI_169514,CHEBI_169470,CHEBI_169470_CHEBI_169514,diastereomer,diastereomer,100.0,1
CHEBI_15375,CHEBI_64240,CHEBI_15375_CHEBI_64240,diastereomer,diastereomer,100.0,1
CHEBI_215760,CHEBI_215779,CHEBI_215760_CHEBI_215779,diastereomer,diastereomer,100.0,1
CHEBI_126456,CHEBI_129252,CHEBI_126456_CHEBI_129252,diastereomer,diastereomer,100.0,1
CHEBI_102032,CHEBI_97727,CHEBI_102032_CHEBI_97727,diastereomer,diastereomer,100.0,1
CHEBI_221714,CHEBI_221722,CHEBI_221714_CHEBI_221722,diastereomer,diastereomer,100.0,1
CHEBI_210991,CHEBI_220900,CHEBI_210991_CHEBI_220900,diastereomer,diastereomer,88.0,1
CHEBI_28195,CHEBI_16032,CHEBI_16032_CHEBI_28195,diastereomer,diastereomer,100.0,1
CHEBI_182420,CHEBI_182419,CHEBI_182419_CHEBI_182420,diastereomer,diastereomer,100.0,1
CHEBI_110093,CHEBI_109983,CHEBI_109983_CHEBI_110093,diastereomer,diastereomer,100.0,1
CHEBI_97331,CHEBI_95379,CHEBI_95379_CHEBI_97331,diastereomer,diastereomer,100.0,1
CHEBI_118409,CHEBI_118516,CHEBI_118409_CHEBI_118516,diastereomer,diastereomer,100.0,1
CHEBI_119004,CHEBI_119133,CHEBI_119004_CHEBI_119133,diastereomer,diastereomer,100.0,1
CHEBI_222277,CHEBI_220907,CHEBI_220907_CHEBI_222277,diastereomer,diastereomer,100.0,1
CHEBI_218013,CHEBI_218020,CHEBI_218013_CHEBI_218020,diastereomer,diastereomer,100.0,1
CHEBI_119051,CHEBI_118868,CHEBI_118868_CHEBI_119051,diastereomer,diastereomer,100.0,1
CHEBI_203490,CHEBI_219697,CHEBI_203490_CHEBI_219697,diastereomer,diastereomer,76.0,1
CHEBI_214990,CHEBI_206655,CHEBI_206655_CHEBI_214990,diastereomer,diastereomer,100.0,1
CHEBI_124907,CHEBI_118443,CHEBI_118443_CHEBI_124907,diastereomer,diastereomer,100.0,1
CHEBI_126586,CHEBI_130699,CHEBI_126586_CHEBI_130699,diastereomer,diastereomer,100.0,1
CHEBI_211716,CHEBI_199169,CHEBI_199169_CHEBI_211716,diastereomer,diastereomer,100.0,1
CHEBI_106119,CHEBI_106128,CHEBI_106119_CHEBI_106128,diastereomer,diastereomer,100.0,1
CHEBI_28428,CHEBI_32888,CHEBI_28428_CHEBI_32888,diastereomer,diastereomer,100.0,1
CHEBI_133768,CHEBI_133769,CHEBI_133768_CHEBI_133769,diastereomer,diastereomer,100.0,1
CHEBI_122706,CHEBI_122580,CHEBI_122580_CHEBI_122706,diastereomer,diastereomer,100.0,1
CHEBI_130713,CHEBI_128748,CHEBI_128748_CHEBI_130713,diastereomer,diastereomer,100.0,1
CHEBI_204835,CHEBI_214879,CHEBI_204835_CHEBI_214879,diastereomer,diastereomer,86.0,1
CHEBI_130478,CHEBI_129904,CHEBI_129904_CHEBI_130478,diastereomer,diastereomer,100.0,1
CHEBI_215172,CHEBI_212358,CHEBI_212358_CHEBI_215172,diastereomer,diastereomer,100.0,1
CHEBI_221875,CHEBI_216382,CHEBI_216382_CHEBI_221875,diastereomer,diastereomer,100.0,1
CHEBI_118782,CHEBI_118666,CHEBI_118666_CHEBI_118782,diastereomer,diastereomer,100.0,1
CHEBI_205588,CHEBI_228132,CHEBI_205588_CHEBI_228132,diastereomer,diastereomer,100.0,1
CHEBI_136751,CHEBI_136753,CHEBI_136751_CHEBI_136753,diastereomer,diastereomer,100.0,1
CHEBI_62140,CHEBI_62128,CHEBI_62128_CHEBI_62140,diastereomer,diastereomer,100.0,1
CHEBI_115399,CHEBI_115229,CHEBI_115229_CHEBI_115399,diastereomer,diastereomer,100.0,1
CHEBI_106634,CHEBI_106499,CHEBI_106499_CHEBI_106634,diastereomer,diastereomer,100.0,1
CHEBI_226656,CHEBI_226651,CHEBI_226651_CHEBI_226656,diastereomer,diastereomer,100.0,1
CHEBI_97401,CHEBI_102151,CHEBI_102151_CHEBI_97401,diastereomer,diastereomer,100.0,1
CHEBI_100243,CHEBI_97438,CHEBI_100243_CHEBI_97438,diastereomer,diastereomer,100.0,1
CHEBI_202522,CHEBI_219688,CHEBI_202522_CHEBI_219688,diastereomer,diastereomer,100.0,1
CHEBI_217218,CHEBI_220556,CHEBI_217218_CHEBI_220556,diastereomer,diastereomer,100.0,1
CHEBI_216379,CHEBI_202603,CHEBI_202603_CHEBI_216379,diastereomer,diastereomer,80.0,1
CHEBI_142660,CHEBI_142661,CHEBI_142660_CHEBI_142661,diastereomer,diastereomer,100.0,1
CHEBI_216464,CHEBI_215732,CHEBI_215732_CHEBI_216464,diastereomer,diastereomer,100.0,1
CHEBI_200653,CHEBI_220682,CHEBI_200653_CHEBI_220682,diastereomer,diastereomer,100.0,1
CHEBI_201938,CHEBI_204711,CHEBI_201938_CHEBI_204711,diastereomer,diastereomer,100.0,1
CHEBI_208338,CHEBI_211575,CHEBI_208338_CHEBI_211575,diastereomer,diastereomer,79.0,1
CHEBI_97812,CHEBI_97442,CHEBI_97442_CHEBI_97812,diastereomer,diastereomer,100.0,1
CHEBI_146143,CHEBI_229730,CHEBI_146143_CHEBI_229730,diastereomer,diastereomer,100.0,1
CHEBI_95797,CHEBI_95892,CHEBI_95797_CHEBI_95892,diastereomer,diastereomer,100.0,1
CHEBI_208112,CHEBI_209812,CHEBI_208112_CHEBI_209812,diastereomer,diastereomer,100.0,1
CHEBI_219346,CHEBI_219352,CHEBI_219346_CHEBI_219352,diastereomer,diastereomer,100.0,1
CHEBI_208263,CHEBI_220424,CHEBI_208263_CHEBI_220424,diastereomer,diastereomer,100.0,1
CHEBI_126384,CHEBI_130791,CHEBI_126384_CHEBI_130791,diastereomer,diastereomer,100.0,1
CHEBI_129542,CHEBI_127579,CHEBI_127579_CHEBI_129542,diastereomer,diastereomer,100.0,1
CHEBI_96206,CHEBI_96388,CHEBI_96206_CHEBI_96388,diastereomer,diastereomer,100.0,1
CHEBI_93012,CHEBI_93164,CHEBI_93012_CHEBI_93164,diastereomer,diastereomer,100.0,1
CHEBI_104860,CHEBI_123845,CHEBI_104860_CHEBI_123845,diastereomer,diastereomer,100.0,1
CHEBI_118092,CHEBI_118226,CHEBI_118092_CHEBI_118226,diastereomer,diastereomer,100.0,1
CHEBI_156661,CHEBI_150651,CHEBI_150651_CHEBI_156661,diastereomer,diastereomer,100.0,1
CHEBI_68418,CHEBI_68419,CHEBI_68418_CHEBI_68419,diastereomer,diastereomer,100.0,1
CHEBI_69278,CHEBI_69279,CHEBI_69278_CHEBI_69279,diastereomer,diastereomer,76.0,1
CHEBI_101302,CHEBI_99640,CHEBI_101302_CHEBI_99640,diastereomer,diastereomer,100.0,1
CHEBI_130174,CHEBI_128716,CHEBI_128716_CHEBI_130174,diastereomer,diastereomer,100.0,1
CHEBI_205500,CHEBI_218554,CHEBI_205500_CHEBI_218554,diastereomer,diastereomer,100.0,1
CHEBI_49233,CHEBI_49234,CHEBI_49233_CHEBI_49234,diastereomer,diastereomer,100.0,1
CHEBI_211633,CHEBI_211628,CHEBI_211628_CHEBI_211633,diastereomer,diastereomer,100.0,1
CHEBI_216534,CHEBI_215531,CHEBI_215531_CHEBI_216534,diastereomer,diastereomer,100.0,1
CHEBI_101660,CHEBI_100767,CHEBI_100767_CHEBI_101660,diastereomer,diastereomer,100.0,1
CHEBI_211629,CHEBI_211634,CHEBI_211629_CHEBI_211634,diastereomer,diastereomer,100.0,1
CHEBI_23051,CHEBI_233658,CHEBI_23051_CHEBI_233658,diastereomer,diastereomer,100.0,1
CHEBI_195695,CHEBI_168955,CHEBI_168955_CHEBI_195695,diastereomer,diastereomer,84.0,1
CHEBI_70134,CHEBI_70133,CHEBI_70133_CHEBI_70134,diastereomer,diastereomer,100.0,1
CHEBI_68067,CHEBI_68066,CHEBI_68066_CHEBI_68067,diastereomer,diastereomer,100.0,1
CHEBI_195839,CHEBI_195840,CHEBI_195839_CHEBI_195840,diastereomer,diastereomer,79.0,1
CHEBI_124056,CHEBI_124462,CHEBI_124056_CHEBI_124462,diastereomer,diastereomer,100.0,1
CHEBI_147656,CHEBI_152604,CHEBI_147656_CHEBI_152604,diastereomer,diastereomer,100.0,1
CHEBI_175989,CHEBI_175992,CHEBI_175989_CHEBI_175992,diastereomer,diastereomer,76.0,1
CHEBI_219136,CHEBI_219128,CHEBI_219128_CHEBI_219136,diastereomer,diastereomer,76.0,1
CHEBI_130257,CHEBI_128833,CHEBI_128833_CHEBI_130257,diastereomer,diastereomer,100.0,1
CHEBI_217533,CHEBI_225265,CHEBI_217533_CHEBI_225265,diastereomer,diastereomer,100.0,1
CHEBI_98072,CHEBI_102894,CHEBI_102894_CHEBI_98072,diastereomer,diastereomer,100.0,1
CHEBI_23926,CHEBI_23757,CHEBI_23757_CHEBI_23926,diastereomer,diastereomer,100.0,1
CHEBI_99754,CHEBI_99992,CHEBI_99754_CHEBI_99992,diastereomer,diastereomer,100.0,1
CHEBI_229556,CHEBI_229559,CHEBI_229556_CHEBI_229559,diastereomer,diastereomer,100.0,1
CHEBI_114024,CHEBI_106101,CHEBI_106101_CHEBI_114024,diastereomer,diastereomer,100.0,1
CHEBI_218397,CHEBI_222804,CHEBI_218397_CHEBI_222804,diastereomer,diastereomer,100.0,1
CHEBI_122488,CHEBI_122444,CHEBI_122444_CHEBI_122488,diastereomer,diastereomer,100.0,1
CHEBI_118724,CHEBI_118826,CHEBI_118724_CHEBI_118826,diastereomer,diastereomer,100.0,1
CHEBI_68017,CHEBI_68016,CHEBI_68016_CHEBI_68017,diastereomer,diastereomer,100.0,1
CHEBI_48269,CHEBI_48270,CHEBI_48269_CHEBI_48270,diastereomer,diastereomer,100.0,1
CHEBI_102511,CHEBI_99986,CHEBI_102511_CHEBI_99986,diastereomer,diastereomer,100.0,1
CHEBI_143550,CHEBI_143551,CHEBI_143550_CHEBI_143551,diastereomer,diastereomer,100.0,1
CHEBI_155386,CHEBI_156694,CHEBI_155386_CHEBI_156694,diastereomer,diastereomer,100.0,1
CHEBI_204662,CHEBI_202798,CHEBI_202798_CHEBI_204662,diastereomer,diastereomer,100.0,1
CHEBI_98140,CHEBI_101621,CHEBI_101621_CHEBI_98140,diastereomer,diastereomer,100.0,1
CHEBI_70546,CHEBI_70544,CHEBI_70544_CHEBI_70546,diastereomer,diastereomer,100.0,1
CHEBI_101077,CHEBI_99357,CHEBI_101077_CHEBI_99357,diastereomer,diastereomer,100.0,1
CHEBI_217902,CHEBI_217270,CHEBI_217270_CHEBI_217902,diastereomer,diastereomer,100.0,1
CHEBI_220388,CHEBI_207750,CHEBI_207750_CHEBI_220388,diastereomer,diastereomer,76.0,1
CHEBI_218292,CHEBI_218301,CHEBI_218292_CHEBI_218301,diastereomer,diastereomer,100.0,1
CHEBI_157484,CHEBI_156872,CHEBI_156872_CHEBI_157484,diastereomer,diastereomer,100.0,1
CHEBI_58658,CHEBI_85313,CHEBI_58658_CHEBI_85313,diastereomer,diastereomer,100.0,1
CHEBI_224624,CHEBI_206873,CHEBI_206873_CHEBI_224624,diastereomer,diastereomer,100.0,1
CHEBI_224437,CHEBI_223847,CHEBI_223847_CHEBI_224437,diastereomer,diastereomer,100.0,1
CHEBI_211419,CHEBI_211430,CHEBI_211419_CHEBI_211430,diastereomer,diastereomer,83.0,1
CHEBI_119583,CHEBI_119664,CHEBI_119583_CHEBI_119664,diastereomer,diastereomer,100.0,1
CHEBI_100358,CHEBI_100734,CHEBI_100358_CHEBI_100734,diastereomer,diastereomer,100.0,1
CHEBI_210226,CHEBI_210233,CHEBI_210226_CHEBI_210233,diastereomer,diastereomer,100.0,1
CHEBI_212752,CHEBI_212759,CHEBI_212752_CHEBI_212759,diastereomer,diastereomer,100.0,1
CHEBI_95956,CHEBI_95913,CHEBI_95913_CHEBI_95956,diastereomer,diastereomer,100.0,1
CHEBI_196491,CHEBI_196489,CHEBI_196489_CHEBI_196491,diastereomer,diastereomer,81.0,1
CHEBI_200501,CHEBI_226155,CHEBI_200501_CHEBI_226155,diastereomer,diastereomer,100.0,1
CHEBI_165487,CHEBI_184596,CHEBI_165487_CHEBI_184596,diastereomer,diastereomer,79.0,1
CHEBI_4117,CHEBI_192285,CHEBI_192285_CHEBI_4117,diastereomer,diastereomer,100.0,1
CHEBI_95022,CHEBI_95035,CHEBI_95022_CHEBI_95035,diastereomer,diastereomer,100.0,1
CHEBI_102815,CHEBI_97781,CHEBI_102815_CHEBI_97781,diastereomer,diastereomer,100.0,1
CHEBI_142530,CHEBI_142531,CHEBI_142530_CHEBI_142531,diastereomer,diastereomer,100.0,1
CHEBI_192698,CHEBI_134311,CHEBI_134311_CHEBI_192698,enantiomer,diastereomer,100.0,0
CHEBI_208652,CHEBI_200481,CHEBI_200481_CHEBI_208652,diastereomer,diastereomer,79.0,1
CHEBI_84361,CHEBI_29704,CHEBI_29704_CHEBI_84361,diastereomer,diastereomer,100.0,1
CHEBI_128249,CHEBI_130550,CHEBI_128249_CHEBI_130550,diastereomer,diastereomer,100.0,1
CHEBI_203294,CHEBI_203132,CHEBI_203132_CHEBI_203294,diastereomer,diastereomer,100.0,1
CHEBI_180314,CHEBI_180313,CHEBI_180313_CHEBI_180314,diastereomer,diastereomer,81.0,1
CHEBI_118249,CHEBI_118480,CHEBI_118249_CHEBI_118480,diastereomer,diastereomer,100.0,1
CHEBI_214393,CHEBI_214387,CHEBI_214387_CHEBI_214393,diastereomer,diastereomer,100.0,1
CHEBI_130422,CHEBI_130024,CHEBI_130024_CHEBI_130422,diastereomer,diastereomer,100.0,1
CHEBI_47011,CHEBI_27476,CHEBI_27476_CHEBI_47011,diastereomer,diastereomer,100.0,1
CHEBI_220820,CHEBI_220824,CHEBI_220820_CHEBI_220824,diastereomer,diastereomer,100.0,1
CHEBI_39395,CHEBI_39396,CHEBI_39395_CHEBI_39396,diastereomer,diastereomer,100.0,1
CHEBI_223783,CHEBI_223738,CHEBI_223738_CHEBI_223783,diastereomer,diastereomer,78.0,1
CHEBI_178719,CHEBI_178706,CHEBI_178706_CHEBI_178719,diastereomer,diastereomer,100.0,1
CHEBI_20654,CHEBI_20672,CHEBI_20654_CHEBI_20672,diastereomer,diastereomer,100.0,1
CHEBI_210607,CHEBI_210591,CHEBI_210591_CHEBI_210607,diastereomer,diastereomer,100.0,1
CHEBI_128229,CHEBI_129988,CHEBI_128229_CHEBI_129988,diastereomer,diastereomer,100.0,1
CHEBI_80758,CHEBI_104,CHEBI_104_CHEBI_80758,diastereomer,diastereomer,100.0,1
CHEBI_58875,CHEBI_58876,CHEBI_58875_CHEBI_58876,diastereomer,diastereomer,100.0,1
CHEBI_213467,CHEBI_213461,CHEBI_213461_CHEBI_213467,diastereomer,diastereomer,100.0,1
CHEBI_85533,CHEBI_85534,CHEBI_85533_CHEBI_85534,diastereomer,diastereomer,100.0,1
CHEBI_76095,CHEBI_76096,CHEBI_76095_CHEBI_76096,diastereomer,diastereomer,76.0,1
CHEBI_6332,CHEBI_136293,CHEBI_136293_CHEBI_6332,diastereomer,diastereomer,100.0,1
CHEBI_65391,CHEBI_65390,CHEBI_65390_CHEBI_65391,diastereomer,diastereomer,100.0,1
CHEBI_99939,CHEBI_101129,CHEBI_101129_CHEBI_99939,diastereomer,diastereomer,100.0,1
CHEBI_215641,CHEBI_215653,CHEBI_215641_CHEBI_215653,diastereomer,diastereomer,78.0,1
CHEBI_210431,CHEBI_197837,CHEBI_197837_CHEBI_210431,diastereomer,diastereomer,81.0,1
CHEBI_226522,CHEBI_226481,CHEBI_226481_CHEBI_226522,diastereomer,diastereomer,100.0,1
CHEBI_67221,CHEBI_67224,CHEBI_67221_CHEBI_67224,diastereomer,diastereomer,100.0,1
CHEBI_206067,CHEBI_212153,CHEBI_206067_CHEBI_212153,diastereomer,diastereomer,77.0,1
CHEBI_123536,CHEBI_123460,CHEBI_123460_CHEBI_123536,diastereomer,diastereomer,100.0,1
CHEBI_95935,CHEBI_95736,CHEBI_95736_CHEBI_95935,diastereomer,diastereomer,100.0,1
CHEBI_16834,CHEBI_50619,CHEBI_16834_CHEBI_50619,diastereomer,diastereomer,100.0,1
CHEBI_28029,CHEBI_28140,CHEBI_28029_CHEBI_28140,diastereomer,diastereomer,100.0,1
CHEBI_195904,CHEBI_190805,CHEBI_190805_CHEBI_195904,diastereomer,diastereomer,77.0,1
CHEBI_98290,CHEBI_98487,CHEBI_98290_CHEBI_98487,diastereomer,diastereomer,100.0,1
CHEBI_108821,CHEBI_108761,CHEBI_108761_CHEBI_108821,diastereomer,diastereomer,100.0,1
CHEBI_107023,CHEBI_104676,CHEBI_104676_CHEBI_107023,diastereomer,diastereomer,100.0,1
CHEBI_193178,CHEBI_196282,CHEBI_193178_CHEBI_196282,diastereomer,diastereomer,100.0,1
CHEBI_118850,CHEBI_119144,CHEBI_118850_CHEBI_119144,diastereomer,diastereomer,100.0,1
CHEBI_209999,CHEBI_219980,CHEBI_209999_CHEBI_219980,diastereomer,diastereomer,100.0,1
CHEBI_224400,CHEBI_219522,CHEBI_219522_CHEBI_224400,diastereomer,diastereomer,100.0,1
CHEBI_66888,CHEBI_61450,CHEBI_61450_CHEBI_66888,diastereomer,diastereomer,83.0,1
CHEBI_184592,CHEBI_165305,CHEBI_165305_CHEBI_184592,diastereomer,diastereomer,100.0,1
CHEBI_98345,CHEBI_101822,CHEBI_101822_CHEBI_98345,diastereomer,diastereomer,100.0,1
CHEBI_208236,CHEBI_209372,CHEBI_208236_CHEBI_209372,diastereomer,diastereomer,100.0,1
CHEBI_67706,CHEBI_67707,CHEBI_67706_CHEBI_67707,diastereomer,diastereomer,100.0,1
CHEBI_2568,CHEBI_2931,CHEBI_2568_CHEBI_2931,diastereomer,diastereomer,100.0,1
CHEBI_122271,CHEBI_122334,CHEBI_122271_CHEBI_122334,diastereomer,diastereomer,100.0,1
CHEBI_118406,CHEBI_118410,CHEBI_118406_CHEBI_118410,diastereomer,diastereomer,100.0,1
CHEBI_15660,CHEBI_15659,CHEBI_15659_CHEBI_15660,diastereomer,diastereomer,76.0,1
CHEBI_195810,CHEBI_195809,CHEBI_195809_CHEBI_195810,diastereomer,diastereomer,80.0,1
CHEBI_127040,CHEBI_127795,CHEBI_127040_CHEBI_127795,diastereomer,diastereomer,100.0,1
CHEBI_166714,CHEBI_166710,CHEBI_166710_CHEBI_166714,diastereomer,diastereomer,100.0,1
CHEBI_101769,CHEBI_101982,CHEBI_101769_CHEBI_101982,diastereomer,diastereomer,77.0,1
CHEBI_113611,CHEBI_108906,CHEBI_108906_CHEBI_113611,diastereomer,diastereomer,100.0,1
CHEBI_128294,CHEBI_128312,CHEBI_128294_CHEBI_128312,diastereomer,diastereomer,100.0,1
CHEBI_209225,CHEBI_209218,CHEBI_209218_CHEBI_209225,diastereomer,diastereomer,77.0,1
CHEBI_130315,CHEBI_129945,CHEBI_129945_CHEBI_130315,diastereomer,diastereomer,100.0,1
CHEBI_95973,CHEBI_96390,CHEBI_95973_CHEBI_96390,diastereomer,diastereomer,100.0,1
CHEBI_85357,CHEBI_137658,CHEBI_137658_CHEBI_85357,diastereomer,diastereomer,79.0,1
CHEBI_98463,CHEBI_100245,CHEBI_100245_CHEBI_98463,diastereomer,diastereomer,100.0,1
CHEBI_217083,CHEBI_201889,CHEBI_201889_CHEBI_217083,diastereomer,diastereomer,100.0,1
CHEBI_211478,CHEBI_211473,CHEBI_211473_CHEBI_211478,diastereomer,diastereomer,100.0,1
CHEBI_100317,CHEBI_97552,CHEBI_100317_CHEBI_97552,diastereomer,diastereomer,100.0,1
CHEBI_142957,CHEBI_142956,CHEBI_142956_CHEBI_142957,diastereomer,diastereomer,100.0,1
CHEBI_131209,CHEBI_97556,CHEBI_131209_CHEBI_97556,diastereomer,diastereomer,100.0,1
CHEBI_99433,CHEBI_100106,CHEBI_100106_CHEBI_99433,diastereomer,diastereomer,100.0,1
CHEBI_127069,CHEBI_129913,CHEBI_127069_CHEBI_129913,diastereomer,diastereomer,100.0,1
CHEBI_73479,CHEBI_46961,CHEBI_46961_CHEBI_73479,diastereomer,diastereomer,100.0,1
CHEBI_173809,CHEBI_179286,CHEBI_173809_CHEBI_179286,diastereomer,diastereomer,79.0,1
CHEBI_124742,CHEBI_124679,CHEBI_124679_CHEBI_124742,diastereomer,diastereomer,100.0,1
CHEBI_66676,CHEBI_66677,CHEBI_66676_CHEBI_66677,diastereomer,diastereomer,100.0,1
CHEBI_15389,CHEBI_232,CHEBI_15389_CHEBI_232,diastereomer,diastereomer,100.0,1
CHEBI_127247,CHEBI_129183,CHEBI_127247_CHEBI_129183,diastereomer,diastereomer,100.0,1
CHEBI_124189,CHEBI_124219,CHEBI_124189_CHEBI_124219,diastereomer,diastereomer,100.0,1
CHEBI_171978,CHEBI_171955,CHEBI_171955_CHEBI_171978,diastereomer,diastereomer,100.0,1
CHEBI_84190,CHEBI_84191,CHEBI_84190_CHEBI_84191,diastereomer,diastereomer,100.0,1
CHEBI_67802,CHEBI_67803,CHEBI_67802_CHEBI_67803,diastereomer,diastereomer,100.0,1
CHEBI_71693,CHEBI_20833,CHEBI_20833_CHEBI_71693,diastereomer,diastereomer,83.0,1
CHEBI_205845,CHEBI_220627,CHEBI_205845_CHEBI_220627,diastereomer,diastereomer,100.0,1
CHEBI_23297,CHEBI_27056,CHEBI_23297_CHEBI_27056,diastereomer,diastereomer,78.0,1
CHEBI_223222,CHEBI_223214,CHEBI_223214_CHEBI_223222,diastereomer,diastereomer,100.0,1
CHEBI_98352,CHEBI_97449,CHEBI_97449_CHEBI_98352,diastereomer,diastereomer,100.0,1
CHEBI_65488,CHEBI_65489,CHEBI_65488_CHEBI_65489,diastereomer,diastereomer,100.0,1
CHEBI_128001,CHEBI_127400,CHEBI_127400_CHEBI_128001,diastereomer,diastereomer,100.0,1
CHEBI_187420,CHEBI_191881,CHEBI_187420_CHEBI_191881,diastereomer,diastereomer,84.0,1
CHEBI_102622,CHEBI_97411,CHEBI_102622_CHEBI_97411,diastereomer,diastereomer,100.0,1
CHEBI_202795,CHEBI_227090,CHEBI_202795_CHEBI_227090,diastereomer,diastereomer,100.0,1
CHEBI_212650,CHEBI_198974,CHEBI_198974_CHEBI_212650,diastereomer,diastereomer,100.0,1
CHEBI_199819,CHEBI_182711,CHEBI_182711_CHEBI_199819,diastereomer,diastereomer,100.0,1
CHEBI_118445,CHEBI_118300,CHEBI_118300_CHEBI_118445,diastereomer,diastereomer,100.0,1
CHEBI_166835,CHEBI_8403,CHEBI_166835_CHEBI_8403,diastereomer,diastereomer,76.0,1
CHEBI_99367,CHEBI_101622,CHEBI_101622_CHEBI_99367,diastereomer,diastereomer,100.0,1
CHEBI_195819,CHEBI_195818,CHEBI_195818_CHEBI_195819,diastereomer,diastereomer,84.0,1
CHEBI_129787,CHEBI_130802,CHEBI_129787_CHEBI_130802,diastereomer,diastereomer,100.0,1
CHEBI_229461,CHEBI_195553,CHEBI_195553_CHEBI_229461,diastereomer,diastereomer,100.0,1
CHEBI_173049,CHEBI_173050,CHEBI_173049_CHEBI_173050,diastereomer,diastereomer,100.0,1
CHEBI_17576,CHEBI_10696,CHEBI_10696_CHEBI_17576,diastereomer,diastereomer,100.0,1
CHEBI_128165,CHEBI_129558,CHEBI_128165_CHEBI_129558,diastereomer,diastereomer,100.0,1
CHEBI_219514,CHEBI_210865,CHEBI_210865_CHEBI_219514,diastereomer,diastereomer,100.0,1
CHEBI_70523,CHEBI_70522,CHEBI_70522_CHEBI_70523,diastereomer,diastereomer,100.0,1
CHEBI_99741,CHEBI_102055,CHEBI_102055_CHEBI_99741,diastereomer,diastereomer,100.0,1
CHEBI_119288,CHEBI_119190,CHEBI_119190_CHEBI_119288,diastereomer,diastereomer,100.0,1
CHEBI_110615,CHEBI_110762,CHEBI_110615_CHEBI_110762,diastereomer,diastereomer,100.0,1
CHEBI_209371,CHEBI_209365,CHEBI_209365_CHEBI_209371,diastereomer,diastereomer,100.0,1
CHEBI_227815,CHEBI_227820,CHEBI_227815_CHEBI_227820,diastereomer,diastereomer,100.0,1
CHEBI_224831,CHEBI_200239,CHEBI_200239_CHEBI_224831,diastereomer,diastereomer,100.0,1
CHEBI_181929,CHEBI_181930,CHEBI_181929_CHEBI_181930,diastereomer,diastereomer,100.0,1
CHEBI_79409,CHEBI_79578,CHEBI_79409_CHEBI_79578,diastereomer,diastereomer,100.0,1
CHEBI_198265,CHEBI_210444,CHEBI_198265_CHEBI_210444,diastereomer,diastereomer,100.0,1
CHEBI_112553,CHEBI_112474,CHEBI_112474_CHEBI_112553,diastereomer,diastereomer,100.0,1
CHEBI_111916,CHEBI_112060,CHEBI_111916_CHEBI_112060,diastereomer,diastereomer,100.0,1
CHEBI_206726,CHEBI_206738,CHEBI_206726_CHEBI_206738,diastereomer,diastereomer,100.0,1
CHEBI_101119,CHEBI_102125,CHEBI_101119_CHEBI_102125,diastereomer,diastereomer,100.0,1
CHEBI_227793,CHEBI_201077,CHEBI_201077_CHEBI_227793,diastereomer,diastereomer,100.0,1
CHEBI_210553,CHEBI_210535,CHEBI_210535_CHEBI_210553,diastereomer,diastereomer,100.0,1
CHEBI_98759,CHEBI_103193,CHEBI_103193_CHEBI_98759,diastereomer,diastereomer,100.0,1
CHEBI_129019,CHEBI_127813,CHEBI_127813_CHEBI_129019,diastereomer,diastereomer,100.0,1
CHEBI_210093,CHEBI_210098,CHEBI_210093_CHEBI_210098,diastereomer,diastereomer,100.0,1
CHEBI_222949,CHEBI_209068,CHEBI_209068_CHEBI_222949,diastereomer,diastereomer,100.0,1
CHEBI_205879,CHEBI_205885,CHEBI_205879_CHEBI_205885,diastereomer,diastereomer,100.0,1
CHEBI_86078,CHEBI_86083,CHEBI_86078_CHEBI_86083,diastereomer,diastereomer,77.0,1
CHEBI_198640,CHEBI_225099,CHEBI_198640_CHEBI_225099,diastereomer,diastereomer,100.0,1
CHEBI_118580,CHEBI_118752,CHEBI_118580_CHEBI_118752,diastereomer,diastereomer,100.0,1
CHEBI_203936,CHEBI_210388,CHEBI_203936_CHEBI_210388,diastereomer,diastereomer,100.0,1
CHEBI_207251,CHEBI_207247,CHEBI_207247_CHEBI_207251,diastereomer,diastereomer,80.0,1
CHEBI_177462,CHEBI_190002,CHEBI_177462_CHEBI_190002,diastereomer,diastereomer,84.0,1
CHEBI_104751,CHEBI_111134,CHEBI_104751_CHEBI_111134,diastereomer,diastereomer,100.0,1
CHEBI_211900,CHEBI_227060,CHEBI_211900_CHEBI_227060,diastereomer,diastereomer,100.0,1
CHEBI_222528,CHEBI_218133,CHEBI_218133_CHEBI_222528,diastereomer,diastereomer,78.0,1
CHEBI_87605,CHEBI_87626,CHEBI_87605_CHEBI_87626,diastereomer,diastereomer,100.0,1
CHEBI_205650,CHEBI_226496,CHEBI_205650_CHEBI_226496,diastereomer,diastereomer,100.0,1
CHEBI_178054,CHEBI_178055,CHEBI_178054_CHEBI_178055,diastereomer,diastereomer,100.0,1
CHEBI_100355,CHEBI_95370,CHEBI_100355_CHEBI_95370,diastereomer,diastereomer,100.0,1
CHEBI_130462,CHEBI_130019,CHEBI_130019_CHEBI_130462,diastereomer,diastereomer,100.0,1
CHEBI_147763,CHEBI_151717,CHEBI_147763_CHEBI_151717,diastereomer,diastereomer,100.0,1
CHEBI_98918,CHEBI_99498,CHEBI_98918_CHEBI_99498,diastereomer,diastereomer,100.0,1
CHEBI_194191,CHEBI_194212,CHEBI_194191_CHEBI_194212,diastereomer,diastereomer,100.0,1
CHEBI_202151,CHEBI_204186,CHEBI_202151_CHEBI_204186,diastereomer,diastereomer,76.0,1
CHEBI_118932,CHEBI_118859,CHEBI_118859_CHEBI_118932,diastereomer,diastereomer,100.0,1
CHEBI_190485,CHEBI_190489,CHEBI_190485_CHEBI_190489,diastereomer,diastereomer,100.0,1
CHEBI_215203,CHEBI_206217,CHEBI_206217_CHEBI_215203,diastereomer,diastereomer,100.0,1
CHEBI_174937,CHEBI_186627,CHEBI_174937_CHEBI_186627,diastereomer,diastereomer,76.0,1
CHEBI_220964,CHEBI_220957,CHEBI_220957_CHEBI_220964,diastereomer,diastereomer,100.0,1
CHEBI_119046,CHEBI_119006,CHEBI_119006_CHEBI_119046,diastereomer,diastereomer,100.0,1
CHEBI_49089,CHEBI_28645,CHEBI_28645_CHEBI_49089,diastereomer,diastereomer,100.0,1
CHEBI_127449,CHEBI_126512,CHEBI_126512_CHEBI_127449,diastereomer,diastereomer,100.0,1
CHEBI_127572,CHEBI_129206,CHEBI_127572_CHEBI_129206,diastereomer,diastereomer,100.0,1
CHEBI_221045,CHEBI_221051,CHEBI_221045_CHEBI_221051,diastereomer,diastereomer,87.0,1
CHEBI_202919,CHEBI_222736,CHEBI_202919_CHEBI_222736,diastereomer,diastereomer,100.0,1
CHEBI_209575,CHEBI_209581,CHEBI_209575_CHEBI_209581,diastereomer,diastereomer,100.0,1
CHEBI_222508,CHEBI_222514,CHEBI_222508_CHEBI_222514,diastereomer,diastereomer,100.0,1
CHEBI_39160,CHEBI_39147,CHEBI_39147_CHEBI_39160,diastereomer,diastereomer,100.0,1
CHEBI_50541,CHEBI_50540,CHEBI_50540_CHEBI_50541,diastereomer,diastereomer,100.0,1
CHEBI_118683,CHEBI_118673,CHEBI_118673_CHEBI_118683,diastereomer,diastereomer,100.0,1
CHEBI_79840,CHEBI_79942,CHEBI_79840_CHEBI_79942,diastereomer,diastereomer,100.0,1
CHEBI_205053,CHEBI_220188,CHEBI_205053_CHEBI_220188,diastereomer,diastereomer,100.0,1
CHEBI_88380,CHEBI_89721,CHEBI_88380_CHEBI_89721,diastereomer,diastereomer,84.0,1
CHEBI_227927,CHEBI_223979,CHEBI_223979_CHEBI_227927,diastereomer,diastereomer,100.0,1
CHEBI_186832,CHEBI_185987,CHEBI_185987_CHEBI_186832,diastereomer,diastereomer,100.0,1
CHEBI_69165,CHEBI_69164,CHEBI_69164_CHEBI_69165,diastereomer,diastereomer,100.0,1
CHEBI_106318,CHEBI_106333,CHEBI_106318_CHEBI_106333,diastereomer,diastereomer,100.0,1
CHEBI_63710,CHEBI_63711,CHEBI_63710_CHEBI_63711,diastereomer,diastereomer,100.0,1
CHEBI_118584,CHEBI_118753,CHEBI_118584_CHEBI_118753,diastereomer,diastereomer,100.0,1
CHEBI_90254,CHEBI_90252,CHEBI_90252_CHEBI_90254,diastereomer,diastereomer,100.0,1
CHEBI_102492,CHEBI_101560,CHEBI_101560_CHEBI_102492,diastereomer,diastereomer,100.0,1
CHEBI_84621,CHEBI_84625,CHEBI_84621_CHEBI_84625,diastereomer,diastereomer,100.0,1
CHEBI_227350,CHEBI_217566,CHEBI_217566_CHEBI_227350,diastereomer,diastereomer,100.0,1
CHEBI_67284,CHEBI_67288,CHEBI_67284_CHEBI_67288,diastereomer,diastereomer,100.0,1
CHEBI_130754,CHEBI_127971,CHEBI_127971_CHEBI_130754,diastereomer,diastereomer,100.0,1
CHEBI_4745,CHEBI_8644,CHEBI_4745_CHEBI_8644,diastereomer,diastereomer,100.0,1
CHEBI_211228,CHEBI_207523,CHEBI_207523_CHEBI_211228,diastereomer,diastereomer,100.0,1
CHEBI_76954,CHEBI_76945,CHEBI_76945_CHEBI_76954,diastereomer,diastereomer,100.0,1
CHEBI_100957,CHEBI_100443,CHEBI_100443_CHEBI_100957,diastereomer,diastereomer,100.0,1
CHEBI_8822,CHEBI_9912,CHEBI_8822_CHEBI_9912,diastereomer,diastereomer,88.0,1
CHEBI_207492,CHEBI_207487,CHEBI_207487_CHEBI_207492,diastereomer,diastereomer,77.0,1
CHEBI_200299,CHEBI_198448,CHEBI_198448_CHEBI_200299,diastereomer,diastereomer,100.0,1
CHEBI_98870,CHEBI_102140,CHEBI_102140_CHEBI_98870,diastereomer,diastereomer,100.0,1
CHEBI_179191,CHEBI_171819,CHEBI_171819_CHEBI_179191,diastereomer,diastereomer,78.0,1
CHEBI_102583,CHEBI_97285,CHEBI_102583_CHEBI_97285,diastereomer,diastereomer,100.0,1
CHEBI_174705,CHEBI_174706,CHEBI_174705_CHEBI_174706,diastereomer,diastereomer,76.0,1
CHEBI_70068,CHEBI_70067,CHEBI_70067_CHEBI_70068,diastereomer,diastereomer,100.0,1
CHEBI_67234,CHEBI_67233,CHEBI_67233_CHEBI_67234,enantiomer,diastereomer,100.0,0
CHEBI_98060,CHEBI_131205,CHEBI_131205_CHEBI_98060,diastereomer,diastereomer,100.0,1
CHEBI_20670,CHEBI_20653,CHEBI_20653_CHEBI_20670,diastereomer,diastereomer,100.0,1
CHEBI_167912,CHEBI_167907,CHEBI_167907_CHEBI_167912,diastereomer,diastereomer,100.0,1
CHEBI_61679,CHEBI_62756,CHEBI_61679_CHEBI_62756,diastereomer,diastereomer,100.0,1
CHEBI_16551,CHEBI_39244,CHEBI_16551_CHEBI_39244,diastereomer,diastereomer,100.0,1
CHEBI_117981,CHEBI_118227,CHEBI_117981_CHEBI_118227,diastereomer,diastereomer,100.0,1
CHEBI_222546,CHEBI_222539,CHEBI_222539_CHEBI_222546,diastereomer,diastereomer,100.0,1
CHEBI_63707,CHEBI_138302,CHEBI_138302_CHEBI_63707,diastereomer,diastereomer,100.0,1
CHEBI_214538,CHEBI_216937,CHEBI_214538_CHEBI_216937,diastereomer,diastereomer,100.0,1
CHEBI_211257,CHEBI_209473,CHEBI_209473_CHEBI_211257,diastereomer,diastereomer,75.0,1
CHEBI_88820,CHEBI_88819,CHEBI_88819_CHEBI_88820,diastereomer,diastereomer,84.0,1
CHEBI_129018,CHEBI_129739,CHEBI_129018_CHEBI_129739,diastereomer,diastereomer,100.0,1
CHEBI_188222,CHEBI_166717,CHEBI_166717_CHEBI_188222,diastereomer,diastereomer,100.0,1
CHEBI_68780,CHEBI_68719,CHEBI_68719_CHEBI_68780,diastereomer,diastereomer,100.0,1
CHEBI_191949,CHEBI_15393,CHEBI_15393_CHEBI_191949,diastereomer,diastereomer,100.0,1
CHEBI_17500,CHEBI_42989,CHEBI_17500_CHEBI_42989,diastereomer,diastereomer,100.0,1
CHEBI_196077,CHEBI_196085,CHEBI_196077_CHEBI_196085,diastereomer,diastereomer,78.0,1
CHEBI_211201,CHEBI_212046,CHEBI_211201_CHEBI_212046,diastereomer,diastereomer,100.0,1
CHEBI_98978,CHEBI_102404,CHEBI_102404_CHEBI_98978,diastereomer,diastereomer,100.0,1
CHEBI_111754,CHEBI_111734,CHEBI_111734_CHEBI_111754,diastereomer,diastereomer,100.0,1
CHEBI_129215,CHEBI_130086,CHEBI_129215_CHEBI_130086,diastereomer,diastereomer,100.0,1
CHEBI_233891,CHEBI_233890,CHEBI_233890_CHEBI_233891,diastereomer,diastereomer,100.0,1
CHEBI_141005,CHEBI_136586,CHEBI_136586_CHEBI_141005,diastereomer,diastereomer,100.0,1
CHEBI_99757,CHEBI_99319,CHEBI_99319_CHEBI_99757,diastereomer,diastereomer,100.0,1
CHEBI_109860,CHEBI_110058,CHEBI_109860_CHEBI_110058,diastereomer,diastereomer,100.0,1
CHEBI_197799,CHEBI_218916,CHEBI_197799_CHEBI_218916,diastereomer,diastereomer,100.0,1
CHEBI_64280,CHEBI_87574,CHEBI_64280_CHEBI_87574,diastereomer,diastereomer,79.0,1
CHEBI_220271,CHEBI_220266,CHEBI_220266_CHEBI_220271,diastereomer,diastereomer,100.0,1
CHEBI_129756,CHEBI_130267,CHEBI_129756_CHEBI_130267,diastereomer,diastereomer,100.0,1
CHEBI_117927,CHEBI_118200,CHEBI_117927_CHEBI_118200,diastereomer,diastereomer,100.0,1
CHEBI_99908,CHEBI_99029,CHEBI_99029_CHEBI_99908,diastereomer,diastereomer,100.0,1
CHEBI_110677,CHEBI_110828,CHEBI_110677_CHEBI_110828,diastereomer,diastereomer,100.0,1
CHEBI_122452,CHEBI_118705,CHEBI_118705_CHEBI_122452,diastereomer,diastereomer,100.0,1
CHEBI_119699,CHEBI_119672,CHEBI_119672_CHEBI_119699,diastereomer,diastereomer,100.0,1
CHEBI_99159,CHEBI_98316,CHEBI_98316_CHEBI_99159,diastereomer,diastereomer,100.0,1
CHEBI_69669,CHEBI_69668,CHEBI_69668_CHEBI_69669,diastereomer,diastereomer,100.0,1
CHEBI_165496,CHEBI_179826,CHEBI_165496_CHEBI_179826,diastereomer,diastereomer,85.0,1
CHEBI_69892,CHEBI_69893,CHEBI_69892_CHEBI_69893,diastereomer,diastereomer,100.0,1
CHEBI_188416,CHEBI_190149,CHEBI_188416_CHEBI_190149,diastereomer,diastereomer,100.0,1
CHEBI_17838,CHEBI_33196,CHEBI_17838_CHEBI_33196,diastereomer,diastereomer,100.0,1
CHEBI_123667,CHEBI_122265,CHEBI_122265_CHEBI_123667,diastereomer,diastereomer,100.0,1
CHEBI_142124,CHEBI_27717,CHEBI_142124_CHEBI_27717,diastereomer,diastereomer,100.0,1
CHEBI_220735,CHEBI_207954,CHEBI_207954_CHEBI_220735,diastereomer,diastereomer,100.0,1
CHEBI_127126,CHEBI_129457,CHEBI_127126_CHEBI_129457,diastereomer,diastereomer,100.0,1
CHEBI_100287,CHEBI_102044,CHEBI_100287_CHEBI_102044,diastereomer,diastereomer,100.0,1
CHEBI_195672,CHEBI_165523,CHEBI_165523_CHEBI_195672,diastereomer,diastereomer,81.0,1
CHEBI_204768,CHEBI_204652,CHEBI_204652_CHEBI_204768,diastereomer,diastereomer,100.0,1
CHEBI_70486,CHEBI_70485,CHEBI_70485_CHEBI_70486,diastereomer,diastereomer,100.0,1
CHEBI_119666,CHEBI_119485,CHEBI_119485_CHEBI_119666,diastereomer,diastereomer,100.0,1
CHEBI_225919,CHEBI_225370,CHEBI_225370_CHEBI_225919,diastereomer,diastereomer,100.0,1
CHEBI_95371,CHEBI_95380,CHEBI_95371_CHEBI_95380,diastereomer,diastereomer,100.0,1
CHEBI_202234,CHEBI_198681,CHEBI_198681_CHEBI_202234,diastereomer,diastereomer,100.0,1
CHEBI_109916,CHEBI_110060,CHEBI_109916_CHEBI_110060,diastereomer,diastereomer,100.0,1
CHEBI_130389,CHEBI_126707,CHEBI_126707_CHEBI_130389,diastereomer,diastereomer,100.0,1
CHEBI_128691,CHEBI_127185,CHEBI_127185_CHEBI_128691,diastereomer,diastereomer,100.0,1
CHEBI_66731,CHEBI_66732,CHEBI_66731_CHEBI_66732,diastereomer,diastereomer,100.0,1
CHEBI_223669,CHEBI_223674,CHEBI_223669_CHEBI_223674,diastereomer,diastereomer,100.0,1
CHEBI_153590,CHEBI_154001,CHEBI_153590_CHEBI_154001,diastereomer,diastereomer,100.0,1
CHEBI_195688,CHEBI_172022,CHEBI_172022_CHEBI_195688,diastereomer,diastereomer,85.0,1
CHEBI_101282,CHEBI_102787,CHEBI_101282_CHEBI_102787,diastereomer,diastereomer,100.0,1
CHEBI_118870,CHEBI_119081,CHEBI_118870_CHEBI_119081,diastereomer,diastereomer,100.0,1
CHEBI_224451,CHEBI_212931,CHEBI_212931_CHEBI_224451,diastereomer,diastereomer,100.0,1
CHEBI_192997,CHEBI_192998,CHEBI_192997_CHEBI_192998,diastereomer,diastereomer,76.0,1
CHEBI_213597,CHEBI_213590,CHEBI_213590_CHEBI_213597,diastereomer,diastereomer,100.0,1
CHEBI_128891,CHEBI_128570,CHEBI_128570_CHEBI_128891,diastereomer,diastereomer,100.0,1
CHEBI_195715,CHEBI_195716,CHEBI_195715_CHEBI_195716,diastereomer,diastereomer,84.0,1
CHEBI_97443,CHEBI_101957,CHEBI_101957_CHEBI_97443,diastereomer,diastereomer,100.0,1
CHEBI_170127,CHEBI_193218,CHEBI_170127_CHEBI_193218,diastereomer,diastereomer,75.0,1
CHEBI_216722,CHEBI_216727,CHEBI_216722_CHEBI_216727,diastereomer,diastereomer,100.0,1
CHEBI_131077,CHEBI_127388,CHEBI_127388_CHEBI_131077,diastereomer,diastereomer,100.0,1
CHEBI_221211,CHEBI_212087,CHEBI_212087_CHEBI_221211,diastereomer,diastereomer,100.0,1
CHEBI_226746,CHEBI_207146,CHEBI_207146_CHEBI_226746,diastereomer,diastereomer,100.0,1
CHEBI_99767,CHEBI_99566,CHEBI_99566_CHEBI_99767,diastereomer,diastereomer,100.0,1
CHEBI_118340,CHEBI_124250,CHEBI_118340_CHEBI_124250,diastereomer,diastereomer,100.0,1
CHEBI_218699,CHEBI_218690,CHEBI_218690_CHEBI_218699,diastereomer,diastereomer,100.0,1
CHEBI_117990,CHEBI_117914,CHEBI_117914_CHEBI_117990,diastereomer,diastereomer,100.0,1
CHEBI_118277,CHEBI_118294,CHEBI_118277_CHEBI_118294,diastereomer,diastereomer,100.0,1
CHEBI_207369,CHEBI_223357,CHEBI_207369_CHEBI_223357,diastereomer,diastereomer,80.0,1
CHEBI_118831,CHEBI_118733,CHEBI_118733_CHEBI_118831,diastereomer,diastereomer,100.0,1
CHEBI_203905,CHEBI_197995,CHEBI_197995_CHEBI_203905,diastereomer,diastereomer,100.0,1
CHEBI_119532,CHEBI_119759,CHEBI_119532_CHEBI_119759,diastereomer,diastereomer,100.0,1
CHEBI_118712,CHEBI_118767,CHEBI_118712_CHEBI_118767,diastereomer,diastereomer,100.0,1
CHEBI_102918,CHEBI_97388,CHEBI_102918_CHEBI_97388,diastereomer,diastereomer,100.0,1
CHEBI_217755,CHEBI_217762,CHEBI_217755_CHEBI_217762,diastereomer,diastereomer,100.0,1
CHEBI_124066,CHEBI_104683,CHEBI_104683_CHEBI_124066,diastereomer,diastereomer,100.0,1
CHEBI_102119,CHEBI_97208,CHEBI_102119_CHEBI_97208,diastereomer,diastereomer,100.0,1
CHEBI_208099,CHEBI_208104,CHEBI_208099_CHEBI_208104,diastereomer,diastereomer,100.0,1
CHEBI_118000,CHEBI_118181,CHEBI_118000_CHEBI_118181,diastereomer,diastereomer,100.0,1
CHEBI_210197,CHEBI_210191,CHEBI_210191_CHEBI_210197,diastereomer,diastereomer,100.0,1
CHEBI_127639,CHEBI_124945,CHEBI_124945_CHEBI_127639,diastereomer,diastereomer,100.0,1
CHEBI_218498,CHEBI_207087,CHEBI_207087_CHEBI_218498,diastereomer,diastereomer,100.0,1
CHEBI_203504,CHEBI_209408,CHEBI_203504_CHEBI_209408,diastereomer,diastereomer,100.0,1
CHEBI_65602,CHEBI_65601,CHEBI_65601_CHEBI_65602,diastereomer,diastereomer,100.0,1
CHEBI_212158,CHEBI_210376,CHEBI_210376_CHEBI_212158,diastereomer,diastereomer,100.0,1
CHEBI_204024,CHEBI_219842,CHEBI_204024_CHEBI_219842,diastereomer,diastereomer,100.0,1
CHEBI_97733,CHEBI_99595,CHEBI_97733_CHEBI_99595,diastereomer,diastereomer,100.0,1
CHEBI_94858,CHEBI_94911,CHEBI_94858_CHEBI_94911,diastereomer,diastereomer,100.0,1
CHEBI_212202,CHEBI_212195,CHEBI_212195_CHEBI_212202,diastereomer,diastereomer,79.0,1
CHEBI_28748,CHEBI_47898,CHEBI_28748_CHEBI_47898,diastereomer,diastereomer,100.0,1
CHEBI_203217,CHEBI_220703,CHEBI_203217_CHEBI_220703,diastereomer,diastereomer,100.0,1
CHEBI_186682,CHEBI_187018,CHEBI_186682_CHEBI_187018,diastereomer,diastereomer,100.0,1
CHEBI_100940,CHEBI_101761,CHEBI_100940_CHEBI_101761,diastereomer,diastereomer,100.0,1
CHEBI_186051,CHEBI_229819,CHEBI_186051_CHEBI_229819,diastereomer,diastereomer,100.0,1
CHEBI_198008,CHEBI_222639,CHEBI_198008_CHEBI_222639,diastereomer,diastereomer,100.0,1
CHEBI_95464,CHEBI_98820,CHEBI_95464_CHEBI_98820,diastereomer,diastereomer,100.0,1
CHEBI_223210,CHEBI_223205,CHEBI_223205_CHEBI_223210,diastereomer,diastereomer,100.0,1
CHEBI_78400,CHEBI_78399,CHEBI_78399_CHEBI_78400,diastereomer,diastereomer,78.0,1
CHEBI_178598,CHEBI_178599,CHEBI_178598_CHEBI_178599,diastereomer,diastereomer,100.0,1
CHEBI_130313,CHEBI_129381,CHEBI_129381_CHEBI_130313,diastereomer,diastereomer,100.0,1
CHEBI_136591,CHEBI_57561,CHEBI_136591_CHEBI_57561,diastereomer,diastereomer,100.0,1
CHEBI_178629,CHEBI_178627,CHEBI_178627_CHEBI_178629,diastereomer,diastereomer,100.0,1
CHEBI_99109,CHEBI_102033,CHEBI_102033_CHEBI_99109,diastereomer,diastereomer,100.0,1
CHEBI_100633,CHEBI_98576,CHEBI_100633_CHEBI_98576,diastereomer,diastereomer,100.0,1
CHEBI_180233,CHEBI_180228,CHEBI_180228_CHEBI_180233,diastereomer,diastereomer,100.0,1
CHEBI_214986,CHEBI_209941,CHEBI_209941_CHEBI_214986,diastereomer,diastereomer,100.0,1
CHEBI_195800,CHEBI_195799,CHEBI_195799_CHEBI_195800,diastereomer,diastereomer,100.0,1
CHEBI_81378,CHEBI_142043,CHEBI_142043_CHEBI_81378,diastereomer,diastereomer,100.0,1
CHEBI_218130,CHEBI_203742,CHEBI_203742_CHEBI_218130,diastereomer,diastereomer,100.0,1
CHEBI_118473,CHEBI_118391,CHEBI_118391_CHEBI_118473,diastereomer,diastereomer,100.0,1
CHEBI_32806,CHEBI_32805,CHEBI_32805_CHEBI_32806,diastereomer,diastereomer,79.0,1
CHEBI_205762,CHEBI_205768,CHEBI_205762_CHEBI_205768,diastereomer,diastereomer,100.0,1
CHEBI_207789,CHEBI_207795,CHEBI_207789_CHEBI_207795,diastereomer,diastereomer,77.0,1
CHEBI_218333,CHEBI_201103,CHEBI_201103_CHEBI_218333,diastereomer,diastereomer,93.0,1
CHEBI_214933,CHEBI_214927,CHEBI_214927_CHEBI_214933,diastereomer,diastereomer,100.0,1
CHEBI_95457,CHEBI_101359,CHEBI_101359_CHEBI_95457,diastereomer,diastereomer,100.0,1
CHEBI_185976,CHEBI_169744,CHEBI_169744_CHEBI_185976,diastereomer,diastereomer,75.0,1
CHEBI_119027,CHEBI_118938,CHEBI_118938_CHEBI_119027,diastereomer,diastereomer,100.0,1
CHEBI_229343,CHEBI_229292,CHEBI_229292_CHEBI_229343,diastereomer,diastereomer,85.0,1
CHEBI_202500,CHEBI_217696,CHEBI_202500_CHEBI_217696,diastereomer,diastereomer,100.0,1
CHEBI_178703,CHEBI_173216,CHEBI_173216_CHEBI_178703,diastereomer,diastereomer,100.0,1
CHEBI_227592,CHEBI_227599,CHEBI_227592_CHEBI_227599,diastereomer,diastereomer,84.0,1
CHEBI_100938,CHEBI_102990,CHEBI_100938_CHEBI_102990,diastereomer,diastereomer,100.0,1
CHEBI_138949,CHEBI_138947,CHEBI_138947_CHEBI_138949,diastereomer,diastereomer,100.0,1
CHEBI_207424,CHEBI_207418,CHEBI_207418_CHEBI_207424,diastereomer,diastereomer,100.0,1
CHEBI_31024,CHEBI_31023,CHEBI_31023_CHEBI_31024,diastereomer,diastereomer,100.0,1
CHEBI_212297,CHEBI_212291,CHEBI_212291_CHEBI_212297,diastereomer,diastereomer,84.0,1
CHEBI_194352,CHEBI_194351,CHEBI_194351_CHEBI_194352,enantiomer,diastereomer,100.0,0
CHEBI_102028,CHEBI_102496,CHEBI_102028_CHEBI_102496,diastereomer,diastereomer,100.0,1
CHEBI_223784,CHEBI_212653,CHEBI_212653_CHEBI_223784,diastereomer,diastereomer,100.0,1
CHEBI_226120,CHEBI_226114,CHEBI_226114_CHEBI_226120,diastereomer,diastereomer,100.0,1
CHEBI_212163,CHEBI_213133,CHEBI_212163_CHEBI_213133,diastereomer,diastereomer,86.0,1
CHEBI_130031,CHEBI_125796,CHEBI_125796_CHEBI_130031,diastereomer,diastereomer,100.0,1
CHEBI_97334,CHEBI_98705,CHEBI_97334_CHEBI_98705,diastereomer,diastereomer,100.0,1
CHEBI_99703,CHEBI_101474,CHEBI_101474_CHEBI_99703,diastereomer,diastereomer,100.0,1
CHEBI_232288,CHEBI_76864,CHEBI_232288_CHEBI_76864,enantiomer,diastereomer,88.0,0
CHEBI_58399,CHEBI_58408,CHEBI_58399_CHEBI_58408,diastereomer,diastereomer,100.0,1
CHEBI_216748,CHEBI_216743,CHEBI_216743_CHEBI_216748,diastereomer,diastereomer,100.0,1
CHEBI_212003,CHEBI_211996,CHEBI_211996_CHEBI_212003,diastereomer,diastereomer,77.0,1
CHEBI_113972,CHEBI_114160,CHEBI_113972_CHEBI_114160,diastereomer,diastereomer,100.0,1
CHEBI_229515,CHEBI_180961,CHEBI_180961_CHEBI_229515,diastereomer,diastereomer,88.0,1
CHEBI_111796,CHEBI_113653,CHEBI_111796_CHEBI_113653,diastereomer,diastereomer,100.0,1
CHEBI_204460,CHEBI_208100,CHEBI_204460_CHEBI_208100,diastereomer,diastereomer,100.0,1
CHEBI_219278,CHEBI_219291,CHEBI_219278_CHEBI_219291,diastereomer,diastereomer,100.0,1
CHEBI_220711,CHEBI_220704,CHEBI_220704_CHEBI_220711,diastereomer,diastereomer,100.0,1
CHEBI_216135,CHEBI_216128,CHEBI_216128_CHEBI_216135,diastereomer,diastereomer,100.0,1
CHEBI_196168,CHEBI_196169,CHEBI_196168_CHEBI_196169,diastereomer,diastereomer,79.0,1
CHEBI_217622,CHEBI_216499,CHEBI_216499_CHEBI_217622,diastereomer,diastereomer,100.0,1
CHEBI_27550,CHEBI_27861,CHEBI_27550_CHEBI_27861,diastereomer,diastereomer,100.0,1
CHEBI_120155,CHEBI_120167,CHEBI_120155_CHEBI_120167,diastereomer,diastereomer,100.0,1
CHEBI_222582,CHEBI_219182,CHEBI_219182_CHEBI_222582,diastereomer,diastereomer,100.0,1
CHEBI_223253,CHEBI_223246,CHEBI_223246_CHEBI_223253,diastereomer,diastereomer,100.0,1
CHEBI_123500,CHEBI_123545,CHEBI_123500_CHEBI_123545,diastereomer,diastereomer,100.0,1
CHEBI_214541,CHEBI_227307,CHEBI_214541_CHEBI_227307,diastereomer,diastereomer,100.0,1
CHEBI_200036,CHEBI_212479,CHEBI_200036_CHEBI_212479,diastereomer,diastereomer,100.0,1
CHEBI_123566,CHEBI_123504,CHEBI_123504_CHEBI_123566,diastereomer,diastereomer,100.0,1
CHEBI_153729,CHEBI_152976,CHEBI_152976_CHEBI_153729,diastereomer,diastereomer,100.0,1
CHEBI_111740,CHEBI_113677,CHEBI_111740_CHEBI_113677,diastereomer,diastereomer,100.0,1
CHEBI_212276,CHEBI_206080,CHEBI_206080_CHEBI_212276,diastereomer,diastereomer,100.0,1
CHEBI_127035,CHEBI_129711,CHEBI_127035_CHEBI_129711,diastereomer,diastereomer,100.0,1
CHEBI_214871,CHEBI_214864,CHEBI_214864_CHEBI_214871,diastereomer,diastereomer,100.0,1
CHEBI_127217,CHEBI_128885,CHEBI_127217_CHEBI_128885,diastereomer,diastereomer,100.0,1
CHEBI_202085,CHEBI_218061,CHEBI_202085_CHEBI_218061,diastereomer,diastereomer,100.0,1
CHEBI_207527,CHEBI_207521,CHEBI_207521_CHEBI_207527,diastereomer,diastereomer,100.0,1
CHEBI_122921,CHEBI_103773,CHEBI_103773_CHEBI_122921,diastereomer,diastereomer,100.0,1
CHEBI_220860,CHEBI_211635,CHEBI_211635_CHEBI_220860,diastereomer,diastereomer,100.0,1
CHEBI_117490,CHEBI_117588,CHEBI_117490_CHEBI_117588,diastereomer,diastereomer,100.0,1
CHEBI_6498,CHEBI_72789,CHEBI_6498_CHEBI_72789,diastereomer,diastereomer,100.0,1
CHEBI_65845,CHEBI_65844,CHEBI_65844_CHEBI_65845,diastereomer,diastereomer,100.0,1
CHEBI_69047,CHEBI_67710,CHEBI_67710_CHEBI_69047,diastereomer,diastereomer,100.0,1
CHEBI_208264,CHEBI_201854,CHEBI_201854_CHEBI_208264,diastereomer,diastereomer,100.0,1
CHEBI_146919,CHEBI_149114,CHEBI_146919_CHEBI_149114,diastereomer,diastereomer,100.0,1
CHEBI_69389,CHEBI_69390,CHEBI_69389_CHEBI_69390,diastereomer,diastereomer,100.0,1
CHEBI_97894,CHEBI_98059,CHEBI_97894_CHEBI_98059,diastereomer,diastereomer,100.0,1
CHEBI_210285,CHEBI_210279,CHEBI_210279_CHEBI_210285,diastereomer,diastereomer,100.0,1
CHEBI_126105,CHEBI_130168,CHEBI_126105_CHEBI_130168,diastereomer,diastereomer,100.0,1
CHEBI_205823,CHEBI_205828,CHEBI_205823_CHEBI_205828,diastereomer,diastereomer,100.0,1
CHEBI_221416,CHEBI_221510,CHEBI_221416_CHEBI_221510,diastereomer,diastereomer,100.0,1
CHEBI_219789,CHEBI_203378,CHEBI_203378_CHEBI_219789,diastereomer,diastereomer,100.0,1
CHEBI_193228,CHEBI_193301,CHEBI_193228_CHEBI_193301,diastereomer,diastereomer,100.0,1
CHEBI_154404,CHEBI_156500,CHEBI_154404_CHEBI_156500,diastereomer,diastereomer,100.0,1
CHEBI_126624,CHEBI_126207,CHEBI_126207_CHEBI_126624,diastereomer,diastereomer,100.0,1
CHEBI_226278,CHEBI_226285,CHEBI_226278_CHEBI_226285,diastereomer,diastereomer,100.0,1
CHEBI_111557,CHEBI_108815,CHEBI_108815_CHEBI_111557,diastereomer,diastereomer,100.0,1
CHEBI_95637,CHEBI_96131,CHEBI_95637_CHEBI_96131,diastereomer,diastereomer,100.0,1
CHEBI_97742,CHEBI_98879,CHEBI_97742_CHEBI_98879,diastereomer,diastereomer,100.0,1
CHEBI_197572,CHEBI_207576,CHEBI_197572_CHEBI_207576,diastereomer,diastereomer,100.0,1
CHEBI_203310,CHEBI_206115,CHEBI_203310_CHEBI_206115,diastereomer,diastereomer,100.0,1
CHEBI_127197,CHEBI_126720,CHEBI_126720_CHEBI_127197,diastereomer,diastereomer,100.0,1
CHEBI_130340,CHEBI_125770,CHEBI_125770_CHEBI_130340,diastereomer,diastereomer,100.0,1
CHEBI_96360,CHEBI_95600,CHEBI_95600_CHEBI_96360,diastereomer,diastereomer,100.0,1
CHEBI_118977,CHEBI_118883,CHEBI_118883_CHEBI_118977,diastereomer,diastereomer,100.0,1
CHEBI_142878,CHEBI_142875,CHEBI_142875_CHEBI_142878,diastereomer,diastereomer,100.0,1
CHEBI_221744,CHEBI_205534,CHEBI_205534_CHEBI_221744,diastereomer,diastereomer,100.0,1
CHEBI_126160,CHEBI_130421,CHEBI_126160_CHEBI_130421,diastereomer,diastereomer,100.0,1
CHEBI_67406,CHEBI_67407,CHEBI_67406_CHEBI_67407,diastereomer,diastereomer,100.0,1
CHEBI_3299,CHEBI_3329,CHEBI_3299_CHEBI_3329,diastereomer,diastereomer,100.0,1
CHEBI_128380,CHEBI_125899,CHEBI_125899_CHEBI_128380,diastereomer,diastereomer,100.0,1
CHEBI_209593,CHEBI_209612,CHEBI_209593_CHEBI_209612,diastereomer,diastereomer,100.0,1
CHEBI_147570,CHEBI_148774,CHEBI_147570_CHEBI_148774,diastereomer,diastereomer,100.0,1
CHEBI_97025,CHEBI_112629,CHEBI_112629_CHEBI_97025,diastereomer,diastereomer,100.0,1
CHEBI_228114,CHEBI_228108,CHEBI_228108_CHEBI_228114,diastereomer,diastereomer,100.0,1
CHEBI_99879,CHEBI_101875,CHEBI_101875_CHEBI_99879,diastereomer,diastereomer,100.0,1
CHEBI_80707,CHEBI_80708,CHEBI_80707_CHEBI_80708,diastereomer,diastereomer,79.0,1
CHEBI_124188,CHEBI_124207,CHEBI_124188_CHEBI_124207,diastereomer,diastereomer,100.0,1
CHEBI_85162,CHEBI_20805,CHEBI_20805_CHEBI_85162,diastereomer,diastereomer,100.0,1
CHEBI_99843,CHEBI_99176,CHEBI_99176_CHEBI_99843,diastereomer,diastereomer,100.0,1
CHEBI_119140,CHEBI_118923,CHEBI_118923_CHEBI_119140,diastereomer,diastereomer,100.0,1
CHEBI_225633,CHEBI_203202,CHEBI_203202_CHEBI_225633,diastereomer,diastereomer,100.0,1
CHEBI_96238,CHEBI_95863,CHEBI_95863_CHEBI_96238,diastereomer,diastereomer,100.0,1
CHEBI_118503,CHEBI_118353,CHEBI_118353_CHEBI_118503,diastereomer,diastereomer,100.0,1
CHEBI_142075,CHEBI_141897,CHEBI_141897_CHEBI_142075,diastereomer,diastereomer,100.0,1
CHEBI_198257,CHEBI_203912,CHEBI_198257_CHEBI_203912,diastereomer,diastereomer,100.0,1
CHEBI_4394,CHEBI_4397,CHEBI_4394_CHEBI_4397,diastereomer,diastereomer,100.0,1
CHEBI_118700,CHEBI_118836,CHEBI_118700_CHEBI_118836,diastereomer,diastereomer,100.0,1
CHEBI_224003,CHEBI_214899,CHEBI_214899_CHEBI_224003,diastereomer,diastereomer,100.0,1
CHEBI_130555,CHEBI_126594,CHEBI_126594_CHEBI_130555,diastereomer,diastereomer,100.0,1
CHEBI_76952,CHEBI_76943,CHEBI_76943_CHEBI_76952,diastereomer,diastereomer,100.0,1
CHEBI_103214,CHEBI_97637,CHEBI_103214_CHEBI_97637,diastereomer,diastereomer,100.0,1
CHEBI_225972,CHEBI_225977,CHEBI_225972_CHEBI_225977,diastereomer,diastereomer,100.0,1
CHEBI_210188,CHEBI_213732,CHEBI_210188_CHEBI_213732,diastereomer,diastereomer,100.0,1
CHEBI_101733,CHEBI_97586,CHEBI_101733_CHEBI_97586,diastereomer,diastereomer,100.0,1
CHEBI_202233,CHEBI_199621,CHEBI_199621_CHEBI_202233,diastereomer,diastereomer,100.0,1
CHEBI_128732,CHEBI_126345,CHEBI_126345_CHEBI_128732,diastereomer,diastereomer,100.0,1
CHEBI_128939,CHEBI_128603,CHEBI_128603_CHEBI_128939,diastereomer,diastereomer,100.0,1
CHEBI_131017,CHEBI_130588,CHEBI_130588_CHEBI_131017,diastereomer,diastereomer,100.0,1
CHEBI_3472,CHEBI_802,CHEBI_3472_CHEBI_802,diastereomer,diastereomer,100.0,1
CHEBI_21397,CHEBI_21100,CHEBI_21100_CHEBI_21397,enantiomer,diastereomer,100.0,0
CHEBI_156705,CHEBI_155241,CHEBI_155241_CHEBI_156705,diastereomer,diastereomer,100.0,1
CHEBI_136754,CHEBI_136746,CHEBI_136746_CHEBI_136754,diastereomer,diastereomer,100.0,1
CHEBI_126501,CHEBI_130671,CHEBI_126501_CHEBI_130671,diastereomer,diastereomer,100.0,1
CHEBI_127859,CHEBI_130480,CHEBI_127859_CHEBI_130480,diastereomer,diastereomer,100.0,1
CHEBI_83427,CHEBI_83426,CHEBI_83426_CHEBI_83427,diastereomer,diastereomer,80.0,1
CHEBI_218969,CHEBI_227174,CHEBI_218969_CHEBI_227174,diastereomer,diastereomer,100.0,1
CHEBI_212185,CHEBI_212190,CHEBI_212185_CHEBI_212190,diastereomer,diastereomer,100.0,1
CHEBI_79665,CHEBI_79412,CHEBI_79412_CHEBI_79665,diastereomer,diastereomer,100.0,1
CHEBI_222064,CHEBI_218448,CHEBI_218448_CHEBI_222064,diastereomer,diastereomer,84.0,1
CHEBI_225743,CHEBI_225740,CHEBI_225740_CHEBI_225743,diastereomer,diastereomer,100.0,1
CHEBI_18809,CHEBI_18624,CHEBI_18624_CHEBI_18809,diastereomer,diastereomer,84.0,1
CHEBI_227648,CHEBI_227652,CHEBI_227648_CHEBI_227652,diastereomer,diastereomer,100.0,1
CHEBI_128797,CHEBI_127018,CHEBI_127018_CHEBI_128797,diastereomer,diastereomer,100.0,1
CHEBI_126111,CHEBI_126093,CHEBI_126093_CHEBI_126111,diastereomer,diastereomer,100.0,1
CHEBI_213246,CHEBI_213218,CHEBI_213218_CHEBI_213246,diastereomer,diastereomer,100.0,1
CHEBI_77157,CHEBI_77490,CHEBI_77157_CHEBI_77490,diastereomer,diastereomer,100.0,1
CHEBI_106726,CHEBI_102786,CHEBI_102786_CHEBI_106726,diastereomer,diastereomer,100.0,1
CHEBI_118223,CHEBI_118059,CHEBI_118059_CHEBI_118223,diastereomer,diastereomer,100.0,1
CHEBI_209804,CHEBI_201170,CHEBI_201170_CHEBI_209804,diastereomer,diastereomer,100.0,1
CHEBI_196046,CHEBI_196037,CHEBI_196037_CHEBI_196046,diastereomer,diastereomer,83.0,1
CHEBI_211621,CHEBI_211614,CHEBI_211614_CHEBI_211621,diastereomer,diastereomer,100.0,1
CHEBI_129706,CHEBI_126806,CHEBI_126806_CHEBI_129706,diastereomer,diastereomer,100.0,1
CHEBI_218298,CHEBI_218304,CHEBI_218298_CHEBI_218304,diastereomer,diastereomer,100.0,1
CHEBI_32423,CHEBI_32420,CHEBI_32420_CHEBI_32423,diastereomer,diastereomer,76.0,1
CHEBI_110241,CHEBI_110330,CHEBI_110241_CHEBI_110330,diastereomer,diastereomer,100.0,1
CHEBI_140280,CHEBI_16874,CHEBI_140280_CHEBI_16874,diastereomer,diastereomer,100.0,1
CHEBI_129069,CHEBI_129114,CHEBI_129069_CHEBI_129114,diastereomer,diastereomer,100.0,1
CHEBI_223414,CHEBI_203448,CHEBI_203448_CHEBI_223414,diastereomer,diastereomer,92.0,1
CHEBI_101678,CHEBI_99740,CHEBI_101678_CHEBI_99740,diastereomer,diastereomer,100.0,1
CHEBI_205808,CHEBI_214007,CHEBI_205808_CHEBI_214007,diastereomer,diastereomer,100.0,1
CHEBI_120251,CHEBI_120333,CHEBI_120251_CHEBI_120333,diastereomer,diastereomer,100.0,1
CHEBI_126932,CHEBI_126843,CHEBI_126843_CHEBI_126932,diastereomer,diastereomer,100.0,1
CHEBI_130790,CHEBI_129097,CHEBI_129097_CHEBI_130790,diastereomer,diastereomer,100.0,1
CHEBI_118964,CHEBI_119071,CHEBI_118964_CHEBI_119071,diastereomer,diastereomer,100.0,1
CHEBI_206479,CHEBI_206471,CHEBI_206471_CHEBI_206479,diastereomer,diastereomer,100.0,1
CHEBI_48336,CHEBI_48344,CHEBI_48336_CHEBI_48344,diastereomer,diastereomer,100.0,1
CHEBI_215148,CHEBI_227445,CHEBI_215148_CHEBI_227445,diastereomer,diastereomer,100.0,1
CHEBI_97616,CHEBI_123137,CHEBI_123137_CHEBI_97616,diastereomer,diastereomer,100.0,1
CHEBI_193000,CHEBI_193001,CHEBI_193000_CHEBI_193001,diastereomer,diastereomer,100.0,1
CHEBI_55507,CHEBI_320061,CHEBI_320061_CHEBI_55507,diastereomer,diastereomer,100.0,1
CHEBI_210771,CHEBI_210775,CHEBI_210771_CHEBI_210775,diastereomer,diastereomer,100.0,1
CHEBI_101897,CHEBI_98322,CHEBI_101897_CHEBI_98322,diastereomer,diastereomer,100.0,1
CHEBI_76237,CHEBI_75950,CHEBI_75950_CHEBI_76237,diastereomer,diastereomer,100.0,1
CHEBI_219171,CHEBI_219177,CHEBI_219171_CHEBI_219177,diastereomer,diastereomer,100.0,1
CHEBI_101551,CHEBI_98621,CHEBI_101551_CHEBI_98621,diastereomer,diastereomer,100.0,1
CHEBI_114824,CHEBI_103718,CHEBI_103718_CHEBI_114824,diastereomer,diastereomer,100.0,1
CHEBI_70515,CHEBI_70509,CHEBI_70509_CHEBI_70515,diastereomer,diastereomer,100.0,1
CHEBI_134628,CHEBI_134629,CHEBI_134628_CHEBI_134629,diastereomer,diastereomer,84.0,1
CHEBI_213638,CHEBI_213891,CHEBI_213638_CHEBI_213891,diastereomer,diastereomer,100.0,1
CHEBI_99728,CHEBI_98856,CHEBI_98856_CHEBI_99728,diastereomer,diastereomer,100.0,1
CHEBI_100693,CHEBI_98207,CHEBI_100693_CHEBI_98207,diastereomer,diastereomer,100.0,1
CHEBI_209250,CHEBI_207512,CHEBI_207512_CHEBI_209250,diastereomer,diastereomer,100.0,1
CHEBI_99772,CHEBI_98663,CHEBI_98663_CHEBI_99772,diastereomer,diastereomer,100.0,1
CHEBI_225406,CHEBI_214327,CHEBI_214327_CHEBI_225406,diastereomer,diastereomer,100.0,1
CHEBI_15669,CHEBI_35700,CHEBI_15669_CHEBI_35700,diastereomer,diastereomer,78.0,1
CHEBI_95854,CHEBI_96329,CHEBI_95854_CHEBI_96329,diastereomer,diastereomer,100.0,1
CHEBI_9112,CHEBI_34975,CHEBI_34975_CHEBI_9112,diastereomer,diastereomer,100.0,1
CHEBI_67522,CHEBI_67523,CHEBI_67522_CHEBI_67523,diastereomer,diastereomer,100.0,1
CHEBI_81039,CHEBI_81060,CHEBI_81039_CHEBI_81060,diastereomer,diastereomer,100.0,1
CHEBI_118697,CHEBI_118828,CHEBI_118697_CHEBI_118828,diastereomer,diastereomer,100.0,1
CHEBI_99752,CHEBI_102886,CHEBI_102886_CHEBI_99752,diastereomer,diastereomer,100.0,1
CHEBI_169402,CHEBI_186427,CHEBI_169402_CHEBI_186427,diastereomer,diastereomer,100.0,1
CHEBI_212074,CHEBI_212068,CHEBI_212068_CHEBI_212074,diastereomer,diastereomer,100.0,1
CHEBI_67645,CHEBI_67646,CHEBI_67645_CHEBI_67646,diastereomer,diastereomer,100.0,1
CHEBI_87625,CHEBI_87770,CHEBI_87625_CHEBI_87770,diastereomer,diastereomer,100.0,1
CHEBI_217899,CHEBI_213393,CHEBI_213393_CHEBI_217899,diastereomer,diastereomer,100.0,1
CHEBI_91116,CHEBI_91115,CHEBI_91115_CHEBI_91116,diastereomer,diastereomer,100.0,1
CHEBI_136105,CHEBI_136106,CHEBI_136105_CHEBI_136106,diastereomer,diastereomer,100.0,1
CHEBI_128689,CHEBI_127420,CHEBI_127420_CHEBI_128689,diastereomer,diastereomer,100.0,1
CHEBI_186173,CHEBI_186309,CHEBI_186173_CHEBI_186309,diastereomer,diastereomer,100.0,1
CHEBI_165401,CHEBI_180096,CHEBI_165401_CHEBI_180096,diastereomer,diastereomer,84.0,1
CHEBI_70073,CHEBI_70074,CHEBI_70073_CHEBI_70074,diastereomer,diastereomer,100.0,1
CHEBI_229701,CHEBI_57906,CHEBI_229701_CHEBI_57906,enantiomer,diastereomer,100.0,0
CHEBI_220295,CHEBI_198733,CHEBI_198733_CHEBI_220295,diastereomer,diastereomer,100.0,1
CHEBI_168395,CHEBI_191483,CHEBI_168395_CHEBI_191483,diastereomer,diastereomer,100.0,1
CHEBI_66012,CHEBI_229729,CHEBI_229729_CHEBI_66012,diastereomer,diastereomer,100.0,1
CHEBI_37695,CHEBI_37675,CHEBI_37675_CHEBI_37695,diastereomer,diastereomer,100.0,1
CHEBI_173068,CHEBI_173069,CHEBI_173068_CHEBI_173069,diastereomer,diastereomer,76.0,1
CHEBI_209704,CHEBI_209697,CHEBI_209697_CHEBI_209704,diastereomer,diastereomer,100.0,1
CHEBI_189405,CHEBI_189407,CHEBI_189405_CHEBI_189407,diastereomer,diastereomer,81.0,1
CHEBI_64021,CHEBI_64020,CHEBI_64020_CHEBI_64021,enantiomer,diastereomer,100.0,0
CHEBI_172127,CHEBI_172125,CHEBI_172125_CHEBI_172127,diastereomer,diastereomer,100.0,1
CHEBI_224804,CHEBI_224800,CHEBI_224800_CHEBI_224804,diastereomer,diastereomer,85.0,1
CHEBI_224083,CHEBI_224079,CHEBI_224079_CHEBI_224083,diastereomer,diastereomer,78.0,1
CHEBI_99665,CHEBI_99894,CHEBI_99665_CHEBI_99894,diastereomer,diastereomer,100.0,1
CHEBI_227836,CHEBI_227847,CHEBI_227836_CHEBI_227847,diastereomer,diastereomer,100.0,1
CHEBI_118293,CHEBI_118354,CHEBI_118293_CHEBI_118354,diastereomer,diastereomer,100.0,1
CHEBI_39164,CHEBI_39165,CHEBI_39164_CHEBI_39165,diastereomer,diastereomer,80.0,1
CHEBI_156161,CHEBI_186603,CHEBI_156161_CHEBI_186603,diastereomer,diastereomer,100.0,1
CHEBI_68913,CHEBI_68912,CHEBI_68912_CHEBI_68913,diastereomer,diastereomer,100.0,1
CHEBI_75232,CHEBI_75233,CHEBI_75232_CHEBI_75233,diastereomer,diastereomer,100.0,1
CHEBI_97624,CHEBI_99522,CHEBI_97624_CHEBI_99522,diastereomer,diastereomer,100.0,1
CHEBI_63642,CHEBI_140188,CHEBI_140188_CHEBI_63642,diastereomer,diastereomer,100.0,1
CHEBI_35711,CHEBI_72618,CHEBI_35711_CHEBI_72618,diastereomer,diastereomer,100.0,1
CHEBI_79413,CHEBI_79687,CHEBI_79413_CHEBI_79687,diastereomer,diastereomer,100.0,1
CHEBI_215300,CHEBI_200273,CHEBI_200273_CHEBI_215300,diastereomer,diastereomer,100.0,1
CHEBI_125892,CHEBI_127452,CHEBI_125892_CHEBI_127452,diastereomer,diastereomer,100.0,1
CHEBI_207324,CHEBI_207318,CHEBI_207318_CHEBI_207324,diastereomer,diastereomer,100.0,1
CHEBI_124359,CHEBI_124723,CHEBI_124359_CHEBI_124723,diastereomer,diastereomer,100.0,1
CHEBI_126680,CHEBI_130708,CHEBI_126680_CHEBI_130708,diastereomer,diastereomer,100.0,1
CHEBI_130814,CHEBI_130079,CHEBI_130079_CHEBI_130814,diastereomer,diastereomer,100.0,1
CHEBI_103222,CHEBI_97339,CHEBI_103222_CHEBI_97339,diastereomer,diastereomer,100.0,1
CHEBI_32414,CHEBI_32416,CHEBI_32414_CHEBI_32416,diastereomer,diastereomer,77.0,1
CHEBI_17924,CHEBI_28789,CHEBI_17924_CHEBI_28789,enantiomer,diastereomer,100.0,0
CHEBI_2411,CHEBI_15352,CHEBI_15352_CHEBI_2411,diastereomer,diastereomer,100.0,1
CHEBI_221559,CHEBI_210631,CHEBI_210631_CHEBI_221559,diastereomer,diastereomer,76.0,1
CHEBI_224645,CHEBI_224682,CHEBI_224645_CHEBI_224682,diastereomer,diastereomer,77.0,1
CHEBI_117385,CHEBI_117483,CHEBI_117385_CHEBI_117483,diastereomer,diastereomer,100.0,1
CHEBI_79883,CHEBI_79939,CHEBI_79883_CHEBI_79939,diastereomer,diastereomer,100.0,1
CHEBI_79789,CHEBI_79414,CHEBI_79414_CHEBI_79789,diastereomer,diastereomer,100.0,1
CHEBI_126457,CHEBI_129017,CHEBI_126457_CHEBI_129017,diastereomer,diastereomer,100.0,1
CHEBI_35865,CHEBI_35866,CHEBI_35865_CHEBI_35866,diastereomer,diastereomer,100.0,1
CHEBI_212434,CHEBI_212428,CHEBI_212428_CHEBI_212434,diastereomer,diastereomer,100.0,1
CHEBI_101095,CHEBI_98572,CHEBI_101095_CHEBI_98572,diastereomer,diastereomer,100.0,1
CHEBI_81074,CHEBI_28827,CHEBI_28827_CHEBI_81074,diastereomer,diastereomer,100.0,1
CHEBI_174600,CHEBI_192655,CHEBI_174600_CHEBI_192655,diastereomer,diastereomer,76.0,1
CHEBI_214708,CHEBI_214702,CHEBI_214702_CHEBI_214708,diastereomer,diastereomer,100.0,1
CHEBI_182614,CHEBI_184548,CHEBI_182614_CHEBI_184548,diastereomer,diastereomer,100.0,1
CHEBI_118158,CHEBI_117984,CHEBI_117984_CHEBI_118158,diastereomer,diastereomer,100.0,1
CHEBI_79947,CHEBI_35077,CHEBI_35077_CHEBI_79947,diastereomer,diastereomer,100.0,1
CHEBI_70392,CHEBI_70393,CHEBI_70392_CHEBI_70393,diastereomer,diastereomer,100.0,1
CHEBI_95593,CHEBI_96146,CHEBI_95593_CHEBI_96146,diastereomer,diastereomer,100.0,1
CHEBI_223230,CHEBI_223195,CHEBI_223195_CHEBI_223230,diastereomer,diastereomer,77.0,1
CHEBI_206780,CHEBI_214118,CHEBI_206780_CHEBI_214118,diastereomer,diastereomer,100.0,1
CHEBI_127198,CHEBI_130631,CHEBI_127198_CHEBI_130631,diastereomer,diastereomer,100.0,1
CHEBI_211060,CHEBI_211055,CHEBI_211055_CHEBI_211060,diastereomer,diastereomer,100.0,1
CHEBI_130408,CHEBI_127643,CHEBI_127643_CHEBI_130408,diastereomer,diastereomer,100.0,1
CHEBI_208308,CHEBI_224897,CHEBI_208308_CHEBI_224897,diastereomer,diastereomer,100.0,1
CHEBI_209355,CHEBI_209350,CHEBI_209350_CHEBI_209355,diastereomer,diastereomer,100.0,1
CHEBI_195794,CHEBI_195795,CHEBI_195794_CHEBI_195795,diastereomer,diastereomer,85.0,1
CHEBI_128712,CHEBI_127019,CHEBI_127019_CHEBI_128712,diastereomer,diastereomer,100.0,1
CHEBI_216306,CHEBI_216312,CHEBI_216306_CHEBI_216312,diastereomer,diastereomer,100.0,1
CHEBI_214657,CHEBI_214651,CHEBI_214651_CHEBI_214657,diastereomer,diastereomer,100.0,1
CHEBI_219539,CHEBI_219535,CHEBI_219535_CHEBI_219539,diastereomer,diastereomer,84.0,1
CHEBI_127014,CHEBI_127607,CHEBI_127014_CHEBI_127607,diastereomer,diastereomer,100.0,1
CHEBI_213179,CHEBI_203201,CHEBI_203201_CHEBI_213179,diastereomer,diastereomer,100.0,1
CHEBI_129126,CHEBI_129088,CHEBI_129088_CHEBI_129126,diastereomer,diastereomer,100.0,1
CHEBI_136928,CHEBI_136929,CHEBI_136928_CHEBI_136929,diastereomer,diastereomer,100.0,1
CHEBI_209931,CHEBI_209937,CHEBI_209931_CHEBI_209937,diastereomer,diastereomer,100.0,1
CHEBI_127634,CHEBI_129878,CHEBI_127634_CHEBI_129878,diastereomer,diastereomer,100.0,1
CHEBI_123766,CHEBI_117876,CHEBI_117876_CHEBI_123766,diastereomer,diastereomer,100.0,1
CHEBI_120305,CHEBI_120120,CHEBI_120120_CHEBI_120305,diastereomer,diastereomer,100.0,1
CHEBI_120383,CHEBI_120271,CHEBI_120271_CHEBI_120383,diastereomer,diastereomer,100.0,1
CHEBI_226970,CHEBI_210378,CHEBI_210378_CHEBI_226970,diastereomer,diastereomer,100.0,1
CHEBI_40595,CHEBI_28013,CHEBI_28013_CHEBI_40595,diastereomer,diastereomer,100.0,1
CHEBI_217232,CHEBI_201955,CHEBI_201955_CHEBI_217232,diastereomer,diastereomer,100.0,1
CHEBI_41128,CHEBI_71630,CHEBI_41128_CHEBI_71630,diastereomer,diastereomer,100.0,1
CHEBI_129166,CHEBI_126315,CHEBI_126315_CHEBI_129166,diastereomer,diastereomer,100.0,1
CHEBI_101198,CHEBI_103000,CHEBI_101198_CHEBI_103000,diastereomer,diastereomer,100.0,1
CHEBI_171970,CHEBI_171987,CHEBI_171970_CHEBI_171987,diastereomer,diastereomer,100.0,1
CHEBI_100942,CHEBI_99183,CHEBI_100942_CHEBI_99183,diastereomer,diastereomer,100.0,1
CHEBI_180325,CHEBI_180324,CHEBI_180324_CHEBI_180325,diastereomer,diastereomer,100.0,1
CHEBI_42280,CHEBI_36998,CHEBI_36998_CHEBI_42280,diastereomer,diastereomer,100.0,1
CHEBI_196994,CHEBI_197277,CHEBI_196994_CHEBI_197277,diastereomer,diastereomer,100.0,1
CHEBI_229493,CHEBI_229495,CHEBI_229493_CHEBI_229495,diastereomer,diastereomer,100.0,1
CHEBI_225751,CHEBI_225747,CHEBI_225747_CHEBI_225751,diastereomer,diastereomer,100.0,1
CHEBI_219858,CHEBI_219864,CHEBI_219858_CHEBI_219864,diastereomer,diastereomer,79.0,1
CHEBI_130719,CHEBI_127092,CHEBI_127092_CHEBI_130719,diastereomer,diastereomer,100.0,1
CHEBI_65926,CHEBI_65925,CHEBI_65925_CHEBI_65926,diastereomer,diastereomer,100.0,1
CHEBI_212593,CHEBI_212585,CHEBI_212585_CHEBI_212593,diastereomer,diastereomer,100.0,1
CHEBI_118996,CHEBI_119007,CHEBI_118996_CHEBI_119007,diastereomer,diastereomer,100.0,1
CHEBI_68387,CHEBI_68386,CHEBI_68386_CHEBI_68387,diastereomer,diastereomer,100.0,1
CHEBI_210219,CHEBI_203621,CHEBI_203621_CHEBI_210219,diastereomer,diastereomer,100.0,1
CHEBI_99744,CHEBI_102680,CHEBI_102680_CHEBI_99744,diastereomer,diastereomer,100.0,1
CHEBI_126808,CHEBI_127256,CHEBI_126808_CHEBI_127256,diastereomer,diastereomer,100.0,1
CHEBI_209821,CHEBI_206613,CHEBI_206613_CHEBI_209821,diastereomer,diastereomer,100.0,1
CHEBI_224652,CHEBI_227995,CHEBI_224652_CHEBI_227995,diastereomer,diastereomer,100.0,1
CHEBI_224676,CHEBI_224688,CHEBI_224676_CHEBI_224688,diastereomer,diastereomer,77.0,1
CHEBI_124667,CHEBI_124155,CHEBI_124155_CHEBI_124667,diastereomer,diastereomer,100.0,1
CHEBI_130947,CHEBI_126990,CHEBI_126990_CHEBI_130947,diastereomer,diastereomer,100.0,1
CHEBI_128616,CHEBI_125949,CHEBI_125949_CHEBI_128616,diastereomer,diastereomer,100.0,1
CHEBI_61086,CHEBI_61094,CHEBI_61086_CHEBI_61094,diastereomer,diastereomer,100.0,1
CHEBI_216933,CHEBI_223429,CHEBI_216933_CHEBI_223429,diastereomer,diastereomer,100.0,1
CHEBI_130285,CHEBI_129141,CHEBI_129141_CHEBI_130285,diastereomer,diastereomer,100.0,1
CHEBI_196029,CHEBI_171774,CHEBI_171774_CHEBI_196029,diastereomer,diastereomer,78.0,1
CHEBI_63698,CHEBI_63700,CHEBI_63698_CHEBI_63700,diastereomer,diastereomer,100.0,1
CHEBI_179509,CHEBI_179510,CHEBI_179509_CHEBI_179510,diastereomer,diastereomer,100.0,1
CHEBI_123550,CHEBI_123454,CHEBI_123454_CHEBI_123550,diastereomer,diastereomer,100.0,1
CHEBI_88833,CHEBI_88591,CHEBI_88591_CHEBI_88833,diastereomer,diastereomer,85.0,1
CHEBI_128947,CHEBI_129444,CHEBI_128947_CHEBI_129444,diastereomer,diastereomer,100.0,1
CHEBI_232532,CHEBI_76557,CHEBI_232532_CHEBI_76557,enantiomer,diastereomer,100.0,0
CHEBI_103212,CHEBI_103085,CHEBI_103085_CHEBI_103212,diastereomer,diastereomer,100.0,1
CHEBI_62919,CHEBI_53064,CHEBI_53064_CHEBI_62919,diastereomer,diastereomer,100.0,1
CHEBI_99954,CHEBI_98160,CHEBI_98160_CHEBI_99954,diastereomer,diastereomer,100.0,1
CHEBI_48063,CHEBI_48064,CHEBI_48063_CHEBI_48064,diastereomer,diastereomer,100.0,1
CHEBI_117590,CHEBI_101973,CHEBI_101973_CHEBI_117590,diastereomer,diastereomer,100.0,1
CHEBI_228106,CHEBI_228112,CHEBI_228106_CHEBI_228112,diastereomer,diastereomer,100.0,1
CHEBI_130222,CHEBI_128331,CHEBI_128331_CHEBI_130222,diastereomer,diastereomer,100.0,1
CHEBI_70250,CHEBI_70249,CHEBI_70249_CHEBI_70250,diastereomer,diastereomer,100.0,1
CHEBI_204374,CHEBI_199399,CHEBI_199399_CHEBI_204374,diastereomer,diastereomer,90.0,1
CHEBI_177089,CHEBI_177084,CHEBI_177084_CHEBI_177089,diastereomer,diastereomer,100.0,1
CHEBI_15742,CHEBI_15884,CHEBI_15742_CHEBI_15884,diastereomer,diastereomer,100.0,1
CHEBI_120090,CHEBI_120168,CHEBI_120090_CHEBI_120168,diastereomer,diastereomer,100.0,1
CHEBI_206487,CHEBI_203100,CHEBI_203100_CHEBI_206487,diastereomer,diastereomer,100.0,1
CHEBI_18513,CHEBI_18511,CHEBI_18511_CHEBI_18513,diastereomer,diastereomer,100.0,1
CHEBI_151841,CHEBI_151371,CHEBI_151371_CHEBI_151841,diastereomer,diastereomer,100.0,1
CHEBI_131005,CHEBI_130606,CHEBI_130606_CHEBI_131005,diastereomer,diastereomer,100.0,1
CHEBI_208932,CHEBI_208927,CHEBI_208927_CHEBI_208932,diastereomer,diastereomer,100.0,1
CHEBI_216109,CHEBI_201162,CHEBI_201162_CHEBI_216109,diastereomer,diastereomer,100.0,1
CHEBI_123478,CHEBI_123560,CHEBI_123478_CHEBI_123560,diastereomer,diastereomer,100.0,1
CHEBI_214500,CHEBI_214505,CHEBI_214500_CHEBI_214505,diastereomer,diastereomer,100.0,1
CHEBI_180231,CHEBI_180238,CHEBI_180231_CHEBI_180238,diastereomer,diastereomer,79.0,1
CHEBI_197944,CHEBI_202301,CHEBI_197944_CHEBI_202301,diastereomer,diastereomer,84.0,1
CHEBI_209829,CHEBI_209834,CHEBI_209829_CHEBI_209834,diastereomer,diastereomer,100.0,1
CHEBI_203074,CHEBI_201685,CHEBI_201685_CHEBI_203074,diastereomer,diastereomer,100.0,1
CHEBI_49162,CHEBI_49164,CHEBI_49162_CHEBI_49164,diastereomer,diastereomer,100.0,1
CHEBI_214283,CHEBI_214289,CHEBI_214283_CHEBI_214289,diastereomer,diastereomer,100.0,1
CHEBI_119434,CHEBI_119338,CHEBI_119338_CHEBI_119434,diastereomer,diastereomer,100.0,1
CHEBI_214975,CHEBI_214969,CHEBI_214969_CHEBI_214975,diastereomer,diastereomer,100.0,1
CHEBI_39827,CHEBI_38126,CHEBI_38126_CHEBI_39827,diastereomer,diastereomer,84.0,1
CHEBI_81205,CHEBI_81201,CHEBI_81201_CHEBI_81205,diastereomer,diastereomer,100.0,1
CHEBI_62269,CHEBI_62084,CHEBI_62084_CHEBI_62269,diastereomer,diastereomer,100.0,1
CHEBI_124159,CHEBI_124116,CHEBI_124116_CHEBI_124159,diastereomer,diastereomer,100.0,1
CHEBI_202068,CHEBI_218670,CHEBI_202068_CHEBI_218670,diastereomer,diastereomer,100.0,1
CHEBI_198918,CHEBI_216362,CHEBI_198918_CHEBI_216362,diastereomer,diastereomer,100.0,1
CHEBI_127233,CHEBI_126940,CHEBI_126940_CHEBI_127233,diastereomer,diastereomer,100.0,1
CHEBI_137076,CHEBI_132358,CHEBI_132358_CHEBI_137076,diastereomer,diastereomer,100.0,1
CHEBI_103350,CHEBI_101846,CHEBI_101846_CHEBI_103350,diastereomer,diastereomer,100.0,1
CHEBI_219258,CHEBI_219263,CHEBI_219258_CHEBI_219263,diastereomer,diastereomer,100.0,1
CHEBI_124271,CHEBI_124530,CHEBI_124271_CHEBI_124530,diastereomer,diastereomer,100.0,1
CHEBI_226771,CHEBI_206183,CHEBI_206183_CHEBI_226771,diastereomer,diastereomer,80.0,1
CHEBI_120318,CHEBI_120352,CHEBI_120318_CHEBI_120352,diastereomer,diastereomer,100.0,1
CHEBI_68135,CHEBI_68136,CHEBI_68135_CHEBI_68136,diastereomer,diastereomer,100.0,1
CHEBI_210246,CHEBI_227712,CHEBI_210246_CHEBI_227712,diastereomer,diastereomer,100.0,1
CHEBI_122957,CHEBI_123070,CHEBI_122957_CHEBI_123070,diastereomer,diastereomer,100.0,1
CHEBI_118008,CHEBI_118177,CHEBI_118008_CHEBI_118177,diastereomer,diastereomer,100.0,1
CHEBI_80920,CHEBI_66166,CHEBI_66166_CHEBI_80920,diastereomer,diastereomer,78.0,1
CHEBI_126442,CHEBI_126076,CHEBI_126076_CHEBI_126442,diastereomer,diastereomer,100.0,1
CHEBI_209387,CHEBI_203324,CHEBI_203324_CHEBI_209387,diastereomer,diastereomer,100.0,1
CHEBI_93124,CHEBI_93389,CHEBI_93124_CHEBI_93389,diastereomer,diastereomer,100.0,1
CHEBI_198540,CHEBI_202544,CHEBI_198540_CHEBI_202544,diastereomer,diastereomer,100.0,1
CHEBI_213001,CHEBI_212996,CHEBI_212996_CHEBI_213001,diastereomer,diastereomer,79.0,1
CHEBI_128757,CHEBI_130684,CHEBI_128757_CHEBI_130684,diastereomer,diastereomer,100.0,1
CHEBI_118201,CHEBI_118193,CHEBI_118193_CHEBI_118201,diastereomer,diastereomer,100.0,1
CHEBI_98491,CHEBI_102738,CHEBI_102738_CHEBI_98491,diastereomer,diastereomer,100.0,1
CHEBI_9909,CHEBI_140612,CHEBI_140612_CHEBI_9909,diastereomer,diastereomer,76.0,1
CHEBI_76094,CHEBI_76093,CHEBI_76093_CHEBI_76094,diastereomer,diastereomer,76.0,1
CHEBI_38538,CHEBI_38536,CHEBI_38536_CHEBI_38538,diastereomer,diastereomer,83.0,1
CHEBI_173924,CHEBI_173923,CHEBI_173923_CHEBI_173924,diastereomer,diastereomer,86.0,1
CHEBI_196155,CHEBI_173196,CHEBI_173196_CHEBI_196155,diastereomer,diastereomer,78.0,1
CHEBI_101861,CHEBI_102491,CHEBI_101861_CHEBI_102491,diastereomer,diastereomer,100.0,1
CHEBI_114100,CHEBI_114143,CHEBI_114100_CHEBI_114143,diastereomer,diastereomer,100.0,1
CHEBI_131220,CHEBI_99696,CHEBI_131220_CHEBI_99696,diastereomer,diastereomer,100.0,1
CHEBI_166042,CHEBI_191105,CHEBI_166042_CHEBI_191105,diastereomer,diastereomer,100.0,1
CHEBI_51046,CHEBI_51047,CHEBI_51046_CHEBI_51047,diastereomer,diastereomer,100.0,1
CHEBI_67709,CHEBI_67708,CHEBI_67708_CHEBI_67709,diastereomer,diastereomer,100.0,1
CHEBI_213266,CHEBI_213272,CHEBI_213266_CHEBI_213272,diastereomer,diastereomer,88.0,1
CHEBI_118105,CHEBI_118197,CHEBI_118105_CHEBI_118197,diastereomer,diastereomer,100.0,1
CHEBI_199614,CHEBI_197905,CHEBI_197905_CHEBI_199614,diastereomer,diastereomer,100.0,1
CHEBI_220031,CHEBI_214332,CHEBI_214332_CHEBI_220031,diastereomer,diastereomer,100.0,1
CHEBI_126235,CHEBI_127961,CHEBI_126235_CHEBI_127961,diastereomer,diastereomer,100.0,1
CHEBI_130033,CHEBI_126630,CHEBI_126630_CHEBI_130033,diastereomer,diastereomer,100.0,1
CHEBI_206965,CHEBI_197680,CHEBI_197680_CHEBI_206965,diastereomer,diastereomer,100.0,1
CHEBI_209124,CHEBI_204461,CHEBI_204461_CHEBI_209124,diastereomer,diastereomer,79.0,1
CHEBI_102873,CHEBI_101928,CHEBI_101928_CHEBI_102873,diastereomer,diastereomer,100.0,1
CHEBI_179700,CHEBI_172542,CHEBI_172542_CHEBI_179700,diastereomer,diastereomer,100.0,1
CHEBI_209100,CHEBI_209106,CHEBI_209100_CHEBI_209106,diastereomer,diastereomer,100.0,1
CHEBI_221700,CHEBI_221707,CHEBI_221700_CHEBI_221707,diastereomer,diastereomer,100.0,1
CHEBI_122214,CHEBI_122432,CHEBI_122214_CHEBI_122432,diastereomer,diastereomer,100.0,1
CHEBI_167318,CHEBI_167317,CHEBI_167317_CHEBI_167318,diastereomer,diastereomer,88.0,1
CHEBI_18373,CHEBI_38103,CHEBI_18373_CHEBI_38103,diastereomer,diastereomer,100.0,1
CHEBI_148907,CHEBI_146054,CHEBI_146054_CHEBI_148907,diastereomer,diastereomer,100.0,1
CHEBI_197241,CHEBI_187414,CHEBI_187414_CHEBI_197241,diastereomer,diastereomer,87.0,1
CHEBI_39339,CHEBI_39340,CHEBI_39339_CHEBI_39340,diastereomer,diastereomer,100.0,1
CHEBI_182108,CHEBI_181783,CHEBI_181783_CHEBI_182108,diastereomer,diastereomer,100.0,1
CHEBI_102858,CHEBI_101820,CHEBI_101820_CHEBI_102858,diastereomer,diastereomer,100.0,1
CHEBI_157842,CHEBI_183242,CHEBI_157842_CHEBI_183242,diastereomer,diastereomer,100.0,1
CHEBI_224183,CHEBI_224173,CHEBI_224173_CHEBI_224183,diastereomer,diastereomer,100.0,1
CHEBI_68026,CHEBI_68025,CHEBI_68025_CHEBI_68026,diastereomer,diastereomer,100.0,1
CHEBI_227521,CHEBI_227516,CHEBI_227516_CHEBI_227521,diastereomer,diastereomer,100.0,1
CHEBI_99102,CHEBI_118230,CHEBI_118230_CHEBI_99102,diastereomer,diastereomer,100.0,1
CHEBI_99586,CHEBI_101758,CHEBI_101758_CHEBI_99586,diastereomer,diastereomer,100.0,1
CHEBI_111604,CHEBI_108753,CHEBI_108753_CHEBI_111604,diastereomer,diastereomer,100.0,1
CHEBI_217609,CHEBI_217602,CHEBI_217602_CHEBI_217609,diastereomer,diastereomer,100.0,1
CHEBI_128581,CHEBI_129303,CHEBI_128581_CHEBI_129303,diastereomer,diastereomer,100.0,1
CHEBI_117589,CHEBI_98277,CHEBI_117589_CHEBI_98277,diastereomer,diastereomer,100.0,1
CHEBI_211515,CHEBI_211509,CHEBI_211509_CHEBI_211515,diastereomer,diastereomer,100.0,1
CHEBI_118387,CHEBI_118483,CHEBI_118387_CHEBI_118483,diastereomer,diastereomer,100.0,1
CHEBI_225497,CHEBI_225491,CHEBI_225491_CHEBI_225497,diastereomer,diastereomer,100.0,1
CHEBI_29091,CHEBI_33012,CHEBI_29091_CHEBI_33012,diastereomer,diastereomer,88.0,1
CHEBI_98892,CHEBI_97303,CHEBI_97303_CHEBI_98892,diastereomer,diastereomer,100.0,1
CHEBI_197820,CHEBI_207529,CHEBI_197820_CHEBI_207529,diastereomer,diastereomer,86.0,1
CHEBI_69048,CHEBI_69050,CHEBI_69048_CHEBI_69050,diastereomer,diastereomer,100.0,1
CHEBI_128558,CHEBI_129734,CHEBI_128558_CHEBI_129734,diastereomer,diastereomer,100.0,1
CHEBI_35669,CHEBI_43812,CHEBI_35669_CHEBI_43812,diastereomer,diastereomer,100.0,1
CHEBI_201897,CHEBI_209196,CHEBI_201897_CHEBI_209196,diastereomer,diastereomer,77.0,1
CHEBI_214964,CHEBI_214970,CHEBI_214964_CHEBI_214970,diastereomer,diastereomer,100.0,1
CHEBI_227446,CHEBI_227452,CHEBI_227446_CHEBI_227452,diastereomer,diastereomer,100.0,1
CHEBI_201966,CHEBI_210011,CHEBI_201966_CHEBI_210011,diastereomer,diastereomer,100.0,1
CHEBI_60203,CHEBI_60204,CHEBI_60203_CHEBI_60204,diastereomer,diastereomer,100.0,1
CHEBI_118589,CHEBI_118730,CHEBI_118589_CHEBI_118730,diastereomer,diastereomer,100.0,1
CHEBI_168953,CHEBI_180366,CHEBI_168953_CHEBI_180366,diastereomer,diastereomer,79.0,1
CHEBI_211251,CHEBI_211255,CHEBI_211251_CHEBI_211255,diastereomer,diastereomer,100.0,1
CHEBI_202667,CHEBI_217074,CHEBI_202667_CHEBI_217074,diastereomer,diastereomer,77.0,1
CHEBI_96196,CHEBI_95800,CHEBI_95800_CHEBI_96196,diastereomer,diastereomer,100.0,1
CHEBI_68748,CHEBI_68749,CHEBI_68748_CHEBI_68749,diastereomer,diastereomer,100.0,1
CHEBI_209190,CHEBI_209197,CHEBI_209190_CHEBI_209197,diastereomer,diastereomer,100.0,1
CHEBI_122642,CHEBI_122645,CHEBI_122642_CHEBI_122645,diastereomer,diastereomer,100.0,1
CHEBI_101907,CHEBI_101386,CHEBI_101386_CHEBI_101907,diastereomer,diastereomer,100.0,1
CHEBI_100834,CHEBI_99857,CHEBI_100834_CHEBI_99857,diastereomer,diastereomer,100.0,1
CHEBI_226277,CHEBI_217942,CHEBI_217942_CHEBI_226277,diastereomer,diastereomer,100.0,1
CHEBI_118477,CHEBI_118362,CHEBI_118362_CHEBI_118477,diastereomer,diastereomer,100.0,1
CHEBI_66450,CHEBI_66449,CHEBI_66449_CHEBI_66450,diastereomer,diastereomer,100.0,1
CHEBI_204173,CHEBI_215350,CHEBI_204173_CHEBI_215350,diastereomer,diastereomer,100.0,1
CHEBI_115133,CHEBI_115152,CHEBI_115133_CHEBI_115152,diastereomer,diastereomer,100.0,1
CHEBI_378068,CHEBI_60329,CHEBI_378068_CHEBI_60329,diastereomer,diastereomer,100.0,1
CHEBI_216085,CHEBI_204025,CHEBI_204025_CHEBI_216085,diastereomer,diastereomer,94.0,1
CHEBI_103719,CHEBI_103784,CHEBI_103719_CHEBI_103784,diastereomer,diastereomer,100.0,1
CHEBI_99906,CHEBI_98363,CHEBI_98363_CHEBI_99906,diastereomer,diastereomer,100.0,1
CHEBI_211073,CHEBI_211724,CHEBI_211073_CHEBI_211724,diastereomer,diastereomer,100.0,1
CHEBI_128187,CHEBI_130537,CHEBI_128187_CHEBI_130537,diastereomer,diastereomer,100.0,1
CHEBI_118851,CHEBI_119148,CHEBI_118851_CHEBI_119148,diastereomer,diastereomer,100.0,1
CHEBI_153693,CHEBI_150330,CHEBI_150330_CHEBI_153693,diastereomer,diastereomer,100.0,1
CHEBI_36483,CHEBI_36488,CHEBI_36483_CHEBI_36488,diastereomer,diastereomer,100.0,1
CHEBI_85367,CHEBI_87447,CHEBI_85367_CHEBI_87447,diastereomer,diastereomer,100.0,1
CHEBI_201973,CHEBI_199295,CHEBI_199295_CHEBI_201973,diastereomer,diastereomer,100.0,1
CHEBI_217700,CHEBI_219497,CHEBI_217700_CHEBI_219497,diastereomer,diastereomer,100.0,1
CHEBI_185563,CHEBI_187226,CHEBI_185563_CHEBI_187226,diastereomer,diastereomer,100.0,1
CHEBI_216670,CHEBI_216664,CHEBI_216664_CHEBI_216670,diastereomer,diastereomer,100.0,1
CHEBI_197826,CHEBI_202325,CHEBI_197826_CHEBI_202325,diastereomer,diastereomer,100.0,1
CHEBI_100786,CHEBI_101932,CHEBI_100786_CHEBI_101932,diastereomer,diastereomer,100.0,1
CHEBI_143175,CHEBI_143189,CHEBI_143175_CHEBI_143189,diastereomer,diastereomer,100.0,1
CHEBI_101421,CHEBI_102976,CHEBI_101421_CHEBI_102976,diastereomer,diastereomer,100.0,1
CHEBI_207178,CHEBI_227104,CHEBI_207178_CHEBI_227104,diastereomer,diastereomer,96.0,1
CHEBI_69698,CHEBI_69699,CHEBI_69698_CHEBI_69699,diastereomer,diastereomer,100.0,1
CHEBI_115931,CHEBI_115822,CHEBI_115822_CHEBI_115931,diastereomer,diastereomer,100.0,1
CHEBI_70115,CHEBI_70116,CHEBI_70115_CHEBI_70116,diastereomer,diastereomer,100.0,1
CHEBI_217193,CHEBI_217201,CHEBI_217193_CHEBI_217201,diastereomer,diastereomer,100.0,1
CHEBI_117964,CHEBI_117982,CHEBI_117964_CHEBI_117982,diastereomer,diastereomer,100.0,1
CHEBI_66508,CHEBI_66507,CHEBI_66507_CHEBI_66508,diastereomer,diastereomer,100.0,1
CHEBI_218968,CHEBI_218962,CHEBI_218962_CHEBI_218968,diastereomer,diastereomer,100.0,1
CHEBI_61143,CHEBI_61144,CHEBI_61143_CHEBI_61144,diastereomer,diastereomer,84.0,1
CHEBI_216733,CHEBI_216739,CHEBI_216733_CHEBI_216739,diastereomer,diastereomer,100.0,1
CHEBI_198736,CHEBI_200511,CHEBI_198736_CHEBI_200511,diastereomer,diastereomer,100.0,1
CHEBI_118281,CHEBI_118520,CHEBI_118281_CHEBI_118520,diastereomer,diastereomer,100.0,1
CHEBI_101682,CHEBI_98817,CHEBI_101682_CHEBI_98817,diastereomer,diastereomer,100.0,1
CHEBI_83857,CHEBI_83854,CHEBI_83854_CHEBI_83857,diastereomer,diastereomer,100.0,1
CHEBI_170862,CHEBI_194164,CHEBI_170862_CHEBI_194164,diastereomer,diastereomer,100.0,1
CHEBI_101650,CHEBI_99578,CHEBI_101650_CHEBI_99578,diastereomer,diastereomer,100.0,1
CHEBI_118112,CHEBI_117995,CHEBI_117995_CHEBI_118112,diastereomer,diastereomer,100.0,1
CHEBI_226535,CHEBI_226540,CHEBI_226535_CHEBI_226540,diastereomer,diastereomer,100.0,1
CHEBI_205962,CHEBI_205968,CHEBI_205962_CHEBI_205968,diastereomer,diastereomer,100.0,1
CHEBI_221840,CHEBI_221846,CHEBI_221840_CHEBI_221846,diastereomer,diastereomer,100.0,1
CHEBI_217724,CHEBI_217730,CHEBI_217724_CHEBI_217730,diastereomer,diastereomer,100.0,1
CHEBI_230555,CHEBI_169835,CHEBI_169835_CHEBI_230555,diastereomer,diastereomer,80.0,1
CHEBI_176909,CHEBI_176908,CHEBI_176908_CHEBI_176909,diastereomer,diastereomer,77.0,1
CHEBI_127337,CHEBI_127492,CHEBI_127337_CHEBI_127492,diastereomer,diastereomer,100.0,1
CHEBI_106274,CHEBI_106160,CHEBI_106160_CHEBI_106274,diastereomer,diastereomer,100.0,1
CHEBI_132492,CHEBI_132493,CHEBI_132492_CHEBI_132493,diastereomer,diastereomer,100.0,1
CHEBI_208322,CHEBI_207132,CHEBI_207132_CHEBI_208322,diastereomer,diastereomer,100.0,1
CHEBI_228940,CHEBI_190078,CHEBI_190078_CHEBI_228940,diastereomer,diastereomer,100.0,1
CHEBI_95724,CHEBI_96645,CHEBI_95724_CHEBI_96645,diastereomer,diastereomer,100.0,1
CHEBI_70608,CHEBI_70607,CHEBI_70607_CHEBI_70608,diastereomer,diastereomer,100.0,1
CHEBI_102831,CHEBI_102888,CHEBI_102831_CHEBI_102888,diastereomer,diastereomer,100.0,1
CHEBI_75743,CHEBI_75741,CHEBI_75741_CHEBI_75743,diastereomer,diastereomer,100.0,1
CHEBI_219179,CHEBI_219185,CHEBI_219179_CHEBI_219185,diastereomer,diastereomer,100.0,1
CHEBI_209353,CHEBI_209347,CHEBI_209347_CHEBI_209353,diastereomer,diastereomer,100.0,1
CHEBI_33885,CHEBI_47954,CHEBI_33885_CHEBI_47954,diastereomer,diastereomer,100.0,1
CHEBI_118534,CHEBI_118615,CHEBI_118534_CHEBI_118615,diastereomer,diastereomer,100.0,1
CHEBI_23614,CHEBI_137662,CHEBI_137662_CHEBI_23614,diastereomer,diastereomer,100.0,1
CHEBI_141913,CHEBI_141921,CHEBI_141913_CHEBI_141921,diastereomer,diastereomer,100.0,1
CHEBI_218125,CHEBI_202276,CHEBI_202276_CHEBI_218125,diastereomer,diastereomer,100.0,1
CHEBI_200367,CHEBI_222225,CHEBI_200367_CHEBI_222225,diastereomer,diastereomer,100.0,1
CHEBI_132802,CHEBI_132908,CHEBI_132802_CHEBI_132908,diastereomer,diastereomer,100.0,1
CHEBI_225720,CHEBI_225700,CHEBI_225700_CHEBI_225720,diastereomer,diastereomer,100.0,1
CHEBI_199517,CHEBI_211730,CHEBI_199517_CHEBI_211730,diastereomer,diastereomer,100.0,1
CHEBI_184745,CHEBI_184765,CHEBI_184745_CHEBI_184765,diastereomer,diastereomer,100.0,1
CHEBI_166488,CHEBI_179049,CHEBI_166488_CHEBI_179049,diastereomer,diastereomer,100.0,1
CHEBI_81559,CHEBI_137038,CHEBI_137038_CHEBI_81559,diastereomer,diastereomer,100.0,1
CHEBI_223190,CHEBI_198545,CHEBI_198545_CHEBI_223190,diastereomer,diastereomer,100.0,1
CHEBI_157424,CHEBI_184122,CHEBI_157424_CHEBI_184122,diastereomer,diastereomer,100.0,1
CHEBI_58996,CHEBI_58997,CHEBI_58996_CHEBI_58997,diastereomer,diastereomer,77.0,1
CHEBI_198390,CHEBI_206807,CHEBI_198390_CHEBI_206807,diastereomer,diastereomer,100.0,1
CHEBI_124356,CHEBI_123986,CHEBI_123986_CHEBI_124356,diastereomer,diastereomer,100.0,1
CHEBI_1730,CHEBI_74422,CHEBI_1730_CHEBI_74422,diastereomer,diastereomer,100.0,1
CHEBI_118781,CHEBI_118558,CHEBI_118558_CHEBI_118781,diastereomer,diastereomer,100.0,1
CHEBI_135277,CHEBI_167624,CHEBI_135277_CHEBI_167624,diastereomer,diastereomer,78.0,1
CHEBI_65396,CHEBI_65397,CHEBI_65396_CHEBI_65397,diastereomer,diastereomer,100.0,1
CHEBI_217590,CHEBI_213202,CHEBI_213202_CHEBI_217590,diastereomer,diastereomer,100.0,1
CHEBI_172970,CHEBI_172969,CHEBI_172969_CHEBI_172970,diastereomer,diastereomer,100.0,1
CHEBI_209247,CHEBI_209253,CHEBI_209247_CHEBI_209253,diastereomer,diastereomer,100.0,1
CHEBI_126210,CHEBI_129315,CHEBI_126210_CHEBI_129315,diastereomer,diastereomer,100.0,1
CHEBI_223930,CHEBI_223925,CHEBI_223925_CHEBI_223930,diastereomer,diastereomer,100.0,1
CHEBI_220819,CHEBI_212857,CHEBI_212857_CHEBI_220819,diastereomer,diastereomer,100.0,1
CHEBI_122399,CHEBI_122299,CHEBI_122299_CHEBI_122399,diastereomer,diastereomer,100.0,1
CHEBI_195926,CHEBI_191878,CHEBI_191878_CHEBI_195926,diastereomer,diastereomer,80.0,1
CHEBI_122246,CHEBI_122404,CHEBI_122246_CHEBI_122404,diastereomer,diastereomer,100.0,1
CHEBI_3950,CHEBI_3945,CHEBI_3945_CHEBI_3950,diastereomer,diastereomer,100.0,1
CHEBI_66467,CHEBI_66466,CHEBI_66466_CHEBI_66467,diastereomer,diastereomer,77.0,1
CHEBI_100655,CHEBI_97210,CHEBI_100655_CHEBI_97210,diastereomer,diastereomer,100.0,1
CHEBI_36398,CHEBI_36400,CHEBI_36398_CHEBI_36400,diastereomer,diastereomer,100.0,1
CHEBI_137077,CHEBI_83025,CHEBI_137077_CHEBI_83025,diastereomer,diastereomer,100.0,1
CHEBI_215436,CHEBI_215442,CHEBI_215436_CHEBI_215442,diastereomer,diastereomer,100.0,1
CHEBI_84722,CHEBI_84721,CHEBI_84721_CHEBI_84722,diastereomer,diastereomer,100.0,1
CHEBI_92122,CHEBI_94821,CHEBI_92122_CHEBI_94821,diastereomer,diastereomer,100.0,1
CHEBI_102021,CHEBI_98866,CHEBI_102021_CHEBI_98866,diastereomer,diastereomer,100.0,1
CHEBI_187614,CHEBI_187748,CHEBI_187614_CHEBI_187748,diastereomer,diastereomer,100.0,1
CHEBI_182512,CHEBI_31053,CHEBI_182512_CHEBI_31053,stereo_resolution,diastereomer,100.0,0
CHEBI_209814,CHEBI_209808,CHEBI_209808_CHEBI_209814,diastereomer,diastereomer,100.0,1
CHEBI_204361,CHEBI_215942,CHEBI_204361_CHEBI_215942,diastereomer,diastereomer,100.0,1
CHEBI_188281,CHEBI_188265,CHEBI_188265_CHEBI_188281,diastereomer,diastereomer,100.0,1
CHEBI_126102,CHEBI_126341,CHEBI_126102_CHEBI_126341,diastereomer,diastereomer,100.0,1
CHEBI_109864,CHEBI_109921,CHEBI_109864_CHEBI_109921,diastereomer,diastereomer,100.0,1
CHEBI_208854,CHEBI_213142,CHEBI_208854_CHEBI_213142,diastereomer,diastereomer,100.0,1
CHEBI_81325,CHEBI_81326,CHEBI_81325_CHEBI_81326,diastereomer,diastereomer,100.0,1
CHEBI_51695,CHEBI_51693,CHEBI_51693_CHEBI_51695,diastereomer,diastereomer,79.0,1
CHEBI_148047,CHEBI_151854,CHEBI_148047_CHEBI_151854,diastereomer,diastereomer,100.0,1
CHEBI_119146,CHEBI_119151,CHEBI_119146_CHEBI_119151,diastereomer,diastereomer,100.0,1
CHEBI_223647,CHEBI_219575,CHEBI_219575_CHEBI_223647,diastereomer,diastereomer,100.0,1
CHEBI_208589,CHEBI_208596,CHEBI_208589_CHEBI_208596,diastereomer,diastereomer,100.0,1
CHEBI_222744,CHEBI_222747,CHEBI_222744_CHEBI_222747,diastereomer,diastereomer,82.0,1
CHEBI_51795,CHEBI_51797,CHEBI_51795_CHEBI_51797,diastereomer,diastereomer,100.0,1
CHEBI_118754,CHEBI_118799,CHEBI_118754_CHEBI_118799,diastereomer,diastereomer,100.0,1
CHEBI_203760,CHEBI_223648,CHEBI_203760_CHEBI_223648,diastereomer,diastereomer,100.0,1
CHEBI_63263,CHEBI_63280,CHEBI_63263_CHEBI_63280,diastereomer,diastereomer,100.0,1
CHEBI_145592,CHEBI_145591,CHEBI_145591_CHEBI_145592,diastereomer,diastereomer,100.0,1
CHEBI_228997,CHEBI_168725,CHEBI_168725_CHEBI_228997,diastereomer,diastereomer,81.0,1
CHEBI_178556,CHEBI_178558,CHEBI_178556_CHEBI_178558,diastereomer,diastereomer,100.0,1
CHEBI_131948,CHEBI_131920,CHEBI_131920_CHEBI_131948,diastereomer,diastereomer,100.0,1
CHEBI_127074,CHEBI_129044,CHEBI_127074_CHEBI_129044,diastereomer,diastereomer,100.0,1
CHEBI_208194,CHEBI_206919,CHEBI_206919_CHEBI_208194,diastereomer,diastereomer,100.0,1
CHEBI_99833,CHEBI_102610,CHEBI_102610_CHEBI_99833,diastereomer,diastereomer,100.0,1
CHEBI_68156,CHEBI_68155,CHEBI_68155_CHEBI_68156,diastereomer,diastereomer,100.0,1
CHEBI_218701,CHEBI_200312,CHEBI_200312_CHEBI_218701,diastereomer,diastereomer,100.0,1
CHEBI_213373,CHEBI_208061,CHEBI_208061_CHEBI_213373,diastereomer,diastereomer,100.0,1
CHEBI_202990,CHEBI_217945,CHEBI_202990_CHEBI_217945,diastereomer,diastereomer,100.0,1
CHEBI_125853,CHEBI_126775,CHEBI_125853_CHEBI_126775,diastereomer,diastereomer,100.0,1
CHEBI_119000,CHEBI_119031,CHEBI_119000_CHEBI_119031,diastereomer,diastereomer,100.0,1
CHEBI_5127,CHEBI_94673,CHEBI_5127_CHEBI_94673,diastereomer,diastereomer,100.0,1
CHEBI_211375,CHEBI_211381,CHEBI_211375_CHEBI_211381,diastereomer,diastereomer,100.0,1
CHEBI_81442,CHEBI_81285,CHEBI_81285_CHEBI_81442,diastereomer,diastereomer,100.0,1
CHEBI_77772,CHEBI_155888,CHEBI_155888_CHEBI_77772,diastereomer,diastereomer,100.0,1
CHEBI_191795,CHEBI_191798,CHEBI_191795_CHEBI_191798,diastereomer,diastereomer,100.0,1
CHEBI_225968,CHEBI_225952,CHEBI_225952_CHEBI_225968,diastereomer,diastereomer,85.0,1
CHEBI_100414,CHEBI_98046,CHEBI_100414_CHEBI_98046,diastereomer,diastereomer,100.0,1
CHEBI_95666,CHEBI_96290,CHEBI_95666_CHEBI_96290,diastereomer,diastereomer,100.0,1
CHEBI_117912,CHEBI_118054,CHEBI_117912_CHEBI_118054,diastereomer,diastereomer,100.0,1
CHEBI_118647,CHEBI_118533,CHEBI_118533_CHEBI_118647,diastereomer,diastereomer,100.0,1
CHEBI_125969,CHEBI_127912,CHEBI_125969_CHEBI_127912,diastereomer,diastereomer,100.0,1
CHEBI_110586,CHEBI_110832,CHEBI_110586_CHEBI_110832,diastereomer,diastereomer,100.0,1
CHEBI_120382,CHEBI_120085,CHEBI_120085_CHEBI_120382,diastereomer,diastereomer,100.0,1
CHEBI_144743,CHEBI_74557,CHEBI_144743_CHEBI_74557,diastereomer,diastereomer,100.0,1
CHEBI_123099,CHEBI_123087,CHEBI_123087_CHEBI_123099,diastereomer,diastereomer,100.0,1
CHEBI_215964,CHEBI_215969,CHEBI_215964_CHEBI_215969,diastereomer,diastereomer,100.0,1
CHEBI_131035,CHEBI_128480,CHEBI_128480_CHEBI_131035,diastereomer,diastereomer,100.0,1
CHEBI_202697,CHEBI_201317,CHEBI_201317_CHEBI_202697,diastereomer,diastereomer,100.0,1
CHEBI_179471,CHEBI_179470,CHEBI_179470_CHEBI_179471,diastereomer,diastereomer,81.0,1
CHEBI_87,CHEBI_38971,CHEBI_38971_CHEBI_87,diastereomer,diastereomer,100.0,1
CHEBI_118678,CHEBI_118774,CHEBI_118678_CHEBI_118774,diastereomer,diastereomer,100.0,1
CHEBI_195707,CHEBI_195708,CHEBI_195707_CHEBI_195708,diastereomer,diastereomer,84.0,1
CHEBI_213642,CHEBI_213636,CHEBI_213636_CHEBI_213642,diastereomer,diastereomer,79.0,1
CHEBI_211032,CHEBI_211025,CHEBI_211025_CHEBI_211032,diastereomer,diastereomer,83.0,1
CHEBI_81040,CHEBI_81041,CHEBI_81040_CHEBI_81041,diastereomer,diastereomer,100.0,1
CHEBI_206422,CHEBI_219748,CHEBI_206422_CHEBI_219748,diastereomer,diastereomer,100.0,1
CHEBI_27050,CHEBI_23285,CHEBI_23285_CHEBI_27050,diastereomer,diastereomer,77.0,1
CHEBI_82653,CHEBI_82649,CHEBI_82649_CHEBI_82653,diastereomer,diastereomer,100.0,1
CHEBI_169982,CHEBI_169980,CHEBI_169980_CHEBI_169982,diastereomer,diastereomer,79.0,1
CHEBI_73239,CHEBI_74113,CHEBI_73239_CHEBI_74113,diastereomer,diastereomer,100.0,1
CHEBI_226097,CHEBI_208800,CHEBI_208800_CHEBI_226097,diastereomer,diastereomer,100.0,1
CHEBI_209182,CHEBI_209176,CHEBI_209176_CHEBI_209182,diastereomer,diastereomer,100.0,1
CHEBI_70121,CHEBI_70120,CHEBI_70120_CHEBI_70121,diastereomer,diastereomer,100.0,1
CHEBI_70677,CHEBI_70678,CHEBI_70677_CHEBI_70678,diastereomer,diastereomer,100.0,1
CHEBI_217981,CHEBI_217987,CHEBI_217981_CHEBI_217987,diastereomer,diastereomer,100.0,1
CHEBI_28497,CHEBI_63154,CHEBI_28497_CHEBI_63154,diastereomer,diastereomer,100.0,1
CHEBI_222537,CHEBI_213855,CHEBI_213855_CHEBI_222537,diastereomer,diastereomer,100.0,1
CHEBI_17573,CHEBI_57729,CHEBI_17573_CHEBI_57729,diastereomer,diastereomer,100.0,1
CHEBI_223366,CHEBI_223361,CHEBI_223361_CHEBI_223366,diastereomer,diastereomer,100.0,1
CHEBI_117987,CHEBI_118094,CHEBI_117987_CHEBI_118094,diastereomer,diastereomer,100.0,1
CHEBI_110516,CHEBI_110522,CHEBI_110516_CHEBI_110522,diastereomer,diastereomer,100.0,1
CHEBI_63518,CHEBI_63531,CHEBI_63518_CHEBI_63531,diastereomer,diastereomer,100.0,1
CHEBI_71535,CHEBI_71536,CHEBI_71535_CHEBI_71536,diastereomer,diastereomer,100.0,1
CHEBI_126772,CHEBI_126162,CHEBI_126162_CHEBI_126772,diastereomer,diastereomer,100.0,1
CHEBI_216546,CHEBI_205998,CHEBI_205998_CHEBI_216546,diastereomer,diastereomer,100.0,1
CHEBI_132914,CHEBI_132913,CHEBI_132913_CHEBI_132914,enantiomer,diastereomer,100.0,0
CHEBI_71225,CHEBI_71227,CHEBI_71225_CHEBI_71227,diastereomer,diastereomer,100.0,1
CHEBI_120293,CHEBI_120282,CHEBI_120282_CHEBI_120293,diastereomer,diastereomer,100.0,1
CHEBI_188035,CHEBI_188073,CHEBI_188035_CHEBI_188073,diastereomer,diastereomer,78.0,1
CHEBI_70613,CHEBI_70614,CHEBI_70613_CHEBI_70614,diastereomer,diastereomer,100.0,1
CHEBI_182707,CHEBI_181665,CHEBI_181665_CHEBI_182707,diastereomer,diastereomer,100.0,1
CHEBI_131881,CHEBI_39733,CHEBI_131881_CHEBI_39733,diastereomer,diastereomer,89.0,1
CHEBI_128750,CHEBI_127761,CHEBI_127761_CHEBI_128750,diastereomer,diastereomer,100.0,1
CHEBI_118049,CHEBI_117996,CHEBI_117996_CHEBI_118049,diastereomer,diastereomer,100.0,1
CHEBI_200618,CHEBI_201295,CHEBI_200618_CHEBI_201295,diastereomer,diastereomer,100.0,1
CHEBI_213579,CHEBI_213587,CHEBI_213579_CHEBI_213587,diastereomer,diastereomer,100.0,1
CHEBI_131223,CHEBI_97969,CHEBI_131223_CHEBI_97969,diastereomer,diastereomer,100.0,1
CHEBI_186952,CHEBI_185364,CHEBI_185364_CHEBI_186952,diastereomer,diastereomer,100.0,1
CHEBI_81332,CHEBI_81331,CHEBI_81331_CHEBI_81332,diastereomer,diastereomer,100.0,1
CHEBI_208252,CHEBI_200296,CHEBI_200296_CHEBI_208252,diastereomer,diastereomer,75.0,1
CHEBI_207722,CHEBI_207710,CHEBI_207710_CHEBI_207722,diastereomer,diastereomer,100.0,1
CHEBI_225313,CHEBI_225318,CHEBI_225313_CHEBI_225318,diastereomer,diastereomer,100.0,1
CHEBI_212725,CHEBI_199728,CHEBI_199728_CHEBI_212725,diastereomer,diastereomer,100.0,1
CHEBI_204757,CHEBI_215834,CHEBI_204757_CHEBI_215834,diastereomer,diastereomer,100.0,1
CHEBI_183542,CHEBI_183540,CHEBI_183540_CHEBI_183542,diastereomer,diastereomer,100.0,1
CHEBI_130436,CHEBI_130996,CHEBI_130436_CHEBI_130996,diastereomer,diastereomer,100.0,1
CHEBI_52226,CHEBI_10217,CHEBI_10217_CHEBI_52226,diastereomer,diastereomer,100.0,1
CHEBI_98580,CHEBI_99335,CHEBI_98580_CHEBI_99335,diastereomer,diastereomer,100.0,1
CHEBI_70243,CHEBI_70242,CHEBI_70242_CHEBI_70243,diastereomer,diastereomer,100.0,1
CHEBI_206354,CHEBI_206391,CHEBI_206354_CHEBI_206391,diastereomer,diastereomer,100.0,1
CHEBI_72000,CHEBI_196056,CHEBI_196056_CHEBI_72000,diastereomer,diastereomer,80.0,1
CHEBI_118854,CHEBI_118896,CHEBI_118854_CHEBI_118896,diastereomer,diastereomer,100.0,1
CHEBI_199904,CHEBI_218169,CHEBI_199904_CHEBI_218169,diastereomer,diastereomer,100.0,1
CHEBI_219139,CHEBI_219147,CHEBI_219139_CHEBI_219147,diastereomer,diastereomer,100.0,1
CHEBI_100818,CHEBI_102499,CHEBI_100818_CHEBI_102499,diastereomer,diastereomer,100.0,1
CHEBI_173853,CHEBI_189723,CHEBI_173853_CHEBI_189723,diastereomer,diastereomer,77.0,1
CHEBI_103702,CHEBI_103699,CHEBI_103699_CHEBI_103702,diastereomer,diastereomer,100.0,1
CHEBI_133882,CHEBI_133872,CHEBI_133872_CHEBI_133882,diastereomer,diastereomer,80.0,1
CHEBI_219205,CHEBI_219211,CHEBI_219205_CHEBI_219211,diastereomer,diastereomer,100.0,1
CHEBI_15618,CHEBI_85659,CHEBI_15618_CHEBI_85659,diastereomer,diastereomer,90.0,1
CHEBI_68173,CHEBI_68174,CHEBI_68173_CHEBI_68174,diastereomer,diastereomer,100.0,1
CHEBI_68417,CHEBI_68423,CHEBI_68417_CHEBI_68423,diastereomer,diastereomer,100.0,1
CHEBI_206902,CHEBI_206896,CHEBI_206896_CHEBI_206902,diastereomer,diastereomer,100.0,1
CHEBI_223759,CHEBI_223764,CHEBI_223759_CHEBI_223764,diastereomer,diastereomer,84.0,1
CHEBI_156255,CHEBI_15414,CHEBI_15414_CHEBI_156255,enantiomer,diastereomer,94.0,0
CHEBI_96711,CHEBI_96713,CHEBI_96711_CHEBI_96713,diastereomer,diastereomer,100.0,1
CHEBI_212749,CHEBI_212755,CHEBI_212749_CHEBI_212755,diastereomer,diastereomer,100.0,1
CHEBI_225111,CHEBI_199285,CHEBI_199285_CHEBI_225111,diastereomer,diastereomer,100.0,1
CHEBI_170131,CHEBI_177699,CHEBI_170131_CHEBI_177699,diastereomer,diastereomer,77.0,1
CHEBI_59231,CHEBI_59232,CHEBI_59231_CHEBI_59232,diastereomer,diastereomer,100.0,1
CHEBI_217462,CHEBI_213043,CHEBI_213043_CHEBI_217462,diastereomer,diastereomer,87.0,1
CHEBI_217695,CHEBI_217689,CHEBI_217689_CHEBI_217695,diastereomer,diastereomer,100.0,1
CHEBI_100164,CHEBI_101872,CHEBI_100164_CHEBI_101872,diastereomer,diastereomer,78.0,1
CHEBI_227795,CHEBI_227800,CHEBI_227795_CHEBI_227800,diastereomer,diastereomer,100.0,1
CHEBI_227410,CHEBI_227405,CHEBI_227405_CHEBI_227410,diastereomer,diastereomer,100.0,1
CHEBI_33995,CHEBI_34000,CHEBI_33995_CHEBI_34000,diastereomer,diastereomer,100.0,1
CHEBI_118564,CHEBI_118729,CHEBI_118564_CHEBI_118729,diastereomer,diastereomer,100.0,1
CHEBI_100836,CHEBI_102807,CHEBI_100836_CHEBI_102807,diastereomer,diastereomer,100.0,1
CHEBI_166720,CHEBI_173187,CHEBI_166720_CHEBI_173187,diastereomer,diastereomer,100.0,1
CHEBI_131280,CHEBI_116019,CHEBI_116019_CHEBI_131280,diastereomer,diastereomer,100.0,1
CHEBI_208746,CHEBI_205230,CHEBI_205230_CHEBI_208746,diastereomer,diastereomer,81.0,1
CHEBI_167820,CHEBI_165303,CHEBI_165303_CHEBI_167820,diastereomer,diastereomer,100.0,1
CHEBI_223536,CHEBI_198294,CHEBI_198294_CHEBI_223536,diastereomer,diastereomer,100.0,1
CHEBI_209161,CHEBI_209165,CHEBI_209161_CHEBI_209165,diastereomer,diastereomer,100.0,1
CHEBI_127714,CHEBI_126894,CHEBI_126894_CHEBI_127714,diastereomer,diastereomer,100.0,1
CHEBI_122236,CHEBI_122258,CHEBI_122236_CHEBI_122258,diastereomer,diastereomer,100.0,1
CHEBI_103586,CHEBI_102341,CHEBI_102341_CHEBI_103586,diastereomer,diastereomer,100.0,1
CHEBI_175523,CHEBI_194279,CHEBI_175523_CHEBI_194279,diastereomer,diastereomer,100.0,1
CHEBI_208921,CHEBI_208917,CHEBI_208917_CHEBI_208921,diastereomer,diastereomer,100.0,1
CHEBI_70543,CHEBI_70545,CHEBI_70543_CHEBI_70545,diastereomer,diastereomer,100.0,1
CHEBI_18093,CHEBI_16372,CHEBI_16372_CHEBI_18093,diastereomer,diastereomer,100.0,1
CHEBI_223831,CHEBI_223826,CHEBI_223826_CHEBI_223831,diastereomer,diastereomer,100.0,1
CHEBI_71330,CHEBI_71331,CHEBI_71330_CHEBI_71331,diastereomer,diastereomer,77.0,1
CHEBI_225240,CHEBI_225234,CHEBI_225234_CHEBI_225240,diastereomer,diastereomer,100.0,1
CHEBI_111958,CHEBI_112047,CHEBI_111958_CHEBI_112047,diastereomer,diastereomer,100.0,1
CHEBI_65921,CHEBI_65922,CHEBI_65921_CHEBI_65922,diastereomer,diastereomer,100.0,1
CHEBI_97119,CHEBI_97194,CHEBI_97119_CHEBI_97194,diastereomer,diastereomer,100.0,1
CHEBI_90255,CHEBI_90253,CHEBI_90253_CHEBI_90255,diastereomer,diastereomer,100.0,1
CHEBI_209398,CHEBI_215371,CHEBI_209398_CHEBI_215371,diastereomer,diastereomer,100.0,1
CHEBI_97566,CHEBI_102427,CHEBI_102427_CHEBI_97566,diastereomer,diastereomer,100.0,1
CHEBI_119036,CHEBI_119124,CHEBI_119036_CHEBI_119124,diastereomer,diastereomer,100.0,1
CHEBI_115755,CHEBI_115937,CHEBI_115755_CHEBI_115937,diastereomer,diastereomer,100.0,1
CHEBI_67456,CHEBI_67452,CHEBI_67452_CHEBI_67456,diastereomer,diastereomer,100.0,1
CHEBI_196031,CHEBI_196040,CHEBI_196031_CHEBI_196040,diastereomer,diastereomer,84.0,1
CHEBI_210685,CHEBI_210679,CHEBI_210679_CHEBI_210685,diastereomer,diastereomer,100.0,1
CHEBI_30154,CHEBI_28952,CHEBI_28952_CHEBI_30154,diastereomer,diastereomer,100.0,1
CHEBI_96023,CHEBI_95809,CHEBI_95809_CHEBI_96023,diastereomer,diastereomer,100.0,1
CHEBI_118384,CHEBI_118330,CHEBI_118330_CHEBI_118384,diastereomer,diastereomer,100.0,1
CHEBI_183591,CHEBI_186996,CHEBI_183591_CHEBI_186996,diastereomer,diastereomer,75.0,1
