id1,id2,pair_id,true_class,predicted_class,score_S,correct_prediction
CHEBI_136841,CHEBI_137678,CHEBI_136841_CHEBI_137678,protomer,protomer,94.0,1
CHEBI_57252,CHEBI_10956,CHEBI_10956_CHEBI_57252,protomer,protomer,96.0,1
CHEBI_71346,CHEBI_71533,CHEBI_71346_CHEBI_71533,protomer,protomer,96.0,1
CHEBI_57483,CHEBI_15721,CHEBI_15721_CHEBI_57483,protomer,protomer,93.0,1
CHEBI_234377,CHEBI_32050,CHEBI_234377_CHEBI_32050,protomer,protomer,97.0,1
CHEBI_90704,CHEBI_90702,CHEBI_90702_CHEBI_90704,protomer,protomer,95.0,1
CHEBI_75366,CHEBI_75369,CHEBI_75366_CHEBI_75369,protomer,protomer,94.0,1
CHEBI_37448,CHEBI_16950,CHEBI_16950_CHEBI_37448,protomer,protomer,91.0,1
CHEBI_77712,CHEBI_18073,CHEBI_18073_CHEBI_77712,protomer,protomer,97.0,1
CHEBI_192774,CHEBI_125596,CHEBI_125596_CHEBI_192774,protomer,protomer,95.0,1
CHEBI_58726,CHEBI_47990,CHEBI_47990_CHEBI_58726,protomer,protomer,93.0,1
CHEBI_190469,CHEBI_191192,CHEBI_190469_CHEBI_191192,protomer,protomer,96.0,1
CHEBI_48942,CHEBI_28484,CHEBI_28484_CHEBI_48942,protomer,protomer,88.0,1
CHEBI_57308,CHEBI_15437,CHEBI_15437_CHEBI_57308,protomer,protomer,90.0,1
CHEBI_30031,CHEBI_30779,CHEBI_30031_CHEBI_30779,protomer,protomer,93.0,1
CHEBI_64285,CHEBI_64298,CHEBI_64285_CHEBI_64298,protomer,protomer,90.0,1
CHEBI_17768,CHEBI_58263,CHEBI_17768_CHEBI_58263,protomer,protomer,90.0,1
CHEBI_71635,CHEBI_71653,CHEBI_71635_CHEBI_71653,protomer,protomer,95.0,1
CHEBI_57472,CHEBI_15682,CHEBI_15682_CHEBI_57472,protomer,protomer,83.0,1
CHEBI_57917,CHEBI_16836,CHEBI_16836_CHEBI_57917,protomer,protomer,90.0,1
CHEBI_58020,CHEBI_17123,CHEBI_17123_CHEBI_58020,protomer,protomer,88.0,1
CHEBI_6331,CHEBI_21285,CHEBI_21285_CHEBI_6331,protomer,protomer,82.0,1
CHEBI_184387,CHEBI_75175,CHEBI_184387_CHEBI_75175,protomer,protomer,94.0,1
CHEBI_70793,CHEBI_70820,CHEBI_70793_CHEBI_70820,protomer,protomer,95.0,1
CHEBI_64998,CHEBI_65011,CHEBI_64998_CHEBI_65011,protomer,protomer,90.0,1
CHEBI_139072,CHEBI_8614,CHEBI_139072_CHEBI_8614,protomer,protomer,88.0,1
CHEBI_231553,CHEBI_63598,CHEBI_231553_CHEBI_63598,protomer,protomer,96.0,1
CHEBI_30847,CHEBI_30846,CHEBI_30846_CHEBI_30847,protomer,protomer,91.0,1
CHEBI_87055,CHEBI_87293,CHEBI_87055_CHEBI_87293,protomer,protomer,96.0,1
CHEBI_53676,CHEBI_3508,CHEBI_3508_CHEBI_53676,protomer,protomer,98.0,1
CHEBI_30762,CHEBI_16914,CHEBI_16914_CHEBI_30762,protomer,protomer,90.0,1
CHEBI_133598,CHEBI_27644,CHEBI_133598_CHEBI_27644,protomer,protomer,90.0,1
CHEBI_57831,CHEBI_16597,CHEBI_16597_CHEBI_57831,protomer,protomer,90.0,1
CHEBI_131978,CHEBI_132263,CHEBI_131978_CHEBI_132263,protomer,protomer,93.0,1
CHEBI_62531,CHEBI_62528,CHEBI_62528_CHEBI_62531,protomer,protomer,92.0,1
CHEBI_229724,CHEBI_145880,CHEBI_145880_CHEBI_229724,protomer,protomer,91.0,1
CHEBI_85223,CHEBI_85666,CHEBI_85223_CHEBI_85666,protomer,protomer,95.0,1
CHEBI_57759,CHEBI_16400,CHEBI_16400_CHEBI_57759,protomer,protomer,94.0,1
CHEBI_47927,CHEBI_47925,CHEBI_47925_CHEBI_47927,protomer,protomer,92.0,1
CHEBI_58089,CHEBI_17284,CHEBI_17284_CHEBI_58089,protomer,protomer,86.0,1
CHEBI_16234,CHEBI_15377,CHEBI_15377_CHEBI_16234,protomer,protomer,75.0,1
CHEBI_70968,CHEBI_70983,CHEBI_70968_CHEBI_70983,protomer,protomer,90.0,1
CHEBI_133128,CHEBI_133122,CHEBI_133122_CHEBI_133128,protomer,protomer,95.0,1
CHEBI_9190,CHEBI_145043,CHEBI_145043_CHEBI_9190,protomer,protomer,92.0,1
CHEBI_133097,CHEBI_133096,CHEBI_133096_CHEBI_133097,protomer,protomer,92.0,1
CHEBI_234323,CHEBI_88950,CHEBI_234323_CHEBI_88950,protomer,protomer,86.0,1
CHEBI_48005,CHEBI_58731,CHEBI_48005_CHEBI_58731,protomer,protomer,85.0,1
CHEBI_67577,CHEBI_141396,CHEBI_141396_CHEBI_67577,protomer,protomer,63.0,1
CHEBI_58696,CHEBI_42646,CHEBI_42646_CHEBI_58696,protomer,protomer,92.0,1
CHEBI_138256,CHEBI_138934,CHEBI_138256_CHEBI_138934,protomer,protomer,91.0,1
CHEBI_133701,CHEBI_64414,CHEBI_133701_CHEBI_64414,protomer,protomer,90.0,1
CHEBI_88096,CHEBI_90165,CHEBI_88096_CHEBI_90165,protomer,protomer,95.0,1
CHEBI_9479,CHEBI_142526,CHEBI_142526_CHEBI_9479,protomer,protomer,91.0,1
CHEBI_86001,CHEBI_28679,CHEBI_28679_CHEBI_86001,protomer,protomer,90.0,1
CHEBI_68852,CHEBI_70739,CHEBI_68852_CHEBI_70739,protomer,protomer,91.0,1
CHEBI_17774,CHEBI_30531,CHEBI_17774_CHEBI_30531,protomer,protomer,93.0,1
CHEBI_58244,CHEBI_17711,CHEBI_17711_CHEBI_58244,protomer,protomer,93.0,1
CHEBI_59217,CHEBI_554446,CHEBI_554446_CHEBI_59217,protomer,protomer,96.0,1
CHEBI_57568,CHEBI_47963,CHEBI_47963_CHEBI_57568,protomer,protomer,85.0,1
CHEBI_11438,CHEBI_17365,CHEBI_11438_CHEBI_17365,protomer,protomer,86.0,1
CHEBI_58289,CHEBI_17835,CHEBI_17835_CHEBI_58289,protomer,protomer,87.0,1
CHEBI_57279,CHEBI_1449,CHEBI_1449_CHEBI_57279,protomer,protomer,84.0,1
CHEBI_17282,CHEBI_24813,CHEBI_17282_CHEBI_24813,protomer,protomer,94.0,1
CHEBI_70499,CHEBI_142754,CHEBI_142754_CHEBI_70499,protomer,protomer,90.0,1
CHEBI_57870,CHEBI_16710,CHEBI_16710_CHEBI_57870,protomer,protomer,91.0,1
CHEBI_12266,CHEBI_15830,CHEBI_12266_CHEBI_15830,protomer,protomer,92.0,1
CHEBI_63660,CHEBI_63618,CHEBI_63618_CHEBI_63660,protomer,protomer,96.0,1
CHEBI_28790,CHEBI_350546,CHEBI_28790_CHEBI_350546,protomer,protomer,93.0,1
CHEBI_87105,CHEBI_87104,CHEBI_87104_CHEBI_87105,protomer,protomer,94.0,1
CHEBI_57766,CHEBI_16426,CHEBI_16426_CHEBI_57766,protomer,protomer,94.0,1
CHEBI_133424,CHEBI_28130,CHEBI_133424_CHEBI_28130,protomer,protomer,96.0,1
CHEBI_62576,CHEBI_62574,CHEBI_62574_CHEBI_62576,protomer,protomer,87.0,1
CHEBI_53128,CHEBI_9068,CHEBI_53128_CHEBI_9068,protomer,protomer,91.0,1
CHEBI_16656,CHEBI_57851,CHEBI_16656_CHEBI_57851,protomer,protomer,85.0,1
CHEBI_30609,CHEBI_50365,CHEBI_30609_CHEBI_50365,protomer,protomer,86.0,1
CHEBI_57868,CHEBI_16702,CHEBI_16702_CHEBI_57868,protomer,protomer,93.0,1
CHEBI_82996,CHEBI_83084,CHEBI_82996_CHEBI_83084,protomer,protomer,92.0,1
CHEBI_145989,CHEBI_17052,CHEBI_145989_CHEBI_17052,protomer,protomer,89.0,1
CHEBI_145992,CHEBI_64473,CHEBI_145992_CHEBI_64473,protomer,protomer,96.0,1
CHEBI_229671,CHEBI_229659,CHEBI_229659_CHEBI_229671,protomer,protomer,90.0,1
CHEBI_32443,CHEBI_32442,CHEBI_32442_CHEBI_32443,protomer,protomer,89.0,1
CHEBI_133943,CHEBI_60912,CHEBI_133943_CHEBI_60912,protomer,protomer,96.0,1
CHEBI_16193,CHEBI_30764,CHEBI_16193_CHEBI_30764,protomer,protomer,91.0,1
CHEBI_231622,CHEBI_28489,CHEBI_231622_CHEBI_28489,protomer,protomer,87.0,1
CHEBI_57776,CHEBI_16446,CHEBI_16446_CHEBI_57776,protomer,protomer,95.0,1
CHEBI_74684,CHEBI_167191,CHEBI_167191_CHEBI_74684,protomer,protomer,90.0,1
CHEBI_58511,CHEBI_27394,CHEBI_27394_CHEBI_58511,protomer,protomer,87.0,1
CHEBI_35908,CHEBI_24326,CHEBI_24326_CHEBI_35908,protomer,protomer,89.0,1
CHEBI_231638,CHEBI_20141,CHEBI_20141_CHEBI_231638,protomer,protomer,92.0,1
CHEBI_16315,CHEBI_57728,CHEBI_16315_CHEBI_57728,protomer,protomer,91.0,1
CHEBI_88281,CHEBI_88280,CHEBI_88280_CHEBI_88281,protomer,protomer,94.0,1
CHEBI_180907,CHEBI_180908,CHEBI_180907_CHEBI_180908,protomer,protomer,82.0,1
CHEBI_58827,CHEBI_50602,CHEBI_50602_CHEBI_58827,protomer,protomer,88.0,1
CHEBI_64822,CHEBI_64821,CHEBI_64821_CHEBI_64822,protomer,protomer,90.0,1
CHEBI_82752,CHEBI_83355,CHEBI_82752_CHEBI_83355,protomer,protomer,93.0,1
CHEBI_17573,CHEBI_30853,CHEBI_17573_CHEBI_30853,protomer,protomer,96.0,1
CHEBI_57713,CHEBI_16281,CHEBI_16281_CHEBI_57713,protomer,protomer,85.0,1
CHEBI_78625,CHEBI_27819,CHEBI_27819_CHEBI_78625,protomer,protomer,94.0,1
CHEBI_17830,CHEBI_2247,CHEBI_17830_CHEBI_2247,protomer,protomer,92.0,1
CHEBI_30839,CHEBI_16742,CHEBI_16742_CHEBI_30839,protomer,protomer,91.0,1
CHEBI_57397,CHEBI_15544,CHEBI_15544_CHEBI_57397,protomer,protomer,96.0,1
CHEBI_229697,CHEBI_71028,CHEBI_229697_CHEBI_71028,protomer,protomer,88.0,1
CHEBI_87722,CHEBI_87721,CHEBI_87721_CHEBI_87722,protomer,protomer,91.0,1
CHEBI_16923,CHEBI_48429,CHEBI_16923_CHEBI_48429,protomer,protomer,87.0,1
CHEBI_50897,CHEBI_124991,CHEBI_124991_CHEBI_50897,protomer,protomer,96.0,1
CHEBI_140533,CHEBI_140603,CHEBI_140533_CHEBI_140603,protomer,protomer,93.0,1
CHEBI_86250,CHEBI_86247,CHEBI_86247_CHEBI_86250,protomer,protomer,89.0,1
CHEBI_16727,CHEBI_30859,CHEBI_16727_CHEBI_30859,protomer,protomer,86.0,1
CHEBI_58862,CHEBI_51309,CHEBI_51309_CHEBI_58862,protomer,protomer,91.0,1
CHEBI_18139,CHEBI_58389,CHEBI_18139_CHEBI_58389,protomer,protomer,79.0,1
CHEBI_58607,CHEBI_29086,CHEBI_29086_CHEBI_58607,protomer,protomer,96.0,1
CHEBI_101257,CHEBI_101333,CHEBI_101257_CHEBI_101333,protomer,protomer,93.0,1
CHEBI_58147,CHEBI_17442,CHEBI_17442_CHEBI_58147,protomer,protomer,93.0,1
CHEBI_58194,CHEBI_17574,CHEBI_17574_CHEBI_58194,protomer,protomer,94.0,1
CHEBI_63590,CHEBI_63579,CHEBI_63579_CHEBI_63590,protomer,protomer,94.0,1
CHEBI_57661,CHEBI_16160,CHEBI_16160_CHEBI_57661,protomer,protomer,85.0,1
CHEBI_57883,CHEBI_16754,CHEBI_16754_CHEBI_57883,protomer,protomer,93.0,1
CHEBI_16162,CHEBI_32807,CHEBI_16162_CHEBI_32807,protomer,protomer,92.0,1
CHEBI_133182,CHEBI_133181,CHEBI_133181_CHEBI_133182,protomer,protomer,94.0,1
CHEBI_29780,CHEBI_17582,CHEBI_17582_CHEBI_29780,protomer,protomer,92.0,1
CHEBI_57758,CHEBI_16399,CHEBI_16399_CHEBI_57758,protomer,protomer,83.0,1
CHEBI_57448,CHEBI_15630,CHEBI_15630_CHEBI_57448,protomer,protomer,95.0,1
CHEBI_144358,CHEBI_144349,CHEBI_144349_CHEBI_144358,protomer,protomer,90.0,1
CHEBI_49102,CHEBI_43991,CHEBI_43991_CHEBI_49102,protomer,protomer,88.0,1
CHEBI_131921,CHEBI_132232,CHEBI_131921_CHEBI_132232,protomer,protomer,81.0,1
CHEBI_60064,CHEBI_3794,CHEBI_3794_CHEBI_60064,protomer,protomer,94.0,1
CHEBI_58845,CHEBI_50765,CHEBI_50765_CHEBI_58845,protomer,protomer,93.0,1
CHEBI_57479,CHEBI_15707,CHEBI_15707_CHEBI_57479,protomer,protomer,94.0,1
CHEBI_90832,CHEBI_74452,CHEBI_74452_CHEBI_90832,protomer,protomer,96.0,1
CHEBI_51029,CHEBI_7492,CHEBI_51029_CHEBI_7492,protomer,protomer,94.0,1
CHEBI_57681,CHEBI_16211,CHEBI_16211_CHEBI_57681,protomer,protomer,92.0,1
CHEBI_77063,CHEBI_63864,CHEBI_63864_CHEBI_77063,protomer,protomer,92.0,1
CHEBI_27834,CHEBI_229687,CHEBI_229687_CHEBI_27834,protomer,protomer,92.0,1
CHEBI_57617,CHEBI_16046,CHEBI_16046_CHEBI_57617,protomer,protomer,93.0,1
CHEBI_140387,CHEBI_140257,CHEBI_140257_CHEBI_140387,protomer,protomer,95.0,1
CHEBI_57413,CHEBI_15566,CHEBI_15566_CHEBI_57413,protomer,protomer,91.0,1
CHEBI_16087,CHEBI_36453,CHEBI_16087_CHEBI_36453,protomer,protomer,99.0,1
CHEBI_16967,CHEBI_32808,CHEBI_16967_CHEBI_32808,protomer,protomer,86.0,1
CHEBI_86017,CHEBI_86296,CHEBI_86017_CHEBI_86296,protomer,protomer,96.0,1
CHEBI_13086,CHEBI_18051,CHEBI_13086_CHEBI_18051,protomer,protomer,90.0,1
CHEBI_58757,CHEBI_48905,CHEBI_48905_CHEBI_58757,protomer,protomer,95.0,1
CHEBI_87746,CHEBI_87749,CHEBI_87746_CHEBI_87749,protomer,protomer,97.0,1
CHEBI_64429,CHEBI_71487,CHEBI_64429_CHEBI_71487,protomer,protomer,92.0,1
CHEBI_58931,CHEBI_7815,CHEBI_58931_CHEBI_7815,protomer,protomer,82.0,1
CHEBI_27804,CHEBI_36096,CHEBI_27804_CHEBI_36096,protomer,protomer,89.0,1
CHEBI_193089,CHEBI_37548,CHEBI_193089_CHEBI_37548,protomer,protomer,90.0,1
CHEBI_58517,CHEBI_27626,CHEBI_27626_CHEBI_58517,protomer,protomer,92.0,1
CHEBI_30864,CHEBI_17025,CHEBI_17025_CHEBI_30864,protomer,protomer,92.0,1
CHEBI_143533,CHEBI_143886,CHEBI_143533_CHEBI_143886,protomer,protomer,91.0,1
CHEBI_78252,CHEBI_79083,CHEBI_78252_CHEBI_79083,protomer,protomer,93.0,1
CHEBI_180911,CHEBI_45906,CHEBI_180911_CHEBI_45906,protomer,protomer,94.0,1
CHEBI_137881,CHEBI_31459,CHEBI_137881_CHEBI_31459,protomer,protomer,96.0,1
CHEBI_91082,CHEBI_34941,CHEBI_34941_CHEBI_91082,protomer,protomer,92.0,1
CHEBI_67036,CHEBI_21977,CHEBI_21977_CHEBI_67036,protomer,protomer,90.0,1
CHEBI_58863,CHEBI_51310,CHEBI_51310_CHEBI_58863,protomer,protomer,96.0,1
CHEBI_166859,CHEBI_166848,CHEBI_166848_CHEBI_166859,protomer,protomer,91.0,1
CHEBI_32753,CHEBI_32752,CHEBI_32752_CHEBI_32753,protomer,protomer,63.0,1
CHEBI_37257,CHEBI_16285,CHEBI_16285_CHEBI_37257,protomer,protomer,92.0,1
CHEBI_57429,CHEBI_15607,CHEBI_15607_CHEBI_57429,protomer,protomer,84.0,1
CHEBI_59791,CHEBI_52076,CHEBI_52076_CHEBI_59791,protomer,protomer,97.0,1
CHEBI_58939,CHEBI_978,CHEBI_58939_CHEBI_978,protomer,protomer,94.0,1
CHEBI_135281,CHEBI_141384,CHEBI_135281_CHEBI_141384,protomer,protomer,66.0,1
CHEBI_58577,CHEBI_28556,CHEBI_28556_CHEBI_58577,protomer,protomer,97.0,1
CHEBI_138436,CHEBI_139108,CHEBI_138436_CHEBI_139108,protomer,protomer,92.0,1
CHEBI_33135,CHEBI_52145,CHEBI_33135_CHEBI_52145,protomer,protomer,79.0,1
CHEBI_133742,CHEBI_89454,CHEBI_133742_CHEBI_89454,protomer,protomer,97.0,1
CHEBI_49016,CHEBI_1438,CHEBI_1438_CHEBI_49016,protomer,protomer,89.0,1
CHEBI_82629,CHEBI_27647,CHEBI_27647_CHEBI_82629,protomer,protomer,96.0,1
CHEBI_145466,CHEBI_41846,CHEBI_145466_CHEBI_41846,protomer,protomer,92.0,1
CHEBI_58126,CHEBI_17381,CHEBI_17381_CHEBI_58126,protomer,protomer,87.0,1
CHEBI_28193,CHEBI_64261,CHEBI_28193_CHEBI_64261,protomer,protomer,88.0,1
CHEBI_60493,CHEBI_49100,CHEBI_49100_CHEBI_60493,protomer,protomer,99.0,1
CHEBI_58046,CHEBI_17192,CHEBI_17192_CHEBI_58046,protomer,protomer,90.0,1
CHEBI_44230,CHEBI_58700,CHEBI_44230_CHEBI_58700,protomer,protomer,91.0,1
CHEBI_16490,CHEBI_8944,CHEBI_16490_CHEBI_8944,protomer,protomer,97.0,1
CHEBI_72447,CHEBI_65069,CHEBI_65069_CHEBI_72447,protomer,protomer,92.0,1
CHEBI_57531,CHEBI_15829,CHEBI_15829_CHEBI_57531,protomer,protomer,82.0,1
CHEBI_58488,CHEBI_20013,CHEBI_20013_CHEBI_58488,protomer,protomer,84.0,1
CHEBI_84781,CHEBI_84780,CHEBI_84780_CHEBI_84781,protomer,protomer,95.0,1
CHEBI_77843,CHEBI_55552,CHEBI_55552_CHEBI_77843,protomer,protomer,96.0,1
CHEBI_75309,CHEBI_31178,CHEBI_31178_CHEBI_75309,protomer,protomer,96.0,1
CHEBI_58734,CHEBI_48043,CHEBI_48043_CHEBI_58734,protomer,protomer,96.0,1
CHEBI_28864,CHEBI_73678,CHEBI_28864_CHEBI_73678,protomer,protomer,85.0,1
CHEBI_82601,CHEBI_78539,CHEBI_78539_CHEBI_82601,protomer,protomer,96.0,1
CHEBI_83882,CHEBI_83883,CHEBI_83882_CHEBI_83883,protomer,protomer,97.0,1
CHEBI_84777,CHEBI_84776,CHEBI_84776_CHEBI_84777,protomer,protomer,94.0,1
CHEBI_64870,CHEBI_64882,CHEBI_64870_CHEBI_64882,protomer,protomer,94.0,1
CHEBI_77687,CHEBI_17678,CHEBI_17678_CHEBI_77687,protomer,protomer,95.0,1
CHEBI_49258,CHEBI_27512,CHEBI_27512_CHEBI_49258,protomer,protomer,91.0,1
CHEBI_73620,CHEBI_73621,CHEBI_73620_CHEBI_73621,protomer,protomer,84.0,1
CHEBI_77722,CHEBI_16778,CHEBI_16778_CHEBI_77722,protomer,protomer,96.0,1
CHEBI_66924,CHEBI_16919,CHEBI_16919_CHEBI_66924,protomer,protomer,91.0,1
CHEBI_90910,CHEBI_90909,CHEBI_90909_CHEBI_90910,protomer,protomer,95.0,1
CHEBI_58522,CHEBI_27711,CHEBI_27711_CHEBI_58522,protomer,protomer,94.0,1
CHEBI_86372,CHEBI_86373,CHEBI_86372_CHEBI_86373,protomer,protomer,99.0,1
CHEBI_84026,CHEBI_38299,CHEBI_38299_CHEBI_84026,protomer,protomer,95.0,1
CHEBI_58033,CHEBI_17150,CHEBI_17150_CHEBI_58033,protomer,protomer,84.0,1
CHEBI_38184,CHEBI_28747,CHEBI_28747_CHEBI_38184,protomer,protomer,91.0,1
CHEBI_66948,CHEBI_28791,CHEBI_28791_CHEBI_66948,protomer,protomer,82.0,1
CHEBI_58691,CHEBI_4077,CHEBI_4077_CHEBI_58691,protomer,protomer,89.0,1
CHEBI_85606,CHEBI_85930,CHEBI_85606_CHEBI_85930,protomer,protomer,93.0,1
CHEBI_76825,CHEBI_77021,CHEBI_76825_CHEBI_77021,protomer,protomer,96.0,1
CHEBI_36242,CHEBI_15999,CHEBI_15999_CHEBI_36242,protomer,protomer,92.0,1
CHEBI_57586,CHEBI_15956,CHEBI_15956_CHEBI_57586,protomer,protomer,94.0,1
CHEBI_89626,CHEBI_144800,CHEBI_144800_CHEBI_89626,protomer,protomer,91.0,1
CHEBI_86500,CHEBI_87142,CHEBI_86500_CHEBI_87142,protomer,protomer,92.0,1
CHEBI_2379,CHEBI_62101,CHEBI_2379_CHEBI_62101,protomer,protomer,93.0,1
CHEBI_29110,CHEBI_58612,CHEBI_29110_CHEBI_58612,protomer,protomer,92.0,1
CHEBI_11173,CHEBI_18094,CHEBI_11173_CHEBI_18094,protomer,protomer,92.0,1
CHEBI_189532,CHEBI_189545,CHEBI_189532_CHEBI_189545,protomer,protomer,87.0,1
CHEBI_17134,CHEBI_58025,CHEBI_17134_CHEBI_58025,protomer,protomer,90.0,1
CHEBI_58563,CHEBI_28390,CHEBI_28390_CHEBI_58563,protomer,protomer,84.0,1
CHEBI_134504,CHEBI_63625,CHEBI_134504_CHEBI_63625,protomer,protomer,96.0,1
CHEBI_77770,CHEBI_27825,CHEBI_27825_CHEBI_77770,protomer,protomer,95.0,1
CHEBI_46951,CHEBI_18136,CHEBI_18136_CHEBI_46951,protomer,protomer,92.0,1
CHEBI_45212,CHEBI_33017,CHEBI_33017_CHEBI_45212,protomer,protomer,93.0,1
CHEBI_16776,CHEBI_57893,CHEBI_16776_CHEBI_57893,protomer,protomer,90.0,1
CHEBI_57523,CHEBI_15809,CHEBI_15809_CHEBI_57523,protomer,protomer,95.0,1
CHEBI_57775,CHEBI_16445,CHEBI_16445_CHEBI_57775,protomer,protomer,92.0,1
CHEBI_75970,CHEBI_76081,CHEBI_75970_CHEBI_76081,protomer,protomer,94.0,1
CHEBI_35321,CHEBI_141108,CHEBI_141108_CHEBI_35321,protomer,protomer,88.0,1
CHEBI_57861,CHEBI_16691,CHEBI_16691_CHEBI_57861,protomer,protomer,94.0,1
CHEBI_144429,CHEBI_145201,CHEBI_144429_CHEBI_145201,protomer,protomer,96.0,1
CHEBI_27524,CHEBI_36665,CHEBI_27524_CHEBI_36665,protomer,protomer,94.0,1
CHEBI_85966,CHEBI_85972,CHEBI_85966_CHEBI_85972,protomer,protomer,92.0,1
CHEBI_63475,CHEBI_27592,CHEBI_27592_CHEBI_63475,protomer,protomer,86.0,1
CHEBI_233481,CHEBI_27581,CHEBI_233481_CHEBI_27581,protomer,protomer,94.0,1
CHEBI_18317,CHEBI_49004,CHEBI_18317_CHEBI_49004,protomer,protomer,90.0,1
CHEBI_47897,CHEBI_42037,CHEBI_42037_CHEBI_47897,protomer,protomer,96.0,1
CHEBI_68606,CHEBI_68605,CHEBI_68605_CHEBI_68606,protomer,protomer,99.0,1
CHEBI_60053,CHEBI_3790,CHEBI_3790_CHEBI_60053,protomer,protomer,93.0,1
CHEBI_74363,CHEBI_73803,CHEBI_73803_CHEBI_74363,protomer,protomer,84.0,1
CHEBI_37388,CHEBI_37387,CHEBI_37387_CHEBI_37388,protomer,protomer,92.0,1
CHEBI_90867,CHEBI_91293,CHEBI_90867_CHEBI_91293,protomer,protomer,94.0,1
CHEBI_58330,CHEBI_17954,CHEBI_17954_CHEBI_58330,protomer,protomer,95.0,1
CHEBI_191171,CHEBI_190700,CHEBI_190700_CHEBI_191171,protomer,protomer,93.0,1
CHEBI_137373,CHEBI_137399,CHEBI_137373_CHEBI_137399,protomer,protomer,96.0,1
CHEBI_50210,CHEBI_50226,CHEBI_50210_CHEBI_50226,protomer,protomer,97.0,1
CHEBI_36298,CHEBI_36466,CHEBI_36298_CHEBI_36466,protomer,protomer,91.0,1
CHEBI_228218,CHEBI_29026,CHEBI_228218_CHEBI_29026,protomer,protomer,96.0,1
CHEBI_85193,CHEBI_9421,CHEBI_85193_CHEBI_9421,protomer,protomer,96.0,1
CHEBI_77580,CHEBI_63818,CHEBI_63818_CHEBI_77580,protomer,protomer,94.0,1
CHEBI_71541,CHEBI_71560,CHEBI_71541_CHEBI_71560,protomer,protomer,96.0,1
CHEBI_29820,CHEBI_29408,CHEBI_29408_CHEBI_29820,protomer,protomer,83.0,1
CHEBI_3469,CHEBI_142675,CHEBI_142675_CHEBI_3469,protomer,protomer,91.0,1
CHEBI_58592,CHEBI_28843,CHEBI_28843_CHEBI_58592,protomer,protomer,30.0,1
CHEBI_46878,CHEBI_46875,CHEBI_46875_CHEBI_46878,protomer,protomer,94.0,1
CHEBI_17539,CHEBI_32798,CHEBI_17539_CHEBI_32798,protomer,protomer,92.0,1
CHEBI_29990,CHEBI_17364,CHEBI_17364_CHEBI_29990,protomer,protomer,81.0,1
CHEBI_94187,CHEBI_231334,CHEBI_231334_CHEBI_94187,protomer,protomer,93.0,1
CHEBI_58443,CHEBI_18319,CHEBI_18319_CHEBI_58443,protomer,protomer,92.0,1
CHEBI_30316,CHEBI_18047,CHEBI_18047_CHEBI_30316,protomer,protomer,92.0,1
CHEBI_75717,CHEBI_75876,CHEBI_75717_CHEBI_75876,protomer,protomer,91.0,1
CHEBI_5416,CHEBI_79367,CHEBI_5416_CHEBI_79367,protomer,protomer,96.0,1
CHEBI_82704,CHEBI_83292,CHEBI_82704_CHEBI_83292,protomer,protomer,93.0,1
CHEBI_78543,CHEBI_191939,CHEBI_191939_CHEBI_78543,protomer,protomer,96.0,1
CHEBI_24785,CHEBI_24786,CHEBI_24785_CHEBI_24786,protomer,protomer,87.0,1
CHEBI_90843,CHEBI_90841,CHEBI_90841_CHEBI_90843,protomer,protomer,94.0,1
CHEBI_17417,CHEBI_58138,CHEBI_17417_CHEBI_58138,protomer,protomer,94.0,1
CHEBI_62482,CHEBI_62479,CHEBI_62479_CHEBI_62482,protomer,protomer,92.0,1
CHEBI_58895,CHEBI_52564,CHEBI_52564_CHEBI_58895,protomer,protomer,91.0,1
CHEBI_46757,CHEBI_42334,CHEBI_42334_CHEBI_46757,protomer,protomer,92.0,1
CHEBI_152057,CHEBI_152056,CHEBI_152056_CHEBI_152057,protomer,protomer,95.0,1
CHEBI_145979,CHEBI_145983,CHEBI_145979_CHEBI_145983,protomer,protomer,92.0,1
CHEBI_58599,CHEBI_28968,CHEBI_28968_CHEBI_58599,protomer,protomer,85.0,1
CHEBI_57942,CHEBI_16900,CHEBI_16900_CHEBI_57942,protomer,protomer,62.0,1
CHEBI_85985,CHEBI_42115,CHEBI_42115_CHEBI_85985,protomer,protomer,91.0,1
CHEBI_27958,CHEBI_60056,CHEBI_27958_CHEBI_60056,protomer,protomer,89.0,1
CHEBI_58008,CHEBI_17077,CHEBI_17077_CHEBI_58008,protomer,protomer,92.0,1
CHEBI_27544,CHEBI_1395,CHEBI_1395_CHEBI_27544,protomer,protomer,91.0,1
CHEBI_518413,CHEBI_64320,CHEBI_518413_CHEBI_64320,protomer,protomer,87.0,1
CHEBI_177870,CHEBI_177387,CHEBI_177387_CHEBI_177870,protomer,protomer,96.0,1
CHEBI_76016,CHEBI_76017,CHEBI_76016_CHEBI_76017,protomer,protomer,93.0,1
CHEBI_83856,CHEBI_55549,CHEBI_55549_CHEBI_83856,protomer,protomer,94.0,1
CHEBI_46960,CHEBI_17013,CHEBI_17013_CHEBI_46960,protomer,protomer,96.0,1
CHEBI_68628,CHEBI_68629,CHEBI_68628_CHEBI_68629,protomer,protomer,92.0,1
CHEBI_15636,CHEBI_1989,CHEBI_15636_CHEBI_1989,protomer,protomer,95.0,1
CHEBI_58478,CHEBI_18413,CHEBI_18413_CHEBI_58478,protomer,protomer,90.0,1
CHEBI_45126,CHEBI_58703,CHEBI_45126_CHEBI_58703,protomer,protomer,94.0,1
CHEBI_58038,CHEBI_17165,CHEBI_17165_CHEBI_58038,protomer,protomer,95.0,1
CHEBI_57727,CHEBI_16314,CHEBI_16314_CHEBI_57727,protomer,protomer,94.0,1
CHEBI_149532,CHEBI_90194,CHEBI_149532_CHEBI_90194,protomer,protomer,94.0,1
CHEBI_58110,CHEBI_17338,CHEBI_17338_CHEBI_58110,protomer,protomer,95.0,1
CHEBI_60997,CHEBI_60996,CHEBI_60996_CHEBI_60997,protomer,protomer,90.0,1
CHEBI_35764,CHEBI_35739,CHEBI_35739_CHEBI_35764,protomer,protomer,94.0,1
CHEBI_57490,CHEBI_15737,CHEBI_15737_CHEBI_57490,protomer,protomer,90.0,1
CHEBI_133102,CHEBI_133101,CHEBI_133101_CHEBI_133102,protomer,protomer,94.0,1
CHEBI_16147,CHEBI_57657,CHEBI_16147_CHEBI_57657,protomer,protomer,92.0,1
CHEBI_79064,CHEBI_83048,CHEBI_79064_CHEBI_83048,protomer,protomer,94.0,1
CHEBI_147294,CHEBI_147295,CHEBI_147294_CHEBI_147295,protomer,protomer,93.0,1
CHEBI_87188,CHEBI_87187,CHEBI_87187_CHEBI_87188,protomer,protomer,94.0,1
CHEBI_166826,CHEBI_166832,CHEBI_166826_CHEBI_166832,protomer,protomer,95.0,1
CHEBI_78236,CHEBI_28939,CHEBI_28939_CHEBI_78236,protomer,protomer,91.0,1
CHEBI_19345,CHEBI_177909,CHEBI_177909_CHEBI_19345,protomer,protomer,87.0,1
CHEBI_58590,CHEBI_28833,CHEBI_28833_CHEBI_58590,protomer,protomer,96.0,1
CHEBI_79394,CHEBI_91179,CHEBI_79394_CHEBI_91179,protomer,protomer,90.0,1
CHEBI_57480,CHEBI_15712,CHEBI_15712_CHEBI_57480,protomer,protomer,95.0,1
CHEBI_36654,CHEBI_18026,CHEBI_18026_CHEBI_36654,protomer,protomer,91.0,1
CHEBI_31747,CHEBI_72731,CHEBI_31747_CHEBI_72731,protomer,protomer,89.0,1
CHEBI_64789,CHEBI_64942,CHEBI_64789_CHEBI_64942,protomer,protomer,93.0,1
CHEBI_16338,CHEBI_32812,CHEBI_16338_CHEBI_32812,protomer,protomer,88.0,1
CHEBI_149642,CHEBI_149660,CHEBI_149642_CHEBI_149660,protomer,protomer,94.0,1
CHEBI_57597,CHEBI_15978,CHEBI_15978_CHEBI_57597,protomer,protomer,91.0,1
CHEBI_59590,CHEBI_3761,CHEBI_3761_CHEBI_59590,protomer,protomer,96.0,1
CHEBI_83839,CHEBI_83843,CHEBI_83839_CHEBI_83843,protomer,protomer,100.0,1
CHEBI_77015,CHEBI_77124,CHEBI_77015_CHEBI_77124,protomer,protomer,91.0,1
CHEBI_58556,CHEBI_28245,CHEBI_28245_CHEBI_58556,protomer,protomer,83.0,1
CHEBI_66874,CHEBI_15727,CHEBI_15727_CHEBI_66874,protomer,protomer,95.0,1
CHEBI_67008,CHEBI_28683,CHEBI_28683_CHEBI_67008,protomer,protomer,93.0,1
CHEBI_9586,CHEBI_85387,CHEBI_85387_CHEBI_9586,protomer,protomer,90.0,1
CHEBI_57467,CHEBI_15657,CHEBI_15657_CHEBI_57467,protomer,protomer,94.0,1
CHEBI_58286,CHEBI_17827,CHEBI_17827_CHEBI_58286,protomer,protomer,89.0,1
CHEBI_71321,CHEBI_29013,CHEBI_29013_CHEBI_71321,protomer,protomer,97.0,1
CHEBI_144057,CHEBI_145249,CHEBI_144057_CHEBI_145249,protomer,protomer,95.0,1
CHEBI_78626,CHEBI_1162,CHEBI_1162_CHEBI_78626,protomer,protomer,88.0,1
CHEBI_15980,CHEBI_18697,CHEBI_15980_CHEBI_18697,protomer,protomer,91.0,1
CHEBI_15773,CHEBI_42939,CHEBI_15773_CHEBI_42939,protomer,protomer,84.0,1
CHEBI_73672,CHEBI_31445,CHEBI_31445_CHEBI_73672,protomer,protomer,95.0,1
CHEBI_57499,CHEBI_15753,CHEBI_15753_CHEBI_57499,protomer,protomer,85.0,1
CHEBI_77647,CHEBI_15718,CHEBI_15718_CHEBI_77647,protomer,protomer,94.0,1
CHEBI_64060,CHEBI_64059,CHEBI_64059_CHEBI_64060,protomer,protomer,92.0,1
CHEBI_77016,CHEBI_28125,CHEBI_28125_CHEBI_77016,protomer,protomer,92.0,1
CHEBI_58044,CHEBI_17189,CHEBI_17189_CHEBI_58044,protomer,protomer,91.0,1
CHEBI_16380,CHEBI_57753,CHEBI_16380_CHEBI_57753,protomer,protomer,92.0,1
CHEBI_61985,CHEBI_62011,CHEBI_61985_CHEBI_62011,protomer,protomer,90.0,1
CHEBI_19327,CHEBI_28990,CHEBI_19327_CHEBI_28990,protomer,protomer,95.0,1
CHEBI_149629,CHEBI_155895,CHEBI_149629_CHEBI_155895,protomer,protomer,95.0,1
CHEBI_3024,CHEBI_61691,CHEBI_3024_CHEBI_61691,protomer,protomer,90.0,1
CHEBI_37569,CHEBI_2365,CHEBI_2365_CHEBI_37569,protomer,protomer,95.0,1
CHEBI_50658,CHEBI_28971,CHEBI_28971_CHEBI_50658,protomer,protomer,96.0,1
CHEBI_67115,CHEBI_66941,CHEBI_66941_CHEBI_67115,protomer,protomer,86.0,1
CHEBI_17685,CHEBI_58234,CHEBI_17685_CHEBI_58234,protomer,protomer,91.0,1
CHEBI_221697,CHEBI_231787,CHEBI_221697_CHEBI_231787,protomer,protomer,93.0,1
CHEBI_79036,CHEBI_82972,CHEBI_79036_CHEBI_82972,protomer,protomer,96.0,1
CHEBI_85720,CHEBI_86011,CHEBI_85720_CHEBI_86011,protomer,protomer,96.0,1
CHEBI_58232,CHEBI_17680,CHEBI_17680_CHEBI_58232,protomer,protomer,91.0,1
CHEBI_85236,CHEBI_34159,CHEBI_34159_CHEBI_85236,protomer,protomer,95.0,1
CHEBI_58262,CHEBI_17764,CHEBI_17764_CHEBI_58262,protomer,protomer,93.0,1
CHEBI_139274,CHEBI_139600,CHEBI_139274_CHEBI_139600,protomer,protomer,97.0,1
CHEBI_29445,CHEBI_29778,CHEBI_29445_CHEBI_29778,protomer,protomer,57.0,1
CHEBI_80665,CHEBI_167645,CHEBI_167645_CHEBI_80665,protomer,protomer,82.0,1
CHEBI_78330,CHEBI_178022,CHEBI_178022_CHEBI_78330,protomer,protomer,93.0,1
CHEBI_61142,CHEBI_61141,CHEBI_61141_CHEBI_61142,protomer,protomer,90.0,1
CHEBI_64200,CHEBI_64201,CHEBI_64200_CHEBI_64201,protomer,protomer,91.0,1
CHEBI_57298,CHEBI_15419,CHEBI_15419_CHEBI_57298,protomer,protomer,95.0,1
CHEBI_43996,CHEBI_78025,CHEBI_43996_CHEBI_78025,protomer,protomer,90.0,1
CHEBI_57463,CHEBI_15651,CHEBI_15651_CHEBI_57463,protomer,protomer,95.0,1
CHEBI_142420,CHEBI_75145,CHEBI_142420_CHEBI_75145,protomer,protomer,92.0,1
CHEBI_61346,CHEBI_65352,CHEBI_61346_CHEBI_65352,protomer,protomer,92.0,1
CHEBI_9260,CHEBI_142674,CHEBI_142674_CHEBI_9260,protomer,protomer,92.0,1
CHEBI_57618,CHEBI_16048,CHEBI_16048_CHEBI_57618,protomer,protomer,96.0,1
CHEBI_58270,CHEBI_17786,CHEBI_17786_CHEBI_58270,protomer,protomer,92.0,1
CHEBI_17652,CHEBI_32810,CHEBI_17652_CHEBI_32810,protomer,protomer,88.0,1
CHEBI_142865,CHEBI_142879,CHEBI_142865_CHEBI_142879,protomer,protomer,86.0,1
CHEBI_29123,CHEBI_16319,CHEBI_16319_CHEBI_29123,protomer,protomer,92.0,1
CHEBI_32966,CHEBI_28013,CHEBI_28013_CHEBI_32966,protomer,protomer,93.0,1
CHEBI_133431,CHEBI_133430,CHEBI_133430_CHEBI_133431,protomer,protomer,94.0,1
CHEBI_18071,CHEBI_47870,CHEBI_18071_CHEBI_47870,protomer,protomer,88.0,1
CHEBI_1418,CHEBI_190983,CHEBI_1418_CHEBI_190983,protomer,protomer,97.0,1
CHEBI_58103,CHEBI_17321,CHEBI_17321_CHEBI_58103,protomer,protomer,95.0,1
CHEBI_229209,CHEBI_81398,CHEBI_229209_CHEBI_81398,protomer,protomer,93.0,1
CHEBI_58824,CHEBI_50519,CHEBI_50519_CHEBI_58824,protomer,protomer,83.0,1
CHEBI_18418,CHEBI_58482,CHEBI_18418_CHEBI_58482,protomer,protomer,89.0,1
CHEBI_50556,CHEBI_36967,CHEBI_36967_CHEBI_50556,protomer,protomer,89.0,1
CHEBI_83738,CHEBI_84601,CHEBI_83738_CHEBI_84601,protomer,protomer,96.0,1
CHEBI_85250,CHEBI_85780,CHEBI_85250_CHEBI_85780,protomer,protomer,95.0,1
CHEBI_90963,CHEBI_81548,CHEBI_81548_CHEBI_90963,protomer,protomer,97.0,1
CHEBI_16566,CHEBI_57817,CHEBI_16566_CHEBI_57817,protomer,protomer,90.0,1
CHEBI_66893,CHEBI_66946,CHEBI_66893_CHEBI_66946,protomer,protomer,93.0,1
CHEBI_57412,CHEBI_15564,CHEBI_15564_CHEBI_57412,protomer,protomer,89.0,1
CHEBI_59922,CHEBI_59910,CHEBI_59910_CHEBI_59922,protomer,protomer,94.0,1
CHEBI_30407,CHEBI_15836,CHEBI_15836_CHEBI_30407,protomer,protomer,87.0,1
CHEBI_84980,CHEBI_68567,CHEBI_68567_CHEBI_84980,protomer,protomer,86.0,1
CHEBI_58467,CHEBI_18381,CHEBI_18381_CHEBI_58467,protomer,protomer,96.0,1
CHEBI_52504,CHEBI_40617,CHEBI_40617_CHEBI_52504,protomer,protomer,74.0,1
CHEBI_29821,CHEBI_33538,CHEBI_29821_CHEBI_33538,protomer,protomer,86.0,1
CHEBI_55360,CHEBI_58918,CHEBI_55360_CHEBI_58918,protomer,protomer,87.0,1
CHEBI_57647,CHEBI_16122,CHEBI_16122_CHEBI_57647,protomer,protomer,88.0,1
CHEBI_50159,CHEBI_50156,CHEBI_50156_CHEBI_50159,protomer,protomer,96.0,1
CHEBI_71260,CHEBI_32020,CHEBI_32020_CHEBI_71260,protomer,protomer,97.0,1
CHEBI_58639,CHEBI_31132,CHEBI_31132_CHEBI_58639,protomer,protomer,94.0,1
CHEBI_142288,CHEBI_142347,CHEBI_142288_CHEBI_142347,protomer,protomer,92.0,1
CHEBI_77728,CHEBI_17377,CHEBI_17377_CHEBI_77728,protomer,protomer,92.0,1
CHEBI_196965,CHEBI_165563,CHEBI_165563_CHEBI_196965,protomer,protomer,93.0,1
CHEBI_229643,CHEBI_229645,CHEBI_229643_CHEBI_229645,protomer,protomer,96.0,1
CHEBI_133881,CHEBI_136423,CHEBI_133881_CHEBI_136423,protomer,protomer,92.0,1
CHEBI_145735,CHEBI_145742,CHEBI_145735_CHEBI_145742,protomer,protomer,89.0,1
CHEBI_73735,CHEBI_73732,CHEBI_73732_CHEBI_73735,protomer,protomer,95.0,1
CHEBI_59003,CHEBI_225282,CHEBI_225282_CHEBI_59003,protomer,protomer,93.0,1
CHEBI_57954,CHEBI_16934,CHEBI_16934_CHEBI_57954,protomer,protomer,88.0,1
CHEBI_83954,CHEBI_84977,CHEBI_83954_CHEBI_84977,protomer,protomer,92.0,1
CHEBI_132061,CHEBI_132507,CHEBI_132061_CHEBI_132507,protomer,protomer,96.0,1
CHEBI_52836,CHEBI_86277,CHEBI_52836_CHEBI_86277,protomer,protomer,92.0,1
CHEBI_9448,CHEBI_77615,CHEBI_77615_CHEBI_9448,protomer,protomer,90.0,1
CHEBI_90110,CHEBI_90111,CHEBI_90110_CHEBI_90111,protomer,protomer,92.0,1
CHEBI_16957,CHEBI_57965,CHEBI_16957_CHEBI_57965,protomer,protomer,92.0,1
CHEBI_76846,CHEBI_77027,CHEBI_76846_CHEBI_77027,protomer,protomer,94.0,1
CHEBI_51906,CHEBI_3414,CHEBI_3414_CHEBI_51906,protomer,protomer,96.0,1
CHEBI_57792,CHEBI_16493,CHEBI_16493_CHEBI_57792,protomer,protomer,92.0,1
CHEBI_138359,CHEBI_138402,CHEBI_138359_CHEBI_138402,protomer,protomer,89.0,1
CHEBI_94563,CHEBI_134500,CHEBI_134500_CHEBI_94563,protomer,protomer,92.0,1
CHEBI_63988,CHEBI_63987,CHEBI_63987_CHEBI_63988,protomer,protomer,89.0,1
CHEBI_29706,CHEBI_63307,CHEBI_29706_CHEBI_63307,protomer,protomer,94.0,1
CHEBI_139774,CHEBI_79256,CHEBI_139774_CHEBI_79256,protomer,protomer,95.0,1
CHEBI_8100,CHEBI_25998,CHEBI_25998_CHEBI_8100,protomer,protomer,92.0,1
CHEBI_2788,CHEBI_134252,CHEBI_134252_CHEBI_2788,protomer,protomer,88.0,1
CHEBI_87090,CHEBI_87306,CHEBI_87090_CHEBI_87306,protomer,protomer,94.0,1
CHEBI_62554,CHEBI_38221,CHEBI_38221_CHEBI_62554,protomer,protomer,91.0,1
CHEBI_90208,CHEBI_90210,CHEBI_90208_CHEBI_90210,protomer,protomer,94.0,1
CHEBI_80144,CHEBI_147364,CHEBI_147364_CHEBI_80144,protomer,protomer,81.0,1
CHEBI_58555,CHEBI_28228,CHEBI_28228_CHEBI_58555,protomer,protomer,95.0,1
CHEBI_406059,CHEBI_3558,CHEBI_3558_CHEBI_406059,protomer,protomer,96.0,1
CHEBI_23715,CHEBI_23716,CHEBI_23715_CHEBI_23716,protomer,protomer,88.0,1
CHEBI_76981,CHEBI_77107,CHEBI_76981_CHEBI_77107,protomer,protomer,91.0,1
CHEBI_58509,CHEBI_27391,CHEBI_27391_CHEBI_58509,protomer,protomer,91.0,1
CHEBI_57812,CHEBI_16556,CHEBI_16556_CHEBI_57812,protomer,protomer,95.0,1
CHEBI_58203,CHEBI_17605,CHEBI_17605_CHEBI_58203,protomer,protomer,91.0,1
CHEBI_83287,CHEBI_49401,CHEBI_49401_CHEBI_83287,protomer,protomer,91.0,1
CHEBI_16270,CHEBI_57708,CHEBI_16270_CHEBI_57708,protomer,protomer,75.0,1
CHEBI_231331,CHEBI_189724,CHEBI_189724_CHEBI_231331,protomer,protomer,93.0,1
CHEBI_16823,CHEBI_57909,CHEBI_16823_CHEBI_57909,protomer,protomer,86.0,1
CHEBI_64925,CHEBI_50591,CHEBI_50591_CHEBI_64925,protomer,protomer,96.0,1
CHEBI_16639,CHEBI_40813,CHEBI_16639_CHEBI_40813,protomer,protomer,91.0,1
CHEBI_29001,CHEBI_37287,CHEBI_29001_CHEBI_37287,protomer,protomer,92.0,1
CHEBI_83736,CHEBI_84579,CHEBI_83736_CHEBI_84579,protomer,protomer,94.0,1
CHEBI_61485,CHEBI_102166,CHEBI_102166_CHEBI_61485,protomer,protomer,63.0,1
CHEBI_73199,CHEBI_66684,CHEBI_66684_CHEBI_73199,protomer,protomer,94.0,1
CHEBI_133132,CHEBI_28031,CHEBI_133132_CHEBI_28031,protomer,protomer,96.0,1
CHEBI_144431,CHEBI_144419,CHEBI_144419_CHEBI_144431,protomer,protomer,97.0,1
CHEBI_11946,CHEBI_48867,CHEBI_11946_CHEBI_48867,protomer,protomer,91.0,1
CHEBI_141937,CHEBI_194556,CHEBI_141937_CHEBI_194556,protomer,protomer,92.0,1
CHEBI_33805,CHEBI_17784,CHEBI_17784_CHEBI_33805,protomer,protomer,91.0,1
CHEBI_61984,CHEBI_61982,CHEBI_61982_CHEBI_61984,protomer,protomer,90.0,1
CHEBI_62519,CHEBI_62526,CHEBI_62519_CHEBI_62526,protomer,protomer,94.0,1
CHEBI_57808,CHEBI_16550,CHEBI_16550_CHEBI_57808,protomer,protomer,91.0,1
CHEBI_145567,CHEBI_146215,CHEBI_145567_CHEBI_146215,protomer,protomer,93.0,1
CHEBI_142846,CHEBI_145728,CHEBI_142846_CHEBI_145728,protomer,protomer,96.0,1
CHEBI_73943,CHEBI_615,CHEBI_615_CHEBI_73943,protomer,protomer,93.0,1
CHEBI_17532,CHEBI_58182,CHEBI_17532_CHEBI_58182,protomer,protomer,87.0,1
CHEBI_78347,CHEBI_79196,CHEBI_78347_CHEBI_79196,protomer,protomer,95.0,1
CHEBI_58503,CHEBI_2482,CHEBI_2482_CHEBI_58503,protomer,protomer,97.0,1
CHEBI_59022,CHEBI_231731,CHEBI_231731_CHEBI_59022,protomer,protomer,83.0,1
CHEBI_18322,CHEBI_2490,CHEBI_18322_CHEBI_2490,protomer,protomer,90.0,1
CHEBI_57528,CHEBI_15821,CHEBI_15821_CHEBI_57528,protomer,protomer,92.0,1
CHEBI_57673,CHEBI_16192,CHEBI_16192_CHEBI_57673,protomer,protomer,96.0,1
CHEBI_70789,CHEBI_70809,CHEBI_70789_CHEBI_70809,protomer,protomer,95.0,1
CHEBI_59527,CHEBI_7476,CHEBI_59527_CHEBI_7476,protomer,protomer,93.0,1
CHEBI_25619,CHEBI_25620,CHEBI_25619_CHEBI_25620,protomer,protomer,93.0,1
CHEBI_63474,CHEBI_28506,CHEBI_28506_CHEBI_63474,protomer,protomer,88.0,1
CHEBI_83988,CHEBI_83260,CHEBI_83260_CHEBI_83988,protomer,protomer,92.0,1
CHEBI_166821,CHEBI_156336,CHEBI_156336_CHEBI_166821,protomer,protomer,92.0,1
CHEBI_178105,CHEBI_68834,CHEBI_178105_CHEBI_68834,protomer,protomer,96.0,1
CHEBI_58462,CHEBI_18372,CHEBI_18372_CHEBI_58462,protomer,protomer,92.0,1
CHEBI_9629,CHEBI_166999,CHEBI_166999_CHEBI_9629,protomer,protomer,91.0,1
CHEBI_57506,CHEBI_15768,CHEBI_15768_CHEBI_57506,protomer,protomer,84.0,1
CHEBI_27996,CHEBI_32803,CHEBI_27996_CHEBI_32803,protomer,protomer,91.0,1
CHEBI_57263,CHEBI_11972,CHEBI_11972_CHEBI_57263,protomer,protomer,92.0,1
CHEBI_142060,CHEBI_142135,CHEBI_142060_CHEBI_142135,protomer,protomer,95.0,1
CHEBI_29665,CHEBI_76800,CHEBI_29665_CHEBI_76800,protomer,protomer,94.0,1
CHEBI_8874,CHEBI_64363,CHEBI_64363_CHEBI_8874,protomer,protomer,93.0,1
CHEBI_39006,CHEBI_39005,CHEBI_39005_CHEBI_39006,protomer,protomer,91.0,1
CHEBI_39046,CHEBI_39045,CHEBI_39045_CHEBI_39046,protomer,protomer,86.0,1
CHEBI_5712,CHEBI_195452,CHEBI_195452_CHEBI_5712,protomer,protomer,86.0,1
CHEBI_131971,CHEBI_132261,CHEBI_131971_CHEBI_132261,protomer,protomer,93.0,1
CHEBI_132178,CHEBI_81974,CHEBI_132178_CHEBI_81974,protomer,protomer,94.0,1
CHEBI_142501,CHEBI_142509,CHEBI_142501_CHEBI_142509,protomer,protomer,87.0,1
CHEBI_20476,CHEBI_30789,CHEBI_20476_CHEBI_30789,protomer,protomer,86.0,1
CHEBI_147300,CHEBI_149783,CHEBI_147300_CHEBI_149783,protomer,protomer,88.0,1
CHEBI_167667,CHEBI_167679,CHEBI_167667_CHEBI_167679,protomer,protomer,94.0,1
CHEBI_88094,CHEBI_90095,CHEBI_88094_CHEBI_90095,protomer,protomer,87.0,1
CHEBI_231461,CHEBI_198073,CHEBI_198073_CHEBI_231461,protomer,protomer,95.0,1
CHEBI_77456,CHEBI_76608,CHEBI_76608_CHEBI_77456,protomer,protomer,88.0,1
CHEBI_58171,CHEBI_17508,CHEBI_17508_CHEBI_58171,protomer,protomer,93.0,1
CHEBI_231765,CHEBI_231764,CHEBI_231764_CHEBI_231765,protomer,protomer,93.0,1
CHEBI_57937,CHEBI_77859,CHEBI_57937_CHEBI_77859,protomer,protomer,89.0,1
CHEBI_64853,CHEBI_64856,CHEBI_64853_CHEBI_64856,protomer,protomer,97.0,1
CHEBI_78359,CHEBI_79273,CHEBI_78359_CHEBI_79273,protomer,protomer,96.0,1
CHEBI_57778,CHEBI_16458,CHEBI_16458_CHEBI_57778,protomer,protomer,88.0,1
CHEBI_192252,CHEBI_173385,CHEBI_173385_CHEBI_192252,protomer,protomer,90.0,1
CHEBI_71345,CHEBI_71354,CHEBI_71345_CHEBI_71354,protomer,protomer,92.0,1
CHEBI_6270,CHEBI_189646,CHEBI_189646_CHEBI_6270,protomer,protomer,91.0,1
CHEBI_73482,CHEBI_73546,CHEBI_73482_CHEBI_73546,protomer,protomer,96.0,1
CHEBI_229973,CHEBI_177935,CHEBI_177935_CHEBI_229973,protomer,protomer,94.0,1
CHEBI_64339,CHEBI_64335,CHEBI_64335_CHEBI_64339,protomer,protomer,64.0,1
CHEBI_58794,CHEBI_49222,CHEBI_49222_CHEBI_58794,protomer,protomer,89.0,1
CHEBI_85973,CHEBI_85976,CHEBI_85973_CHEBI_85976,protomer,protomer,100.0,1
CHEBI_30934,CHEBI_15586,CHEBI_15586_CHEBI_30934,protomer,protomer,85.0,1
CHEBI_143914,CHEBI_144575,CHEBI_143914_CHEBI_144575,protomer,protomer,92.0,1
CHEBI_9215,CHEBI_77315,CHEBI_77315_CHEBI_9215,protomer,protomer,90.0,1
CHEBI_63862,CHEBI_63863,CHEBI_63862_CHEBI_63863,protomer,protomer,97.0,1
CHEBI_58242,CHEBI_17706,CHEBI_17706_CHEBI_58242,protomer,protomer,96.0,1
CHEBI_32382,CHEBI_17656,CHEBI_17656_CHEBI_32382,protomer,protomer,91.0,1
CHEBI_58296,CHEBI_17857,CHEBI_17857_CHEBI_58296,protomer,protomer,93.0,1
CHEBI_167611,CHEBI_167644,CHEBI_167611_CHEBI_167644,protomer,protomer,90.0,1
CHEBI_83554,CHEBI_82772,CHEBI_82772_CHEBI_83554,protomer,protomer,76.0,1
CHEBI_58218,CHEBI_17643,CHEBI_17643_CHEBI_58218,protomer,protomer,95.0,1
CHEBI_55535,CHEBI_55534,CHEBI_55534_CHEBI_55535,protomer,protomer,90.0,1
CHEBI_87672,CHEBI_87674,CHEBI_87672_CHEBI_87674,protomer,protomer,92.0,1
CHEBI_68676,CHEBI_68668,CHEBI_68668_CHEBI_68676,protomer,protomer,86.0,1
CHEBI_18127,CHEBI_58384,CHEBI_18127_CHEBI_58384,protomer,protomer,81.0,1
CHEBI_58363,CHEBI_18058,CHEBI_18058_CHEBI_58363,protomer,protomer,87.0,1
CHEBI_32364,CHEBI_17947,CHEBI_17947_CHEBI_32364,protomer,protomer,92.0,1
CHEBI_58792,CHEBI_49197,CHEBI_49197_CHEBI_58792,protomer,protomer,87.0,1
CHEBI_27786,CHEBI_15852,CHEBI_15852_CHEBI_27786,protomer,protomer,98.0,1
CHEBI_145894,CHEBI_8908,CHEBI_145894_CHEBI_8908,protomer,protomer,94.0,1
CHEBI_30611,CHEBI_50374,CHEBI_30611_CHEBI_50374,protomer,protomer,88.0,1
CHEBI_36438,CHEBI_15653,CHEBI_15653_CHEBI_36438,protomer,protomer,95.0,1
CHEBI_57986,CHEBI_17015,CHEBI_17015_CHEBI_57986,protomer,protomer,66.0,1
CHEBI_15598,CHEBI_30835,CHEBI_15598_CHEBI_30835,protomer,protomer,84.0,1
CHEBI_17141,CHEBI_58029,CHEBI_17141_CHEBI_58029,protomer,protomer,83.0,1
CHEBI_140233,CHEBI_140297,CHEBI_140233_CHEBI_140297,protomer,protomer,97.0,1
CHEBI_143830,CHEBI_143276,CHEBI_143276_CHEBI_143830,protomer,protomer,92.0,1
CHEBI_58023,CHEBI_17131,CHEBI_17131_CHEBI_58023,protomer,protomer,88.0,1
CHEBI_39150,CHEBI_45630,CHEBI_39150_CHEBI_45630,protomer,protomer,88.0,1
CHEBI_58156,CHEBI_17469,CHEBI_17469_CHEBI_58156,protomer,protomer,93.0,1
CHEBI_84330,CHEBI_85346,CHEBI_84330_CHEBI_85346,protomer,protomer,85.0,1
CHEBI_73953,CHEBI_31923,CHEBI_31923_CHEBI_73953,protomer,protomer,96.0,1
CHEBI_16567,CHEBI_30754,CHEBI_16567_CHEBI_30754,protomer,protomer,91.0,1
CHEBI_221683,CHEBI_231788,CHEBI_221683_CHEBI_231788,protomer,protomer,92.0,1
CHEBI_17205,CHEBI_48061,CHEBI_17205_CHEBI_48061,protomer,protomer,87.0,1
CHEBI_87743,CHEBI_87737,CHEBI_87737_CHEBI_87743,protomer,protomer,94.0,1
CHEBI_57903,CHEBI_16805,CHEBI_16805_CHEBI_57903,protomer,protomer,92.0,1
CHEBI_58838,CHEBI_50726,CHEBI_50726_CHEBI_58838,protomer,protomer,96.0,1
CHEBI_17688,CHEBI_59806,CHEBI_17688_CHEBI_59806,protomer,protomer,87.0,1
CHEBI_82977,CHEBI_83801,CHEBI_82977_CHEBI_83801,protomer,protomer,100.0,1
CHEBI_90631,CHEBI_90833,CHEBI_90631_CHEBI_90833,protomer,protomer,95.0,1
CHEBI_57437,CHEBI_15617,CHEBI_15617_CHEBI_57437,protomer,protomer,97.0,1
CHEBI_57784,CHEBI_16475,CHEBI_16475_CHEBI_57784,protomer,protomer,90.0,1
CHEBI_90367,CHEBI_90366,CHEBI_90366_CHEBI_90367,protomer,protomer,97.0,1
CHEBI_85936,CHEBI_85512,CHEBI_85512_CHEBI_85936,protomer,protomer,93.0,1
CHEBI_58614,CHEBI_29114,CHEBI_29114_CHEBI_58614,protomer,protomer,96.0,1
CHEBI_58822,CHEBI_50388,CHEBI_50388_CHEBI_58822,protomer,protomer,94.0,1
CHEBI_64089,CHEBI_64087,CHEBI_64087_CHEBI_64089,protomer,protomer,90.0,1
CHEBI_53326,CHEBI_27637,CHEBI_27637_CHEBI_53326,protomer,protomer,92.0,1
CHEBI_58434,CHEBI_18301,CHEBI_18301_CHEBI_58434,protomer,protomer,91.0,1
CHEBI_58276,CHEBI_17801,CHEBI_17801_CHEBI_58276,protomer,protomer,87.0,1
CHEBI_75957,CHEBI_76056,CHEBI_75957_CHEBI_76056,protomer,protomer,92.0,1
CHEBI_51673,CHEBI_51674,CHEBI_51673_CHEBI_51674,protomer,protomer,63.0,1
CHEBI_91000,CHEBI_81559,CHEBI_81559_CHEBI_91000,protomer,protomer,94.0,1
CHEBI_90796,CHEBI_4116,CHEBI_4116_CHEBI_90796,protomer,protomer,92.0,1
CHEBI_16724,CHEBI_30830,CHEBI_16724_CHEBI_30830,protomer,protomer,88.0,1
CHEBI_77981,CHEBI_47724,CHEBI_47724_CHEBI_77981,protomer,protomer,94.0,1
CHEBI_229545,CHEBI_229539,CHEBI_229539_CHEBI_229545,protomer,protomer,95.0,1
CHEBI_89641,CHEBI_192993,CHEBI_192993_CHEBI_89641,protomer,protomer,92.0,1
CHEBI_77951,CHEBI_72674,CHEBI_72674_CHEBI_77951,protomer,protomer,95.0,1
CHEBI_17117,CHEBI_17782,CHEBI_17117_CHEBI_17782,protomer,protomer,92.0,1
CHEBI_12886,CHEBI_15905,CHEBI_12886_CHEBI_15905,protomer,protomer,94.0,1
CHEBI_83001,CHEBI_83090,CHEBI_83001_CHEBI_83090,protomer,protomer,92.0,1
CHEBI_58348,CHEBI_18007,CHEBI_18007_CHEBI_58348,protomer,protomer,83.0,1
CHEBI_82916,CHEBI_43580,CHEBI_43580_CHEBI_82916,protomer,protomer,93.0,1
CHEBI_29959,CHEBI_46828,CHEBI_29959_CHEBI_46828,protomer,protomer,99.0,1
CHEBI_78981,CHEBI_82844,CHEBI_78981_CHEBI_82844,protomer,protomer,95.0,1
CHEBI_57524,CHEBI_15811,CHEBI_15811_CHEBI_57524,protomer,protomer,82.0,1
CHEBI_6277,CHEBI_189645,CHEBI_189645_CHEBI_6277,protomer,protomer,93.0,1
CHEBI_58024,CHEBI_17133,CHEBI_17133_CHEBI_58024,protomer,protomer,97.0,1
CHEBI_60344,CHEBI_17627,CHEBI_17627_CHEBI_60344,protomer,protomer,97.0,1
CHEBI_88091,CHEBI_88250,CHEBI_88091_CHEBI_88250,protomer,protomer,93.0,1
CHEBI_132060,CHEBI_132506,CHEBI_132060_CHEBI_132506,protomer,protomer,95.0,1
CHEBI_142566,CHEBI_142545,CHEBI_142545_CHEBI_142566,protomer,protomer,92.0,1
CHEBI_133170,CHEBI_133233,CHEBI_133170_CHEBI_133233,protomer,protomer,61.0,1
CHEBI_142872,CHEBI_142931,CHEBI_142872_CHEBI_142931,protomer,protomer,95.0,1
CHEBI_6801,CHEBI_90688,CHEBI_6801_CHEBI_90688,protomer,protomer,99.0,1
CHEBI_17939,CHEBI_60255,CHEBI_17939_CHEBI_60255,protomer,protomer,96.0,1
CHEBI_77135,CHEBI_77265,CHEBI_77135_CHEBI_77265,protomer,protomer,90.0,1
CHEBI_63724,CHEBI_63616,CHEBI_63616_CHEBI_63724,protomer,protomer,94.0,1
CHEBI_234122,CHEBI_234119,CHEBI_234119_CHEBI_234122,protomer,protomer,95.0,1
CHEBI_58776,CHEBI_49075,CHEBI_49075_CHEBI_58776,protomer,protomer,87.0,1
CHEBI_140937,CHEBI_140938,CHEBI_140937_CHEBI_140938,protomer,protomer,93.0,1
CHEBI_139614,CHEBI_78786,CHEBI_139614_CHEBI_78786,protomer,protomer,95.0,1
CHEBI_63955,CHEBI_63953,CHEBI_63953_CHEBI_63955,protomer,protomer,94.0,1
CHEBI_29920,CHEBI_15907,CHEBI_15907_CHEBI_29920,protomer,protomer,86.0,1
CHEBI_18385,CHEBI_49107,CHEBI_18385_CHEBI_49107,protomer,protomer,93.0,1
CHEBI_36648,CHEBI_27990,CHEBI_27990_CHEBI_36648,protomer,protomer,93.0,1
CHEBI_67037,CHEBI_15805,CHEBI_15805_CHEBI_67037,protomer,protomer,89.0,1
CHEBI_57652,CHEBI_16137,CHEBI_16137_CHEBI_57652,protomer,protomer,95.0,1
CHEBI_57885,CHEBI_16758,CHEBI_16758_CHEBI_57885,protomer,protomer,90.0,1
CHEBI_51918,CHEBI_7447,CHEBI_51918_CHEBI_7447,protomer,protomer,96.0,1
CHEBI_74004,CHEBI_74050,CHEBI_74004_CHEBI_74050,protomer,protomer,96.0,1
CHEBI_82961,CHEBI_791,CHEBI_791_CHEBI_82961,protomer,protomer,96.0,1
CHEBI_57768,CHEBI_16428,CHEBI_16428_CHEBI_57768,protomer,protomer,95.0,1
CHEBI_67156,CHEBI_67146,CHEBI_67146_CHEBI_67156,protomer,protomer,90.0,1
CHEBI_132076,CHEBI_132738,CHEBI_132076_CHEBI_132738,protomer,protomer,96.0,1
CHEBI_73818,CHEBI_189870,CHEBI_189870_CHEBI_73818,protomer,protomer,72.0,1
CHEBI_58159,CHEBI_17477,CHEBI_17477_CHEBI_58159,protomer,protomer,92.0,1
CHEBI_57406,CHEBI_15555,CHEBI_15555_CHEBI_57406,protomer,protomer,96.0,1
CHEBI_64859,CHEBI_64854,CHEBI_64854_CHEBI_64859,protomer,protomer,92.0,1
CHEBI_28547,CHEBI_35145,CHEBI_28547_CHEBI_35145,protomer,protomer,93.0,1
CHEBI_231556,CHEBI_42094,CHEBI_231556_CHEBI_42094,protomer,protomer,91.0,1
CHEBI_58430,CHEBI_18288,CHEBI_18288_CHEBI_58430,protomer,protomer,92.0,1
CHEBI_11805,CHEBI_18064,CHEBI_11805_CHEBI_18064,protomer,protomer,89.0,1
CHEBI_6123,CHEBI_183638,CHEBI_183638_CHEBI_6123,protomer,protomer,93.0,1
CHEBI_15675,CHEBI_42677,CHEBI_15675_CHEBI_42677,protomer,protomer,87.0,1
CHEBI_17853,CHEBI_58295,CHEBI_17853_CHEBI_58295,protomer,protomer,89.0,1
CHEBI_85471,CHEBI_85905,CHEBI_85471_CHEBI_85905,protomer,protomer,94.0,1
CHEBI_133739,CHEBI_88956,CHEBI_133739_CHEBI_88956,protomer,protomer,95.0,1
CHEBI_58502,CHEBI_2481,CHEBI_2481_CHEBI_58502,protomer,protomer,98.0,1
CHEBI_51811,CHEBI_9587,CHEBI_51811_CHEBI_9587,protomer,protomer,93.0,1
CHEBI_60025,CHEBI_29457,CHEBI_29457_CHEBI_60025,protomer,protomer,93.0,1
CHEBI_58487,CHEBI_19274,CHEBI_19274_CHEBI_58487,protomer,protomer,79.0,1
CHEBI_85546,CHEBI_85542,CHEBI_85542_CHEBI_85546,protomer,protomer,94.0,1
CHEBI_83438,CHEBI_83442,CHEBI_83438_CHEBI_83442,protomer,protomer,85.0,1
CHEBI_61938,CHEBI_61936,CHEBI_61936_CHEBI_61938,protomer,protomer,94.0,1
CHEBI_139963,CHEBI_139962,CHEBI_139962_CHEBI_139963,protomer,protomer,96.0,1
CHEBI_57414,CHEBI_15567,CHEBI_15567_CHEBI_57414,protomer,protomer,92.0,1
CHEBI_234015,CHEBI_82694,CHEBI_234015_CHEBI_82694,protomer,protomer,96.0,1
CHEBI_176528,CHEBI_177366,CHEBI_176528_CHEBI_177366,protomer,protomer,88.0,1
CHEBI_133225,CHEBI_133226,CHEBI_133225_CHEBI_133226,protomer,protomer,92.0,1
CHEBI_33817,CHEBI_28378,CHEBI_28378_CHEBI_33817,protomer,protomer,92.0,1
CHEBI_61301,CHEBI_61305,CHEBI_61301_CHEBI_61305,protomer,protomer,94.0,1
CHEBI_136902,CHEBI_137807,CHEBI_136902_CHEBI_137807,protomer,protomer,97.0,1
CHEBI_55520,CHEBI_55519,CHEBI_55519_CHEBI_55520,protomer,protomer,96.0,1
CHEBI_57268,CHEBI_12387,CHEBI_12387_CHEBI_57268,protomer,protomer,92.0,1
CHEBI_79072,CHEBI_72593,CHEBI_72593_CHEBI_79072,protomer,protomer,95.0,1
CHEBI_74604,CHEBI_74948,CHEBI_74604_CHEBI_74948,protomer,protomer,96.0,1
CHEBI_38290,CHEBI_29073,CHEBI_29073_CHEBI_38290,protomer,protomer,92.0,1
CHEBI_19963,CHEBI_27764,CHEBI_19963_CHEBI_27764,protomer,protomer,91.0,1
CHEBI_141781,CHEBI_142577,CHEBI_141781_CHEBI_142577,protomer,protomer,93.0,1
CHEBI_29406,CHEBI_29407,CHEBI_29406_CHEBI_29407,protomer,protomer,85.0,1
CHEBI_81494,CHEBI_131337,CHEBI_131337_CHEBI_81494,protomer,protomer,91.0,1
CHEBI_138418,CHEBI_138417,CHEBI_138417_CHEBI_138418,protomer,protomer,93.0,1
CHEBI_29125,CHEBI_48597,CHEBI_29125_CHEBI_48597,protomer,protomer,89.0,1
CHEBI_87589,CHEBI_87591,CHEBI_87589_CHEBI_87591,protomer,protomer,100.0,1
CHEBI_57620,CHEBI_16051,CHEBI_16051_CHEBI_57620,protomer,protomer,93.0,1
CHEBI_65035,CHEBI_65045,CHEBI_65035_CHEBI_65045,protomer,protomer,89.0,1
CHEBI_62981,CHEBI_18240,CHEBI_18240_CHEBI_62981,protomer,protomer,91.0,1
CHEBI_15595,CHEBI_6650,CHEBI_15595_CHEBI_6650,protomer,protomer,84.0,1
CHEBI_93168,CHEBI_233675,CHEBI_233675_CHEBI_93168,protomer,protomer,93.0,1
CHEBI_64879,CHEBI_64892,CHEBI_64879_CHEBI_64892,protomer,protomer,94.0,1
CHEBI_140800,CHEBI_79051,CHEBI_140800_CHEBI_79051,protomer,protomer,97.0,1
CHEBI_133900,CHEBI_136401,CHEBI_133900_CHEBI_136401,protomer,protomer,95.0,1
CHEBI_2612,CHEBI_142530,CHEBI_142530_CHEBI_2612,protomer,protomer,92.0,1
CHEBI_191857,CHEBI_156335,CHEBI_156335_CHEBI_191857,protomer,protomer,93.0,1
CHEBI_57526,CHEBI_15819,CHEBI_15819_CHEBI_57526,protomer,protomer,96.0,1
CHEBI_497734,CHEBI_156132,CHEBI_156132_CHEBI_497734,protomer,protomer,82.0,1
CHEBI_21374,CHEBI_58495,CHEBI_21374_CHEBI_58495,protomer,protomer,84.0,1
CHEBI_36658,CHEBI_17637,CHEBI_17637_CHEBI_36658,protomer,protomer,92.0,1
CHEBI_58884,CHEBI_52222,CHEBI_52222_CHEBI_58884,protomer,protomer,84.0,1
CHEBI_19641,CHEBI_50129,CHEBI_19641_CHEBI_50129,protomer,protomer,88.0,1
CHEBI_84561,CHEBI_42017,CHEBI_42017_CHEBI_84561,protomer,protomer,90.0,1
CHEBI_17589,CHEBI_1472,CHEBI_1472_CHEBI_17589,protomer,protomer,86.0,1
CHEBI_18040,CHEBI_58357,CHEBI_18040_CHEBI_58357,protomer,protomer,82.0,1
CHEBI_147303,CHEBI_146146,CHEBI_146146_CHEBI_147303,protomer,protomer,92.0,1
CHEBI_74619,CHEBI_74353,CHEBI_74353_CHEBI_74619,protomer,protomer,96.0,1
CHEBI_62767,CHEBI_3918,CHEBI_3918_CHEBI_62767,protomer,protomer,91.0,1
CHEBI_58775,CHEBI_49049,CHEBI_49049_CHEBI_58775,protomer,protomer,90.0,1
CHEBI_58074,CHEBI_17249,CHEBI_17249_CHEBI_58074,protomer,protomer,66.0,1
CHEBI_137017,CHEBI_138097,CHEBI_137017_CHEBI_138097,protomer,protomer,94.0,1
CHEBI_91160,CHEBI_136935,CHEBI_136935_CHEBI_91160,protomer,protomer,93.0,1
CHEBI_57449,CHEBI_15631,CHEBI_15631_CHEBI_57449,protomer,protomer,95.0,1
CHEBI_53289,CHEBI_145498,CHEBI_145498_CHEBI_53289,protomer,protomer,92.0,1
CHEBI_132734,CHEBI_27879,CHEBI_132734_CHEBI_27879,protomer,protomer,95.0,1
CHEBI_58737,CHEBI_48290,CHEBI_48290_CHEBI_58737,protomer,protomer,85.0,1
CHEBI_25822,CHEBI_28122,CHEBI_25822_CHEBI_28122,protomer,protomer,91.0,1
CHEBI_58758,CHEBI_48926,CHEBI_48926_CHEBI_58758,protomer,protomer,88.0,1
CHEBI_58533,CHEBI_27859,CHEBI_27859_CHEBI_58533,protomer,protomer,94.0,1
CHEBI_143280,CHEBI_145322,CHEBI_143280_CHEBI_145322,protomer,protomer,95.0,1
CHEBI_64254,CHEBI_64284,CHEBI_64254_CHEBI_64284,protomer,protomer,92.0,1
CHEBI_60874,CHEBI_27480,CHEBI_27480_CHEBI_60874,protomer,protomer,93.0,1
CHEBI_57940,CHEBI_16894,CHEBI_16894_CHEBI_57940,protomer,protomer,83.0,1
CHEBI_51699,CHEBI_51691,CHEBI_51691_CHEBI_51699,protomer,protomer,97.0,1
CHEBI_15760,CHEBI_327995,CHEBI_15760_CHEBI_327995,protomer,protomer,89.0,1
CHEBI_64114,CHEBI_64113,CHEBI_64113_CHEBI_64114,protomer,protomer,96.0,1
CHEBI_60962,CHEBI_60961,CHEBI_60961_CHEBI_60962,protomer,protomer,95.0,1
CHEBI_82773,CHEBI_83564,CHEBI_82773_CHEBI_83564,protomer,protomer,88.0,1
CHEBI_48999,CHEBI_18101,CHEBI_18101_CHEBI_48999,protomer,protomer,91.0,1
CHEBI_58133,CHEBI_17406,CHEBI_17406_CHEBI_58133,protomer,protomer,93.0,1
CHEBI_58686,CHEBI_38209,CHEBI_38209_CHEBI_58686,protomer,protomer,62.0,1
CHEBI_36837,CHEBI_36833,CHEBI_36833_CHEBI_36837,protomer,protomer,57.0,1
CHEBI_50922,CHEBI_61177,CHEBI_50922_CHEBI_61177,protomer,protomer,91.0,1
CHEBI_18410,CHEBI_36575,CHEBI_18410_CHEBI_36575,protomer,protomer,92.0,1
CHEBI_74892,CHEBI_75096,CHEBI_74892_CHEBI_75096,protomer,protomer,90.0,1
CHEBI_17839,CHEBI_4581,CHEBI_17839_CHEBI_4581,protomer,protomer,96.0,1
CHEBI_30610,CHEBI_50364,CHEBI_30610_CHEBI_50364,protomer,protomer,86.0,1
CHEBI_62724,CHEBI_1865,CHEBI_1865_CHEBI_62724,protomer,protomer,97.0,1
CHEBI_28969,CHEBI_193124,CHEBI_193124_CHEBI_28969,protomer,protomer,90.0,1
CHEBI_17166,CHEBI_58039,CHEBI_17166_CHEBI_58039,protomer,protomer,78.0,1
CHEBI_68626,CHEBI_9921,CHEBI_68626_CHEBI_9921,protomer,protomer,94.0,1
CHEBI_57935,CHEBI_16877,CHEBI_16877_CHEBI_57935,protomer,protomer,96.0,1
CHEBI_16794,CHEBI_61269,CHEBI_16794_CHEBI_61269,protomer,protomer,92.0,1
CHEBI_88287,CHEBI_88284,CHEBI_88284_CHEBI_88287,protomer,protomer,96.0,1
CHEBI_58821,CHEBI_50303,CHEBI_50303_CHEBI_58821,protomer,protomer,94.0,1
CHEBI_231336,CHEBI_231271,CHEBI_231271_CHEBI_231336,protomer,protomer,65.0,1
CHEBI_77483,CHEBI_77410,CHEBI_77410_CHEBI_77483,protomer,protomer,82.0,1
CHEBI_190701,CHEBI_191178,CHEBI_190701_CHEBI_191178,protomer,protomer,91.0,1
CHEBI_58878,CHEBI_52045,CHEBI_52045_CHEBI_58878,protomer,protomer,93.0,1
CHEBI_59766,CHEBI_59767,CHEBI_59766_CHEBI_59767,protomer,protomer,84.0,1
CHEBI_19751,CHEBI_28998,CHEBI_19751_CHEBI_28998,protomer,protomer,91.0,1
CHEBI_62074,CHEBI_19982,CHEBI_19982_CHEBI_62074,protomer,protomer,88.0,1
CHEBI_37574,CHEBI_9533,CHEBI_37574_CHEBI_9533,protomer,protomer,96.0,1
CHEBI_77767,CHEBI_28318,CHEBI_28318_CHEBI_77767,protomer,protomer,90.0,1
CHEBI_87116,CHEBI_87115,CHEBI_87115_CHEBI_87116,protomer,protomer,94.0,1
CHEBI_136653,CHEBI_137370,CHEBI_136653_CHEBI_137370,protomer,protomer,96.0,1
CHEBI_82955,CHEBI_82956,CHEBI_82955_CHEBI_82956,protomer,protomer,90.0,1
CHEBI_68849,CHEBI_68845,CHEBI_68845_CHEBI_68849,protomer,protomer,94.0,1
CHEBI_78324,CHEBI_2979,CHEBI_2979_CHEBI_78324,protomer,protomer,93.0,1
CHEBI_58830,CHEBI_50608,CHEBI_50608_CHEBI_58830,protomer,protomer,92.0,1
CHEBI_137410,CHEBI_138209,CHEBI_137410_CHEBI_138209,protomer,protomer,90.0,1
CHEBI_19351,CHEBI_28854,CHEBI_19351_CHEBI_28854,protomer,protomer,93.0,1
CHEBI_17742,CHEBI_36148,CHEBI_17742_CHEBI_36148,protomer,protomer,99.0,1
CHEBI_139624,CHEBI_78851,CHEBI_139624_CHEBI_78851,protomer,protomer,95.0,1
CHEBI_30969,CHEBI_50929,CHEBI_30969_CHEBI_50929,protomer,protomer,78.0,1
CHEBI_131444,CHEBI_16344,CHEBI_131444_CHEBI_16344,protomer,protomer,90.0,1
CHEBI_44515,CHEBI_44604,CHEBI_44515_CHEBI_44604,protomer,protomer,96.0,1
CHEBI_156557,CHEBI_135633,CHEBI_135633_CHEBI_156557,protomer,protomer,97.0,1
CHEBI_84293,CHEBI_83061,CHEBI_83061_CHEBI_84293,protomer,protomer,87.0,1
CHEBI_82703,CHEBI_83290,CHEBI_82703_CHEBI_83290,protomer,protomer,93.0,1
CHEBI_77670,CHEBI_47951,CHEBI_47951_CHEBI_77670,protomer,protomer,97.0,1
CHEBI_67176,CHEBI_68828,CHEBI_67176_CHEBI_68828,protomer,protomer,91.0,1
CHEBI_71490,CHEBI_71566,CHEBI_71490_CHEBI_71566,protomer,protomer,90.0,1
CHEBI_59887,CHEBI_59194,CHEBI_59194_CHEBI_59887,protomer,protomer,93.0,1
CHEBI_58807,CHEBI_50071,CHEBI_50071_CHEBI_58807,protomer,protomer,91.0,1
CHEBI_58524,CHEBI_27717,CHEBI_27717_CHEBI_58524,protomer,protomer,96.0,1
CHEBI_64287,CHEBI_64262,CHEBI_64262_CHEBI_64287,protomer,protomer,89.0,1
CHEBI_136557,CHEBI_133995,CHEBI_133995_CHEBI_136557,protomer,protomer,89.0,1
CHEBI_60331,CHEBI_61001,CHEBI_60331_CHEBI_61001,protomer,protomer,92.0,1
CHEBI_55447,CHEBI_55446,CHEBI_55446_CHEBI_55447,protomer,protomer,97.0,1
CHEBI_58356,CHEBI_18039,CHEBI_18039_CHEBI_58356,protomer,protomer,82.0,1
CHEBI_3887,CHEBI_146232,CHEBI_146232_CHEBI_3887,protomer,protomer,65.0,1
CHEBI_86387,CHEBI_68503,CHEBI_68503_CHEBI_86387,protomer,protomer,88.0,1
CHEBI_58075,CHEBI_17250,CHEBI_17250_CHEBI_58075,protomer,protomer,83.0,1
CHEBI_145990,CHEBI_146006,CHEBI_145990_CHEBI_146006,protomer,protomer,92.0,1
CHEBI_77136,CHEBI_77271,CHEBI_77136_CHEBI_77271,protomer,protomer,93.0,1
CHEBI_19733,CHEBI_28045,CHEBI_19733_CHEBI_28045,protomer,protomer,93.0,1
CHEBI_15075,CHEBI_33490,CHEBI_15075_CHEBI_33490,protomer,protomer,89.0,1
CHEBI_48624,CHEBI_48623,CHEBI_48623_CHEBI_48624,protomer,protomer,90.0,1
CHEBI_85134,CHEBI_85133,CHEBI_85133_CHEBI_85134,protomer,protomer,90.0,1
CHEBI_6754,CHEBI_149471,CHEBI_149471_CHEBI_6754,protomer,protomer,91.0,1
CHEBI_59127,CHEBI_59124,CHEBI_59124_CHEBI_59127,protomer,protomer,91.0,1
CHEBI_57745,CHEBI_16352,CHEBI_16352_CHEBI_57745,protomer,protomer,91.0,1
CHEBI_62934,CHEBI_15955,CHEBI_15955_CHEBI_62934,protomer,protomer,96.0,1
CHEBI_76627,CHEBI_63998,CHEBI_63998_CHEBI_76627,protomer,protomer,93.0,1
CHEBI_73110,CHEBI_61048,CHEBI_61048_CHEBI_73110,protomer,protomer,98.0,1
CHEBI_167464,CHEBI_2939,CHEBI_167464_CHEBI_2939,protomer,protomer,94.0,1
CHEBI_138588,CHEBI_139239,CHEBI_138588_CHEBI_139239,protomer,protomer,90.0,1
CHEBI_33207,CHEBI_33206,CHEBI_33206_CHEBI_33207,protomer,protomer,91.0,1
CHEBI_57373,CHEBI_15519,CHEBI_15519_CHEBI_57373,protomer,protomer,97.0,1
CHEBI_64387,CHEBI_39199,CHEBI_39199_CHEBI_64387,protomer,protomer,95.0,1
CHEBI_64203,CHEBI_64204,CHEBI_64203_CHEBI_64204,protomer,protomer,89.0,1
CHEBI_58158,CHEBI_17475,CHEBI_17475_CHEBI_58158,protomer,protomer,80.0,1
CHEBI_87466,CHEBI_87465,CHEBI_87465_CHEBI_87466,protomer,protomer,94.0,1
CHEBI_138663,CHEBI_139401,CHEBI_138663_CHEBI_139401,protomer,protomer,95.0,1
CHEBI_7542,CHEBI_147362,CHEBI_147362_CHEBI_7542,protomer,protomer,82.0,1
CHEBI_30904,CHEBI_36455,CHEBI_30904_CHEBI_36455,protomer,protomer,99.0,1
CHEBI_228806,CHEBI_85362,CHEBI_228806_CHEBI_85362,protomer,protomer,90.0,1
CHEBI_15862,CHEBI_566789,CHEBI_15862_CHEBI_566789,protomer,protomer,83.0,1
CHEBI_58284,CHEBI_17820,CHEBI_17820_CHEBI_58284,protomer,protomer,93.0,1
CHEBI_19950,CHEBI_28647,CHEBI_19950_CHEBI_28647,protomer,protomer,92.0,1
CHEBI_58698,CHEBI_44074,CHEBI_44074_CHEBI_58698,protomer,protomer,92.0,1
CHEBI_70788,CHEBI_70807,CHEBI_70788_CHEBI_70807,protomer,protomer,95.0,1
CHEBI_72777,CHEBI_72784,CHEBI_72777_CHEBI_72784,protomer,protomer,96.0,1
CHEBI_6933,CHEBI_73243,CHEBI_6933_CHEBI_73243,protomer,protomer,94.0,1
CHEBI_133849,CHEBI_133848,CHEBI_133848_CHEBI_133849,protomer,protomer,94.0,1
CHEBI_61331,CHEBI_61311,CHEBI_61311_CHEBI_61331,protomer,protomer,94.0,1
CHEBI_58911,CHEBI_55334,CHEBI_55334_CHEBI_58911,protomer,protomer,94.0,1
CHEBI_58319,CHEBI_17905,CHEBI_17905_CHEBI_58319,protomer,protomer,87.0,1
CHEBI_57969,CHEBI_16974,CHEBI_16974_CHEBI_57969,protomer,protomer,92.0,1
CHEBI_35291,CHEBI_15367,CHEBI_15367_CHEBI_35291,protomer,protomer,95.0,1
CHEBI_190525,CHEBI_7989,CHEBI_190525_CHEBI_7989,protomer,protomer,95.0,1
CHEBI_55522,CHEBI_55521,CHEBI_55521_CHEBI_55522,protomer,protomer,88.0,1
CHEBI_16872,CHEBI_52430,CHEBI_16872_CHEBI_52430,protomer,protomer,89.0,1
CHEBI_32637,CHEBI_16867,CHEBI_16867_CHEBI_32637,protomer,protomer,89.0,1
CHEBI_19283,CHEBI_23837,CHEBI_19283_CHEBI_23837,protomer,protomer,94.0,1
CHEBI_61140,CHEBI_61138,CHEBI_61138_CHEBI_61140,protomer,protomer,90.0,1
CHEBI_62766,CHEBI_62765,CHEBI_62765_CHEBI_62766,protomer,protomer,95.0,1
CHEBI_20051,CHEBI_37032,CHEBI_20051_CHEBI_37032,protomer,protomer,90.0,1
CHEBI_57424,CHEBI_15587,CHEBI_15587_CHEBI_57424,protomer,protomer,85.0,1
CHEBI_156056,CHEBI_155913,CHEBI_155913_CHEBI_156056,protomer,protomer,92.0,1
CHEBI_34725,CHEBI_176787,CHEBI_176787_CHEBI_34725,protomer,protomer,86.0,1
CHEBI_87283,CHEBI_87284,CHEBI_87283_CHEBI_87284,protomer,protomer,99.0,1
CHEBI_16804,CHEBI_57902,CHEBI_16804_CHEBI_57902,protomer,protomer,87.0,1
CHEBI_189047,CHEBI_64174,CHEBI_189047_CHEBI_64174,protomer,protomer,93.0,1
CHEBI_156230,CHEBI_32918,CHEBI_156230_CHEBI_32918,protomer,protomer,92.0,1
CHEBI_57783,CHEBI_16474,CHEBI_16474_CHEBI_57783,protomer,protomer,95.0,1
CHEBI_32820,CHEBI_16857,CHEBI_16857_CHEBI_32820,protomer,protomer,87.0,1
CHEBI_58245,CHEBI_17713,CHEBI_17713_CHEBI_58245,protomer,protomer,96.0,1
CHEBI_86994,CHEBI_90099,CHEBI_86994_CHEBI_90099,protomer,protomer,84.0,1
CHEBI_133751,CHEBI_86612,CHEBI_133751_CHEBI_86612,protomer,protomer,94.0,1
CHEBI_77600,CHEBI_38565,CHEBI_38565_CHEBI_77600,protomer,protomer,96.0,1
CHEBI_58474,CHEBI_18400,CHEBI_18400_CHEBI_58474,protomer,protomer,86.0,1
CHEBI_143557,CHEBI_145321,CHEBI_143557_CHEBI_145321,protomer,protomer,94.0,1
CHEBI_87093,CHEBI_87092,CHEBI_87092_CHEBI_87093,protomer,protomer,93.0,1
CHEBI_37319,CHEBI_18355,CHEBI_18355_CHEBI_37319,protomer,protomer,90.0,1
CHEBI_17929,CHEBI_58326,CHEBI_17929_CHEBI_58326,protomer,protomer,84.0,1
CHEBI_190393,CHEBI_193521,CHEBI_190393_CHEBI_193521,protomer,protomer,88.0,1
CHEBI_58056,CHEBI_17207,CHEBI_17207_CHEBI_58056,protomer,protomer,84.0,1
CHEBI_70791,CHEBI_52490,CHEBI_52490_CHEBI_70791,protomer,protomer,94.0,1
CHEBI_58026,CHEBI_17136,CHEBI_17136_CHEBI_58026,protomer,protomer,92.0,1
CHEBI_73472,CHEBI_180898,CHEBI_180898_CHEBI_73472,protomer,protomer,93.0,1
CHEBI_192557,CHEBI_192555,CHEBI_192555_CHEBI_192557,protomer,protomer,97.0,1
CHEBI_64001,CHEBI_64000,CHEBI_64000_CHEBI_64001,protomer,protomer,91.0,1
CHEBI_58201,CHEBI_17601,CHEBI_17601_CHEBI_58201,protomer,protomer,91.0,1
CHEBI_172392,CHEBI_166724,CHEBI_166724_CHEBI_172392,protomer,protomer,94.0,1
CHEBI_57519,CHEBI_15802,CHEBI_15802_CHEBI_57519,protomer,protomer,94.0,1
CHEBI_63611,CHEBI_63699,CHEBI_63611_CHEBI_63699,protomer,protomer,100.0,1
CHEBI_36538,CHEBI_1135,CHEBI_1135_CHEBI_36538,protomer,protomer,94.0,1
CHEBI_32623,CHEBI_28225,CHEBI_28225_CHEBI_32623,protomer,protomer,90.0,1
CHEBI_16723,CHEBI_33574,CHEBI_16723_CHEBI_33574,protomer,protomer,91.0,1
CHEBI_229232,CHEBI_229230,CHEBI_229230_CHEBI_229232,protomer,protomer,97.0,1
CHEBI_18387,CHEBI_48427,CHEBI_18387_CHEBI_48427,protomer,protomer,87.0,1
CHEBI_36501,CHEBI_16508,CHEBI_16508_CHEBI_36501,protomer,protomer,92.0,1
CHEBI_34543,CHEBI_194507,CHEBI_194507_CHEBI_34543,protomer,protomer,84.0,1
CHEBI_140722,CHEBI_28580,CHEBI_140722_CHEBI_28580,protomer,protomer,89.0,1
CHEBI_57513,CHEBI_15784,CHEBI_15784_CHEBI_57513,protomer,protomer,94.0,1
CHEBI_17162,CHEBI_30820,CHEBI_17162_CHEBI_30820,protomer,protomer,91.0,1
CHEBI_77032,CHEBI_77040,CHEBI_77032_CHEBI_77040,protomer,protomer,89.0,1
CHEBI_15766,CHEBI_57505,CHEBI_15766_CHEBI_57505,protomer,protomer,81.0,1
CHEBI_29491,CHEBI_76802,CHEBI_29491_CHEBI_76802,protomer,protomer,95.0,1
CHEBI_17879,CHEBI_30763,CHEBI_17879_CHEBI_30763,protomer,protomer,89.0,1
CHEBI_140412,CHEBI_140269,CHEBI_140269_CHEBI_140412,protomer,protomer,91.0,1
CHEBI_58818,CHEBI_50271,CHEBI_50271_CHEBI_58818,protomer,protomer,90.0,1
CHEBI_178082,CHEBI_68236,CHEBI_178082_CHEBI_68236,protomer,protomer,97.0,1
CHEBI_188074,CHEBI_50122,CHEBI_188074_CHEBI_50122,protomer,protomer,93.0,1
CHEBI_59175,CHEBI_240107,CHEBI_240107_CHEBI_59175,protomer,protomer,94.0,1
CHEBI_60837,CHEBI_28181,CHEBI_28181_CHEBI_60837,protomer,protomer,96.0,1
CHEBI_136432,CHEBI_137211,CHEBI_136432_CHEBI_137211,protomer,protomer,92.0,1
CHEBI_143722,CHEBI_143902,CHEBI_143722_CHEBI_143902,protomer,protomer,94.0,1
CHEBI_39049,CHEBI_43960,CHEBI_39049_CHEBI_43960,protomer,protomer,94.0,1
CHEBI_167554,CHEBI_167557,CHEBI_167554_CHEBI_167557,protomer,protomer,96.0,1
CHEBI_5396,CHEBI_79324,CHEBI_5396_CHEBI_79324,protomer,protomer,96.0,1
CHEBI_58444,CHEBI_18321,CHEBI_18321_CHEBI_58444,protomer,protomer,92.0,1
CHEBI_60488,CHEBI_15982,CHEBI_15982_CHEBI_60488,protomer,protomer,98.0,1
CHEBI_32913,CHEBI_43043,CHEBI_32913_CHEBI_43043,protomer,protomer,89.0,1
CHEBI_16150,CHEBI_30746,CHEBI_16150_CHEBI_30746,protomer,protomer,89.0,1
CHEBI_73604,CHEBI_191202,CHEBI_191202_CHEBI_73604,protomer,protomer,83.0,1
CHEBI_744019,CHEBI_60631,CHEBI_60631_CHEBI_744019,protomer,protomer,90.0,1
CHEBI_74009,CHEBI_74097,CHEBI_74009_CHEBI_74097,protomer,protomer,94.0,1
CHEBI_59711,CHEBI_52141,CHEBI_52141_CHEBI_59711,protomer,protomer,88.0,1
CHEBI_90793,CHEBI_91133,CHEBI_90793_CHEBI_91133,protomer,protomer,95.0,1
CHEBI_58768,CHEBI_49008,CHEBI_49008_CHEBI_58768,protomer,protomer,92.0,1
CHEBI_64187,CHEBI_64190,CHEBI_64187_CHEBI_64190,protomer,protomer,92.0,1
CHEBI_133883,CHEBI_136426,CHEBI_133883_CHEBI_136426,protomer,protomer,92.0,1
CHEBI_17738,CHEBI_37041,CHEBI_17738_CHEBI_37041,protomer,protomer,91.0,1
CHEBI_57511,CHEBI_15776,CHEBI_15776_CHEBI_57511,protomer,protomer,92.0,1
CHEBI_141057,CHEBI_141055,CHEBI_141055_CHEBI_141057,protomer,protomer,88.0,1
CHEBI_68660,CHEBI_68659,CHEBI_68659_CHEBI_68660,protomer,protomer,98.0,1
CHEBI_134512,CHEBI_2469,CHEBI_134512_CHEBI_2469,protomer,protomer,95.0,1
CHEBI_73939,CHEBI_73978,CHEBI_73939_CHEBI_73978,protomer,protomer,92.0,1
CHEBI_58215,CHEBI_17633,CHEBI_17633_CHEBI_58215,protomer,protomer,93.0,1
CHEBI_190402,CHEBI_190403,CHEBI_190402_CHEBI_190403,protomer,protomer,93.0,1
CHEBI_64772,CHEBI_64855,CHEBI_64772_CHEBI_64855,protomer,protomer,91.0,1
CHEBI_85380,CHEBI_85377,CHEBI_85377_CHEBI_85380,protomer,protomer,92.0,1
CHEBI_50524,CHEBI_18135,CHEBI_18135_CHEBI_50524,protomer,protomer,89.0,1
CHEBI_166847,CHEBI_166846,CHEBI_166846_CHEBI_166847,protomer,protomer,90.0,1
CHEBI_21217,CHEBI_74169,CHEBI_21217_CHEBI_74169,protomer,protomer,89.0,1
CHEBI_143025,CHEBI_133462,CHEBI_133462_CHEBI_143025,protomer,protomer,93.0,1
CHEBI_27455,CHEBI_30956,CHEBI_27455_CHEBI_30956,protomer,protomer,88.0,1
CHEBI_57422,CHEBI_15582,CHEBI_15582_CHEBI_57422,protomer,protomer,86.0,1
CHEBI_141966,CHEBI_146230,CHEBI_141966_CHEBI_146230,protomer,protomer,91.0,1
CHEBI_157619,CHEBI_157622,CHEBI_157619_CHEBI_157622,protomer,protomer,89.0,1
CHEBI_530615,CHEBI_3696,CHEBI_3696_CHEBI_530615,protomer,protomer,95.0,1
CHEBI_75052,CHEBI_75150,CHEBI_75052_CHEBI_75150,protomer,protomer,93.0,1
CHEBI_85414,CHEBI_85811,CHEBI_85414_CHEBI_85811,protomer,protomer,96.0,1
CHEBI_28995,CHEBI_30748,CHEBI_28995_CHEBI_30748,protomer,protomer,91.0,1
CHEBI_88310,CHEBI_88308,CHEBI_88308_CHEBI_88310,protomer,protomer,96.0,1
CHEBI_133670,CHEBI_82914,CHEBI_133670_CHEBI_82914,protomer,protomer,90.0,1
CHEBI_16659,CHEBI_32398,CHEBI_16659_CHEBI_32398,protomer,protomer,88.0,1
CHEBI_76058,CHEBI_75963,CHEBI_75963_CHEBI_76058,protomer,protomer,94.0,1
CHEBI_57680,CHEBI_16210,CHEBI_16210_CHEBI_57680,protomer,protomer,94.0,1
CHEBI_19761,CHEBI_37458,CHEBI_19761_CHEBI_37458,protomer,protomer,93.0,1
CHEBI_63469,CHEBI_19929,CHEBI_19929_CHEBI_63469,protomer,protomer,92.0,1
CHEBI_59512,CHEBI_3697,CHEBI_3697_CHEBI_59512,protomer,protomer,96.0,1
CHEBI_17865,CHEBI_48430,CHEBI_17865_CHEBI_48430,protomer,protomer,90.0,1
CHEBI_74406,CHEBI_74628,CHEBI_74406_CHEBI_74628,protomer,protomer,97.0,1
CHEBI_189824,CHEBI_189663,CHEBI_189663_CHEBI_189824,protomer,protomer,93.0,1
CHEBI_36487,CHEBI_36486,CHEBI_36486_CHEBI_36487,protomer,protomer,95.0,1
CHEBI_58180,CHEBI_17530,CHEBI_17530_CHEBI_58180,protomer,protomer,86.0,1
CHEBI_64782,CHEBI_63749,CHEBI_63749_CHEBI_64782,protomer,protomer,94.0,1
CHEBI_65046,CHEBI_65003,CHEBI_65003_CHEBI_65046,protomer,protomer,86.0,1
CHEBI_231591,CHEBI_65751,CHEBI_231591_CHEBI_65751,protomer,protomer,95.0,1
CHEBI_57992,CHEBI_17040,CHEBI_17040_CHEBI_57992,protomer,protomer,85.0,1
CHEBI_37154,CHEBI_18012,CHEBI_18012_CHEBI_37154,protomer,protomer,91.0,1
CHEBI_6426,CHEBI_192489,CHEBI_192489_CHEBI_6426,protomer,protomer,80.0,1
CHEBI_78348,CHEBI_40443,CHEBI_40443_CHEBI_78348,protomer,protomer,94.0,1
CHEBI_10554,CHEBI_231771,CHEBI_10554_CHEBI_231771,protomer,protomer,89.0,1
CHEBI_134289,CHEBI_66331,CHEBI_134289_CHEBI_66331,protomer,protomer,95.0,1
CHEBI_144658,CHEBI_145020,CHEBI_144658_CHEBI_145020,protomer,protomer,88.0,1
CHEBI_64270,CHEBI_64252,CHEBI_64252_CHEBI_64270,protomer,protomer,95.0,1
CHEBI_28331,CHEBI_63677,CHEBI_28331_CHEBI_63677,protomer,protomer,95.0,1
CHEBI_73971,CHEBI_73937,CHEBI_73937_CHEBI_73971,protomer,protomer,84.0,1
CHEBI_43089,CHEBI_194307,CHEBI_194307_CHEBI_43089,protomer,protomer,69.0,1
CHEBI_87099,CHEBI_87098,CHEBI_87098_CHEBI_87099,protomer,protomer,95.0,1
CHEBI_131766,CHEBI_132069,CHEBI_131766_CHEBI_132069,protomer,protomer,93.0,1
CHEBI_20070,CHEBI_37035,CHEBI_20070_CHEBI_37035,protomer,protomer,91.0,1
CHEBI_7459,CHEBI_90756,CHEBI_7459_CHEBI_90756,protomer,protomer,90.0,1
CHEBI_63617,CHEBI_63706,CHEBI_63617_CHEBI_63706,protomer,protomer,91.0,1
CHEBI_57886,CHEBI_16764,CHEBI_16764_CHEBI_57886,protomer,protomer,96.0,1
CHEBI_133991,CHEBI_133990,CHEBI_133990_CHEBI_133991,protomer,protomer,94.0,1
CHEBI_11851,CHEBI_16530,CHEBI_11851_CHEBI_16530,protomer,protomer,88.0,1
CHEBI_57896,CHEBI_16785,CHEBI_16785_CHEBI_57896,protomer,protomer,88.0,1
CHEBI_136900,CHEBI_137791,CHEBI_136900_CHEBI_137791,protomer,protomer,97.0,1
CHEBI_40538,CHEBI_225238,CHEBI_225238_CHEBI_40538,protomer,protomer,87.0,1
CHEBI_58675,CHEBI_37525,CHEBI_37525_CHEBI_58675,protomer,protomer,83.0,1
CHEBI_192492,CHEBI_192375,CHEBI_192375_CHEBI_192492,protomer,protomer,90.0,1
CHEBI_58277,CHEBI_17803,CHEBI_17803_CHEBI_58277,protomer,protomer,91.0,1
CHEBI_70780,CHEBI_70797,CHEBI_70780_CHEBI_70797,protomer,protomer,95.0,1
CHEBI_57460,CHEBI_15646,CHEBI_15646_CHEBI_57460,protomer,protomer,95.0,1
CHEBI_77959,CHEBI_77958,CHEBI_77958_CHEBI_77959,protomer,protomer,96.0,1
CHEBI_196969,CHEBI_165543,CHEBI_165543_CHEBI_196969,protomer,protomer,94.0,1
CHEBI_17216,CHEBI_58059,CHEBI_17216_CHEBI_58059,protomer,protomer,81.0,1
CHEBI_138323,CHEBI_139045,CHEBI_138323_CHEBI_139045,protomer,protomer,96.0,1
CHEBI_58307,CHEBI_17877,CHEBI_17877_CHEBI_58307,protomer,protomer,97.0,1
CHEBI_131651,CHEBI_131963,CHEBI_131651_CHEBI_131963,protomer,protomer,83.0,1
CHEBI_29924,CHEBI_26642,CHEBI_26642_CHEBI_29924,protomer,protomer,89.0,1
CHEBI_18034,CHEBI_30907,CHEBI_18034_CHEBI_30907,protomer,protomer,87.0,1
CHEBI_229720,CHEBI_145042,CHEBI_145042_CHEBI_229720,protomer,protomer,94.0,1
CHEBI_53657,CHEBI_474053,CHEBI_474053_CHEBI_53657,protomer,protomer,97.0,1
CHEBI_30795,CHEBI_30794,CHEBI_30794_CHEBI_30795,protomer,protomer,89.0,1
CHEBI_133687,CHEBI_82942,CHEBI_133687_CHEBI_82942,protomer,protomer,94.0,1
CHEBI_142975,CHEBI_144638,CHEBI_142975_CHEBI_144638,protomer,protomer,96.0,1
CHEBI_156548,CHEBI_31746,CHEBI_156548_CHEBI_31746,protomer,protomer,83.0,1
CHEBI_57763,CHEBI_16419,CHEBI_16419_CHEBI_57763,protomer,protomer,95.0,1
CHEBI_133051,CHEBI_133054,CHEBI_133051_CHEBI_133054,protomer,protomer,79.0,1
CHEBI_72833,CHEBI_73218,CHEBI_72833_CHEBI_73218,protomer,protomer,94.0,1
CHEBI_192756,CHEBI_7545,CHEBI_192756_CHEBI_7545,protomer,protomer,95.0,1
CHEBI_144643,CHEBI_43355,CHEBI_144643_CHEBI_43355,protomer,protomer,92.0,1
CHEBI_18188,CHEBI_33094,CHEBI_18188_CHEBI_33094,protomer,protomer,89.0,1
CHEBI_147401,CHEBI_46319,CHEBI_147401_CHEBI_46319,protomer,protomer,95.0,1
CHEBI_58055,CHEBI_17204,CHEBI_17204_CHEBI_58055,protomer,protomer,89.0,1
CHEBI_2009,CHEBI_86004,CHEBI_2009_CHEBI_86004,protomer,protomer,94.0,1
CHEBI_60535,CHEBI_30404,CHEBI_30404_CHEBI_60535,protomer,protomer,94.0,1
CHEBI_133481,CHEBI_133474,CHEBI_133474_CHEBI_133481,protomer,protomer,93.0,1
CHEBI_64457,CHEBI_64455,CHEBI_64455_CHEBI_64457,protomer,protomer,88.0,1
CHEBI_64820,CHEBI_64818,CHEBI_64818_CHEBI_64820,protomer,protomer,91.0,1
CHEBI_57410,CHEBI_15559,CHEBI_15559_CHEBI_57410,protomer,protomer,94.0,1
CHEBI_70507,CHEBI_142771,CHEBI_142771_CHEBI_70507,protomer,protomer,91.0,1
CHEBI_62210,CHEBI_62212,CHEBI_62210_CHEBI_62212,protomer,protomer,91.0,1
CHEBI_57607,CHEBI_16021,CHEBI_16021_CHEBI_57607,protomer,protomer,93.0,1
CHEBI_88119,CHEBI_90167,CHEBI_88119_CHEBI_90167,protomer,protomer,95.0,1
CHEBI_176905,CHEBI_46322,CHEBI_176905_CHEBI_46322,protomer,protomer,96.0,1
CHEBI_16714,CHEBI_57871,CHEBI_16714_CHEBI_57871,protomer,protomer,91.0,1
CHEBI_76892,CHEBI_29505,CHEBI_29505_CHEBI_76892,protomer,protomer,93.0,1
CHEBI_63894,CHEBI_45133,CHEBI_45133_CHEBI_63894,protomer,protomer,88.0,1
CHEBI_52441,CHEBI_3491,CHEBI_3491_CHEBI_52441,protomer,protomer,95.0,1
CHEBI_146157,CHEBI_156219,CHEBI_146157_CHEBI_156219,protomer,protomer,96.0,1
CHEBI_64979,CHEBI_64978,CHEBI_64978_CHEBI_64979,protomer,protomer,91.0,1
CHEBI_15692,CHEBI_57473,CHEBI_15692_CHEBI_57473,protomer,protomer,94.0,1
CHEBI_32373,CHEBI_36090,CHEBI_32373_CHEBI_36090,protomer,protomer,91.0,1
CHEBI_57469,CHEBI_15661,CHEBI_15661_CHEBI_57469,protomer,protomer,88.0,1
CHEBI_61268,CHEBI_61281,CHEBI_61268_CHEBI_61281,protomer,protomer,93.0,1
CHEBI_35854,CHEBI_233453,CHEBI_233453_CHEBI_35854,protomer,protomer,95.0,1
CHEBI_16169,CHEBI_44747,CHEBI_16169_CHEBI_44747,protomer,protomer,92.0,1
CHEBI_234081,CHEBI_9908,CHEBI_234081_CHEBI_9908,protomer,protomer,96.0,1
CHEBI_136969,CHEBI_137960,CHEBI_136969_CHEBI_137960,protomer,protomer,96.0,1
CHEBI_132005,CHEBI_132306,CHEBI_132005_CHEBI_132306,protomer,protomer,94.0,1
CHEBI_15602,CHEBI_49259,CHEBI_15602_CHEBI_49259,protomer,protomer,94.0,1
CHEBI_33565,CHEBI_27802,CHEBI_27802_CHEBI_33565,protomer,protomer,91.0,1
CHEBI_16918,CHEBI_30778,CHEBI_16918_CHEBI_30778,protomer,protomer,90.0,1
CHEBI_60489,CHEBI_15434,CHEBI_15434_CHEBI_60489,protomer,protomer,64.0,1
CHEBI_133476,CHEBI_28297,CHEBI_133476_CHEBI_28297,protomer,protomer,92.0,1
CHEBI_51350,CHEBI_49566,CHEBI_49566_CHEBI_51350,protomer,protomer,96.0,1
CHEBI_131725,CHEBI_27609,CHEBI_131725_CHEBI_27609,protomer,protomer,95.0,1
CHEBI_229652,CHEBI_229656,CHEBI_229652_CHEBI_229656,protomer,protomer,91.0,1
CHEBI_63070,CHEBI_16958,CHEBI_16958_CHEBI_63070,protomer,protomer,88.0,1
CHEBI_58181,CHEBI_17531,CHEBI_17531_CHEBI_58181,protomer,protomer,95.0,1
CHEBI_79081,CHEBI_28699,CHEBI_28699_CHEBI_79081,protomer,protomer,84.0,1
CHEBI_58301,CHEBI_17864,CHEBI_17864_CHEBI_58301,protomer,protomer,95.0,1
CHEBI_77948,CHEBI_310312,CHEBI_310312_CHEBI_77948,protomer,protomer,93.0,1
CHEBI_141780,CHEBI_142580,CHEBI_141780_CHEBI_142580,protomer,protomer,94.0,1
CHEBI_57626,CHEBI_16063,CHEBI_16063_CHEBI_57626,protomer,protomer,97.0,1
CHEBI_77858,CHEBI_40070,CHEBI_40070_CHEBI_77858,protomer,protomer,90.0,1
CHEBI_141467,CHEBI_141473,CHEBI_141467_CHEBI_141473,protomer,protomer,96.0,1
CHEBI_29209,CHEBI_33486,CHEBI_29209_CHEBI_33486,protomer,protomer,89.0,1
CHEBI_58030,CHEBI_17142,CHEBI_17142_CHEBI_58030,protomer,protomer,89.0,1
CHEBI_84184,CHEBI_85059,CHEBI_84184_CHEBI_85059,protomer,protomer,92.0,1
CHEBI_61317,CHEBI_61505,CHEBI_61317_CHEBI_61505,protomer,protomer,97.0,1
CHEBI_68823,CHEBI_68685,CHEBI_68685_CHEBI_68823,protomer,protomer,96.0,1
CHEBI_141852,CHEBI_142278,CHEBI_141852_CHEBI_142278,protomer,protomer,95.0,1
CHEBI_92842,CHEBI_170000,CHEBI_170000_CHEBI_92842,protomer,protomer,90.0,1
CHEBI_134121,CHEBI_136711,CHEBI_134121_CHEBI_136711,protomer,protomer,95.0,1
CHEBI_132936,CHEBI_89836,CHEBI_132936_CHEBI_89836,protomer,protomer,90.0,1
CHEBI_11047,CHEBI_17290,CHEBI_11047_CHEBI_17290,protomer,protomer,89.0,1
CHEBI_43871,CHEBI_180694,CHEBI_180694_CHEBI_43871,protomer,protomer,92.0,1
CHEBI_58027,CHEBI_17138,CHEBI_17138_CHEBI_58027,protomer,protomer,91.0,1
CHEBI_58304,CHEBI_17872,CHEBI_17872_CHEBI_58304,protomer,protomer,89.0,1
CHEBI_77622,CHEBI_66904,CHEBI_66904_CHEBI_77622,protomer,protomer,97.0,1
CHEBI_71975,CHEBI_71974,CHEBI_71974_CHEBI_71975,protomer,protomer,100.0,1
CHEBI_58372,CHEBI_18080,CHEBI_18080_CHEBI_58372,protomer,protomer,92.0,1
CHEBI_32814,CHEBI_15859,CHEBI_15859_CHEBI_32814,protomer,protomer,87.0,1
CHEBI_16652,CHEBI_57848,CHEBI_16652_CHEBI_57848,protomer,protomer,69.0,1
CHEBI_50012,CHEBI_50010,CHEBI_50010_CHEBI_50012,protomer,protomer,96.0,1
CHEBI_61294,CHEBI_61291,CHEBI_61291_CHEBI_61294,protomer,protomer,88.0,1
CHEBI_136592,CHEBI_63322,CHEBI_136592_CHEBI_63322,protomer,protomer,87.0,1
CHEBI_17458,CHEBI_58155,CHEBI_17458_CHEBI_58155,protomer,protomer,87.0,1
CHEBI_145010,CHEBI_145029,CHEBI_145010_CHEBI_145029,protomer,protomer,97.0,1
CHEBI_57456,CHEBI_15639,CHEBI_15639_CHEBI_57456,protomer,protomer,95.0,1
CHEBI_57267,CHEBI_12350,CHEBI_12350_CHEBI_57267,protomer,protomer,94.0,1
CHEBI_161936,CHEBI_3129,CHEBI_161936_CHEBI_3129,protomer,protomer,94.0,1
CHEBI_51863,CHEBI_2956,CHEBI_2956_CHEBI_51863,protomer,protomer,97.0,1
CHEBI_58454,CHEBI_18344,CHEBI_18344_CHEBI_58454,protomer,protomer,94.0,1
CHEBI_88193,CHEBI_88192,CHEBI_88192_CHEBI_88193,protomer,protomer,95.0,1
CHEBI_28101,CHEBI_58550,CHEBI_28101_CHEBI_58550,protomer,protomer,88.0,1
CHEBI_58910,CHEBI_53508,CHEBI_53508_CHEBI_58910,protomer,protomer,88.0,1
CHEBI_15992,CHEBI_36108,CHEBI_15992_CHEBI_36108,protomer,protomer,92.0,1
CHEBI_74945,CHEBI_77983,CHEBI_74945_CHEBI_77983,protomer,protomer,95.0,1
CHEBI_58383,CHEBI_18124,CHEBI_18124_CHEBI_58383,protomer,protomer,89.0,1
CHEBI_15944,CHEBI_57578,CHEBI_15944_CHEBI_57578,protomer,protomer,90.0,1
CHEBI_29109,CHEBI_58611,CHEBI_29109_CHEBI_58611,protomer,protomer,92.0,1
CHEBI_84116,CHEBI_84117,CHEBI_84116_CHEBI_84117,protomer,protomer,91.0,1
CHEBI_58923,CHEBI_55451,CHEBI_55451_CHEBI_58923,protomer,protomer,96.0,1
CHEBI_19615,CHEBI_17367,CHEBI_17367_CHEBI_19615,protomer,protomer,89.0,1
CHEBI_28313,CHEBI_190184,CHEBI_190184_CHEBI_28313,protomer,protomer,88.0,1
CHEBI_191220,CHEBI_91316,CHEBI_191220_CHEBI_91316,protomer,protomer,84.0,1
CHEBI_149530,CHEBI_90183,CHEBI_149530_CHEBI_90183,protomer,protomer,94.0,1
CHEBI_58831,CHEBI_50616,CHEBI_50616_CHEBI_58831,protomer,protomer,84.0,1
CHEBI_28303,CHEBI_30793,CHEBI_28303_CHEBI_30793,protomer,protomer,91.0,1
CHEBI_71190,CHEBI_71214,CHEBI_71190_CHEBI_71214,protomer,protomer,94.0,1
CHEBI_84034,CHEBI_40926,CHEBI_40926_CHEBI_84034,protomer,protomer,88.0,1
CHEBI_58553,CHEBI_28151,CHEBI_28151_CHEBI_58553,protomer,protomer,94.0,1
CHEBI_17689,CHEBI_52897,CHEBI_17689_CHEBI_52897,protomer,protomer,95.0,1
CHEBI_62877,CHEBI_55513,CHEBI_55513_CHEBI_62877,protomer,protomer,93.0,1
CHEBI_71959,CHEBI_29507,CHEBI_29507_CHEBI_71959,protomer,protomer,91.0,1
CHEBI_133978,CHEBI_136600,CHEBI_133978_CHEBI_136600,protomer,protomer,96.0,1
CHEBI_11812,CHEBI_17667,CHEBI_11812_CHEBI_17667,protomer,protomer,88.0,1
CHEBI_77663,CHEBI_71599,CHEBI_71599_CHEBI_77663,protomer,protomer,89.0,1
CHEBI_29317,CHEBI_16503,CHEBI_16503_CHEBI_29317,protomer,protomer,49.0,1
CHEBI_58560,CHEBI_28296,CHEBI_28296_CHEBI_58560,protomer,protomer,82.0,1
CHEBI_78385,CHEBI_79277,CHEBI_78385_CHEBI_79277,protomer,protomer,94.0,1
CHEBI_15725,CHEBI_57484,CHEBI_15725_CHEBI_57484,protomer,protomer,79.0,1
CHEBI_138056,CHEBI_138055,CHEBI_138055_CHEBI_138056,protomer,protomer,91.0,1
CHEBI_11901,CHEBI_16312,CHEBI_11901_CHEBI_16312,protomer,protomer,96.0,1
CHEBI_62441,CHEBI_62439,CHEBI_62439_CHEBI_62441,protomer,protomer,97.0,1
CHEBI_133567,CHEBI_133565,CHEBI_133565_CHEBI_133567,protomer,protomer,93.0,1
CHEBI_194372,CHEBI_165887,CHEBI_165887_CHEBI_194372,protomer,protomer,94.0,1
CHEBI_18253,CHEBI_28116,CHEBI_18253_CHEBI_28116,protomer,protomer,93.0,1
CHEBI_75287,CHEBI_75374,CHEBI_75287_CHEBI_75374,protomer,protomer,93.0,1
CHEBI_140994,CHEBI_35422,CHEBI_140994_CHEBI_35422,protomer,protomer,92.0,1
CHEBI_57517,CHEBI_15798,CHEBI_15798_CHEBI_57517,protomer,protomer,90.0,1
CHEBI_133006,CHEBI_133005,CHEBI_133005_CHEBI_133006,protomer,protomer,95.0,1
CHEBI_18052,CHEBI_30632,CHEBI_18052_CHEBI_30632,protomer,protomer,96.0,1
CHEBI_28948,CHEBI_136516,CHEBI_136516_CHEBI_28948,protomer,protomer,89.0,1
CHEBI_57604,CHEBI_16001,CHEBI_16001_CHEBI_57604,protomer,protomer,89.0,1
CHEBI_57664,CHEBI_16168,CHEBI_16168_CHEBI_57664,protomer,protomer,91.0,1
CHEBI_58652,CHEBI_32989,CHEBI_32989_CHEBI_58652,protomer,protomer,83.0,1
CHEBI_132918,CHEBI_1606,CHEBI_132918_CHEBI_1606,protomer,protomer,92.0,1
CHEBI_65113,CHEBI_65082,CHEBI_65082_CHEBI_65113,protomer,protomer,85.0,1
CHEBI_60078,CHEBI_18013,CHEBI_18013_CHEBI_60078,protomer,protomer,96.0,1
CHEBI_59002,CHEBI_58961,CHEBI_58961_CHEBI_59002,protomer,protomer,94.0,1
CHEBI_57732,CHEBI_16321,CHEBI_16321_CHEBI_57732,protomer,protomer,83.0,1
CHEBI_16393,CHEBI_57756,CHEBI_16393_CHEBI_57756,protomer,protomer,91.0,1
CHEBI_133505,CHEBI_133504,CHEBI_133504_CHEBI_133505,protomer,protomer,96.0,1
CHEBI_16510,CHEBI_33404,CHEBI_16510_CHEBI_33404,protomer,protomer,87.0,1
CHEBI_5402,CHEBI_79329,CHEBI_5402_CHEBI_79329,protomer,protomer,96.0,1
CHEBI_44549,CHEBI_63416,CHEBI_44549_CHEBI_63416,protomer,protomer,92.0,1
CHEBI_195235,CHEBI_141426,CHEBI_141426_CHEBI_195235,protomer,protomer,86.0,1
CHEBI_142802,CHEBI_142801,CHEBI_142801_CHEBI_142802,protomer,protomer,95.0,1
CHEBI_57744,CHEBI_16351,CHEBI_16351_CHEBI_57744,protomer,protomer,92.0,1
CHEBI_57567,CHEBI_15919,CHEBI_15919_CHEBI_57567,protomer,protomer,92.0,1
CHEBI_29745,CHEBI_16294,CHEBI_16294_CHEBI_29745,protomer,protomer,85.0,1
CHEBI_57441,CHEBI_15622,CHEBI_15622_CHEBI_57441,protomer,protomer,91.0,1
CHEBI_140348,CHEBI_140243,CHEBI_140243_CHEBI_140348,protomer,protomer,94.0,1
CHEBI_16387,CHEBI_57755,CHEBI_16387_CHEBI_57755,protomer,protomer,90.0,1
CHEBI_134616,CHEBI_136994,CHEBI_134616_CHEBI_136994,protomer,protomer,90.0,1
CHEBI_58423,CHEBI_18251,CHEBI_18251_CHEBI_58423,protomer,protomer,95.0,1
CHEBI_35490,CHEBI_58661,CHEBI_35490_CHEBI_58661,protomer,protomer,89.0,1
CHEBI_72323,CHEBI_72326,CHEBI_72323_CHEBI_72326,protomer,protomer,95.0,1
CHEBI_15906,CHEBI_76819,CHEBI_15906_CHEBI_76819,protomer,protomer,96.0,1
CHEBI_57495,CHEBI_15745,CHEBI_15745_CHEBI_57495,protomer,protomer,91.0,1
CHEBI_81280,CHEBI_195255,CHEBI_195255_CHEBI_81280,protomer,protomer,87.0,1
CHEBI_62248,CHEBI_62412,CHEBI_62248_CHEBI_62412,protomer,protomer,92.0,1
CHEBI_87460,CHEBI_87164,CHEBI_87164_CHEBI_87460,protomer,protomer,88.0,1
CHEBI_82757,CHEBI_83434,CHEBI_82757_CHEBI_83434,protomer,protomer,93.0,1
CHEBI_143558,CHEBI_144845,CHEBI_143558_CHEBI_144845,protomer,protomer,91.0,1
CHEBI_28080,CHEBI_53146,CHEBI_28080_CHEBI_53146,protomer,protomer,86.0,1
CHEBI_63971,CHEBI_63968,CHEBI_63968_CHEBI_63971,protomer,protomer,86.0,1
CHEBI_133571,CHEBI_133570,CHEBI_133570_CHEBI_133571,protomer,protomer,94.0,1
CHEBI_85581,CHEBI_85924,CHEBI_85581_CHEBI_85924,protomer,protomer,90.0,1
CHEBI_133546,CHEBI_133544,CHEBI_133544_CHEBI_133546,protomer,protomer,93.0,1
CHEBI_64149,CHEBI_64150,CHEBI_64149_CHEBI_64150,protomer,protomer,94.0,1
CHEBI_18277,CHEBI_7091,CHEBI_18277_CHEBI_7091,protomer,protomer,92.0,1
CHEBI_63693,CHEBI_63735,CHEBI_63693_CHEBI_63735,protomer,protomer,91.0,1
CHEBI_61085,CHEBI_16345,CHEBI_16345_CHEBI_61085,protomer,protomer,81.0,1
CHEBI_13862,CHEBI_18091,CHEBI_13862_CHEBI_18091,protomer,protomer,89.0,1
CHEBI_72292,CHEBI_72706,CHEBI_72292_CHEBI_72706,protomer,protomer,89.0,1
CHEBI_140393,CHEBI_140258,CHEBI_140258_CHEBI_140393,protomer,protomer,95.0,1
CHEBI_36558,CHEBI_16116,CHEBI_16116_CHEBI_36558,protomer,protomer,92.0,1
CHEBI_67009,CHEBI_16680,CHEBI_16680_CHEBI_67009,protomer,protomer,96.0,1
CHEBI_167454,CHEBI_169999,CHEBI_167454_CHEBI_169999,protomer,protomer,96.0,1
CHEBI_139181,CHEBI_28870,CHEBI_139181_CHEBI_28870,protomer,protomer,97.0,1
CHEBI_71237,CHEBI_71241,CHEBI_71237_CHEBI_71241,protomer,protomer,91.0,1
CHEBI_58452,CHEBI_18336,CHEBI_18336_CHEBI_58452,protomer,protomer,84.0,1
CHEBI_60308,CHEBI_18258,CHEBI_18258_CHEBI_60308,protomer,protomer,93.0,1
CHEBI_29083,CHEBI_16440,CHEBI_16440_CHEBI_29083,protomer,protomer,81.0,1
CHEBI_57779,CHEBI_16461,CHEBI_16461_CHEBI_57779,protomer,protomer,81.0,1
CHEBI_64098,CHEBI_64097,CHEBI_64097_CHEBI_64098,protomer,protomer,92.0,1
CHEBI_57841,CHEBI_16629,CHEBI_16629_CHEBI_57841,protomer,protomer,91.0,1
CHEBI_196977,CHEBI_196947,CHEBI_196947_CHEBI_196977,protomer,protomer,92.0,1
CHEBI_58898,CHEBI_52669,CHEBI_52669_CHEBI_58898,protomer,protomer,86.0,1
CHEBI_61923,CHEBI_41696,CHEBI_41696_CHEBI_61923,protomer,protomer,88.0,1
CHEBI_77976,CHEBI_72676,CHEBI_72676_CHEBI_77976,protomer,protomer,95.0,1
CHEBI_77638,CHEBI_16370,CHEBI_16370_CHEBI_77638,protomer,protomer,89.0,1
CHEBI_133705,CHEBI_133704,CHEBI_133704_CHEBI_133705,protomer,protomer,93.0,1
CHEBI_86016,CHEBI_86287,CHEBI_86016_CHEBI_86287,protomer,protomer,95.0,1
CHEBI_57400,CHEBI_15547,CHEBI_15547_CHEBI_57400,protomer,protomer,96.0,1
CHEBI_60540,CHEBI_28265,CHEBI_28265_CHEBI_60540,protomer,protomer,96.0,1
CHEBI_60991,CHEBI_1159,CHEBI_1159_CHEBI_60991,protomer,protomer,89.0,1
CHEBI_71567,CHEBI_71616,CHEBI_71567_CHEBI_71616,protomer,protomer,96.0,1
CHEBI_37859,CHEBI_37858,CHEBI_37858_CHEBI_37859,protomer,protomer,80.0,1
CHEBI_27413,CHEBI_91086,CHEBI_27413_CHEBI_91086,protomer,protomer,88.0,1
CHEBI_136180,CHEBI_137043,CHEBI_136180_CHEBI_137043,protomer,protomer,96.0,1
CHEBI_15616,CHEBI_57436,CHEBI_15616_CHEBI_57436,protomer,protomer,82.0,1
CHEBI_136510,CHEBI_137299,CHEBI_136510_CHEBI_137299,protomer,protomer,92.0,1
CHEBI_157642,CHEBI_40823,CHEBI_157642_CHEBI_40823,protomer,protomer,88.0,1
CHEBI_62622,CHEBI_27823,CHEBI_27823_CHEBI_62622,protomer,protomer,94.0,1
CHEBI_83107,CHEBI_83108,CHEBI_83107_CHEBI_83108,protomer,protomer,92.0,1
CHEBI_59128,CHEBI_421840,CHEBI_421840_CHEBI_59128,protomer,protomer,92.0,1
CHEBI_229565,CHEBI_194218,CHEBI_194218_CHEBI_229565,protomer,protomer,97.0,1
CHEBI_28136,CHEBI_193123,CHEBI_193123_CHEBI_28136,protomer,protomer,90.0,1
CHEBI_136690,CHEBI_47454,CHEBI_136690_CHEBI_47454,protomer,protomer,95.0,1
CHEBI_136669,CHEBI_137456,CHEBI_136669_CHEBI_137456,protomer,protomer,89.0,1
CHEBI_91185,CHEBI_91187,CHEBI_91185_CHEBI_91187,protomer,protomer,91.0,1
CHEBI_35399,CHEBI_15672,CHEBI_15672_CHEBI_35399,protomer,protomer,93.0,1
CHEBI_23872,CHEBI_45599,CHEBI_23872_CHEBI_45599,protomer,protomer,90.0,1
CHEBI_133502,CHEBI_82944,CHEBI_133502_CHEBI_82944,protomer,protomer,95.0,1
CHEBI_58240,CHEBI_17704,CHEBI_17704_CHEBI_58240,protomer,protomer,93.0,1
CHEBI_59165,CHEBI_267413,CHEBI_267413_CHEBI_59165,protomer,protomer,92.0,1
CHEBI_157756,CHEBI_27593,CHEBI_157756_CHEBI_27593,protomer,protomer,94.0,1
CHEBI_140337,CHEBI_140244,CHEBI_140244_CHEBI_140337,protomer,protomer,94.0,1
CHEBI_58820,CHEBI_50284,CHEBI_50284_CHEBI_58820,protomer,protomer,91.0,1
CHEBI_146250,CHEBI_146231,CHEBI_146231_CHEBI_146250,protomer,protomer,91.0,1
CHEBI_17359,CHEBI_17137,CHEBI_17137_CHEBI_17359,protomer,protomer,89.0,1
CHEBI_51824,CHEBI_58869,CHEBI_51824_CHEBI_58869,protomer,protomer,83.0,1
CHEBI_38150,CHEBI_28855,CHEBI_28855_CHEBI_38150,protomer,protomer,91.0,1
CHEBI_24109,CHEBI_61393,CHEBI_24109_CHEBI_61393,protomer,protomer,84.0,1
CHEBI_62517,CHEBI_45969,CHEBI_45969_CHEBI_62517,protomer,protomer,83.0,1
CHEBI_60873,CHEBI_28637,CHEBI_28637_CHEBI_60873,protomer,protomer,95.0,1
CHEBI_145422,CHEBI_145417,CHEBI_145417_CHEBI_145422,protomer,protomer,96.0,1
CHEBI_133396,CHEBI_27485,CHEBI_133396_CHEBI_27485,protomer,protomer,96.0,1
CHEBI_64322,CHEBI_64321,CHEBI_64321_CHEBI_64322,protomer,protomer,97.0,1
CHEBI_77801,CHEBI_27430,CHEBI_27430_CHEBI_77801,protomer,protomer,95.0,1
CHEBI_408174,CHEBI_63107,CHEBI_408174_CHEBI_63107,protomer,protomer,93.0,1
CHEBI_38442,CHEBI_38437,CHEBI_38437_CHEBI_38442,protomer,protomer,86.0,1
CHEBI_30989,CHEBI_44158,CHEBI_30989_CHEBI_44158,protomer,protomer,90.0,1
CHEBI_139160,CHEBI_139161,CHEBI_139160_CHEBI_139161,protomer,protomer,88.0,1
CHEBI_58021,CHEBI_17127,CHEBI_17127_CHEBI_58021,protomer,protomer,96.0,1
CHEBI_22191,CHEBI_13711,CHEBI_13711_CHEBI_22191,protomer,protomer,91.0,1
CHEBI_27915,CHEBI_77798,CHEBI_27915_CHEBI_77798,protomer,protomer,87.0,1
CHEBI_27660,CHEBI_36751,CHEBI_27660_CHEBI_36751,protomer,protomer,91.0,1
CHEBI_30464,CHEBI_36287,CHEBI_30464_CHEBI_36287,protomer,protomer,89.0,1
CHEBI_17795,CHEBI_4593,CHEBI_17795_CHEBI_4593,protomer,protomer,85.0,1
CHEBI_58993,CHEBI_58992,CHEBI_58992_CHEBI_58993,protomer,protomer,94.0,1
CHEBI_57270,CHEBI_12532,CHEBI_12532_CHEBI_57270,protomer,protomer,93.0,1
CHEBI_57639,CHEBI_16098,CHEBI_16098_CHEBI_57639,protomer,protomer,86.0,1
CHEBI_87829,CHEBI_88141,CHEBI_87829_CHEBI_88141,protomer,protomer,94.0,1
CHEBI_16171,CHEBI_14648,CHEBI_14648_CHEBI_16171,protomer,protomer,96.0,1
CHEBI_63282,CHEBI_63281,CHEBI_63281_CHEBI_63282,protomer,protomer,95.0,1
CHEBI_86227,CHEBI_86224,CHEBI_86224_CHEBI_86227,protomer,protomer,96.0,1
CHEBI_57487,CHEBI_15730,CHEBI_15730_CHEBI_57487,protomer,protomer,88.0,1
CHEBI_57508,CHEBI_15770,CHEBI_15770_CHEBI_57508,protomer,protomer,91.0,1
CHEBI_78856,CHEBI_78220,CHEBI_78220_CHEBI_78856,protomer,protomer,81.0,1
CHEBI_77642,CHEBI_15789,CHEBI_15789_CHEBI_77642,protomer,protomer,96.0,1
CHEBI_75329,CHEBI_75828,CHEBI_75329_CHEBI_75828,protomer,protomer,94.0,1
CHEBI_57533,CHEBI_15831,CHEBI_15831_CHEBI_57533,protomer,protomer,91.0,1
CHEBI_16184,CHEBI_57672,CHEBI_16184_CHEBI_57672,protomer,protomer,92.0,1
CHEBI_71579,CHEBI_49770,CHEBI_49770_CHEBI_71579,protomer,protomer,94.0,1
CHEBI_91253,CHEBI_128754,CHEBI_128754_CHEBI_91253,protomer,protomer,95.0,1
CHEBI_58352,CHEBI_18025,CHEBI_18025_CHEBI_58352,protomer,protomer,91.0,1
CHEBI_73962,CHEBI_45757,CHEBI_45757_CHEBI_73962,protomer,protomer,80.0,1
CHEBI_58085,CHEBI_17275,CHEBI_17275_CHEBI_58085,protomer,protomer,86.0,1
CHEBI_71048,CHEBI_47796,CHEBI_47796_CHEBI_71048,protomer,protomer,95.0,1
CHEBI_100241,CHEBI_192486,CHEBI_100241_CHEBI_192486,protomer,protomer,94.0,1
CHEBI_136894,CHEBI_137725,CHEBI_136894_CHEBI_137725,protomer,protomer,95.0,1
CHEBI_85551,CHEBI_85911,CHEBI_85551_CHEBI_85911,protomer,protomer,96.0,1
CHEBI_136546,CHEBI_137383,CHEBI_136546_CHEBI_137383,protomer,protomer,94.0,1
CHEBI_73706,CHEBI_73712,CHEBI_73706_CHEBI_73712,protomer,protomer,84.0,1
CHEBI_37754,CHEBI_58682,CHEBI_37754_CHEBI_58682,protomer,protomer,91.0,1
CHEBI_136743,CHEBI_137553,CHEBI_136743_CHEBI_137553,protomer,protomer,97.0,1
CHEBI_27784,CHEBI_58530,CHEBI_27784_CHEBI_58530,protomer,protomer,85.0,1
CHEBI_20386,CHEBI_83175,CHEBI_20386_CHEBI_83175,protomer,protomer,92.0,1
CHEBI_193066,CHEBI_81998,CHEBI_193066_CHEBI_81998,protomer,protomer,91.0,1
CHEBI_167479,CHEBI_15436,CHEBI_15436_CHEBI_167479,protomer,protomer,91.0,1
CHEBI_58013,CHEBI_17099,CHEBI_17099_CHEBI_58013,protomer,protomer,95.0,1
CHEBI_57874,CHEBI_16720,CHEBI_16720_CHEBI_57874,protomer,protomer,95.0,1
CHEBI_83331,CHEBI_83338,CHEBI_83331_CHEBI_83338,protomer,protomer,88.0,1
CHEBI_3638,CHEBI_149484,CHEBI_149484_CHEBI_3638,protomer,protomer,85.0,1
CHEBI_83914,CHEBI_84939,CHEBI_83914_CHEBI_84939,protomer,protomer,92.0,1
CHEBI_11867,CHEBI_17639,CHEBI_11867_CHEBI_17639,protomer,protomer,96.0,1
CHEBI_57269,CHEBI_12427,CHEBI_12427_CHEBI_57269,protomer,protomer,95.0,1
CHEBI_15376,CHEBI_2040,CHEBI_15376_CHEBI_2040,protomer,protomer,85.0,1
CHEBI_58229,CHEBI_17675,CHEBI_17675_CHEBI_58229,protomer,protomer,96.0,1
CHEBI_37080,CHEBI_18308,CHEBI_18308_CHEBI_37080,protomer,protomer,88.0,1
CHEBI_145670,CHEBI_145663,CHEBI_145663_CHEBI_145670,protomer,protomer,95.0,1
CHEBI_58586,CHEBI_28719,CHEBI_28719_CHEBI_58586,protomer,protomer,90.0,1
CHEBI_88232,CHEBI_88233,CHEBI_88232_CHEBI_88233,protomer,protomer,95.0,1
CHEBI_62890,CHEBI_62912,CHEBI_62890_CHEBI_62912,protomer,protomer,90.0,1
CHEBI_35904,CHEBI_62604,CHEBI_35904_CHEBI_62604,protomer,protomer,94.0,1
CHEBI_58227,CHEBI_17671,CHEBI_17671_CHEBI_58227,protomer,protomer,86.0,1
CHEBI_142602,CHEBI_142601,CHEBI_142601_CHEBI_142602,protomer,protomer,91.0,1
CHEBI_178058,CHEBI_178083,CHEBI_178058_CHEBI_178083,protomer,protomer,83.0,1
CHEBI_57466,CHEBI_15655,CHEBI_15655_CHEBI_57466,protomer,protomer,95.0,1
CHEBI_131899,CHEBI_83744,CHEBI_131899_CHEBI_83744,protomer,protomer,96.0,1
CHEBI_59457,CHEBI_18374,CHEBI_18374_CHEBI_59457,protomer,protomer,96.0,1
CHEBI_172367,CHEBI_176782,CHEBI_172367_CHEBI_176782,protomer,protomer,84.0,1
CHEBI_57801,CHEBI_16517,CHEBI_16517_CHEBI_57801,protomer,protomer,83.0,1
CHEBI_92511,CHEBI_140417,CHEBI_140417_CHEBI_92511,protomer,protomer,93.0,1
CHEBI_61382,CHEBI_28807,CHEBI_28807_CHEBI_61382,protomer,protomer,93.0,1
CHEBI_8461,CHEBI_61214,CHEBI_61214_CHEBI_8461,protomer,protomer,90.0,1
CHEBI_30526,CHEBI_18053,CHEBI_18053_CHEBI_30526,protomer,protomer,88.0,1
CHEBI_24773,CHEBI_27487,CHEBI_24773_CHEBI_27487,protomer,protomer,93.0,1
CHEBI_78155,CHEBI_78154,CHEBI_78154_CHEBI_78155,protomer,protomer,82.0,1
CHEBI_72828,CHEBI_72952,CHEBI_72828_CHEBI_72952,protomer,protomer,95.0,1
CHEBI_71967,CHEBI_71966,CHEBI_71966_CHEBI_71967,protomer,protomer,96.0,1
CHEBI_57662,CHEBI_16163,CHEBI_16163_CHEBI_57662,protomer,protomer,83.0,1
CHEBI_16613,CHEBI_57835,CHEBI_16613_CHEBI_57835,protomer,protomer,86.0,1
CHEBI_58808,CHEBI_50107,CHEBI_50107_CHEBI_58808,protomer,protomer,97.0,1
CHEBI_13719,CHEBI_15365,CHEBI_13719_CHEBI_15365,protomer,protomer,92.0,1
CHEBI_82992,CHEBI_83076,CHEBI_82992_CHEBI_83076,protomer,protomer,92.0,1
CHEBI_191203,CHEBI_73450,CHEBI_191203_CHEBI_73450,protomer,protomer,83.0,1
CHEBI_59955,CHEBI_28723,CHEBI_28723_CHEBI_59955,protomer,protomer,94.0,1
CHEBI_84362,CHEBI_85367,CHEBI_84362_CHEBI_85367,protomer,protomer,94.0,1
CHEBI_73308,CHEBI_73307,CHEBI_73307_CHEBI_73308,protomer,protomer,96.0,1
CHEBI_62980,CHEBI_30653,CHEBI_30653_CHEBI_62980,protomer,protomer,90.0,1
CHEBI_85614,CHEBI_77350,CHEBI_77350_CHEBI_85614,protomer,protomer,94.0,1
CHEBI_32096,CHEBI_77073,CHEBI_32096_CHEBI_77073,protomer,protomer,96.0,1
CHEBI_28944,CHEBI_21498,CHEBI_21498_CHEBI_28944,protomer,protomer,96.0,1
CHEBI_58760,CHEBI_48948,CHEBI_48948_CHEBI_58760,protomer,protomer,94.0,1
CHEBI_134610,CHEBI_136987,CHEBI_134610_CHEBI_136987,protomer,protomer,81.0,1
CHEBI_30861,CHEBI_30860,CHEBI_30860_CHEBI_30861,protomer,protomer,91.0,1
CHEBI_48315,CHEBI_48314,CHEBI_48314_CHEBI_48315,protomer,protomer,91.0,1
CHEBI_77740,CHEBI_28223,CHEBI_28223_CHEBI_77740,protomer,protomer,96.0,1
CHEBI_132016,CHEBI_63995,CHEBI_132016_CHEBI_63995,protomer,protomer,94.0,1
CHEBI_55331,CHEBI_55330,CHEBI_55330_CHEBI_55331,protomer,protomer,95.0,1
CHEBI_58062,CHEBI_17226,CHEBI_17226_CHEBI_58062,protomer,protomer,96.0,1
CHEBI_76203,CHEBI_76200,CHEBI_76200_CHEBI_76203,protomer,protomer,95.0,1
CHEBI_68597,CHEBI_68598,CHEBI_68597_CHEBI_68598,protomer,protomer,97.0,1
CHEBI_189007,CHEBI_191179,CHEBI_189007_CHEBI_191179,protomer,protomer,91.0,1
CHEBI_72745,CHEBI_37252,CHEBI_37252_CHEBI_72745,protomer,protomer,92.0,1
CHEBI_18036,CHEBI_48316,CHEBI_18036_CHEBI_48316,protomer,protomer,88.0,1
CHEBI_58618,CHEBI_29269,CHEBI_29269_CHEBI_58618,protomer,protomer,89.0,1
CHEBI_91294,CHEBI_128770,CHEBI_128770_CHEBI_91294,protomer,protomer,92.0,1
CHEBI_155841,CHEBI_48063,CHEBI_155841_CHEBI_48063,protomer,protomer,81.0,1
CHEBI_142217,CHEBI_142386,CHEBI_142217_CHEBI_142386,protomer,protomer,92.0,1
CHEBI_38186,CHEBI_6032,CHEBI_38186_CHEBI_6032,protomer,protomer,90.0,1
CHEBI_136982,CHEBI_138026,CHEBI_136982_CHEBI_138026,protomer,protomer,95.0,1
CHEBI_58852,CHEBI_50923,CHEBI_50923_CHEBI_58852,protomer,protomer,91.0,1
CHEBI_17572,CHEBI_49268,CHEBI_17572_CHEBI_49268,protomer,protomer,90.0,1
CHEBI_28977,CHEBI_79383,CHEBI_28977_CHEBI_79383,protomer,protomer,90.0,1
CHEBI_7319,CHEBI_231781,CHEBI_231781_CHEBI_7319,protomer,protomer,90.0,1
CHEBI_133003,CHEBI_83037,CHEBI_133003_CHEBI_83037,protomer,protomer,95.0,1
CHEBI_16763,CHEBI_30831,CHEBI_16763_CHEBI_30831,protomer,protomer,88.0,1
CHEBI_132071,CHEBI_132708,CHEBI_132071_CHEBI_132708,protomer,protomer,94.0,1
CHEBI_76153,CHEBI_76138,CHEBI_76138_CHEBI_76153,protomer,protomer,95.0,1
CHEBI_79031,CHEBI_82970,CHEBI_79031_CHEBI_82970,protomer,protomer,95.0,1
CHEBI_231457,CHEBI_231474,CHEBI_231457_CHEBI_231474,protomer,protomer,91.0,1
CHEBI_76014,CHEBI_76010,CHEBI_76010_CHEBI_76014,protomer,protomer,96.0,1
CHEBI_38216,CHEBI_38217,CHEBI_38216_CHEBI_38217,protomer,protomer,94.0,1
CHEBI_57411,CHEBI_15560,CHEBI_15560_CHEBI_57411,protomer,protomer,95.0,1
CHEBI_77621,CHEBI_10836,CHEBI_10836_CHEBI_77621,protomer,protomer,95.0,1
CHEBI_58840,CHEBI_50758,CHEBI_50758_CHEBI_58840,protomer,protomer,93.0,1
CHEBI_55492,CHEBI_55486,CHEBI_55486_CHEBI_55492,protomer,protomer,97.0,1
CHEBI_76150,CHEBI_76234,CHEBI_76150_CHEBI_76234,protomer,protomer,94.0,1
CHEBI_228367,CHEBI_220103,CHEBI_220103_CHEBI_228367,protomer,protomer,96.0,1
CHEBI_82828,CHEBI_37659,CHEBI_37659_CHEBI_82828,protomer,protomer,96.0,1
CHEBI_77756,CHEBI_61822,CHEBI_61822_CHEBI_77756,protomer,protomer,96.0,1
CHEBI_77431,CHEBI_77457,CHEBI_77431_CHEBI_77457,protomer,protomer,88.0,1
CHEBI_606565,CHEBI_18089,CHEBI_18089_CHEBI_606565,protomer,protomer,93.0,1
CHEBI_28462,CHEBI_58567,CHEBI_28462_CHEBI_58567,protomer,protomer,90.0,1
CHEBI_46958,CHEBI_149596,CHEBI_149596_CHEBI_46958,protomer,protomer,92.0,1
CHEBI_20832,CHEBI_37461,CHEBI_20832_CHEBI_37461,protomer,protomer,92.0,1
CHEBI_167458,CHEBI_90168,CHEBI_167458_CHEBI_90168,protomer,protomer,89.0,1
CHEBI_58388,CHEBI_18137,CHEBI_18137_CHEBI_58388,protomer,protomer,88.0,1
CHEBI_74006,CHEBI_74081,CHEBI_74006_CHEBI_74081,protomer,protomer,93.0,1
CHEBI_65075,CHEBI_65071,CHEBI_65071_CHEBI_65075,protomer,protomer,90.0,1
CHEBI_71192,CHEBI_71209,CHEBI_71192_CHEBI_71209,protomer,protomer,91.0,1
CHEBI_23123,CHEBI_27869,CHEBI_23123_CHEBI_27869,protomer,protomer,88.0,1
CHEBI_111504,CHEBI_131938,CHEBI_111504_CHEBI_131938,protomer,protomer,87.0,1
CHEBI_60014,CHEBI_59976,CHEBI_59976_CHEBI_60014,protomer,protomer,94.0,1
CHEBI_232029,CHEBI_232062,CHEBI_232029_CHEBI_232062,protomer,protomer,96.0,1
CHEBI_192364,CHEBI_132712,CHEBI_132712_CHEBI_192364,protomer,protomer,96.0,1
CHEBI_142061,CHEBI_142133,CHEBI_142061_CHEBI_142133,protomer,protomer,95.0,1
CHEBI_17125,CHEBI_2164,CHEBI_17125_CHEBI_2164,protomer,protomer,91.0,1
CHEBI_75372,CHEBI_87664,CHEBI_75372_CHEBI_87664,protomer,protomer,68.0,1
CHEBI_90403,CHEBI_90402,CHEBI_90402_CHEBI_90403,protomer,protomer,95.0,1
CHEBI_140179,CHEBI_131572,CHEBI_131572_CHEBI_140179,protomer,protomer,91.0,1
CHEBI_133519,CHEBI_133517,CHEBI_133517_CHEBI_133519,protomer,protomer,96.0,1
CHEBI_133126,CHEBI_133124,CHEBI_133124_CHEBI_133126,protomer,protomer,95.0,1
CHEBI_11449,CHEBI_18281,CHEBI_11449_CHEBI_18281,protomer,protomer,91.0,1
CHEBI_33543,CHEBI_29214,CHEBI_29214_CHEBI_33543,protomer,protomer,83.0,1
CHEBI_74549,CHEBI_74831,CHEBI_74549_CHEBI_74831,protomer,protomer,95.0,1
CHEBI_138948,CHEBI_139471,CHEBI_138948_CHEBI_139471,protomer,protomer,94.0,1
CHEBI_35680,CHEBI_28987,CHEBI_28987_CHEBI_35680,protomer,protomer,95.0,1
CHEBI_84955,CHEBI_84592,CHEBI_84592_CHEBI_84955,protomer,protomer,95.0,1
CHEBI_9086,CHEBI_50350,CHEBI_50350_CHEBI_9086,protomer,protomer,87.0,1
CHEBI_53800,CHEBI_27530,CHEBI_27530_CHEBI_53800,protomer,protomer,91.0,1
CHEBI_48547,CHEBI_48511,CHEBI_48511_CHEBI_48547,protomer,protomer,87.0,1
CHEBI_58924,CHEBI_6039,CHEBI_58924_CHEBI_6039,protomer,protomer,95.0,1
CHEBI_57640,CHEBI_16100,CHEBI_16100_CHEBI_57640,protomer,protomer,93.0,1
CHEBI_58071,CHEBI_17243,CHEBI_17243_CHEBI_58071,protomer,protomer,95.0,1
CHEBI_29744,CHEBI_16325,CHEBI_16325_CHEBI_29744,protomer,protomer,96.0,1
CHEBI_58149,CHEBI_17445,CHEBI_17445_CHEBI_58149,protomer,protomer,93.0,1
CHEBI_67136,CHEBI_3359,CHEBI_3359_CHEBI_67136,protomer,protomer,96.0,1
CHEBI_15683,CHEBI_33197,CHEBI_15683_CHEBI_33197,protomer,protomer,92.0,1
CHEBI_194183,CHEBI_194189,CHEBI_194183_CHEBI_194189,protomer,protomer,96.0,1
CHEBI_27893,CHEBI_20364,CHEBI_20364_CHEBI_27893,protomer,protomer,90.0,1
CHEBI_57928,CHEBI_16860,CHEBI_16860_CHEBI_57928,protomer,protomer,94.0,1
CHEBI_59697,CHEBI_4317,CHEBI_4317_CHEBI_59697,protomer,protomer,92.0,1
CHEBI_133194,CHEBI_133186,CHEBI_133186_CHEBI_133194,protomer,protomer,91.0,1
CHEBI_132937,CHEBI_89963,CHEBI_132937_CHEBI_89963,protomer,protomer,91.0,1
CHEBI_142416,CHEBI_142407,CHEBI_142407_CHEBI_142416,protomer,protomer,64.0,1
CHEBI_61150,CHEBI_61149,CHEBI_61149_CHEBI_61150,protomer,protomer,92.0,1
CHEBI_88955,CHEBI_194083,CHEBI_194083_CHEBI_88955,protomer,protomer,86.0,1
CHEBI_70746,CHEBI_70751,CHEBI_70746_CHEBI_70751,protomer,protomer,100.0,1
CHEBI_29262,CHEBI_33463,CHEBI_29262_CHEBI_33463,protomer,protomer,90.0,1
CHEBI_143955,CHEBI_27531,CHEBI_143955_CHEBI_27531,protomer,protomer,93.0,1
CHEBI_142695,CHEBI_142740,CHEBI_142695_CHEBI_142740,protomer,protomer,93.0,1
CHEBI_140426,CHEBI_28755,CHEBI_140426_CHEBI_28755,protomer,protomer,87.0,1
CHEBI_57430,CHEBI_15608,CHEBI_15608_CHEBI_57430,protomer,protomer,88.0,1
CHEBI_83668,CHEBI_83673,CHEBI_83668_CHEBI_83673,protomer,protomer,99.0,1
CHEBI_149525,CHEBI_29707,CHEBI_149525_CHEBI_29707,protomer,protomer,96.0,1
CHEBI_64004,CHEBI_64003,CHEBI_64003_CHEBI_64004,protomer,protomer,90.0,1
CHEBI_73339,CHEBI_73453,CHEBI_73339_CHEBI_73453,protomer,protomer,87.0,1
CHEBI_128769,CHEBI_16584,CHEBI_128769_CHEBI_16584,protomer,protomer,89.0,1
CHEBI_145905,CHEBI_4916,CHEBI_145905_CHEBI_4916,protomer,protomer,97.0,1
CHEBI_149707,CHEBI_149706,CHEBI_149706_CHEBI_149707,protomer,protomer,92.0,1
CHEBI_80666,CHEBI_134001,CHEBI_134001_CHEBI_80666,protomer,protomer,88.0,1
CHEBI_60885,CHEBI_61027,CHEBI_60885_CHEBI_61027,protomer,protomer,94.0,1
CHEBI_16897,CHEBI_48153,CHEBI_16897_CHEBI_48153,protomer,protomer,92.0,1
CHEBI_89485,CHEBI_231767,CHEBI_231767_CHEBI_89485,protomer,protomer,90.0,1
CHEBI_58715,CHEBI_47828,CHEBI_47828_CHEBI_58715,protomer,protomer,96.0,1
CHEBI_10986,CHEBI_20891,CHEBI_10986_CHEBI_20891,protomer,protomer,96.0,1
CHEBI_167211,CHEBI_167199,CHEBI_167199_CHEBI_167211,protomer,protomer,93.0,1
CHEBI_58641,CHEBI_31997,CHEBI_31997_CHEBI_58641,protomer,protomer,81.0,1
CHEBI_5853,CHEBI_146257,CHEBI_146257_CHEBI_5853,protomer,protomer,63.0,1
CHEBI_131711,CHEBI_132052,CHEBI_131711_CHEBI_132052,protomer,protomer,91.0,1
CHEBI_60063,CHEBI_52489,CHEBI_52489_CHEBI_60063,protomer,protomer,93.0,1
CHEBI_139262,CHEBI_139261,CHEBI_139261_CHEBI_139262,protomer,protomer,95.0,1
CHEBI_60005,CHEBI_29476,CHEBI_29476_CHEBI_60005,protomer,protomer,92.0,1
CHEBI_78899,CHEBI_78900,CHEBI_78899_CHEBI_78900,protomer,protomer,94.0,1
CHEBI_133977,CHEBI_8927,CHEBI_133977_CHEBI_8927,protomer,protomer,92.0,1
CHEBI_58879,CHEBI_52057,CHEBI_52057_CHEBI_58879,protomer,protomer,88.0,1
CHEBI_58793,CHEBI_49198,CHEBI_49198_CHEBI_58793,protomer,protomer,94.0,1
CHEBI_49256,CHEBI_27681,CHEBI_27681_CHEBI_49256,protomer,protomer,90.0,1
CHEBI_16808,CHEBI_27469,CHEBI_16808_CHEBI_27469,protomer,protomer,91.0,1
CHEBI_61401,CHEBI_61564,CHEBI_61401_CHEBI_61564,protomer,protomer,86.0,1
CHEBI_57545,CHEBI_15864,CHEBI_15864_CHEBI_57545,protomer,protomer,94.0,1
CHEBI_67211,CHEBI_67241,CHEBI_67211_CHEBI_67241,protomer,protomer,95.0,1
CHEBI_71191,CHEBI_71213,CHEBI_71191_CHEBI_71213,protomer,protomer,91.0,1
CHEBI_58780,CHEBI_49087,CHEBI_49087_CHEBI_58780,protomer,protomer,91.0,1
CHEBI_193111,CHEBI_45379,CHEBI_193111_CHEBI_45379,protomer,protomer,88.0,1
CHEBI_84768,CHEBI_84767,CHEBI_84767_CHEBI_84768,protomer,protomer,96.0,1
CHEBI_145333,CHEBI_144376,CHEBI_144376_CHEBI_145333,protomer,protomer,91.0,1
CHEBI_76624,CHEBI_34306,CHEBI_34306_CHEBI_76624,protomer,protomer,92.0,1
CHEBI_228222,CHEBI_228186,CHEBI_228186_CHEBI_228222,protomer,protomer,82.0,1
CHEBI_133391,CHEBI_28099,CHEBI_133391_CHEBI_28099,protomer,protomer,96.0,1
CHEBI_62954,CHEBI_62952,CHEBI_62952_CHEBI_62954,protomer,protomer,93.0,1
CHEBI_197432,CHEBI_197409,CHEBI_197409_CHEBI_197432,protomer,protomer,97.0,1
CHEBI_83407,CHEBI_84213,CHEBI_83407_CHEBI_84213,protomer,protomer,93.0,1
CHEBI_60061,CHEBI_3792,CHEBI_3792_CHEBI_60061,protomer,protomer,94.0,1
CHEBI_167551,CHEBI_167563,CHEBI_167551_CHEBI_167563,protomer,protomer,95.0,1
CHEBI_194342,CHEBI_194360,CHEBI_194342_CHEBI_194360,protomer,protomer,95.0,1
CHEBI_167872,CHEBI_167881,CHEBI_167872_CHEBI_167881,protomer,protomer,89.0,1
CHEBI_71682,CHEBI_27843,CHEBI_27843_CHEBI_71682,protomer,protomer,69.0,1
CHEBI_52140,CHEBI_52146,CHEBI_52140_CHEBI_52146,protomer,protomer,91.0,1
CHEBI_17996,CHEBI_17883,CHEBI_17883_CHEBI_17996,protomer,protomer,75.0,1
CHEBI_191175,CHEBI_190698,CHEBI_190698_CHEBI_191175,protomer,protomer,95.0,1
CHEBI_70826,CHEBI_39250,CHEBI_39250_CHEBI_70826,protomer,protomer,91.0,1
CHEBI_68604,CHEBI_68603,CHEBI_68603_CHEBI_68604,protomer,protomer,97.0,1
CHEBI_57637,CHEBI_16093,CHEBI_16093_CHEBI_57637,protomer,protomer,85.0,1
CHEBI_19680,CHEBI_37079,CHEBI_19680_CHEBI_37079,protomer,protomer,88.0,1
CHEBI_1617,CHEBI_50116,CHEBI_1617_CHEBI_50116,protomer,protomer,95.0,1
CHEBI_131856,CHEBI_132131,CHEBI_131856_CHEBI_132131,protomer,protomer,91.0,1
CHEBI_131973,CHEBI_132262,CHEBI_131973_CHEBI_132262,protomer,protomer,92.0,1
CHEBI_74156,CHEBI_31107,CHEBI_31107_CHEBI_74156,protomer,protomer,93.0,1
CHEBI_57606,CHEBI_16010,CHEBI_16010_CHEBI_57606,protomer,protomer,91.0,1
CHEBI_16000,CHEBI_57603,CHEBI_16000_CHEBI_57603,protomer,protomer,83.0,1
CHEBI_167558,CHEBI_167562,CHEBI_167558_CHEBI_167562,protomer,protomer,95.0,1
CHEBI_58774,CHEBI_49039,CHEBI_49039_CHEBI_58774,protomer,protomer,88.0,1
CHEBI_194216,CHEBI_6682,CHEBI_194216_CHEBI_6682,protomer,protomer,96.0,1
CHEBI_57899,CHEBI_16790,CHEBI_16790_CHEBI_57899,protomer,protomer,97.0,1
CHEBI_35690,CHEBI_35694,CHEBI_35690_CHEBI_35694,protomer,protomer,93.0,1
CHEBI_78588,CHEBI_82610,CHEBI_78588_CHEBI_82610,protomer,protomer,95.0,1
CHEBI_7549,CHEBI_131183,CHEBI_131183_CHEBI_7549,protomer,protomer,99.0,1
CHEBI_146159,CHEBI_146279,CHEBI_146159_CHEBI_146279,protomer,protomer,96.0,1
CHEBI_140306,CHEBI_70031,CHEBI_140306_CHEBI_70031,protomer,protomer,95.0,1
CHEBI_16630,CHEBI_30918,CHEBI_16630_CHEBI_30918,protomer,protomer,92.0,1
CHEBI_53799,CHEBI_53798,CHEBI_53798_CHEBI_53799,protomer,protomer,95.0,1
CHEBI_57823,CHEBI_16578,CHEBI_16578_CHEBI_57823,protomer,protomer,95.0,1
CHEBI_82986,CHEBI_41254,CHEBI_41254_CHEBI_82986,protomer,protomer,94.0,1
CHEBI_145122,CHEBI_145128,CHEBI_145122_CHEBI_145128,protomer,protomer,91.0,1
CHEBI_58733,CHEBI_48031,CHEBI_48031_CHEBI_58733,protomer,protomer,82.0,1
CHEBI_64137,CHEBI_64138,CHEBI_64137_CHEBI_64138,protomer,protomer,88.0,1
CHEBI_194314,CHEBI_53490,CHEBI_194314_CHEBI_53490,protomer,protomer,96.0,1
CHEBI_146017,CHEBI_3556,CHEBI_146017_CHEBI_3556,protomer,protomer,94.0,1
CHEBI_67050,CHEBI_17728,CHEBI_17728_CHEBI_67050,protomer,protomer,91.0,1
CHEBI_35922,CHEBI_35921,CHEBI_35921_CHEBI_35922,protomer,protomer,86.0,1
CHEBI_61909,CHEBI_42465,CHEBI_42465_CHEBI_61909,protomer,protomer,86.0,1
CHEBI_132064,CHEBI_132678,CHEBI_132064_CHEBI_132678,protomer,protomer,95.0,1
CHEBI_140195,CHEBI_140276,CHEBI_140195_CHEBI_140276,protomer,protomer,94.0,1
CHEBI_29919,CHEBI_16136,CHEBI_16136_CHEBI_29919,protomer,protomer,75.0,1
CHEBI_77925,CHEBI_77926,CHEBI_77925_CHEBI_77926,protomer,protomer,97.0,1
CHEBI_63587,CHEBI_70711,CHEBI_63587_CHEBI_70711,protomer,protomer,97.0,1
CHEBI_67186,CHEBI_67177,CHEBI_67177_CHEBI_67186,protomer,protomer,90.0,1
CHEBI_57297,CHEBI_15417,CHEBI_15417_CHEBI_57297,protomer,protomer,95.0,1
CHEBI_142861,CHEBI_166697,CHEBI_142861_CHEBI_166697,protomer,protomer,96.0,1
CHEBI_137818,CHEBI_138391,CHEBI_137818_CHEBI_138391,protomer,protomer,96.0,1
CHEBI_64824,CHEBI_64823,CHEBI_64823_CHEBI_64824,protomer,protomer,91.0,1
CHEBI_15865,CHEBI_2229,CHEBI_15865_CHEBI_2229,protomer,protomer,93.0,1
CHEBI_36792,CHEBI_77405,CHEBI_36792_CHEBI_77405,protomer,protomer,94.0,1
CHEBI_20551,CHEBI_6775,CHEBI_20551_CHEBI_6775,protomer,protomer,92.0,1
CHEBI_142690,CHEBI_1794,CHEBI_142690_CHEBI_1794,protomer,protomer,84.0,1
CHEBI_229229,CHEBI_28062,CHEBI_229229_CHEBI_28062,protomer,protomer,95.0,1
CHEBI_60032,CHEBI_37738,CHEBI_37738_CHEBI_60032,protomer,protomer,92.0,1
CHEBI_55356,CHEBI_58916,CHEBI_55356_CHEBI_58916,protomer,protomer,87.0,1
CHEBI_57828,CHEBI_16588,CHEBI_16588_CHEBI_57828,protomer,protomer,94.0,1
CHEBI_17289,CHEBI_58093,CHEBI_17289_CHEBI_58093,protomer,protomer,88.0,1
CHEBI_58385,CHEBI_18128,CHEBI_18128_CHEBI_58385,protomer,protomer,96.0,1
CHEBI_21549,CHEBI_17533,CHEBI_17533_CHEBI_21549,protomer,protomer,81.0,1
CHEBI_76104,CHEBI_31742,CHEBI_31742_CHEBI_76104,protomer,protomer,96.0,1
CHEBI_60929,CHEBI_2807,CHEBI_2807_CHEBI_60929,protomer,protomer,95.0,1
CHEBI_65043,CHEBI_65031,CHEBI_65031_CHEBI_65043,protomer,protomer,86.0,1
CHEBI_17604,CHEBI_58202,CHEBI_17604_CHEBI_58202,protomer,protomer,81.0,1
CHEBI_30462,CHEBI_36288,CHEBI_30462_CHEBI_36288,protomer,protomer,86.0,1
CHEBI_58725,CHEBI_47987,CHEBI_47987_CHEBI_58725,protomer,protomer,87.0,1
CHEBI_18005,CHEBI_30851,CHEBI_18005_CHEBI_30851,protomer,protomer,92.0,1
CHEBI_83387,CHEBI_84206,CHEBI_83387_CHEBI_84206,protomer,protomer,92.0,1
CHEBI_57810,CHEBI_16553,CHEBI_16553_CHEBI_57810,protomer,protomer,94.0,1
CHEBI_41609,CHEBI_17544,CHEBI_17544_CHEBI_41609,protomer,protomer,91.0,1
CHEBI_57999,CHEBI_17056,CHEBI_17056_CHEBI_57999,protomer,protomer,85.0,1
CHEBI_7510,CHEBI_59950,CHEBI_59950_CHEBI_7510,protomer,protomer,91.0,1
CHEBI_134020,CHEBI_134021,CHEBI_134020_CHEBI_134021,protomer,protomer,96.0,1
CHEBI_16863,CHEBI_48928,CHEBI_16863_CHEBI_48928,protomer,protomer,94.0,1
CHEBI_143030,CHEBI_143110,CHEBI_143030_CHEBI_143110,protomer,protomer,88.0,1
CHEBI_133177,CHEBI_133176,CHEBI_133176_CHEBI_133177,protomer,protomer,96.0,1
CHEBI_17902,CHEBI_58318,CHEBI_17902_CHEBI_58318,protomer,protomer,91.0,1
CHEBI_15832,CHEBI_9889,CHEBI_15832_CHEBI_9889,protomer,protomer,88.0,1
CHEBI_143555,CHEBI_143885,CHEBI_143555_CHEBI_143885,protomer,protomer,91.0,1
CHEBI_67159,CHEBI_67145,CHEBI_67145_CHEBI_67159,protomer,protomer,91.0,1
CHEBI_55540,CHEBI_55538,CHEBI_55538_CHEBI_55540,protomer,protomer,91.0,1
CHEBI_139184,CHEBI_139558,CHEBI_139184_CHEBI_139558,protomer,protomer,97.0,1
CHEBI_193063,CHEBI_7632,CHEBI_193063_CHEBI_7632,protomer,protomer,95.0,1
CHEBI_195231,CHEBI_88402,CHEBI_195231_CHEBI_88402,protomer,protomer,94.0,1
CHEBI_16005,CHEBI_33409,CHEBI_16005_CHEBI_33409,protomer,protomer,91.0,1
CHEBI_57590,CHEBI_15961,CHEBI_15961_CHEBI_57590,protomer,protomer,83.0,1
CHEBI_62070,CHEBI_100147,CHEBI_100147_CHEBI_62070,protomer,protomer,95.0,1
CHEBI_36655,CHEBI_16891,CHEBI_16891_CHEBI_36655,protomer,protomer,87.0,1
CHEBI_61146,CHEBI_17440,CHEBI_17440_CHEBI_61146,protomer,protomer,92.0,1
CHEBI_58236,CHEBI_17691,CHEBI_17691_CHEBI_58236,protomer,protomer,95.0,1
CHEBI_19960,CHEBI_16939,CHEBI_16939_CHEBI_19960,protomer,protomer,93.0,1
CHEBI_57712,CHEBI_16278,CHEBI_16278_CHEBI_57712,protomer,protomer,86.0,1
CHEBI_87470,CHEBI_87469,CHEBI_87469_CHEBI_87470,protomer,protomer,96.0,1
CHEBI_133017,CHEBI_133020,CHEBI_133017_CHEBI_133020,protomer,protomer,94.0,1
CHEBI_60049,CHEBI_52491,CHEBI_52491_CHEBI_60049,protomer,protomer,93.0,1
CHEBI_229670,CHEBI_232704,CHEBI_229670_CHEBI_232704,protomer,protomer,94.0,1
CHEBI_133463,CHEBI_133460,CHEBI_133460_CHEBI_133463,protomer,protomer,91.0,1
CHEBI_82993,CHEBI_83078,CHEBI_82993_CHEBI_83078,protomer,protomer,93.0,1
CHEBI_167470,CHEBI_34727,CHEBI_167470_CHEBI_34727,protomer,protomer,85.0,1
CHEBI_73768,CHEBI_73769,CHEBI_73768_CHEBI_73769,protomer,protomer,95.0,1
CHEBI_16301,CHEBI_25567,CHEBI_16301_CHEBI_25567,protomer,protomer,83.0,1
CHEBI_146217,CHEBI_133807,CHEBI_133807_CHEBI_146217,protomer,protomer,95.0,1
CHEBI_11594,CHEBI_18176,CHEBI_11594_CHEBI_18176,protomer,protomer,92.0,1
CHEBI_73673,CHEBI_73677,CHEBI_73673_CHEBI_73677,protomer,protomer,91.0,1
CHEBI_59585,CHEBI_110423,CHEBI_110423_CHEBI_59585,protomer,protomer,88.0,1
CHEBI_137457,CHEBI_133381,CHEBI_133381_CHEBI_137457,protomer,protomer,92.0,1
CHEBI_58572,CHEBI_28496,CHEBI_28496_CHEBI_58572,protomer,protomer,90.0,1
CHEBI_71517,CHEBI_71591,CHEBI_71517_CHEBI_71591,protomer,protomer,90.0,1
CHEBI_92897,CHEBI_183314,CHEBI_183314_CHEBI_92897,protomer,protomer,91.0,1
CHEBI_21100,CHEBI_21101,CHEBI_21100_CHEBI_21101,protomer,protomer,88.0,1
CHEBI_63270,CHEBI_44395,CHEBI_44395_CHEBI_63270,protomer,protomer,95.0,1
CHEBI_71392,CHEBI_77932,CHEBI_71392_CHEBI_77932,protomer,protomer,97.0,1
CHEBI_139618,CHEBI_78743,CHEBI_139618_CHEBI_78743,protomer,protomer,94.0,1
CHEBI_133563,CHEBI_133562,CHEBI_133562_CHEBI_133563,protomer,protomer,93.0,1
CHEBI_46209,CHEBI_141668,CHEBI_141668_CHEBI_46209,protomer,protomer,90.0,1
CHEBI_17862,CHEBI_58299,CHEBI_17862_CHEBI_58299,protomer,protomer,90.0,1
CHEBI_145895,CHEBI_145882,CHEBI_145882_CHEBI_145895,protomer,protomer,91.0,1
CHEBI_77482,CHEBI_77409,CHEBI_77409_CHEBI_77482,protomer,protomer,82.0,1
CHEBI_167901,CHEBI_20384,CHEBI_167901_CHEBI_20384,protomer,protomer,84.0,1
CHEBI_231609,CHEBI_50099,CHEBI_231609_CHEBI_50099,protomer,protomer,93.0,1
CHEBI_58621,CHEBI_29571,CHEBI_29571_CHEBI_58621,protomer,protomer,95.0,1
CHEBI_167163,CHEBI_167162,CHEBI_167162_CHEBI_167163,protomer,protomer,88.0,1
CHEBI_59350,CHEBI_28992,CHEBI_28992_CHEBI_59350,protomer,protomer,93.0,1
CHEBI_67187,CHEBI_67108,CHEBI_67108_CHEBI_67187,protomer,protomer,90.0,1
CHEBI_84345,CHEBI_85142,CHEBI_84345_CHEBI_85142,protomer,protomer,95.0,1
CHEBI_36128,CHEBI_23500,CHEBI_23500_CHEBI_36128,protomer,protomer,87.0,1
CHEBI_139713,CHEBI_78834,CHEBI_139713_CHEBI_78834,protomer,protomer,96.0,1
CHEBI_71402,CHEBI_30935,CHEBI_30935_CHEBI_71402,protomer,protomer,84.0,1
CHEBI_77134,CHEBI_77263,CHEBI_77134_CHEBI_77263,protomer,protomer,90.0,1
CHEBI_65018,CHEBI_65010,CHEBI_65010_CHEBI_65018,protomer,protomer,92.0,1
CHEBI_66912,CHEBI_67122,CHEBI_66912_CHEBI_67122,protomer,protomer,95.0,1
CHEBI_139278,CHEBI_139613,CHEBI_139278_CHEBI_139613,protomer,protomer,97.0,1
CHEBI_77899,CHEBI_71534,CHEBI_71534_CHEBI_77899,protomer,protomer,95.0,1
CHEBI_83547,CHEBI_82770,CHEBI_82770_CHEBI_83547,protomer,protomer,77.0,1
CHEBI_133665,CHEBI_82912,CHEBI_133665_CHEBI_82912,protomer,protomer,93.0,1
CHEBI_87736,CHEBI_88108,CHEBI_87736_CHEBI_88108,protomer,protomer,96.0,1
CHEBI_58358,CHEBI_18046,CHEBI_18046_CHEBI_58358,protomer,protomer,88.0,1
CHEBI_57979,CHEBI_16993,CHEBI_16993_CHEBI_57979,protomer,protomer,89.0,1
CHEBI_144583,CHEBI_4734,CHEBI_144583_CHEBI_4734,protomer,protomer,95.0,1
CHEBI_85990,CHEBI_85992,CHEBI_85990_CHEBI_85992,protomer,protomer,93.0,1
CHEBI_140293,CHEBI_140234,CHEBI_140234_CHEBI_140293,protomer,protomer,95.0,1
CHEBI_57813,CHEBI_16557,CHEBI_16557_CHEBI_57813,protomer,protomer,94.0,1
CHEBI_76124,CHEBI_76119,CHEBI_76119_CHEBI_76124,protomer,protomer,96.0,1
CHEBI_57882,CHEBI_16752,CHEBI_16752_CHEBI_57882,protomer,protomer,82.0,1
CHEBI_40009,CHEBI_75929,CHEBI_40009_CHEBI_75929,protomer,protomer,88.0,1
CHEBI_57409,CHEBI_15558,CHEBI_15558_CHEBI_57409,protomer,protomer,95.0,1
CHEBI_19373,CHEBI_31074,CHEBI_19373_CHEBI_31074,protomer,protomer,87.0,1
CHEBI_57676,CHEBI_16200,CHEBI_16200_CHEBI_57676,protomer,protomer,94.0,1
CHEBI_58411,CHEBI_18209,CHEBI_18209_CHEBI_58411,protomer,protomer,89.0,1
CHEBI_89700,CHEBI_231647,CHEBI_231647_CHEBI_89700,protomer,protomer,93.0,1
CHEBI_16533,CHEBI_57803,CHEBI_16533_CHEBI_57803,protomer,protomer,93.0,1
CHEBI_12154,CHEBI_15888,CHEBI_12154_CHEBI_15888,protomer,protomer,89.0,1
CHEBI_188445,CHEBI_133221,CHEBI_133221_CHEBI_188445,protomer,protomer,93.0,1
CHEBI_60566,CHEBI_5004,CHEBI_5004_CHEBI_60566,protomer,protomer,94.0,1
CHEBI_133674,CHEBI_28812,CHEBI_133674_CHEBI_28812,protomer,protomer,81.0,1
CHEBI_178027,CHEBI_180457,CHEBI_178027_CHEBI_180457,protomer,protomer,97.0,1
CHEBI_58739,CHEBI_48305,CHEBI_48305_CHEBI_58739,protomer,protomer,88.0,1
CHEBI_29192,CHEBI_16240,CHEBI_16240_CHEBI_29192,protomer,protomer,81.0,1
CHEBI_193065,CHEBI_81997,CHEBI_193065_CHEBI_81997,protomer,protomer,95.0,1
CHEBI_20109,CHEBI_27440,CHEBI_20109_CHEBI_27440,protomer,protomer,93.0,1
CHEBI_2637,CHEBI_84739,CHEBI_2637_CHEBI_84739,protomer,protomer,89.0,1
CHEBI_8452,CHEBI_74711,CHEBI_74711_CHEBI_8452,protomer,protomer,61.0,1
CHEBI_58399,CHEBI_18165,CHEBI_18165_CHEBI_58399,protomer,protomer,90.0,1
CHEBI_59731,CHEBI_53691,CHEBI_53691_CHEBI_59731,protomer,protomer,92.0,1
CHEBI_133576,CHEBI_87986,CHEBI_133576_CHEBI_87986,protomer,protomer,94.0,1
CHEBI_50526,CHEBI_15882,CHEBI_15882_CHEBI_50526,protomer,protomer,84.0,1
CHEBI_131941,CHEBI_111505,CHEBI_111505_CHEBI_131941,protomer,protomer,88.0,1
CHEBI_61708,CHEBI_61707,CHEBI_61707_CHEBI_61708,protomer,protomer,95.0,1
CHEBI_15361,CHEBI_32816,CHEBI_15361_CHEBI_32816,protomer,protomer,87.0,1
CHEBI_140299,CHEBI_140298,CHEBI_140298_CHEBI_140299,protomer,protomer,94.0,1
CHEBI_85486,CHEBI_85487,CHEBI_85486_CHEBI_85487,protomer,protomer,89.0,1
CHEBI_188144,CHEBI_47319,CHEBI_188144_CHEBI_47319,protomer,protomer,93.0,1
CHEBI_139154,CHEBI_138980,CHEBI_138980_CHEBI_139154,protomer,protomer,94.0,1
CHEBI_195208,CHEBI_46763,CHEBI_195208_CHEBI_46763,protomer,protomer,94.0,1
CHEBI_58222,CHEBI_17655,CHEBI_17655_CHEBI_58222,protomer,protomer,90.0,1
CHEBI_142819,CHEBI_142874,CHEBI_142819_CHEBI_142874,protomer,protomer,95.0,1
CHEBI_18142,CHEBI_58390,CHEBI_18142_CHEBI_58390,protomer,protomer,90.0,1
CHEBI_64694,CHEBI_64921,CHEBI_64694_CHEBI_64921,protomer,protomer,94.0,1
CHEBI_138163,CHEBI_81925,CHEBI_138163_CHEBI_81925,protomer,protomer,93.0,1
CHEBI_136508,CHEBI_137297,CHEBI_136508_CHEBI_137297,protomer,protomer,97.0,1
CHEBI_599440,CHEBI_86380,CHEBI_599440_CHEBI_86380,protomer,protomer,91.0,1
CHEBI_64675,CHEBI_64687,CHEBI_64675_CHEBI_64687,protomer,protomer,94.0,1
CHEBI_16189,CHEBI_45696,CHEBI_16189_CHEBI_45696,protomer,protomer,89.0,1
CHEBI_71335,CHEBI_72648,CHEBI_71335_CHEBI_72648,protomer,protomer,94.0,1
CHEBI_27570,CHEBI_32531,CHEBI_27570_CHEBI_32531,protomer,protomer,81.0,1
CHEBI_141349,CHEBI_81856,CHEBI_141349_CHEBI_81856,protomer,protomer,92.0,1
CHEBI_140758,CHEBI_141249,CHEBI_140758_CHEBI_141249,protomer,protomer,94.0,1
CHEBI_36550,CHEBI_35962,CHEBI_35962_CHEBI_36550,protomer,protomer,89.0,1
CHEBI_136971,CHEBI_37450,CHEBI_136971_CHEBI_37450,protomer,protomer,97.0,1
CHEBI_16696,CHEBI_57866,CHEBI_16696_CHEBI_57866,protomer,protomer,87.0,1
CHEBI_36986,CHEBI_16600,CHEBI_16600_CHEBI_36986,protomer,protomer,84.0,1
CHEBI_78000,CHEBI_8024,CHEBI_78000_CHEBI_8024,protomer,protomer,96.0,1
CHEBI_77977,CHEBI_67375,CHEBI_67375_CHEBI_77977,protomer,protomer,92.0,1
CHEBI_132097,CHEBI_132098,CHEBI_132097_CHEBI_132098,protomer,protomer,88.0,1
CHEBI_17073,CHEBI_58006,CHEBI_17073_CHEBI_58006,protomer,protomer,82.0,1
CHEBI_38228,CHEBI_38227,CHEBI_38227_CHEBI_38228,protomer,protomer,93.0,1
CHEBI_71287,CHEBI_71235,CHEBI_71235_CHEBI_71287,protomer,protomer,92.0,1
CHEBI_188933,CHEBI_167809,CHEBI_167809_CHEBI_188933,protomer,protomer,92.0,1
CHEBI_147333,CHEBI_147339,CHEBI_147333_CHEBI_147339,protomer,protomer,93.0,1
CHEBI_45081,CHEBI_64383,CHEBI_45081_CHEBI_64383,protomer,protomer,73.0,1
CHEBI_36208,CHEBI_16119,CHEBI_16119_CHEBI_36208,protomer,protomer,92.0,1
CHEBI_132935,CHEBI_89182,CHEBI_132935_CHEBI_89182,protomer,protomer,89.0,1
CHEBI_144584,CHEBI_4733,CHEBI_144584_CHEBI_4733,protomer,protomer,97.0,1
CHEBI_76636,CHEBI_76959,CHEBI_76636_CHEBI_76959,protomer,protomer,93.0,1
CHEBI_19504,CHEBI_27895,CHEBI_19504_CHEBI_27895,protomer,protomer,86.0,1
CHEBI_64826,CHEBI_64825,CHEBI_64825_CHEBI_64826,protomer,protomer,91.0,1
CHEBI_133927,CHEBI_136456,CHEBI_133927_CHEBI_136456,protomer,protomer,89.0,1
CHEBI_57509,CHEBI_15772,CHEBI_15772_CHEBI_57509,protomer,protomer,93.0,1
CHEBI_30843,CHEBI_30842,CHEBI_30842_CHEBI_30843,protomer,protomer,88.0,1
CHEBI_132737,CHEBI_28408,CHEBI_132737_CHEBI_28408,protomer,protomer,96.0,1
CHEBI_47767,CHEBI_44887,CHEBI_44887_CHEBI_47767,protomer,protomer,95.0,1
CHEBI_52059,CHEBI_5683,CHEBI_52059_CHEBI_5683,protomer,protomer,96.0,1
CHEBI_64812,CHEBI_64811,CHEBI_64811_CHEBI_64812,protomer,protomer,91.0,1
CHEBI_33196,CHEBI_17576,CHEBI_17576_CHEBI_33196,protomer,protomer,87.0,1
CHEBI_78327,CHEBI_8602,CHEBI_78327_CHEBI_8602,protomer,protomer,93.0,1
CHEBI_145840,CHEBI_146013,CHEBI_145840_CHEBI_146013,protomer,protomer,94.0,1
CHEBI_15781,CHEBI_67049,CHEBI_15781_CHEBI_67049,protomer,protomer,94.0,1
CHEBI_28674,CHEBI_145569,CHEBI_145569_CHEBI_28674,protomer,protomer,88.0,1
CHEBI_19418,CHEBI_16216,CHEBI_16216_CHEBI_19418,protomer,protomer,90.0,1
CHEBI_58190,CHEBI_17553,CHEBI_17553_CHEBI_58190,protomer,protomer,81.0,1
CHEBI_136734,CHEBI_134210,CHEBI_134210_CHEBI_136734,protomer,protomer,89.0,1
CHEBI_180537,CHEBI_107644,CHEBI_107644_CHEBI_180537,protomer,protomer,92.0,1
CHEBI_15428,CHEBI_32507,CHEBI_15428_CHEBI_32507,protomer,protomer,86.0,1
CHEBI_28856,CHEBI_36635,CHEBI_28856_CHEBI_36635,protomer,protomer,90.0,1
CHEBI_139217,CHEBI_139069,CHEBI_139069_CHEBI_139217,protomer,protomer,93.0,1
CHEBI_58351,CHEBI_18023,CHEBI_18023_CHEBI_58351,protomer,protomer,93.0,1
CHEBI_28881,CHEBI_21615,CHEBI_21615_CHEBI_28881,protomer,protomer,95.0,1
CHEBI_15593,CHEBI_30926,CHEBI_15593_CHEBI_30926,protomer,protomer,84.0,1
CHEBI_229676,CHEBI_229648,CHEBI_229648_CHEBI_229676,protomer,protomer,94.0,1
CHEBI_58079,CHEBI_17260,CHEBI_17260_CHEBI_58079,protomer,protomer,91.0,1
CHEBI_140410,CHEBI_140408,CHEBI_140408_CHEBI_140410,protomer,protomer,93.0,1
CHEBI_16452,CHEBI_30744,CHEBI_16452_CHEBI_30744,protomer,protomer,82.0,1
CHEBI_83015,CHEBI_83114,CHEBI_83015_CHEBI_83114,protomer,protomer,93.0,1
CHEBI_133735,CHEBI_21555,CHEBI_133735_CHEBI_21555,protomer,protomer,92.0,1
CHEBI_86125,CHEBI_86124,CHEBI_86124_CHEBI_86125,protomer,protomer,91.0,1
CHEBI_71992,CHEBI_42567,CHEBI_42567_CHEBI_71992,protomer,protomer,94.0,1
CHEBI_60119,CHEBI_37550,CHEBI_37550_CHEBI_60119,protomer,protomer,89.0,1
CHEBI_58520,CHEBI_27657,CHEBI_27657_CHEBI_58520,protomer,protomer,90.0,1
CHEBI_17861,CHEBI_30747,CHEBI_17861_CHEBI_30747,protomer,protomer,90.0,1
CHEBI_61041,CHEBI_61044,CHEBI_61041_CHEBI_61044,protomer,protomer,96.0,1
CHEBI_85300,CHEBI_85006,CHEBI_85006_CHEBI_85300,protomer,protomer,94.0,1
CHEBI_147347,CHEBI_147355,CHEBI_147347_CHEBI_147355,protomer,protomer,90.0,1
CHEBI_72213,CHEBI_71941,CHEBI_71941_CHEBI_72213,protomer,protomer,94.0,1
CHEBI_57957,CHEBI_16942,CHEBI_16942_CHEBI_57957,protomer,protomer,96.0,1
CHEBI_57859,CHEBI_16685,CHEBI_16685_CHEBI_57859,protomer,protomer,57.0,1
CHEBI_78251,CHEBI_79082,CHEBI_78251_CHEBI_79082,protomer,protomer,92.0,1
CHEBI_16213,CHEBI_57682,CHEBI_16213_CHEBI_57682,protomer,protomer,91.0,1
CHEBI_58278,CHEBI_17805,CHEBI_17805_CHEBI_58278,protomer,protomer,94.0,1
CHEBI_133607,CHEBI_70824,CHEBI_133607_CHEBI_70824,protomer,protomer,93.0,1
CHEBI_79035,CHEBI_82971,CHEBI_79035_CHEBI_82971,protomer,protomer,96.0,1
CHEBI_58400,CHEBI_18168,CHEBI_18168_CHEBI_58400,protomer,protomer,92.0,1
CHEBI_38046,CHEBI_37990,CHEBI_37990_CHEBI_38046,protomer,protomer,99.0,1
CHEBI_64692,CHEBI_64643,CHEBI_64643_CHEBI_64692,protomer,protomer,84.0,1
CHEBI_169971,CHEBI_65129,CHEBI_169971_CHEBI_65129,protomer,protomer,96.0,1
CHEBI_62448,CHEBI_24809,CHEBI_24809_CHEBI_62448,protomer,protomer,93.0,1
CHEBI_57872,CHEBI_16717,CHEBI_16717_CHEBI_57872,protomer,protomer,83.0,1
CHEBI_58256,CHEBI_17734,CHEBI_17734_CHEBI_58256,protomer,protomer,96.0,1
CHEBI_58790,CHEBI_49194,CHEBI_49194_CHEBI_58790,protomer,protomer,91.0,1
CHEBI_57905,CHEBI_16814,CHEBI_16814_CHEBI_57905,protomer,protomer,96.0,1
CHEBI_87361,CHEBI_40863,CHEBI_40863_CHEBI_87361,protomer,protomer,93.0,1
CHEBI_140203,CHEBI_140241,CHEBI_140203_CHEBI_140241,protomer,protomer,92.0,1
CHEBI_75851,CHEBI_75665,CHEBI_75665_CHEBI_75851,protomer,protomer,84.0,1
CHEBI_141326,CHEBI_141319,CHEBI_141319_CHEBI_141326,protomer,protomer,87.0,1
CHEBI_60108,CHEBI_49071,CHEBI_49071_CHEBI_60108,protomer,protomer,93.0,1
CHEBI_85539,CHEBI_85537,CHEBI_85537_CHEBI_85539,protomer,protomer,93.0,1
CHEBI_58742,CHEBI_48398,CHEBI_48398_CHEBI_58742,protomer,protomer,97.0,1
CHEBI_36647,CHEBI_16725,CHEBI_16725_CHEBI_36647,protomer,protomer,92.0,1
CHEBI_83431,CHEBI_84217,CHEBI_83431_CHEBI_84217,protomer,protomer,88.0,1
CHEBI_82991,CHEBI_83073,CHEBI_82991_CHEBI_83073,protomer,protomer,91.0,1
CHEBI_78620,CHEBI_82681,CHEBI_78620_CHEBI_82681,protomer,protomer,94.0,1
CHEBI_85289,CHEBI_27905,CHEBI_27905_CHEBI_85289,protomer,protomer,90.0,1
CHEBI_19338,CHEBI_36554,CHEBI_19338_CHEBI_36554,protomer,protomer,91.0,1
CHEBI_64080,CHEBI_64079,CHEBI_64079_CHEBI_64080,protomer,protomer,95.0,1
CHEBI_65160,CHEBI_60420,CHEBI_60420_CHEBI_65160,protomer,protomer,96.0,1
CHEBI_57991,CHEBI_17033,CHEBI_17033_CHEBI_57991,protomer,protomer,96.0,1
CHEBI_18022,CHEBI_29200,CHEBI_18022_CHEBI_29200,protomer,protomer,83.0,1
CHEBI_60050,CHEBI_17474,CHEBI_17474_CHEBI_60050,protomer,protomer,95.0,1
CHEBI_57266,CHEBI_122,CHEBI_122_CHEBI_57266,protomer,protomer,92.0,1
CHEBI_55358,CHEBI_55357,CHEBI_55357_CHEBI_55358,protomer,protomer,91.0,1
CHEBI_64318,CHEBI_190463,CHEBI_190463_CHEBI_64318,protomer,protomer,94.0,1
CHEBI_35453,CHEBI_16369,CHEBI_16369_CHEBI_35453,protomer,protomer,87.0,1
CHEBI_90936,CHEBI_90937,CHEBI_90936_CHEBI_90937,protomer,protomer,100.0,1
CHEBI_17845,CHEBI_58291,CHEBI_17845_CHEBI_58291,protomer,protomer,74.0,1
CHEBI_36449,CHEBI_79335,CHEBI_36449_CHEBI_79335,protomer,protomer,96.0,1
CHEBI_19092,CHEBI_36781,CHEBI_19092_CHEBI_36781,protomer,protomer,80.0,1
CHEBI_58403,CHEBI_18184,CHEBI_18184_CHEBI_58403,protomer,protomer,95.0,1
CHEBI_58308,CHEBI_17881,CHEBI_17881_CHEBI_58308,protomer,protomer,91.0,1
CHEBI_27623,CHEBI_40856,CHEBI_27623_CHEBI_40856,protomer,protomer,64.0,1
CHEBI_176339,CHEBI_176341,CHEBI_176339_CHEBI_176341,protomer,protomer,90.0,1
CHEBI_133374,CHEBI_63976,CHEBI_133374_CHEBI_63976,protomer,protomer,95.0,1
CHEBI_77429,CHEBI_78098,CHEBI_77429_CHEBI_78098,protomer,protomer,93.0,1
CHEBI_133821,CHEBI_136357,CHEBI_133821_CHEBI_136357,protomer,protomer,95.0,1
CHEBI_520819,CHEBI_42638,CHEBI_42638_CHEBI_520819,protomer,protomer,94.0,1
CHEBI_72336,CHEBI_72339,CHEBI_72336_CHEBI_72339,protomer,protomer,85.0,1
CHEBI_15742,CHEBI_57493,CHEBI_15742_CHEBI_57493,protomer,protomer,84.0,1
CHEBI_57605,CHEBI_16009,CHEBI_16009_CHEBI_57605,protomer,protomer,95.0,1
CHEBI_29270,CHEBI_29271,CHEBI_29270_CHEBI_29271,protomer,protomer,88.0,1
CHEBI_58333,CHEBI_17965,CHEBI_17965_CHEBI_58333,protomer,protomer,96.0,1
CHEBI_135287,CHEBI_176970,CHEBI_135287_CHEBI_176970,protomer,protomer,88.0,1
CHEBI_62813,CHEBI_62812,CHEBI_62812_CHEBI_62813,protomer,protomer,96.0,1
CHEBI_145011,CHEBI_145024,CHEBI_145011_CHEBI_145024,protomer,protomer,95.0,1
CHEBI_84979,CHEBI_84978,CHEBI_84978_CHEBI_84979,protomer,protomer,89.0,1
CHEBI_74408,CHEBI_31113,CHEBI_31113_CHEBI_74408,protomer,protomer,95.0,1
CHEBI_58909,CHEBI_53028,CHEBI_53028_CHEBI_58909,protomer,protomer,95.0,1
CHEBI_85259,CHEBI_132181,CHEBI_132181_CHEBI_85259,protomer,protomer,81.0,1
CHEBI_71337,CHEBI_50694,CHEBI_50694_CHEBI_71337,protomer,protomer,91.0,1
CHEBI_132200,CHEBI_132883,CHEBI_132200_CHEBI_132883,protomer,protomer,92.0,1
CHEBI_85349,CHEBI_85829,CHEBI_85349_CHEBI_85829,protomer,protomer,96.0,1
CHEBI_229210,CHEBI_202385,CHEBI_202385_CHEBI_229210,protomer,protomer,93.0,1
CHEBI_17649,CHEBI_30844,CHEBI_17649_CHEBI_30844,protomer,protomer,92.0,1
CHEBI_83662,CHEBI_83661,CHEBI_83661_CHEBI_83662,protomer,protomer,88.0,1
CHEBI_29746,CHEBI_17687,CHEBI_17687_CHEBI_29746,protomer,protomer,96.0,1
CHEBI_57839,CHEBI_16622,CHEBI_16622_CHEBI_57839,protomer,protomer,91.0,1
CHEBI_33163,CHEBI_32381,CHEBI_32381_CHEBI_33163,protomer,protomer,91.0,1
CHEBI_58053,CHEBI_17202,CHEBI_17202_CHEBI_58053,protomer,protomer,96.0,1
CHEBI_136566,CHEBI_137385,CHEBI_136566_CHEBI_137385,protomer,protomer,97.0,1
CHEBI_9107,CHEBI_77617,CHEBI_77617_CHEBI_9107,protomer,protomer,91.0,1
CHEBI_58532,CHEBI_27858,CHEBI_27858_CHEBI_58532,protomer,protomer,85.0,1
CHEBI_57951,CHEBI_16927,CHEBI_16927_CHEBI_57951,protomer,protomer,80.0,1
CHEBI_5637,CHEBI_194515,CHEBI_194515_CHEBI_5637,protomer,protomer,86.0,1
CHEBI_59653,CHEBI_59651,CHEBI_59651_CHEBI_59653,protomer,protomer,97.0,1
CHEBI_177869,CHEBI_81394,CHEBI_177869_CHEBI_81394,protomer,protomer,92.0,1
CHEBI_87808,CHEBI_88117,CHEBI_87808_CHEBI_88117,protomer,protomer,92.0,1
CHEBI_62414,CHEBI_3110,CHEBI_3110_CHEBI_62414,protomer,protomer,97.0,1
CHEBI_28340,CHEBI_35619,CHEBI_28340_CHEBI_35619,protomer,protomer,87.0,1
CHEBI_58017,CHEBI_17111,CHEBI_17111_CHEBI_58017,protomer,protomer,89.0,1
CHEBI_84770,CHEBI_84769,CHEBI_84769_CHEBI_84770,protomer,protomer,94.0,1
CHEBI_132081,CHEBI_132800,CHEBI_132081_CHEBI_132800,protomer,protomer,95.0,1
CHEBI_133072,CHEBI_68505,CHEBI_133072_CHEBI_68505,protomer,protomer,92.0,1
CHEBI_58812,CHEBI_50207,CHEBI_50207_CHEBI_58812,protomer,protomer,95.0,1
CHEBI_60257,CHEBI_114953,CHEBI_114953_CHEBI_60257,protomer,protomer,92.0,1
CHEBI_133496,CHEBI_134532,CHEBI_133496_CHEBI_134532,protomer,protomer,91.0,1
CHEBI_22210,CHEBI_22211,CHEBI_22210_CHEBI_22211,protomer,protomer,82.0,1
CHEBI_61887,CHEBI_40410,CHEBI_40410_CHEBI_61887,protomer,protomer,89.0,1
CHEBI_17170,CHEBI_58040,CHEBI_17170_CHEBI_58040,protomer,protomer,79.0,1
CHEBI_131783,CHEBI_132117,CHEBI_131783_CHEBI_132117,protomer,protomer,95.0,1
CHEBI_192516,CHEBI_144197,CHEBI_144197_CHEBI_192516,protomer,protomer,94.0,1
CHEBI_3205,CHEBI_61192,CHEBI_3205_CHEBI_61192,protomer,protomer,87.0,1
CHEBI_19083,CHEBI_37456,CHEBI_19083_CHEBI_37456,protomer,protomer,93.0,1
CHEBI_30023,CHEBI_15714,CHEBI_15714_CHEBI_30023,protomer,protomer,93.0,1
CHEBI_149713,CHEBI_234108,CHEBI_149713_CHEBI_234108,protomer,protomer,96.0,1
CHEBI_87118,CHEBI_87117,CHEBI_87117_CHEBI_87118,protomer,protomer,92.0,1
CHEBI_131718,CHEBI_132066,CHEBI_131718_CHEBI_132066,protomer,protomer,91.0,1
CHEBI_144061,CHEBI_144844,CHEBI_144061_CHEBI_144844,protomer,protomer,95.0,1
CHEBI_59505,CHEBI_50605,CHEBI_50605_CHEBI_59505,protomer,protomer,94.0,1
CHEBI_11987,CHEBI_18256,CHEBI_11987_CHEBI_18256,protomer,protomer,91.0,1
CHEBI_18360,CHEBI_58460,CHEBI_18360_CHEBI_58460,protomer,protomer,91.0,1
CHEBI_145662,CHEBI_145665,CHEBI_145662_CHEBI_145665,protomer,protomer,92.0,1
CHEBI_57530,CHEBI_15823,CHEBI_15823_CHEBI_57530,protomer,protomer,93.0,1
CHEBI_58538,CHEBI_27951,CHEBI_27951_CHEBI_58538,protomer,protomer,87.0,1
CHEBI_31529,CHEBI_59908,CHEBI_31529_CHEBI_59908,protomer,protomer,86.0,1
CHEBI_35745,CHEBI_35760,CHEBI_35745_CHEBI_35760,protomer,protomer,70.0,1
CHEBI_58854,CHEBI_50972,CHEBI_50972_CHEBI_58854,protomer,protomer,95.0,1
CHEBI_63254,CHEBI_62763,CHEBI_62763_CHEBI_63254,protomer,protomer,96.0,1
CHEBI_167897,CHEBI_68749,CHEBI_167897_CHEBI_68749,protomer,protomer,94.0,1
CHEBI_78345,CHEBI_79189,CHEBI_78345_CHEBI_79189,protomer,protomer,91.0,1
CHEBI_132890,CHEBI_81951,CHEBI_132890_CHEBI_81951,protomer,protomer,94.0,1
CHEBI_46398,CHEBI_15713,CHEBI_15713_CHEBI_46398,protomer,protomer,92.0,1
CHEBI_133533,CHEBI_133532,CHEBI_133532_CHEBI_133533,protomer,protomer,93.0,1
CHEBI_82605,CHEBI_83239,CHEBI_82605_CHEBI_83239,protomer,protomer,92.0,1
CHEBI_136976,CHEBI_137966,CHEBI_136976_CHEBI_137966,protomer,protomer,96.0,1
CHEBI_73709,CHEBI_50613,CHEBI_50613_CHEBI_73709,protomer,protomer,89.0,1
CHEBI_57838,CHEBI_16621,CHEBI_16621_CHEBI_57838,protomer,protomer,83.0,1
CHEBI_84462,CHEBI_85401,CHEBI_84462_CHEBI_85401,protomer,protomer,88.0,1
CHEBI_17684,CHEBI_48309,CHEBI_17684_CHEBI_48309,protomer,protomer,88.0,1
CHEBI_50680,CHEBI_44185,CHEBI_44185_CHEBI_50680,protomer,protomer,97.0,1
CHEBI_58137,CHEBI_17416,CHEBI_17416_CHEBI_58137,protomer,protomer,88.0,1
CHEBI_91190,CHEBI_91191,CHEBI_91190_CHEBI_91191,protomer,protomer,92.0,1
CHEBI_139182,CHEBI_84092,CHEBI_139182_CHEBI_84092,protomer,protomer,95.0,1
CHEBI_131510,CHEBI_131517,CHEBI_131510_CHEBI_131517,protomer,protomer,89.0,1
CHEBI_62419,CHEBI_62247,CHEBI_62247_CHEBI_62419,protomer,protomer,90.0,1
CHEBI_57569,CHEBI_15925,CHEBI_15925_CHEBI_57569,protomer,protomer,88.0,1
CHEBI_79044,CHEBI_82987,CHEBI_79044_CHEBI_82987,protomer,protomer,96.0,1
CHEBI_52439,CHEBI_3489,CHEBI_3489_CHEBI_52439,protomer,protomer,97.0,1
CHEBI_2089,CHEBI_166874,CHEBI_166874_CHEBI_2089,protomer,protomer,93.0,1
CHEBI_2519,CHEBI_65042,CHEBI_2519_CHEBI_65042,protomer,protomer,89.0,1
CHEBI_59131,CHEBI_420128,CHEBI_420128_CHEBI_59131,protomer,protomer,92.0,1
CHEBI_82994,CHEBI_83082,CHEBI_82994_CHEBI_83082,protomer,protomer,92.0,1
CHEBI_35809,CHEBI_35802,CHEBI_35802_CHEBI_35809,protomer,protomer,96.0,1
CHEBI_136436,CHEBI_136581,CHEBI_136436_CHEBI_136581,protomer,protomer,93.0,1
CHEBI_76598,CHEBI_76599,CHEBI_76598_CHEBI_76599,protomer,protomer,81.0,1
CHEBI_133681,CHEBI_82932,CHEBI_133681_CHEBI_82932,protomer,protomer,91.0,1
CHEBI_1178,CHEBI_35128,CHEBI_1178_CHEBI_35128,protomer,protomer,87.0,1
CHEBI_64011,CHEBI_64038,CHEBI_64011_CHEBI_64038,protomer,protomer,86.0,1
CHEBI_36107,CHEBI_36106,CHEBI_36106_CHEBI_36107,protomer,protomer,91.0,1
CHEBI_145902,CHEBI_18082,CHEBI_145902_CHEBI_18082,protomer,protomer,97.0,1
CHEBI_87387,CHEBI_87389,CHEBI_87387_CHEBI_87389,protomer,protomer,91.0,1
CHEBI_77711,CHEBI_18131,CHEBI_18131_CHEBI_77711,protomer,protomer,95.0,1
CHEBI_57549,CHEBI_15874,CHEBI_15874_CHEBI_57549,protomer,protomer,92.0,1
CHEBI_57615,CHEBI_16043,CHEBI_16043_CHEBI_57615,protomer,protomer,93.0,1
CHEBI_31059,CHEBI_75296,CHEBI_31059_CHEBI_75296,protomer,protomer,96.0,1
CHEBI_15775,CHEBI_37440,CHEBI_15775_CHEBI_37440,protomer,protomer,85.0,1
CHEBI_131958,CHEBI_132228,CHEBI_131958_CHEBI_132228,protomer,protomer,95.0,1
CHEBI_53658,CHEBI_29007,CHEBI_29007_CHEBI_53658,protomer,protomer,97.0,1
CHEBI_44639,CHEBI_224366,CHEBI_224366_CHEBI_44639,protomer,protomer,83.0,1
CHEBI_90784,CHEBI_131528,CHEBI_131528_CHEBI_90784,protomer,protomer,95.0,1
CHEBI_11641,CHEBI_37318,CHEBI_11641_CHEBI_37318,protomer,protomer,90.0,1
CHEBI_57830,CHEBI_16596,CHEBI_16596_CHEBI_57830,protomer,protomer,96.0,1
CHEBI_139266,CHEBI_139265,CHEBI_139265_CHEBI_139266,protomer,protomer,95.0,1
CHEBI_133121,CHEBI_133119,CHEBI_133119_CHEBI_133121,protomer,protomer,94.0,1
CHEBI_61267,CHEBI_61280,CHEBI_61267_CHEBI_61280,protomer,protomer,93.0,1
CHEBI_75274,CHEBI_75275,CHEBI_75274_CHEBI_75275,protomer,protomer,93.0,1
CHEBI_28621,CHEBI_132755,CHEBI_132755_CHEBI_28621,protomer,protomer,81.0,1
CHEBI_146372,CHEBI_146309,CHEBI_146309_CHEBI_146372,protomer,protomer,92.0,1
CHEBI_58730,CHEBI_48000,CHEBI_48000_CHEBI_58730,protomer,protomer,92.0,1
CHEBI_59762,CHEBI_44743,CHEBI_44743_CHEBI_59762,protomer,protomer,55.0,1
CHEBI_90933,CHEBI_90934,CHEBI_90933_CHEBI_90934,protomer,protomer,100.0,1
CHEBI_42160,CHEBI_33487,CHEBI_33487_CHEBI_42160,protomer,protomer,89.0,1
CHEBI_132219,CHEBI_132909,CHEBI_132219_CHEBI_132909,protomer,protomer,95.0,1
CHEBI_15237,CHEBI_17195,CHEBI_15237_CHEBI_17195,protomer,protomer,91.0,1
CHEBI_144744,CHEBI_144742,CHEBI_144742_CHEBI_144744,protomer,protomer,94.0,1
CHEBI_133948,CHEBI_136587,CHEBI_133948_CHEBI_136587,protomer,protomer,95.0,1
CHEBI_58890,CHEBI_52402,CHEBI_52402_CHEBI_58890,protomer,protomer,95.0,1
CHEBI_64101,CHEBI_64100,CHEBI_64100_CHEBI_64101,protomer,protomer,100.0,1
CHEBI_90289,CHEBI_90288,CHEBI_90288_CHEBI_90289,protomer,protomer,97.0,1
CHEBI_143277,CHEBI_73173,CHEBI_143277_CHEBI_73173,protomer,protomer,94.0,1
CHEBI_78099,CHEBI_35032,CHEBI_35032_CHEBI_78099,protomer,protomer,95.0,1
CHEBI_49375,CHEBI_190514,CHEBI_190514_CHEBI_49375,protomer,protomer,95.0,1
CHEBI_40536,CHEBI_40520,CHEBI_40520_CHEBI_40536,protomer,protomer,92.0,1
CHEBI_135076,CHEBI_176784,CHEBI_135076_CHEBI_176784,protomer,protomer,87.0,1
CHEBI_76230,CHEBI_6710,CHEBI_6710_CHEBI_76230,protomer,protomer,94.0,1
CHEBI_57980,CHEBI_16996,CHEBI_16996_CHEBI_57980,protomer,protomer,88.0,1
CHEBI_71624,CHEBI_70755,CHEBI_70755_CHEBI_71624,protomer,protomer,86.0,1
CHEBI_58525,CHEBI_27735,CHEBI_27735_CHEBI_58525,protomer,protomer,96.0,1
CHEBI_68611,CHEBI_68609,CHEBI_68609_CHEBI_68611,protomer,protomer,97.0,1
CHEBI_16471,CHEBI_4623,CHEBI_16471_CHEBI_4623,protomer,protomer,88.0,1
CHEBI_137673,CHEBI_79222,CHEBI_137673_CHEBI_79222,protomer,protomer,83.0,1
CHEBI_53664,CHEBI_53647,CHEBI_53647_CHEBI_53664,protomer,protomer,87.0,1
CHEBI_18401,CHEBI_30745,CHEBI_18401_CHEBI_30745,protomer,protomer,92.0,1
CHEBI_139264,CHEBI_139263,CHEBI_139263_CHEBI_139264,protomer,protomer,96.0,1
CHEBI_67260,CHEBI_67264,CHEBI_67260_CHEBI_67264,protomer,protomer,92.0,1
CHEBI_72991,CHEBI_73087,CHEBI_72991_CHEBI_73087,protomer,protomer,92.0,1
CHEBI_90957,CHEBI_90953,CHEBI_90953_CHEBI_90957,protomer,protomer,94.0,1
CHEBI_61665,CHEBI_61664,CHEBI_61664_CHEBI_61665,protomer,protomer,95.0,1
CHEBI_15739,CHEBI_57492,CHEBI_15739_CHEBI_57492,protomer,protomer,83.0,1
CHEBI_62046,CHEBI_62193,CHEBI_62046_CHEBI_62193,protomer,protomer,95.0,1
CHEBI_59248,CHEBI_59246,CHEBI_59246_CHEBI_59248,protomer,protomer,95.0,1
CHEBI_58484,CHEBI_18426,CHEBI_18426_CHEBI_58484,protomer,protomer,90.0,1
CHEBI_58361,CHEBI_18054,CHEBI_18054_CHEBI_58361,protomer,protomer,90.0,1
CHEBI_57989,CHEBI_17028,CHEBI_17028_CHEBI_57989,protomer,protomer,91.0,1
CHEBI_18172,CHEBI_30775,CHEBI_18172_CHEBI_30775,protomer,protomer,88.0,1
CHEBI_74853,CHEBI_75075,CHEBI_74853_CHEBI_75075,protomer,protomer,89.0,1
CHEBI_58861,CHEBI_51284,CHEBI_51284_CHEBI_58861,protomer,protomer,92.0,1
CHEBI_66961,CHEBI_67080,CHEBI_66961_CHEBI_67080,protomer,protomer,96.0,1
CHEBI_36167,CHEBI_46835,CHEBI_36167_CHEBI_46835,protomer,protomer,95.0,1
CHEBI_82769,CHEBI_82768,CHEBI_82768_CHEBI_82769,protomer,protomer,93.0,1
CHEBI_57544,CHEBI_15863,CHEBI_15863_CHEBI_57544,protomer,protomer,92.0,1
CHEBI_58616,CHEBI_29216,CHEBI_29216_CHEBI_58616,protomer,protomer,91.0,1
CHEBI_85550,CHEBI_85910,CHEBI_85550_CHEBI_85910,protomer,protomer,96.0,1
CHEBI_38439,CHEBI_16948,CHEBI_16948_CHEBI_38439,protomer,protomer,93.0,1
CHEBI_178056,CHEBI_68241,CHEBI_178056_CHEBI_68241,protomer,protomer,97.0,1
CHEBI_16780,CHEBI_49255,CHEBI_16780_CHEBI_49255,protomer,protomer,93.0,1
CHEBI_72300,CHEBI_72301,CHEBI_72300_CHEBI_72301,protomer,protomer,97.0,1
CHEBI_32813,CHEBI_17072,CHEBI_17072_CHEBI_32813,protomer,protomer,88.0,1
CHEBI_58561,CHEBI_28307,CHEBI_28307_CHEBI_58561,protomer,protomer,89.0,1
CHEBI_58457,CHEBI_18349,CHEBI_18349_CHEBI_58457,protomer,protomer,89.0,1
CHEBI_167905,CHEBI_167906,CHEBI_167905_CHEBI_167906,protomer,protomer,93.0,1
CHEBI_63622,CHEBI_63647,CHEBI_63622_CHEBI_63647,protomer,protomer,91.0,1
CHEBI_138809,CHEBI_138888,CHEBI_138809_CHEBI_138888,protomer,protomer,90.0,1
CHEBI_188931,CHEBI_188930,CHEBI_188930_CHEBI_188931,protomer,protomer,88.0,1
CHEBI_16628,CHEBI_57840,CHEBI_16628_CHEBI_57840,protomer,protomer,70.0,1
CHEBI_57925,CHEBI_16856,CHEBI_16856_CHEBI_57925,protomer,protomer,88.0,1
CHEBI_140537,CHEBI_27708,CHEBI_140537_CHEBI_27708,protomer,protomer,88.0,1
CHEBI_57777,CHEBI_16453,CHEBI_16453_CHEBI_57777,protomer,protomer,92.0,1
CHEBI_15997,CHEBI_57601,CHEBI_15997_CHEBI_57601,protomer,protomer,85.0,1
CHEBI_16343,CHEBI_57741,CHEBI_16343_CHEBI_57741,protomer,protomer,90.0,1
CHEBI_57904,CHEBI_16809,CHEBI_16809_CHEBI_57904,protomer,protomer,93.0,1
CHEBI_144779,CHEBI_75314,CHEBI_144779_CHEBI_75314,protomer,protomer,92.0,1
CHEBI_35280,CHEBI_44813,CHEBI_35280_CHEBI_44813,protomer,protomer,91.0,1
CHEBI_72951,CHEBI_73084,CHEBI_72951_CHEBI_73084,protomer,protomer,97.0,1
CHEBI_156057,CHEBI_155914,CHEBI_155914_CHEBI_156057,protomer,protomer,92.0,1
CHEBI_74934,CHEBI_32202,CHEBI_32202_CHEBI_74934,protomer,protomer,95.0,1
CHEBI_47892,CHEBI_16099,CHEBI_16099_CHEBI_47892,protomer,protomer,95.0,1
CHEBI_33539,CHEBI_5587,CHEBI_33539_CHEBI_5587,protomer,protomer,86.0,1
CHEBI_57529,CHEBI_15822,CHEBI_15822_CHEBI_57529,protomer,protomer,96.0,1
CHEBI_71417,CHEBI_71431,CHEBI_71417_CHEBI_71431,protomer,protomer,99.0,1
CHEBI_17331,CHEBI_50037,CHEBI_17331_CHEBI_50037,protomer,protomer,93.0,1
CHEBI_133107,CHEBI_133104,CHEBI_133104_CHEBI_133107,protomer,protomer,95.0,1
CHEBI_57978,CHEBI_16992,CHEBI_16992_CHEBI_57978,protomer,protomer,88.0,1
CHEBI_136993,CHEBI_134612,CHEBI_134612_CHEBI_136993,protomer,protomer,87.0,1
CHEBI_16505,CHEBI_57797,CHEBI_16505_CHEBI_57797,protomer,protomer,73.0,1
CHEBI_71326,CHEBI_71328,CHEBI_71326_CHEBI_71328,protomer,protomer,95.0,1
CHEBI_57538,CHEBI_15842,CHEBI_15842_CHEBI_57538,protomer,protomer,92.0,1
CHEBI_76159,CHEBI_32207,CHEBI_32207_CHEBI_76159,protomer,protomer,96.0,1
CHEBI_57700,CHEBI_16256,CHEBI_16256_CHEBI_57700,protomer,protomer,89.0,1
CHEBI_74414,CHEBI_1670,CHEBI_1670_CHEBI_74414,protomer,protomer,92.0,1
CHEBI_16944,CHEBI_40673,CHEBI_16944_CHEBI_40673,protomer,protomer,89.0,1
CHEBI_138358,CHEBI_138400,CHEBI_138358_CHEBI_138400,protomer,protomer,89.0,1
CHEBI_85988,CHEBI_85984,CHEBI_85984_CHEBI_85988,protomer,protomer,95.0,1
CHEBI_72309,CHEBI_72310,CHEBI_72309_CHEBI_72310,protomer,protomer,97.0,1
CHEBI_15353,CHEBI_57289,CHEBI_15353_CHEBI_57289,protomer,protomer,76.0,1
CHEBI_77048,CHEBI_76921,CHEBI_76921_CHEBI_77048,protomer,protomer,89.0,1
CHEBI_9398,CHEBI_142544,CHEBI_142544_CHEBI_9398,protomer,protomer,93.0,1
CHEBI_58092,CHEBI_17287,CHEBI_17287_CHEBI_58092,protomer,protomer,83.0,1
CHEBI_32785,CHEBI_32784,CHEBI_32784_CHEBI_32785,protomer,protomer,93.0,1
CHEBI_48007,CHEBI_58732,CHEBI_48007_CHEBI_58732,protomer,protomer,78.0,1
CHEBI_150868,CHEBI_150867,CHEBI_150867_CHEBI_150868,protomer,protomer,95.0,1
CHEBI_147374,CHEBI_147360,CHEBI_147360_CHEBI_147374,protomer,protomer,96.0,1
CHEBI_133691,CHEBI_133689,CHEBI_133689_CHEBI_133691,protomer,protomer,94.0,1
CHEBI_233695,CHEBI_90001,CHEBI_233695_CHEBI_90001,protomer,protomer,89.0,1
CHEBI_58724,CHEBI_47980,CHEBI_47980_CHEBI_58724,protomer,protomer,82.0,1
CHEBI_57955,CHEBI_16938,CHEBI_16938_CHEBI_57955,protomer,protomer,93.0,1
CHEBI_58866,CHEBI_51793,CHEBI_51793_CHEBI_58866,protomer,protomer,95.0,1
CHEBI_9093,CHEBI_32754,CHEBI_32754_CHEBI_9093,protomer,protomer,86.0,1
CHEBI_229228,CHEBI_28695,CHEBI_229228_CHEBI_28695,protomer,protomer,95.0,1
CHEBI_65041,CHEBI_65032,CHEBI_65032_CHEBI_65041,protomer,protomer,92.0,1
CHEBI_167456,CHEBI_174217,CHEBI_167456_CHEBI_174217,protomer,protomer,94.0,1
CHEBI_63692,CHEBI_63741,CHEBI_63692_CHEBI_63741,protomer,protomer,94.0,1
CHEBI_75303,CHEBI_41362,CHEBI_41362_CHEBI_75303,protomer,protomer,92.0,1
CHEBI_58628,CHEBI_30164,CHEBI_30164_CHEBI_58628,protomer,protomer,83.0,1
CHEBI_133740,CHEBI_90242,CHEBI_133740_CHEBI_90242,protomer,protomer,90.0,1
CHEBI_131800,CHEBI_131806,CHEBI_131800_CHEBI_131806,protomer,protomer,89.0,1
CHEBI_149587,CHEBI_19500,CHEBI_149587_CHEBI_19500,protomer,protomer,86.0,1
CHEBI_87396,CHEBI_87397,CHEBI_87396_CHEBI_87397,protomer,protomer,92.0,1
CHEBI_84295,CHEBI_84294,CHEBI_84294_CHEBI_84295,protomer,protomer,88.0,1
CHEBI_132980,CHEBI_132981,CHEBI_132980_CHEBI_132981,protomer,protomer,88.0,1
CHEBI_51792,CHEBI_51790,CHEBI_51790_CHEBI_51792,protomer,protomer,95.0,1
CHEBI_20435,CHEBI_28886,CHEBI_20435_CHEBI_28886,protomer,protomer,90.0,1
CHEBI_144581,CHEBI_1905,CHEBI_144581_CHEBI_1905,protomer,protomer,94.0,1
CHEBI_61038,CHEBI_61033,CHEBI_61033_CHEBI_61038,protomer,protomer,91.0,1
CHEBI_18361,CHEBI_33019,CHEBI_18361_CHEBI_33019,protomer,protomer,90.0,1
CHEBI_65209,CHEBI_65208,CHEBI_65208_CHEBI_65209,protomer,protomer,96.0,1
CHEBI_180538,CHEBI_88458,CHEBI_180538_CHEBI_88458,protomer,protomer,92.0,1
CHEBI_32544,CHEBI_15940,CHEBI_15940_CHEBI_32544,protomer,protomer,91.0,1
CHEBI_92386,CHEBI_149565,CHEBI_149565_CHEBI_92386,protomer,protomer,88.0,1
CHEBI_58003,CHEBI_17065,CHEBI_17065_CHEBI_58003,protomer,protomer,95.0,1
CHEBI_72297,CHEBI_72302,CHEBI_72297_CHEBI_72302,protomer,protomer,94.0,1
CHEBI_136582,CHEBI_4866,CHEBI_136582_CHEBI_4866,protomer,protomer,96.0,1
CHEBI_67052,CHEBI_27744,CHEBI_27744_CHEBI_67052,protomer,protomer,86.0,1
CHEBI_17240,CHEBI_30838,CHEBI_17240_CHEBI_30838,protomer,protomer,84.0,1
CHEBI_27676,CHEBI_64802,CHEBI_27676_CHEBI_64802,protomer,protomer,91.0,1
CHEBI_196971,CHEBI_165555,CHEBI_165555_CHEBI_196971,protomer,protomer,94.0,1
CHEBI_3231,CHEBI_86302,CHEBI_3231_CHEBI_86302,protomer,protomer,92.0,1
CHEBI_57432,CHEBI_15610,CHEBI_15610_CHEBI_57432,protomer,protomer,96.0,1
CHEBI_17342,CHEBI_58113,CHEBI_17342_CHEBI_58113,protomer,protomer,89.0,1
CHEBI_58670,CHEBI_37011,CHEBI_37011_CHEBI_58670,protomer,protomer,91.0,1
CHEBI_58102,CHEBI_17316,CHEBI_17316_CHEBI_58102,protomer,protomer,90.0,1
CHEBI_132080,CHEBI_132797,CHEBI_132080_CHEBI_132797,protomer,protomer,95.0,1
CHEBI_61283,CHEBI_2981,CHEBI_2981_CHEBI_61283,protomer,protomer,96.0,1
CHEBI_133071,CHEBI_21440,CHEBI_133071_CHEBI_21440,protomer,protomer,97.0,1
CHEBI_234025,CHEBI_2873,CHEBI_234025_CHEBI_2873,protomer,protomer,97.0,1
CHEBI_16187,CHEBI_30912,CHEBI_16187_CHEBI_30912,protomer,protomer,91.0,1
CHEBI_58477,CHEBI_18412,CHEBI_18412_CHEBI_58477,protomer,protomer,83.0,1
CHEBI_48293,CHEBI_48312,CHEBI_48293_CHEBI_48312,protomer,protomer,81.0,1
CHEBI_57557,CHEBI_15899,CHEBI_15899_CHEBI_57557,protomer,protomer,87.0,1
CHEBI_90851,CHEBI_90854,CHEBI_90851_CHEBI_90854,protomer,protomer,93.0,1
CHEBI_27622,CHEBI_20106,CHEBI_20106_CHEBI_27622,protomer,protomer,93.0,1
CHEBI_42917,CHEBI_138684,CHEBI_138684_CHEBI_42917,protomer,protomer,91.0,1
CHEBI_58872,CHEBI_51837,CHEBI_51837_CHEBI_58872,protomer,protomer,90.0,1
CHEBI_143905,CHEBI_144078,CHEBI_143905_CHEBI_144078,protomer,protomer,94.0,1
CHEBI_86491,CHEBI_86495,CHEBI_86491_CHEBI_86495,protomer,protomer,99.0,1
CHEBI_78759,CHEBI_189587,CHEBI_189587_CHEBI_78759,protomer,protomer,89.0,1
CHEBI_133611,CHEBI_70984,CHEBI_133611_CHEBI_70984,protomer,protomer,91.0,1
CHEBI_78376,CHEBI_79293,CHEBI_78376_CHEBI_79293,protomer,protomer,96.0,1
CHEBI_58451,CHEBI_18335,CHEBI_18335_CHEBI_58451,protomer,protomer,89.0,1
CHEBI_131981,CHEBI_132265,CHEBI_131981_CHEBI_132265,protomer,protomer,95.0,1
CHEBI_66982,CHEBI_64689,CHEBI_64689_CHEBI_66982,protomer,protomer,97.0,1
CHEBI_17110,CHEBI_58016,CHEBI_17110_CHEBI_58016,protomer,protomer,71.0,1
CHEBI_75552,CHEBI_75843,CHEBI_75552_CHEBI_75843,protomer,protomer,93.0,1
CHEBI_16299,CHEBI_76278,CHEBI_16299_CHEBI_76278,protomer,protomer,91.0,1
CHEBI_16926,CHEBI_57950,CHEBI_16926_CHEBI_57950,protomer,protomer,81.0,1
CHEBI_29071,CHEBI_15623,CHEBI_15623_CHEBI_29071,protomer,protomer,92.0,1
CHEBI_153571,CHEBI_150015,CHEBI_150015_CHEBI_153571,protomer,protomer,88.0,1
CHEBI_58387,CHEBI_18134,CHEBI_18134_CHEBI_58387,protomer,protomer,96.0,1
CHEBI_48600,CHEBI_18231,CHEBI_18231_CHEBI_48600,protomer,protomer,89.0,1
CHEBI_80308,CHEBI_190692,CHEBI_190692_CHEBI_80308,protomer,protomer,84.0,1
CHEBI_142399,CHEBI_142412,CHEBI_142399_CHEBI_142412,protomer,protomer,95.0,1
CHEBI_58393,CHEBI_18149,CHEBI_18149_CHEBI_58393,protomer,protomer,94.0,1
CHEBI_62211,CHEBI_1461,CHEBI_1461_CHEBI_62211,protomer,protomer,87.0,1
CHEBI_91239,CHEBI_84638,CHEBI_84638_CHEBI_91239,protomer,protomer,96.0,1
CHEBI_11951,CHEBI_17645,CHEBI_11951_CHEBI_17645,protomer,protomer,91.0,1
CHEBI_133690,CHEBI_82965,CHEBI_133690_CHEBI_82965,protomer,protomer,88.0,1
CHEBI_59899,CHEBI_16348,CHEBI_16348_CHEBI_59899,protomer,protomer,90.0,1
CHEBI_85161,CHEBI_85163,CHEBI_85161_CHEBI_85163,protomer,protomer,92.0,1
CHEBI_57404,CHEBI_15553,CHEBI_15553_CHEBI_57404,protomer,protomer,96.0,1
CHEBI_73784,CHEBI_73801,CHEBI_73784_CHEBI_73801,protomer,protomer,84.0,1
CHEBI_15740,CHEBI_30751,CHEBI_15740_CHEBI_30751,protomer,protomer,83.0,1
CHEBI_189062,CHEBI_45097,CHEBI_189062_CHEBI_45097,protomer,protomer,97.0,1
CHEBI_57663,CHEBI_16166,CHEBI_16166_CHEBI_57663,protomer,protomer,91.0,1
CHEBI_58819,CHEBI_50273,CHEBI_50273_CHEBI_58819,protomer,protomer,91.0,1
CHEBI_6809,CHEBI_132297,CHEBI_132297_CHEBI_6809,protomer,protomer,88.0,1
CHEBI_167610,CHEBI_166883,CHEBI_166883_CHEBI_167610,protomer,protomer,90.0,1
CHEBI_144867,CHEBI_144888,CHEBI_144867_CHEBI_144888,protomer,protomer,89.0,1
CHEBI_57541,CHEBI_15847,CHEBI_15847_CHEBI_57541,protomer,protomer,96.0,1
CHEBI_30782,CHEBI_30781,CHEBI_30781_CHEBI_30782,protomer,protomer,91.0,1
CHEBI_57702,CHEBI_16259,CHEBI_16259_CHEBI_57702,protomer,protomer,94.0,1
CHEBI_64514,CHEBI_64493,CHEBI_64493_CHEBI_64514,protomer,protomer,95.0,1
CHEBI_134098,CHEBI_136675,CHEBI_134098_CHEBI_136675,protomer,protomer,82.0,1
CHEBI_15685,CHEBI_35266,CHEBI_15685_CHEBI_35266,protomer,protomer,87.0,1
CHEBI_63115,CHEBI_63113,CHEBI_63113_CHEBI_63115,protomer,protomer,91.0,1
CHEBI_3240,CHEBI_61263,CHEBI_3240_CHEBI_61263,protomer,protomer,99.0,1
CHEBI_66942,CHEBI_66951,CHEBI_66942_CHEBI_66951,protomer,protomer,93.0,1
CHEBI_32557,CHEBI_32558,CHEBI_32557_CHEBI_32558,protomer,protomer,91.0,1
CHEBI_53670,CHEBI_204928,CHEBI_204928_CHEBI_53670,protomer,protomer,97.0,1
CHEBI_7862,CHEBI_77716,CHEBI_77716_CHEBI_7862,protomer,protomer,90.0,1
CHEBI_141049,CHEBI_138066,CHEBI_138066_CHEBI_141049,protomer,protomer,96.0,1
CHEBI_57558,CHEBI_15900,CHEBI_15900_CHEBI_57558,protomer,protomer,87.0,1
CHEBI_74591,CHEBI_74944,CHEBI_74591_CHEBI_74944,protomer,protomer,85.0,1
CHEBI_84359,CHEBI_85366,CHEBI_84359_CHEBI_85366,protomer,protomer,92.0,1
CHEBI_131929,CHEBI_132244,CHEBI_131929_CHEBI_132244,protomer,protomer,94.0,1
CHEBI_143960,CHEBI_29589,CHEBI_143960_CHEBI_29589,protomer,protomer,96.0,1
CHEBI_59227,CHEBI_41089,CHEBI_41089_CHEBI_59227,protomer,protomer,84.0,1
CHEBI_3651,CHEBI_180503,CHEBI_180503_CHEBI_3651,protomer,protomer,93.0,1
CHEBI_1893,CHEBI_20440,CHEBI_1893_CHEBI_20440,protomer,protomer,82.0,1
CHEBI_146301,CHEBI_146237,CHEBI_146237_CHEBI_146301,protomer,protomer,91.0,1
CHEBI_8613,CHEBI_193059,CHEBI_193059_CHEBI_8613,protomer,protomer,91.0,1
CHEBI_139122,CHEBI_138461,CHEBI_138461_CHEBI_139122,protomer,protomer,91.0,1
CHEBI_55453,CHEBI_55454,CHEBI_55453_CHEBI_55454,protomer,protomer,95.0,1
CHEBI_57272,CHEBI_1277,CHEBI_1277_CHEBI_57272,protomer,protomer,90.0,1
CHEBI_57454,CHEBI_15637,CHEBI_15637_CHEBI_57454,protomer,protomer,95.0,1
CHEBI_137598,CHEBI_27565,CHEBI_137598_CHEBI_27565,protomer,protomer,92.0,1
CHEBI_63950,CHEBI_63947,CHEBI_63947_CHEBI_63950,protomer,protomer,90.0,1
CHEBI_57939,CHEBI_16893,CHEBI_16893_CHEBI_57939,protomer,protomer,87.0,1
CHEBI_59122,CHEBI_287979,CHEBI_287979_CHEBI_59122,protomer,protomer,91.0,1
CHEBI_90394,CHEBI_90389,CHEBI_90389_CHEBI_90394,protomer,protomer,97.0,1
CHEBI_13941,CHEBI_28616,CHEBI_13941_CHEBI_28616,protomer,protomer,88.0,1
CHEBI_194344,CHEBI_194358,CHEBI_194344_CHEBI_194358,protomer,protomer,92.0,1
CHEBI_58638,CHEBI_31121,CHEBI_31121_CHEBI_58638,protomer,protomer,95.0,1
CHEBI_87231,CHEBI_87233,CHEBI_87231_CHEBI_87233,protomer,protomer,95.0,1
CHEBI_136579,CHEBI_41321,CHEBI_136579_CHEBI_41321,protomer,protomer,97.0,1
CHEBI_15592,CHEBI_35114,CHEBI_15592_CHEBI_35114,protomer,protomer,88.0,1
CHEBI_221716,CHEBI_231794,CHEBI_221716_CHEBI_231794,protomer,protomer,94.0,1
CHEBI_47780,CHEBI_64209,CHEBI_47780_CHEBI_64209,protomer,protomer,92.0,1
CHEBI_11807,CHEBI_17978,CHEBI_11807_CHEBI_17978,protomer,protomer,90.0,1
CHEBI_76613,CHEBI_37248,CHEBI_37248_CHEBI_76613,protomer,protomer,92.0,1
CHEBI_10979,CHEBI_17663,CHEBI_10979_CHEBI_17663,protomer,protomer,92.0,1
CHEBI_48313,CHEBI_39949,CHEBI_39949_CHEBI_48313,protomer,protomer,93.0,1
CHEBI_61220,CHEBI_61222,CHEBI_61220_CHEBI_61222,protomer,protomer,87.0,1
CHEBI_32819,CHEBI_15885,CHEBI_15885_CHEBI_32819,protomer,protomer,91.0,1
CHEBI_136856,CHEBI_134286,CHEBI_134286_CHEBI_136856,protomer,protomer,84.0,1
CHEBI_28644,CHEBI_33033,CHEBI_28644_CHEBI_33033,protomer,protomer,89.0,1
CHEBI_64847,CHEBI_64851,CHEBI_64847_CHEBI_64851,protomer,protomer,96.0,1
CHEBI_141023,CHEBI_28263,CHEBI_141023_CHEBI_28263,protomer,protomer,89.0,1
CHEBI_63719,CHEBI_7770,CHEBI_63719_CHEBI_7770,protomer,protomer,92.0,1
CHEBI_30313,CHEBI_16494,CHEBI_16494_CHEBI_30313,protomer,protomer,93.0,1
CHEBI_27467,CHEBI_30883,CHEBI_27467_CHEBI_30883,protomer,protomer,90.0,1
CHEBI_57257,CHEBI_11369,CHEBI_11369_CHEBI_57257,protomer,protomer,90.0,1
CHEBI_57259,CHEBI_11563,CHEBI_11563_CHEBI_57259,protomer,protomer,93.0,1
CHEBI_82998,CHEBI_83086,CHEBI_82998_CHEBI_83086,protomer,protomer,91.0,1
CHEBI_229217,CHEBI_229219,CHEBI_229217_CHEBI_229219,protomer,protomer,90.0,1
CHEBI_16810,CHEBI_30916,CHEBI_16810_CHEBI_30916,protomer,protomer,90.0,1
CHEBI_137069,CHEBI_137068,CHEBI_137068_CHEBI_137069,protomer,protomer,93.0,1
CHEBI_58185,CHEBI_17541,CHEBI_17541_CHEBI_58185,protomer,protomer,89.0,1
CHEBI_133663,CHEBI_82911,CHEBI_133663_CHEBI_82911,protomer,protomer,93.0,1
CHEBI_29805,CHEBI_17497,CHEBI_17497_CHEBI_29805,protomer,protomer,87.0,1
CHEBI_59198,CHEBI_59196,CHEBI_59196_CHEBI_59198,protomer,protomer,94.0,1
CHEBI_68613,CHEBI_38722,CHEBI_38722_CHEBI_68613,protomer,protomer,86.0,1
CHEBI_78627,CHEBI_82686,CHEBI_78627_CHEBI_82686,protomer,protomer,85.0,1
CHEBI_18218,CHEBI_44576,CHEBI_18218_CHEBI_44576,protomer,protomer,92.0,1
CHEBI_52904,CHEBI_87202,CHEBI_52904_CHEBI_87202,protomer,protomer,92.0,1
CHEBI_9754,CHEBI_46097,CHEBI_46097_CHEBI_9754,protomer,protomer,83.0,1
CHEBI_66940,CHEBI_24108,CHEBI_24108_CHEBI_66940,protomer,protomer,93.0,1
CHEBI_28199,CHEBI_38151,CHEBI_28199_CHEBI_38151,protomer,protomer,89.0,1
CHEBI_57641,CHEBI_16106,CHEBI_16106_CHEBI_57641,protomer,protomer,93.0,1
CHEBI_57474,CHEBI_15694,CHEBI_15694_CHEBI_57474,protomer,protomer,90.0,1
CHEBI_44409,CHEBI_18009,CHEBI_18009_CHEBI_44409,protomer,protomer,98.0,1
CHEBI_229702,CHEBI_229775,CHEBI_229702_CHEBI_229775,protomer,protomer,92.0,1
CHEBI_90323,CHEBI_90322,CHEBI_90322_CHEBI_90323,protomer,protomer,92.0,1
CHEBI_90202,CHEBI_90204,CHEBI_90202_CHEBI_90204,protomer,protomer,94.0,1
CHEBI_134352,CHEBI_136852,CHEBI_134352_CHEBI_136852,protomer,protomer,95.0,1
CHEBI_16830,CHEBI_59338,CHEBI_16830_CHEBI_59338,protomer,protomer,80.0,1
CHEBI_58683,CHEBI_38023,CHEBI_38023_CHEBI_58683,protomer,protomer,84.0,1
CHEBI_57452,CHEBI_15634,CHEBI_15634_CHEBI_57452,protomer,protomer,95.0,1
CHEBI_16815,CHEBI_32815,CHEBI_16815_CHEBI_32815,protomer,protomer,92.0,1
CHEBI_137355,CHEBI_137396,CHEBI_137355_CHEBI_137396,protomer,protomer,93.0,1
CHEBI_138885,CHEBI_138886,CHEBI_138885_CHEBI_138886,protomer,protomer,100.0,1
CHEBI_28872,CHEBI_36632,CHEBI_28872_CHEBI_36632,protomer,protomer,91.0,1
CHEBI_60091,CHEBI_60114,CHEBI_60091_CHEBI_60114,protomer,protomer,95.0,1
CHEBI_33522,CHEBI_30465,CHEBI_30465_CHEBI_33522,protomer,protomer,89.0,1
CHEBI_136916,CHEBI_137856,CHEBI_136916_CHEBI_137856,protomer,protomer,96.0,1
CHEBI_71204,CHEBI_71202,CHEBI_71202_CHEBI_71204,protomer,protomer,100.0,1
CHEBI_11561,CHEBI_17094,CHEBI_11561_CHEBI_17094,protomer,protomer,90.0,1
CHEBI_30566,CHEBI_16865,CHEBI_16865_CHEBI_30566,protomer,protomer,89.0,1
CHEBI_2226,CHEBI_86006,CHEBI_2226_CHEBI_86006,protomer,protomer,95.0,1
CHEBI_65067,CHEBI_65100,CHEBI_65067_CHEBI_65100,protomer,protomer,95.0,1
CHEBI_142850,CHEBI_145340,CHEBI_142850_CHEBI_145340,protomer,protomer,96.0,1
CHEBI_58471,CHEBI_18392,CHEBI_18392_CHEBI_58471,protomer,protomer,97.0,1
CHEBI_78589,CHEBI_82611,CHEBI_78589_CHEBI_82611,protomer,protomer,93.0,1
CHEBI_58864,CHEBI_51312,CHEBI_51312_CHEBI_58864,protomer,protomer,95.0,1
CHEBI_9162,CHEBI_79317,CHEBI_79317_CHEBI_9162,protomer,protomer,96.0,1
CHEBI_133250,CHEBI_134415,CHEBI_133250_CHEBI_134415,protomer,protomer,93.0,1
CHEBI_18703,CHEBI_41582,CHEBI_18703_CHEBI_41582,protomer,protomer,91.0,1
CHEBI_28715,CHEBI_62214,CHEBI_28715_CHEBI_62214,protomer,protomer,93.0,1
CHEBI_192768,CHEBI_133721,CHEBI_133721_CHEBI_192768,protomer,protomer,95.0,1
CHEBI_191204,CHEBI_73804,CHEBI_191204_CHEBI_73804,protomer,protomer,83.0,1
CHEBI_57818,CHEBI_16568,CHEBI_16568_CHEBI_57818,protomer,protomer,95.0,1
CHEBI_57809,CHEBI_16552,CHEBI_16552_CHEBI_57809,protomer,protomer,93.0,1
CHEBI_65196,CHEBI_60441,CHEBI_60441_CHEBI_65196,protomer,protomer,95.0,1
CHEBI_75319,CHEBI_75053,CHEBI_75053_CHEBI_75319,protomer,protomer,90.0,1
CHEBI_134031,CHEBI_136614,CHEBI_134031_CHEBI_136614,protomer,protomer,94.0,1
CHEBI_64283,CHEBI_64293,CHEBI_64283_CHEBI_64293,protomer,protomer,94.0,1
CHEBI_16223,CHEBI_48765,CHEBI_16223_CHEBI_48765,protomer,protomer,86.0,1
CHEBI_132063,CHEBI_132671,CHEBI_132063_CHEBI_132671,protomer,protomer,96.0,1
CHEBI_57551,CHEBI_15880,CHEBI_15880_CHEBI_57551,protomer,protomer,92.0,1
CHEBI_16671,CHEBI_57854,CHEBI_16671_CHEBI_57854,protomer,protomer,73.0,1
CHEBI_58077,CHEBI_17257,CHEBI_17257_CHEBI_58077,protomer,protomer,87.0,1
CHEBI_16913,CHEBI_57946,CHEBI_16913_CHEBI_57946,protomer,protomer,88.0,1
CHEBI_17466,CHEBI_21161,CHEBI_17466_CHEBI_21161,protomer,protomer,93.0,1
CHEBI_231958,CHEBI_231967,CHEBI_231958_CHEBI_231967,protomer,protomer,85.0,1
CHEBI_17076,CHEBI_58007,CHEBI_17076_CHEBI_58007,protomer,protomer,75.0,1
CHEBI_29006,CHEBI_32844,CHEBI_29006_CHEBI_32844,protomer,protomer,95.0,1
CHEBI_58480,CHEBI_18416,CHEBI_18416_CHEBI_58480,protomer,protomer,95.0,1
CHEBI_76645,CHEBI_76965,CHEBI_76645_CHEBI_76965,protomer,protomer,92.0,1
CHEBI_57592,CHEBI_15964,CHEBI_15964_CHEBI_57592,protomer,protomer,90.0,1
CHEBI_45912,CHEBI_49059,CHEBI_45912_CHEBI_49059,protomer,protomer,91.0,1
CHEBI_16255,CHEBI_57699,CHEBI_16255_CHEBI_57699,protomer,protomer,91.0,1
CHEBI_58690,CHEBI_40666,CHEBI_40666_CHEBI_58690,protomer,protomer,95.0,1
CHEBI_78313,CHEBI_79183,CHEBI_78313_CHEBI_79183,protomer,protomer,95.0,1
CHEBI_63217,CHEBI_63216,CHEBI_63216_CHEBI_63217,protomer,protomer,95.0,1
CHEBI_141024,CHEBI_27633,CHEBI_141024_CHEBI_27633,protomer,protomer,89.0,1
CHEBI_35935,CHEBI_35936,CHEBI_35935_CHEBI_35936,protomer,protomer,89.0,1
CHEBI_77890,CHEBI_60319,CHEBI_60319_CHEBI_77890,protomer,protomer,95.0,1
CHEBI_70843,CHEBI_70828,CHEBI_70828_CHEBI_70843,protomer,protomer,91.0,1
CHEBI_59070,CHEBI_59069,CHEBI_59069_CHEBI_59070,protomer,protomer,93.0,1
CHEBI_57583,CHEBI_15953,CHEBI_15953_CHEBI_57583,protomer,protomer,92.0,1
CHEBI_142863,CHEBI_262350,CHEBI_142863_CHEBI_262350,protomer,protomer,92.0,1
CHEBI_87985,CHEBI_100148,CHEBI_100148_CHEBI_87985,protomer,protomer,88.0,1
CHEBI_58421,CHEBI_18247,CHEBI_18247_CHEBI_58421,protomer,protomer,95.0,1
CHEBI_132939,CHEBI_741548,CHEBI_132939_CHEBI_741548,protomer,protomer,89.0,1
CHEBI_61734,CHEBI_61735,CHEBI_61734_CHEBI_61735,protomer,protomer,96.0,1
CHEBI_62478,CHEBI_62476,CHEBI_62476_CHEBI_62478,protomer,protomer,95.0,1
CHEBI_73251,CHEBI_32902,CHEBI_32902_CHEBI_73251,protomer,protomer,96.0,1
CHEBI_60040,CHEBI_17725,CHEBI_17725_CHEBI_60040,protomer,protomer,97.0,1
CHEBI_59894,CHEBI_59893,CHEBI_59893_CHEBI_59894,protomer,protomer,88.0,1
CHEBI_58150,CHEBI_17446,CHEBI_17446_CHEBI_58150,protomer,protomer,91.0,1
CHEBI_7852,CHEBI_134686,CHEBI_134686_CHEBI_7852,protomer,protomer,91.0,1
CHEBI_28973,CHEBI_90700,CHEBI_28973_CHEBI_90700,protomer,protomer,91.0,1
CHEBI_83383,CHEBI_84190,CHEBI_83383_CHEBI_84190,protomer,protomer,92.0,1
CHEBI_136890,CHEBI_31112,CHEBI_136890_CHEBI_31112,protomer,protomer,94.0,1
CHEBI_133549,CHEBI_45826,CHEBI_133549_CHEBI_45826,protomer,protomer,91.0,1
CHEBI_87062,CHEBI_87059,CHEBI_87059_CHEBI_87062,protomer,protomer,89.0,1
CHEBI_1010,CHEBI_19450,CHEBI_1010_CHEBI_19450,protomer,protomer,91.0,1
CHEBI_60113,CHEBI_60118,CHEBI_60113_CHEBI_60118,protomer,protomer,87.0,1
CHEBI_231959,CHEBI_231964,CHEBI_231959_CHEBI_231964,protomer,protomer,89.0,1
CHEBI_58261,CHEBI_17760,CHEBI_17760_CHEBI_58261,protomer,protomer,87.0,1
CHEBI_17120,CHEBI_30776,CHEBI_17120_CHEBI_30776,protomer,protomer,89.0,1
CHEBI_87706,CHEBI_87703,CHEBI_87703_CHEBI_87706,protomer,protomer,95.0,1
CHEBI_2955,CHEBI_231550,CHEBI_231550_CHEBI_2955,protomer,protomer,91.0,1
CHEBI_191858,CHEBI_156337,CHEBI_156337_CHEBI_191858,protomer,protomer,92.0,1
CHEBI_169946,CHEBI_177370,CHEBI_169946_CHEBI_177370,protomer,protomer,96.0,1
CHEBI_29807,CHEBI_15939,CHEBI_15939_CHEBI_29807,protomer,protomer,95.0,1
CHEBI_231705,CHEBI_77363,CHEBI_231705_CHEBI_77363,protomer,protomer,89.0,1
CHEBI_57572,CHEBI_15933,CHEBI_15933_CHEBI_57572,protomer,protomer,95.0,1
CHEBI_137465,CHEBI_138263,CHEBI_137465_CHEBI_138263,protomer,protomer,93.0,1
CHEBI_133898,CHEBI_41625,CHEBI_133898_CHEBI_41625,protomer,protomer,94.0,1
CHEBI_58671,CHEBI_37012,CHEBI_37012_CHEBI_58671,protomer,protomer,89.0,1
CHEBI_57444,CHEBI_15626,CHEBI_15626_CHEBI_57444,protomer,protomer,95.0,1
CHEBI_78554,CHEBI_37051,CHEBI_37051_CHEBI_78554,protomer,protomer,88.0,1
CHEBI_57774,CHEBI_16444,CHEBI_16444_CHEBI_57774,protomer,protomer,89.0,1
CHEBI_71056,CHEBI_71021,CHEBI_71021_CHEBI_71056,protomer,protomer,94.0,1
CHEBI_58272,CHEBI_17794,CHEBI_17794_CHEBI_58272,protomer,protomer,86.0,1
CHEBI_58192,CHEBI_17558,CHEBI_17558_CHEBI_58192,protomer,protomer,96.0,1
CHEBI_64794,CHEBI_9003,CHEBI_64794_CHEBI_9003,protomer,protomer,95.0,1
CHEBI_20441,CHEBI_37755,CHEBI_20441_CHEBI_37755,protomer,protomer,90.0,1
CHEBI_68644,CHEBI_68643,CHEBI_68643_CHEBI_68644,protomer,protomer,97.0,1
CHEBI_133423,CHEBI_134510,CHEBI_133423_CHEBI_134510,protomer,protomer,96.0,1
CHEBI_64703,CHEBI_104011,CHEBI_104011_CHEBI_64703,protomer,protomer,92.0,1
CHEBI_19315,CHEBI_36532,CHEBI_19315_CHEBI_36532,protomer,protomer,89.0,1
CHEBI_57277,CHEBI_1427,CHEBI_1427_CHEBI_57277,protomer,protomer,92.0,1
CHEBI_57462,CHEBI_15650,CHEBI_15650_CHEBI_57462,protomer,protomer,91.0,1
CHEBI_140741,CHEBI_16668,CHEBI_140741_CHEBI_16668,protomer,protomer,87.0,1
CHEBI_30308,CHEBI_16488,CHEBI_16488_CHEBI_30308,protomer,protomer,87.0,1
CHEBI_58483,CHEBI_18425,CHEBI_18425_CHEBI_58483,protomer,protomer,91.0,1
CHEBI_136541,CHEBI_137343,CHEBI_136541_CHEBI_137343,protomer,protomer,84.0,1
CHEBI_88190,CHEBI_81667,CHEBI_81667_CHEBI_88190,protomer,protomer,87.0,1
CHEBI_180678,CHEBI_184373,CHEBI_180678_CHEBI_184373,protomer,protomer,94.0,1
CHEBI_141763,CHEBI_145341,CHEBI_141763_CHEBI_145341,protomer,protomer,95.0,1
CHEBI_8772,CHEBI_90191,CHEBI_8772_CHEBI_90191,protomer,protomer,92.0,1
CHEBI_71393,CHEBI_71394,CHEBI_71393_CHEBI_71394,protomer,protomer,96.0,1
CHEBI_58015,CHEBI_17109,CHEBI_17109_CHEBI_58015,protomer,protomer,94.0,1
CHEBI_12109,CHEBI_17549,CHEBI_12109_CHEBI_17549,protomer,protomer,89.0,1
CHEBI_17906,CHEBI_58320,CHEBI_17906_CHEBI_58320,protomer,protomer,87.0,1
CHEBI_60071,CHEBI_404903,CHEBI_404903_CHEBI_60071,protomer,protomer,90.0,1
CHEBI_17384,CHEBI_77725,CHEBI_17384_CHEBI_77725,protomer,protomer,91.0,1
CHEBI_16874,CHEBI_57934,CHEBI_16874_CHEBI_57934,protomer,protomer,94.0,1
CHEBI_57471,CHEBI_15668,CHEBI_15668_CHEBI_57471,protomer,protomer,84.0,1
CHEBI_71362,CHEBI_71397,CHEBI_71362_CHEBI_71397,protomer,protomer,94.0,1
CHEBI_36454,CHEBI_30887,CHEBI_30887_CHEBI_36454,protomer,protomer,84.0,1
CHEBI_58976,CHEBI_58975,CHEBI_58975_CHEBI_58976,protomer,protomer,92.0,1
CHEBI_58851,CHEBI_50793,CHEBI_50793_CHEBI_58851,protomer,protomer,84.0,1
CHEBI_189551,CHEBI_180483,CHEBI_180483_CHEBI_189551,protomer,protomer,95.0,1
CHEBI_58513,CHEBI_27513,CHEBI_27513_CHEBI_58513,protomer,protomer,94.0,1
CHEBI_139978,CHEBI_79137,CHEBI_139978_CHEBI_79137,protomer,protomer,95.0,1
CHEBI_90898,CHEBI_90897,CHEBI_90897_CHEBI_90898,protomer,protomer,95.0,1
CHEBI_29751,CHEBI_17521,CHEBI_17521_CHEBI_29751,protomer,protomer,91.0,1
CHEBI_194491,CHEBI_59414,CHEBI_194491_CHEBI_59414,protomer,protomer,96.0,1
CHEBI_57824,CHEBI_16582,CHEBI_16582_CHEBI_57824,protomer,protomer,89.0,1
CHEBI_133692,CHEBI_89582,CHEBI_133692_CHEBI_89582,protomer,protomer,89.0,1
CHEBI_77902,CHEBI_77882,CHEBI_77882_CHEBI_77902,protomer,protomer,96.0,1
CHEBI_80131,CHEBI_147395,CHEBI_147395_CHEBI_80131,protomer,protomer,81.0,1
CHEBI_143556,CHEBI_145323,CHEBI_143556_CHEBI_145323,protomer,protomer,95.0,1
CHEBI_75984,CHEBI_76033,CHEBI_75984_CHEBI_76033,protomer,protomer,92.0,1
CHEBI_173739,CHEBI_194093,CHEBI_173739_CHEBI_194093,protomer,protomer,85.0,1
CHEBI_63163,CHEBI_16283,CHEBI_16283_CHEBI_63163,protomer,protomer,88.0,1
CHEBI_30959,CHEBI_17405,CHEBI_17405_CHEBI_30959,protomer,protomer,93.0,1
CHEBI_143783,CHEBI_143867,CHEBI_143783_CHEBI_143867,protomer,protomer,91.0,1
CHEBI_60903,CHEBI_61114,CHEBI_60903_CHEBI_61114,protomer,protomer,91.0,1
CHEBI_75037,CHEBI_75039,CHEBI_75037_CHEBI_75039,protomer,protomer,93.0,1
CHEBI_62807,CHEBI_62806,CHEBI_62806_CHEBI_62807,protomer,protomer,97.0,1
CHEBI_82924,CHEBI_83778,CHEBI_82924_CHEBI_83778,protomer,protomer,95.0,1
CHEBI_29032,CHEBI_46905,CHEBI_29032_CHEBI_46905,protomer,protomer,93.0,1
CHEBI_83553,CHEBI_82771,CHEBI_82771_CHEBI_83553,protomer,protomer,85.0,1
CHEBI_5088,CHEBI_61236,CHEBI_5088_CHEBI_61236,protomer,protomer,93.0,1
CHEBI_36048,CHEBI_49477,CHEBI_36048_CHEBI_49477,protomer,protomer,91.0,1
CHEBI_57709,CHEBI_16273,CHEBI_16273_CHEBI_57709,protomer,protomer,87.0,1
CHEBI_17708,CHEBI_36104,CHEBI_17708_CHEBI_36104,protomer,protomer,92.0,1
CHEBI_281056,CHEBI_47544,CHEBI_281056_CHEBI_47544,protomer,protomer,96.0,1
CHEBI_58581,CHEBI_28629,CHEBI_28629_CHEBI_58581,protomer,protomer,93.0,1
CHEBI_58816,CHEBI_50261,CHEBI_50261_CHEBI_58816,protomer,protomer,88.0,1
CHEBI_142831,CHEBI_82235,CHEBI_142831_CHEBI_82235,protomer,protomer,92.0,1
CHEBI_150012,CHEBI_155891,CHEBI_150012_CHEBI_155891,protomer,protomer,94.0,1
CHEBI_8080,CHEBI_50508,CHEBI_50508_CHEBI_8080,protomer,protomer,90.0,1
CHEBI_139183,CHEBI_80658,CHEBI_139183_CHEBI_80658,protomer,protomer,95.0,1
CHEBI_15609,CHEBI_57431,CHEBI_15609_CHEBI_57431,protomer,protomer,62.0,1
CHEBI_83588,CHEBI_83596,CHEBI_83588_CHEBI_83596,protomer,protomer,99.0,1
CHEBI_58154,CHEBI_17455,CHEBI_17455_CHEBI_58154,protomer,protomer,94.0,1
CHEBI_17866,CHEBI_30814,CHEBI_17866_CHEBI_30814,protomer,protomer,93.0,1
CHEBI_66945,CHEBI_67104,CHEBI_66945_CHEBI_67104,protomer,protomer,89.0,1
CHEBI_90814,CHEBI_91137,CHEBI_90814_CHEBI_91137,protomer,protomer,94.0,1
CHEBI_7496,CHEBI_78767,CHEBI_7496_CHEBI_78767,protomer,protomer,92.0,1
CHEBI_57425,CHEBI_15591,CHEBI_15591_CHEBI_57425,protomer,protomer,89.0,1
CHEBI_133027,CHEBI_133026,CHEBI_133026_CHEBI_133027,protomer,protomer,95.0,1
CHEBI_63524,CHEBI_49432,CHEBI_49432_CHEBI_63524,protomer,protomer,93.0,1
CHEBI_29009,CHEBI_58600,CHEBI_29009_CHEBI_58600,protomer,protomer,91.0,1
CHEBI_64069,CHEBI_64071,CHEBI_64069_CHEBI_64071,protomer,protomer,96.0,1
CHEBI_153570,CHEBI_150863,CHEBI_150863_CHEBI_153570,protomer,protomer,92.0,1
CHEBI_63209,CHEBI_63208,CHEBI_63208_CHEBI_63209,protomer,protomer,94.0,1
CHEBI_140662,CHEBI_78688,CHEBI_140662_CHEBI_78688,protomer,protomer,93.0,1
CHEBI_133076,CHEBI_73031,CHEBI_133076_CHEBI_73031,protomer,protomer,95.0,1
CHEBI_65027,CHEBI_65002,CHEBI_65002_CHEBI_65027,protomer,protomer,88.0,1
CHEBI_55384,CHEBI_55379,CHEBI_55379_CHEBI_55384,protomer,protomer,93.0,1
CHEBI_84356,CHEBI_85358,CHEBI_84356_CHEBI_85358,protomer,protomer,94.0,1
CHEBI_145673,CHEBI_145674,CHEBI_145673_CHEBI_145674,protomer,protomer,93.0,1
CHEBI_27839,CHEBI_19577,CHEBI_19577_CHEBI_27839,protomer,protomer,91.0,1
CHEBI_132020,CHEBI_132321,CHEBI_132020_CHEBI_132321,protomer,protomer,97.0,1
CHEBI_63904,CHEBI_63900,CHEBI_63900_CHEBI_63904,protomer,protomer,92.0,1
CHEBI_16739,CHEBI_30845,CHEBI_16739_CHEBI_30845,protomer,protomer,91.0,1
CHEBI_36559,CHEBI_15793,CHEBI_15793_CHEBI_36559,protomer,protomer,92.0,1
CHEBI_10454,CHEBI_180488,CHEBI_10454_CHEBI_180488,protomer,protomer,92.0,1
CHEBI_76169,CHEBI_76164,CHEBI_76164_CHEBI_76169,protomer,protomer,95.0,1
CHEBI_231488,CHEBI_231494,CHEBI_231488_CHEBI_231494,protomer,protomer,93.0,1
CHEBI_60052,CHEBI_28599,CHEBI_28599_CHEBI_60052,protomer,protomer,94.0,1
CHEBI_16028,CHEBI_48950,CHEBI_16028_CHEBI_48950,protomer,protomer,90.0,1
CHEBI_167173,CHEBI_167180,CHEBI_167173_CHEBI_167180,protomer,protomer,91.0,1
CHEBI_92409,CHEBI_180501,CHEBI_180501_CHEBI_92409,protomer,protomer,85.0,1
CHEBI_59891,CHEBI_59890,CHEBI_59890_CHEBI_59891,protomer,protomer,90.0,1
CHEBI_17767,CHEBI_33076,CHEBI_17767_CHEBI_33076,protomer,protomer,92.0,1
CHEBI_64693,CHEBI_64642,CHEBI_64642_CHEBI_64693,protomer,protomer,82.0,1
CHEBI_85994,CHEBI_85998,CHEBI_85994_CHEBI_85998,protomer,protomer,67.0,1
CHEBI_17081,CHEBI_23812,CHEBI_17081_CHEBI_23812,protomer,protomer,85.0,1
CHEBI_77313,CHEBI_38545,CHEBI_38545_CHEBI_77313,protomer,protomer,96.0,1
CHEBI_59066,CHEBI_138856,CHEBI_138856_CHEBI_59066,protomer,protomer,95.0,1
CHEBI_61392,CHEBI_61437,CHEBI_61392_CHEBI_61437,protomer,protomer,83.0,1
CHEBI_142983,CHEBI_142991,CHEBI_142983_CHEBI_142991,protomer,protomer,92.0,1
CHEBI_28374,CHEBI_166996,CHEBI_166996_CHEBI_28374,protomer,protomer,91.0,1
CHEBI_194478,CHEBI_194479,CHEBI_194478_CHEBI_194479,protomer,protomer,96.0,1
CHEBI_7489,CHEBI_65076,CHEBI_65076_CHEBI_7489,protomer,protomer,84.0,1
CHEBI_191383,CHEBI_86537,CHEBI_191383_CHEBI_86537,protomer,protomer,84.0,1
CHEBI_17479,CHEBI_28394,CHEBI_17479_CHEBI_28394,protomer,protomer,83.0,1
CHEBI_61339,CHEBI_61312,CHEBI_61312_CHEBI_61339,protomer,protomer,95.0,1
CHEBI_77994,CHEBI_75244,CHEBI_75244_CHEBI_77994,protomer,protomer,96.0,1
CHEBI_15979,CHEBI_57598,CHEBI_15979_CHEBI_57598,protomer,protomer,87.0,1
CHEBI_87196,CHEBI_87193,CHEBI_87193_CHEBI_87196,protomer,protomer,92.0,1
CHEBI_16632,CHEBI_30816,CHEBI_16632_CHEBI_30816,protomer,protomer,92.0,1
CHEBI_58412,CHEBI_18215,CHEBI_18215_CHEBI_58412,protomer,protomer,95.0,1
CHEBI_82774,CHEBI_83574,CHEBI_82774_CHEBI_83574,protomer,protomer,87.0,1
CHEBI_71183,CHEBI_71184,CHEBI_71183_CHEBI_71184,protomer,protomer,91.0,1
CHEBI_48944,CHEBI_16135,CHEBI_16135_CHEBI_48944,protomer,protomer,88.0,1
CHEBI_64117,CHEBI_64118,CHEBI_64117_CHEBI_64118,protomer,protomer,90.0,1
CHEBI_85553,CHEBI_85912,CHEBI_85553_CHEBI_85912,protomer,protomer,96.0,1
CHEBI_64463,CHEBI_64464,CHEBI_64463_CHEBI_64464,protomer,protomer,92.0,1
CHEBI_70779,CHEBI_70796,CHEBI_70779_CHEBI_70796,protomer,protomer,95.0,1
CHEBI_107736,CHEBI_61170,CHEBI_107736_CHEBI_61170,protomer,protomer,92.0,1
CHEBI_28445,CHEBI_143658,CHEBI_143658_CHEBI_28445,protomer,protomer,65.0,1
CHEBI_58565,CHEBI_28416,CHEBI_28416_CHEBI_58565,protomer,protomer,92.0,1
CHEBI_78281,CHEBI_79122,CHEBI_78281_CHEBI_79122,protomer,protomer,93.0,1
CHEBI_67012,CHEBI_15765,CHEBI_15765_CHEBI_67012,protomer,protomer,91.0,1
CHEBI_234006,CHEBI_81349,CHEBI_234006_CHEBI_81349,protomer,protomer,94.0,1
CHEBI_133605,CHEBI_68616,CHEBI_133605_CHEBI_68616,protomer,protomer,94.0,1
CHEBI_68684,CHEBI_45129,CHEBI_45129_CHEBI_68684,protomer,protomer,91.0,1
CHEBI_62726,CHEBI_62750,CHEBI_62726_CHEBI_62750,protomer,protomer,89.0,1
CHEBI_28999,CHEBI_21500,CHEBI_21500_CHEBI_28999,protomer,protomer,96.0,1
CHEBI_61931,CHEBI_62013,CHEBI_61931_CHEBI_62013,protomer,protomer,85.0,1
CHEBI_77643,CHEBI_15795,CHEBI_15795_CHEBI_77643,protomer,protomer,96.0,1
CHEBI_58765,CHEBI_49002,CHEBI_49002_CHEBI_58765,protomer,protomer,93.0,1
CHEBI_135207,CHEBI_187895,CHEBI_135207_CHEBI_187895,protomer,protomer,91.0,1
CHEBI_64673,CHEBI_67147,CHEBI_64673_CHEBI_67147,protomer,protomer,92.0,1
CHEBI_132962,CHEBI_32636,CHEBI_132962_CHEBI_32636,protomer,protomer,95.0,1
CHEBI_58805,CHEBI_49537,CHEBI_49537_CHEBI_58805,protomer,protomer,95.0,1
CHEBI_83670,CHEBI_84425,CHEBI_83670_CHEBI_84425,protomer,protomer,93.0,1
CHEBI_136509,CHEBI_137298,CHEBI_136509_CHEBI_137298,protomer,protomer,97.0,1
CHEBI_57927,CHEBI_16859,CHEBI_16859_CHEBI_57927,protomer,protomer,90.0,1
CHEBI_17537,CHEBI_58184,CHEBI_17537_CHEBI_58184,protomer,protomer,72.0,1
CHEBI_166829,CHEBI_7719,CHEBI_166829_CHEBI_7719,protomer,protomer,97.0,1
CHEBI_55452,CHEBI_55457,CHEBI_55452_CHEBI_55457,protomer,protomer,95.0,1
CHEBI_58406,CHEBI_18198,CHEBI_18198_CHEBI_58406,protomer,protomer,86.0,1
CHEBI_133090,CHEBI_133089,CHEBI_133089_CHEBI_133090,protomer,protomer,91.0,1
CHEBI_79344,CHEBI_78538,CHEBI_78538_CHEBI_79344,protomer,protomer,94.0,1
CHEBI_21860,CHEBI_65258,CHEBI_21860_CHEBI_65258,protomer,protomer,95.0,1
CHEBI_195335,CHEBI_195363,CHEBI_195335_CHEBI_195363,protomer,protomer,86.0,1
CHEBI_79380,CHEBI_83171,CHEBI_79380_CHEBI_83171,protomer,protomer,93.0,1
CHEBI_17836,CHEBI_30753,CHEBI_17836_CHEBI_30753,protomer,protomer,90.0,1
CHEBI_57916,CHEBI_16835,CHEBI_16835_CHEBI_57916,protomer,protomer,95.0,1
CHEBI_57781,CHEBI_16463,CHEBI_16463_CHEBI_57781,protomer,protomer,81.0,1
CHEBI_48946,CHEBI_37070,CHEBI_37070_CHEBI_48946,protomer,protomer,89.0,1
CHEBI_58936,CHEBI_915,CHEBI_58936_CHEBI_915,protomer,protomer,88.0,1
CHEBI_87669,CHEBI_87670,CHEBI_87669_CHEBI_87670,protomer,protomer,92.0,1
CHEBI_38100,CHEBI_32404,CHEBI_32404_CHEBI_38100,protomer,protomer,88.0,1
CHEBI_39473,CHEBI_40583,CHEBI_39473_CHEBI_40583,protomer,protomer,92.0,1
CHEBI_64219,CHEBI_188145,CHEBI_188145_CHEBI_64219,protomer,protomer,91.0,1
CHEBI_136639,CHEBI_28835,CHEBI_136639_CHEBI_28835,protomer,protomer,96.0,1
CHEBI_133498,CHEBI_134534,CHEBI_133498_CHEBI_134534,protomer,protomer,88.0,1
CHEBI_137353,CHEBI_137395,CHEBI_137353_CHEBI_137395,protomer,protomer,91.0,1
CHEBI_111523,CHEBI_131949,CHEBI_111523_CHEBI_131949,protomer,protomer,93.0,1
CHEBI_58135,CHEBI_17413,CHEBI_17413_CHEBI_58135,protomer,protomer,91.0,1
CHEBI_87724,CHEBI_87726,CHEBI_87724_CHEBI_87726,protomer,protomer,91.0,1
CHEBI_58119,CHEBI_17358,CHEBI_17358_CHEBI_58119,protomer,protomer,67.0,1
CHEBI_76229,CHEBI_6129,CHEBI_6129_CHEBI_76229,protomer,protomer,95.0,1
CHEBI_38846,CHEBI_8075,CHEBI_38846_CHEBI_8075,protomer,protomer,92.0,1
CHEBI_58325,CHEBI_17928,CHEBI_17928_CHEBI_58325,protomer,protomer,85.0,1
CHEBI_133031,CHEBI_73845,CHEBI_133031_CHEBI_73845,protomer,protomer,84.0,1
CHEBI_25941,CHEBI_25942,CHEBI_25941_CHEBI_25942,protomer,protomer,85.0,1
CHEBI_15917,CHEBI_7285,CHEBI_15917_CHEBI_7285,protomer,protomer,95.0,1
CHEBI_49257,CHEBI_34008,CHEBI_34008_CHEBI_49257,protomer,protomer,90.0,1
CHEBI_57516,CHEBI_15787,CHEBI_15787_CHEBI_57516,protomer,protomer,96.0,1
CHEBI_7509,CHEBI_194190,CHEBI_194190_CHEBI_7509,protomer,protomer,91.0,1
CHEBI_57402,CHEBI_15550,CHEBI_15550_CHEBI_57402,protomer,protomer,96.0,1
CHEBI_36464,CHEBI_17710,CHEBI_17710_CHEBI_36464,protomer,protomer,91.0,1
CHEBI_77308,CHEBI_83986,CHEBI_77308_CHEBI_83986,protomer,protomer,86.0,1
CHEBI_90797,CHEBI_63912,CHEBI_63912_CHEBI_90797,protomer,protomer,96.0,1
CHEBI_84175,CHEBI_85057,CHEBI_84175_CHEBI_85057,protomer,protomer,91.0,1
CHEBI_156541,CHEBI_155240,CHEBI_155240_CHEBI_156541,protomer,protomer,97.0,1
CHEBI_32395,CHEBI_15843,CHEBI_15843_CHEBI_32395,protomer,protomer,92.0,1
CHEBI_145106,CHEBI_90412,CHEBI_145106_CHEBI_90412,protomer,protomer,94.0,1
CHEBI_86991,CHEBI_86993,CHEBI_86991_CHEBI_86993,protomer,protomer,92.0,1
CHEBI_111503,CHEBI_131930,CHEBI_111503_CHEBI_131930,protomer,protomer,87.0,1
CHEBI_11944,CHEBI_18312,CHEBI_11944_CHEBI_18312,protomer,protomer,92.0,1
CHEBI_15942,CHEBI_1015,CHEBI_1015_CHEBI_15942,protomer,protomer,90.0,1
CHEBI_5401,CHEBI_79362,CHEBI_5401_CHEBI_79362,protomer,protomer,96.0,1
CHEBI_62239,CHEBI_62406,CHEBI_62239_CHEBI_62406,protomer,protomer,94.0,1
CHEBI_137521,CHEBI_138283,CHEBI_137521_CHEBI_138283,protomer,protomer,96.0,1
CHEBI_36564,CHEBI_28609,CHEBI_28609_CHEBI_36564,protomer,protomer,95.0,1
CHEBI_145808,CHEBI_145731,CHEBI_145731_CHEBI_145808,protomer,protomer,88.0,1
CHEBI_49165,CHEBI_50730,CHEBI_49165_CHEBI_50730,protomer,protomer,97.0,1
CHEBI_57958,CHEBI_16943,CHEBI_16943_CHEBI_57958,protomer,protomer,89.0,1
CHEBI_85579,CHEBI_85920,CHEBI_85579_CHEBI_85920,protomer,protomer,90.0,1
CHEBI_28739,CHEBI_1808,CHEBI_1808_CHEBI_28739,protomer,protomer,92.0,1
CHEBI_139707,CHEBI_78829,CHEBI_139707_CHEBI_78829,protomer,protomer,94.0,1
CHEBI_17318,CHEBI_49101,CHEBI_17318_CHEBI_49101,protomer,protomer,94.0,1
CHEBI_145706,CHEBI_145705,CHEBI_145705_CHEBI_145706,protomer,protomer,96.0,1
CHEBI_58339,CHEBI_17980,CHEBI_17980_CHEBI_58339,protomer,protomer,92.0,1
CHEBI_57612,CHEBI_16034,CHEBI_16034_CHEBI_57612,protomer,protomer,82.0,1
CHEBI_177365,CHEBI_177364,CHEBI_177364_CHEBI_177365,protomer,protomer,92.0,1
CHEBI_14030,CHEBI_16423,CHEBI_14030_CHEBI_16423,protomer,protomer,94.0,1
CHEBI_90424,CHEBI_90425,CHEBI_90424_CHEBI_90425,protomer,protomer,94.0,1
CHEBI_58542,CHEBI_27973,CHEBI_27973_CHEBI_58542,protomer,protomer,93.0,1
CHEBI_72769,CHEBI_72757,CHEBI_72757_CHEBI_72769,protomer,protomer,89.0,1
CHEBI_133323,CHEBI_134442,CHEBI_133323_CHEBI_134442,protomer,protomer,95.0,1
CHEBI_37322,CHEBI_35964,CHEBI_35964_CHEBI_37322,protomer,protomer,89.0,1
CHEBI_91181,CHEBI_81403,CHEBI_81403_CHEBI_91181,protomer,protomer,83.0,1
CHEBI_17000,CHEBI_30765,CHEBI_17000_CHEBI_30765,protomer,protomer,92.0,1
CHEBI_64449,CHEBI_29851,CHEBI_29851_CHEBI_64449,protomer,protomer,90.0,1
CHEBI_32696,CHEBI_32697,CHEBI_32696_CHEBI_32697,protomer,protomer,94.0,1
CHEBI_18123,CHEBI_50521,CHEBI_18123_CHEBI_50521,protomer,protomer,92.0,1
CHEBI_58041,CHEBI_17174,CHEBI_17174_CHEBI_58041,protomer,protomer,92.0,1
CHEBI_58396,CHEBI_18157,CHEBI_18157_CHEBI_58396,protomer,protomer,92.0,1
CHEBI_16554,CHEBI_57811,CHEBI_16554_CHEBI_57811,protomer,protomer,77.0,1
CHEBI_58051,CHEBI_17199,CHEBI_17199_CHEBI_58051,protomer,protomer,89.0,1
CHEBI_61036,CHEBI_61125,CHEBI_61036_CHEBI_61125,protomer,protomer,94.0,1
CHEBI_68687,CHEBI_68689,CHEBI_68687_CHEBI_68689,protomer,protomer,89.0,1
CHEBI_59761,CHEBI_340824,CHEBI_340824_CHEBI_59761,protomer,protomer,87.0,1
CHEBI_28440,CHEBI_952,CHEBI_28440_CHEBI_952,protomer,protomer,91.0,1
CHEBI_58139,CHEBI_17419,CHEBI_17419_CHEBI_58139,protomer,protomer,86.0,1
CHEBI_41033,CHEBI_187892,CHEBI_187892_CHEBI_41033,protomer,protomer,68.0,1
CHEBI_167900,CHEBI_167903,CHEBI_167900_CHEBI_167903,protomer,protomer,93.0,1
CHEBI_63815,CHEBI_46171,CHEBI_46171_CHEBI_63815,protomer,protomer,92.0,1
CHEBI_228808,CHEBI_81397,CHEBI_228808_CHEBI_81397,protomer,protomer,86.0,1
CHEBI_3011,CHEBI_88201,CHEBI_3011_CHEBI_88201,protomer,protomer,92.0,1
CHEBI_59358,CHEBI_3499,CHEBI_3499_CHEBI_59358,protomer,protomer,95.0,1
CHEBI_90884,CHEBI_111544,CHEBI_111544_CHEBI_90884,protomer,protomer,97.0,1
CHEBI_17468,CHEBI_8934,CHEBI_17468_CHEBI_8934,protomer,protomer,93.0,1
CHEBI_132659,CHEBI_231753,CHEBI_132659_CHEBI_231753,protomer,protomer,91.0,1
CHEBI_57701,CHEBI_16257,CHEBI_16257_CHEBI_57701,protomer,protomer,90.0,1
CHEBI_52721,CHEBI_52719,CHEBI_52719_CHEBI_52721,protomer,protomer,82.0,1
CHEBI_84027,CHEBI_72663,CHEBI_72663_CHEBI_84027,protomer,protomer,94.0,1
CHEBI_85164,CHEBI_85172,CHEBI_85164_CHEBI_85172,protomer,protomer,100.0,1
CHEBI_58176,CHEBI_17520,CHEBI_17520_CHEBI_58176,protomer,protomer,89.0,1
CHEBI_10650,CHEBI_64364,CHEBI_10650_CHEBI_64364,protomer,protomer,93.0,1
CHEBI_63929,CHEBI_63930,CHEBI_63929_CHEBI_63930,protomer,protomer,93.0,1
CHEBI_62222,CHEBI_29024,CHEBI_29024_CHEBI_62222,protomer,protomer,89.0,1
CHEBI_16845,CHEBI_864,CHEBI_16845_CHEBI_864,protomer,protomer,88.0,1
CHEBI_33061,CHEBI_46032,CHEBI_33061_CHEBI_46032,protomer,protomer,93.0,1
CHEBI_78502,CHEBI_85422,CHEBI_78502_CHEBI_85422,protomer,protomer,87.0,1
CHEBI_64021,CHEBI_132916,CHEBI_132916_CHEBI_64021,protomer,protomer,93.0,1
CHEBI_71266,CHEBI_71311,CHEBI_71266_CHEBI_71311,protomer,protomer,91.0,1
CHEBI_16875,CHEBI_2003,CHEBI_16875_CHEBI_2003,protomer,protomer,92.0,1
CHEBI_137075,CHEBI_137074,CHEBI_137074_CHEBI_137075,protomer,protomer,95.0,1
CHEBI_71219,CHEBI_71218,CHEBI_71218_CHEBI_71219,protomer,protomer,100.0,1
CHEBI_59562,CHEBI_18072,CHEBI_18072_CHEBI_59562,protomer,protomer,61.0,1
CHEBI_60630,CHEBI_60647,CHEBI_60630_CHEBI_60647,protomer,protomer,90.0,1
CHEBI_51874,CHEBI_87485,CHEBI_51874_CHEBI_87485,protomer,protomer,90.0,1
CHEBI_58795,CHEBI_49252,CHEBI_49252_CHEBI_58795,protomer,protomer,91.0,1
CHEBI_58778,CHEBI_49081,CHEBI_49081_CHEBI_58778,protomer,protomer,88.0,1
CHEBI_58068,CHEBI_17236,CHEBI_17236_CHEBI_58068,protomer,protomer,91.0,1
CHEBI_8430,CHEBI_52160,CHEBI_52160_CHEBI_8430,protomer,protomer,99.0,1
CHEBI_94471,CHEBI_191214,CHEBI_191214_CHEBI_94471,protomer,protomer,92.0,1
CHEBI_74904,CHEBI_74903,CHEBI_74903_CHEBI_74904,protomer,protomer,89.0,1
CHEBI_57464,CHEBI_15652,CHEBI_15652_CHEBI_57464,protomer,protomer,96.0,1
CHEBI_57566,CHEBI_15918,CHEBI_15918_CHEBI_57566,protomer,protomer,96.0,1
CHEBI_88220,CHEBI_138382,CHEBI_138382_CHEBI_88220,protomer,protomer,87.0,1
CHEBI_17628,CHEBI_58213,CHEBI_17628_CHEBI_58213,protomer,protomer,85.0,1
CHEBI_72312,CHEBI_72315,CHEBI_72312_CHEBI_72315,protomer,protomer,96.0,1
CHEBI_57819,CHEBI_16569,CHEBI_16569_CHEBI_57819,protomer,protomer,90.0,1
CHEBI_58440,CHEBI_18311,CHEBI_18311_CHEBI_58440,protomer,protomer,92.0,1
CHEBI_60541,CHEBI_60209,CHEBI_60209_CHEBI_60541,protomer,protomer,96.0,1
CHEBI_140305,CHEBI_27514,CHEBI_140305_CHEBI_27514,protomer,protomer,96.0,1
CHEBI_60023,CHEBI_17586,CHEBI_17586_CHEBI_60023,protomer,protomer,92.0,1
CHEBI_44951,CHEBI_36363,CHEBI_36363_CHEBI_44951,protomer,protomer,83.0,1
CHEBI_82957,CHEBI_37084,CHEBI_37084_CHEBI_82957,protomer,protomer,89.0,1
CHEBI_18062,CHEBI_58365,CHEBI_18062_CHEBI_58365,protomer,protomer,70.0,1
CHEBI_78388,CHEBI_78391,CHEBI_78388_CHEBI_78391,protomer,protomer,90.0,1
CHEBI_70735,CHEBI_70734,CHEBI_70734_CHEBI_70735,protomer,protomer,94.0,1
CHEBI_58117,CHEBI_17355,CHEBI_17355_CHEBI_58117,protomer,protomer,90.0,1
CHEBI_84357,CHEBI_85359,CHEBI_84357_CHEBI_85359,protomer,protomer,94.0,1
CHEBI_18090,CHEBI_58374,CHEBI_18090_CHEBI_58374,protomer,protomer,85.0,1
CHEBI_4781,CHEBI_149548,CHEBI_149548_CHEBI_4781,protomer,protomer,85.0,1
CHEBI_86297,CHEBI_46149,CHEBI_46149_CHEBI_86297,protomer,protomer,91.0,1
CHEBI_15364,CHEBI_33199,CHEBI_15364_CHEBI_33199,protomer,protomer,88.0,1
CHEBI_58228,CHEBI_17672,CHEBI_17672_CHEBI_58228,protomer,protomer,89.0,1
CHEBI_91301,CHEBI_130073,CHEBI_130073_CHEBI_91301,protomer,protomer,94.0,1
CHEBI_76601,CHEBI_76602,CHEBI_76601_CHEBI_76602,protomer,protomer,57.0,1
CHEBI_66963,CHEBI_67078,CHEBI_66963_CHEBI_67078,protomer,protomer,96.0,1
CHEBI_42142,CHEBI_140518,CHEBI_140518_CHEBI_42142,protomer,protomer,82.0,1
CHEBI_87842,CHEBI_88158,CHEBI_87842_CHEBI_88158,protomer,protomer,92.0,1
CHEBI_136444,CHEBI_137265,CHEBI_136444_CHEBI_137265,protomer,protomer,92.0,1
CHEBI_60960,CHEBI_60959,CHEBI_60959_CHEBI_60960,protomer,protomer,94.0,1
CHEBI_16806,CHEBI_30881,CHEBI_16806_CHEBI_30881,protomer,protomer,93.0,1
CHEBI_88801,CHEBI_194082,CHEBI_194082_CHEBI_88801,protomer,protomer,87.0,1
CHEBI_8093,CHEBI_132294,CHEBI_132294_CHEBI_8093,protomer,protomer,90.0,1
CHEBI_142941,CHEBI_142670,CHEBI_142670_CHEBI_142941,protomer,protomer,92.0,1
CHEBI_35900,CHEBI_35897,CHEBI_35897_CHEBI_35900,protomer,protomer,88.0,1
CHEBI_133038,CHEBI_68433,CHEBI_133038_CHEBI_68433,protomer,protomer,87.0,1
CHEBI_57488,CHEBI_15732,CHEBI_15732_CHEBI_57488,protomer,protomer,84.0,1
CHEBI_2376,CHEBI_84363,CHEBI_2376_CHEBI_84363,protomer,protomer,91.0,1
CHEBI_58962,CHEBI_583580,CHEBI_583580_CHEBI_58962,protomer,protomer,93.0,1
CHEBI_138662,CHEBI_139399,CHEBI_138662_CHEBI_139399,protomer,protomer,92.0,1
CHEBI_61133,CHEBI_61132,CHEBI_61132_CHEBI_61133,protomer,protomer,91.0,1
CHEBI_52166,CHEBI_52170,CHEBI_52166_CHEBI_52170,protomer,protomer,96.0,1
CHEBI_29933,CHEBI_29928,CHEBI_29928_CHEBI_29933,protomer,protomer,89.0,1
CHEBI_8653,CHEBI_62220,CHEBI_62220_CHEBI_8653,protomer,protomer,91.0,1
CHEBI_136766,CHEBI_137652,CHEBI_136766_CHEBI_137652,protomer,protomer,94.0,1
CHEBI_90120,CHEBI_90117,CHEBI_90117_CHEBI_90120,protomer,protomer,93.0,1
CHEBI_55533,CHEBI_55532,CHEBI_55532_CHEBI_55533,protomer,protomer,89.0,1
CHEBI_28918,CHEBI_71406,CHEBI_28918_CHEBI_71406,protomer,protomer,89.0,1
CHEBI_36656,CHEBI_18280,CHEBI_18280_CHEBI_36656,protomer,protomer,90.0,1
CHEBI_53794,CHEBI_546274,CHEBI_53794_CHEBI_546274,protomer,protomer,95.0,1
CHEBI_32396,CHEBI_57826,CHEBI_32396_CHEBI_57826,protomer,protomer,90.0,1
CHEBI_63222,CHEBI_63220,CHEBI_63220_CHEBI_63222,protomer,protomer,94.0,1
CHEBI_172960,CHEBI_172943,CHEBI_172943_CHEBI_172960,protomer,protomer,96.0,1
CHEBI_58292,CHEBI_17846,CHEBI_17846_CHEBI_58292,protomer,protomer,94.0,1
CHEBI_51346,CHEBI_51345,CHEBI_51345_CHEBI_51346,protomer,protomer,91.0,1
CHEBI_76539,CHEBI_76535,CHEBI_76535_CHEBI_76539,protomer,protomer,94.0,1
CHEBI_138150,CHEBI_138801,CHEBI_138150_CHEBI_138801,protomer,protomer,94.0,1
CHEBI_144359,CHEBI_144353,CHEBI_144353_CHEBI_144359,protomer,protomer,88.0,1
CHEBI_47495,CHEBI_131489,CHEBI_131489_CHEBI_47495,protomer,protomer,87.0,1
CHEBI_83794,CHEBI_84618,CHEBI_83794_CHEBI_84618,protomer,protomer,97.0,1
CHEBI_73125,CHEBI_73131,CHEBI_73125_CHEBI_73131,protomer,protomer,94.0,1
CHEBI_142697,CHEBI_142735,CHEBI_142697_CHEBI_142735,protomer,protomer,94.0,1
CHEBI_57398,CHEBI_15545,CHEBI_15545_CHEBI_57398,protomer,protomer,95.0,1
CHEBI_101064,CHEBI_101224,CHEBI_101064_CHEBI_101224,protomer,protomer,92.0,1
CHEBI_133469,CHEBI_133471,CHEBI_133469_CHEBI_133471,protomer,protomer,89.0,1
CHEBI_9763,CHEBI_77569,CHEBI_77569_CHEBI_9763,protomer,protomer,96.0,1
CHEBI_131847,CHEBI_132125,CHEBI_131847_CHEBI_132125,protomer,protomer,91.0,1
CHEBI_137409,CHEBI_38342,CHEBI_137409_CHEBI_38342,protomer,protomer,93.0,1
CHEBI_78549,CHEBI_78943,CHEBI_78549_CHEBI_78943,protomer,protomer,87.0,1
CHEBI_133569,CHEBI_133568,CHEBI_133568_CHEBI_133569,protomer,protomer,93.0,1
CHEBI_57694,CHEBI_16243,CHEBI_16243_CHEBI_57694,protomer,protomer,94.0,1
CHEBI_133716,CHEBI_21565,CHEBI_133716_CHEBI_21565,protomer,protomer,91.0,1
CHEBI_57703,CHEBI_16260,CHEBI_16260_CHEBI_57703,protomer,protomer,89.0,1
CHEBI_28712,CHEBI_143157,CHEBI_143157_CHEBI_28712,protomer,protomer,69.0,1
CHEBI_133451,CHEBI_28158,CHEBI_133451_CHEBI_28158,protomer,protomer,95.0,1
CHEBI_30761,CHEBI_42682,CHEBI_30761_CHEBI_42682,protomer,protomer,91.0,1
CHEBI_60784,CHEBI_28895,CHEBI_28895_CHEBI_60784,protomer,protomer,95.0,1
CHEBI_3437,CHEBI_61202,CHEBI_3437_CHEBI_61202,protomer,protomer,93.0,1
CHEBI_16410,CHEBI_57761,CHEBI_16410_CHEBI_57761,protomer,protomer,92.0,1
CHEBI_25218,CHEBI_25219,CHEBI_25218_CHEBI_25219,protomer,protomer,88.0,1
CHEBI_131857,CHEBI_132128,CHEBI_131857_CHEBI_132128,protomer,protomer,92.0,1
CHEBI_57888,CHEBI_16766,CHEBI_16766_CHEBI_57888,protomer,protomer,93.0,1
CHEBI_84630,CHEBI_84585,CHEBI_84585_CHEBI_84630,protomer,protomer,92.0,1
CHEBI_80630,CHEBI_90895,CHEBI_80630_CHEBI_90895,protomer,protomer,96.0,1
CHEBI_88181,CHEBI_88179,CHEBI_88179_CHEBI_88181,protomer,protomer,94.0,1
CHEBI_229573,CHEBI_8633,CHEBI_229573_CHEBI_8633,protomer,protomer,95.0,1
CHEBI_11893,CHEBI_16390,CHEBI_11893_CHEBI_16390,protomer,protomer,96.0,1
CHEBI_58804,CHEBI_49270,CHEBI_49270_CHEBI_58804,protomer,protomer,96.0,1
CHEBI_58435,CHEBI_18302,CHEBI_18302_CHEBI_58435,protomer,protomer,96.0,1
CHEBI_29195,CHEBI_28024,CHEBI_28024_CHEBI_29195,protomer,protomer,83.0,1
CHEBI_82904,CHEBI_83716,CHEBI_82904_CHEBI_83716,protomer,protomer,91.0,1
CHEBI_57470,CHEBI_15663,CHEBI_15663_CHEBI_57470,protomer,protomer,88.0,1
CHEBI_16244,CHEBI_1941,CHEBI_16244_CHEBI_1941,protomer,protomer,90.0,1
CHEBI_139144,CHEBI_139537,CHEBI_139144_CHEBI_139537,protomer,protomer,93.0,1
CHEBI_87095,CHEBI_87339,CHEBI_87095_CHEBI_87339,protomer,protomer,93.0,1
CHEBI_58796,CHEBI_49253,CHEBI_49253_CHEBI_58796,protomer,protomer,91.0,1
CHEBI_232040,CHEBI_232041,CHEBI_232040_CHEBI_232041,protomer,protomer,89.0,1
CHEBI_58558,CHEBI_28282,CHEBI_28282_CHEBI_58558,protomer,protomer,95.0,1
CHEBI_11424,CHEBI_15689,CHEBI_11424_CHEBI_15689,protomer,protomer,89.0,1
CHEBI_62860,CHEBI_62858,CHEBI_62858_CHEBI_62860,protomer,protomer,93.0,1
CHEBI_133603,CHEBI_133897,CHEBI_133603_CHEBI_133897,protomer,protomer,86.0,1
CHEBI_87072,CHEBI_87070,CHEBI_87070_CHEBI_87072,protomer,protomer,96.0,1
CHEBI_84348,CHEBI_85343,CHEBI_84348_CHEBI_85343,protomer,protomer,96.0,1
CHEBI_34856,CHEBI_167868,CHEBI_167868_CHEBI_34856,protomer,protomer,82.0,1
CHEBI_17214,CHEBI_1467,CHEBI_1467_CHEBI_17214,protomer,protomer,85.0,1
CHEBI_88039,CHEBI_141096,CHEBI_141096_CHEBI_88039,protomer,protomer,95.0,1
CHEBI_62069,CHEBI_28205,CHEBI_28205_CHEBI_62069,protomer,protomer,95.0,1
CHEBI_142391,CHEBI_142392,CHEBI_142391_CHEBI_142392,protomer,protomer,100.0,1
CHEBI_64278,CHEBI_64291,CHEBI_64278_CHEBI_64291,protomer,protomer,95.0,1
CHEBI_45980,CHEBI_187896,CHEBI_187896_CHEBI_45980,protomer,protomer,60.0,1
CHEBI_91252,CHEBI_128459,CHEBI_128459_CHEBI_91252,protomer,protomer,93.0,1
CHEBI_57723,CHEBI_16308,CHEBI_16308_CHEBI_57723,protomer,protomer,95.0,1
CHEBI_182530,CHEBI_229556,CHEBI_182530_CHEBI_229556,protomer,protomer,93.0,1
CHEBI_57842,CHEBI_16631,CHEBI_16631_CHEBI_57842,protomer,protomer,96.0,1
CHEBI_76408,CHEBI_76524,CHEBI_76408_CHEBI_76524,protomer,protomer,96.0,1
CHEBI_7936,CHEBI_64197,CHEBI_64197_CHEBI_7936,protomer,protomer,92.0,1
CHEBI_50212,CHEBI_50318,CHEBI_50212_CHEBI_50318,protomer,protomer,92.0,1
CHEBI_16769,CHEBI_30882,CHEBI_16769_CHEBI_30882,protomer,protomer,90.0,1
CHEBI_58274,CHEBI_17798,CHEBI_17798_CHEBI_58274,protomer,protomer,84.0,1
CHEBI_57496,CHEBI_15749,CHEBI_15749_CHEBI_57496,protomer,protomer,82.0,1
CHEBI_58157,CHEBI_17470,CHEBI_17470_CHEBI_58157,protomer,protomer,94.0,1
CHEBI_57328,CHEBI_15468,CHEBI_15468_CHEBI_57328,protomer,protomer,96.0,1
CHEBI_60879,CHEBI_27844,CHEBI_27844_CHEBI_60879,protomer,protomer,96.0,1
CHEBI_62072,CHEBI_60833,CHEBI_60833_CHEBI_62072,protomer,protomer,94.0,1
CHEBI_191384,CHEBI_167506,CHEBI_167506_CHEBI_191384,protomer,protomer,86.0,1
CHEBI_88002,CHEBI_88000,CHEBI_88000_CHEBI_88002,protomer,protomer,89.0,1
CHEBI_74119,CHEBI_74122,CHEBI_74119_CHEBI_74122,protomer,protomer,92.0,1
CHEBI_133769,CHEBI_136106,CHEBI_133769_CHEBI_136106,protomer,protomer,92.0,1
CHEBI_58377,CHEBI_18103,CHEBI_18103_CHEBI_58377,protomer,protomer,94.0,1
CHEBI_15597,CHEBI_32896,CHEBI_15597_CHEBI_32896,protomer,protomer,84.0,1
CHEBI_145790,CHEBI_7025,CHEBI_145790_CHEBI_7025,protomer,protomer,96.0,1
CHEBI_64177,CHEBI_64193,CHEBI_64177_CHEBI_64193,protomer,protomer,99.0,1
CHEBI_133184,CHEBI_133183,CHEBI_133183_CHEBI_133184,protomer,protomer,94.0,1
CHEBI_60549,CHEBI_61147,CHEBI_60549_CHEBI_61147,protomer,protomer,93.0,1
CHEBI_368997,CHEBI_16532,CHEBI_16532_CHEBI_368997,protomer,protomer,94.0,1
CHEBI_57855,CHEBI_16673,CHEBI_16673_CHEBI_57855,protomer,protomer,97.0,1
CHEBI_73972,CHEBI_73938,CHEBI_73938_CHEBI_73972,protomer,protomer,66.0,1
CHEBI_138661,CHEBI_139397,CHEBI_138661_CHEBI_139397,protomer,protomer,93.0,1
CHEBI_62461,CHEBI_62460,CHEBI_62460_CHEBI_62461,protomer,protomer,97.0,1
CHEBI_58322,CHEBI_17919,CHEBI_17919_CHEBI_58322,protomer,protomer,88.0,1
CHEBI_192831,CHEBI_37316,CHEBI_192831_CHEBI_37316,protomer,protomer,94.0,1
CHEBI_28665,CHEBI_20021,CHEBI_20021_CHEBI_28665,protomer,protomer,91.0,1
CHEBI_143278,CHEBI_144862,CHEBI_143278_CHEBI_144862,protomer,protomer,95.0,1
CHEBI_83389,CHEBI_84212,CHEBI_83389_CHEBI_84212,protomer,protomer,89.0,1
CHEBI_57294,CHEBI_15401,CHEBI_15401_CHEBI_57294,protomer,protomer,94.0,1
CHEBI_143071,CHEBI_143077,CHEBI_143071_CHEBI_143077,protomer,protomer,92.0,1
CHEBI_145999,CHEBI_147283,CHEBI_145999_CHEBI_147283,protomer,protomer,93.0,1
CHEBI_16803,CHEBI_36555,CHEBI_16803_CHEBI_36555,protomer,protomer,92.0,1
CHEBI_16765,CHEBI_57887,CHEBI_16765_CHEBI_57887,protomer,protomer,92.0,1
CHEBI_70790,CHEBI_70816,CHEBI_70790_CHEBI_70816,protomer,protomer,95.0,1
CHEBI_57849,CHEBI_16654,CHEBI_16654_CHEBI_57849,protomer,protomer,91.0,1
CHEBI_75270,CHEBI_75271,CHEBI_75270_CHEBI_75271,protomer,protomer,69.0,1
CHEBI_57936,CHEBI_16878,CHEBI_16878_CHEBI_57936,protomer,protomer,89.0,1
CHEBI_58083,CHEBI_17270,CHEBI_17270_CHEBI_58083,protomer,protomer,90.0,1
CHEBI_58442,CHEBI_18315,CHEBI_18315_CHEBI_58442,protomer,protomer,91.0,1
CHEBI_229771,CHEBI_229770,CHEBI_229770_CHEBI_229771,protomer,protomer,92.0,1
CHEBI_58557,CHEBI_28273,CHEBI_28273_CHEBI_58557,protomer,protomer,94.0,1
CHEBI_57769,CHEBI_16430,CHEBI_16430_CHEBI_57769,protomer,protomer,93.0,1
CHEBI_136507,CHEBI_137287,CHEBI_136507_CHEBI_137287,protomer,protomer,97.0,1
CHEBI_27247,CHEBI_27248,CHEBI_27247_CHEBI_27248,protomer,protomer,92.0,1
CHEBI_91076,CHEBI_91077,CHEBI_91076_CHEBI_91077,protomer,protomer,89.0,1
CHEBI_62423,CHEBI_28478,CHEBI_28478_CHEBI_62423,protomer,protomer,92.0,1
CHEBI_87903,CHEBI_87902,CHEBI_87902_CHEBI_87903,protomer,protomer,94.0,1
CHEBI_133642,CHEBI_68848,CHEBI_133642_CHEBI_68848,protomer,protomer,87.0,1
CHEBI_167136,CHEBI_8710,CHEBI_167136_CHEBI_8710,protomer,protomer,97.0,1
CHEBI_16669,CHEBI_27972,CHEBI_16669_CHEBI_27972,protomer,protomer,91.0,1
CHEBI_55498,CHEBI_553473,CHEBI_553473_CHEBI_55498,protomer,protomer,96.0,1
CHEBI_29267,CHEBI_29268,CHEBI_29267_CHEBI_29268,protomer,protomer,83.0,1
CHEBI_57602,CHEBI_15998,CHEBI_15998_CHEBI_57602,protomer,protomer,92.0,1
CHEBI_9341,CHEBI_29213,CHEBI_29213_CHEBI_9341,protomer,protomer,83.0,1
CHEBI_78312,CHEBI_79181,CHEBI_78312_CHEBI_79181,protomer,protomer,92.0,1
CHEBI_57845,CHEBI_16645,CHEBI_16645_CHEBI_57845,protomer,protomer,93.0,1
CHEBI_57623,CHEBI_16057,CHEBI_16057_CHEBI_57623,protomer,protomer,88.0,1
CHEBI_167684,CHEBI_167909,CHEBI_167684_CHEBI_167909,protomer,protomer,96.0,1
CHEBI_50690,CHEBI_39548,CHEBI_39548_CHEBI_50690,protomer,protomer,97.0,1
CHEBI_71199,CHEBI_5810,CHEBI_5810_CHEBI_71199,protomer,protomer,89.0,1
CHEBI_178192,CHEBI_81261,CHEBI_178192_CHEBI_81261,protomer,protomer,96.0,1
CHEBI_50953,CHEBI_50958,CHEBI_50953_CHEBI_50958,protomer,protomer,88.0,1
CHEBI_57370,CHEBI_15516,CHEBI_15516_CHEBI_57370,protomer,protomer,96.0,1
CHEBI_88207,CHEBI_88208,CHEBI_88207_CHEBI_88208,protomer,protomer,99.0,1
CHEBI_62246,CHEBI_45410,CHEBI_45410_CHEBI_62246,protomer,protomer,90.0,1
CHEBI_60062,CHEBI_52488,CHEBI_52488_CHEBI_60062,protomer,protomer,95.0,1
CHEBI_77082,CHEBI_68568,CHEBI_68568_CHEBI_77082,protomer,protomer,96.0,1
CHEBI_58548,CHEBI_28096,CHEBI_28096_CHEBI_58548,protomer,protomer,93.0,1
CHEBI_60875,CHEBI_53013,CHEBI_53013_CHEBI_60875,protomer,protomer,96.0,1
CHEBI_62080,CHEBI_62079,CHEBI_62079_CHEBI_62080,protomer,protomer,87.0,1
CHEBI_3211,CHEBI_134215,CHEBI_134215_CHEBI_3211,protomer,protomer,91.0,1
CHEBI_29703,CHEBI_90869,CHEBI_29703_CHEBI_90869,protomer,protomer,91.0,1
CHEBI_65008,CHEBI_65016,CHEBI_65008_CHEBI_65016,protomer,protomer,87.0,1
CHEBI_229233,CHEBI_229235,CHEBI_229233_CHEBI_229235,protomer,protomer,66.0,1
CHEBI_233617,CHEBI_156546,CHEBI_156546_CHEBI_233617,protomer,protomer,88.0,1
CHEBI_57740,CHEBI_16342,CHEBI_16342_CHEBI_57740,protomer,protomer,92.0,1
CHEBI_137407,CHEBI_138202,CHEBI_137407_CHEBI_138202,protomer,protomer,91.0,1
CHEBI_191236,CHEBI_191372,CHEBI_191236_CHEBI_191372,protomer,protomer,90.0,1
CHEBI_17272,CHEBI_30768,CHEBI_17272_CHEBI_30768,protomer,protomer,88.0,1
CHEBI_76633,CHEBI_72853,CHEBI_72853_CHEBI_76633,protomer,protomer,94.0,1
CHEBI_58205,CHEBI_17610,CHEBI_17610_CHEBI_58205,protomer,protomer,90.0,1
CHEBI_30278,CHEBI_30282,CHEBI_30278_CHEBI_30282,protomer,protomer,75.0,1
CHEBI_58828,CHEBI_50604,CHEBI_50604_CHEBI_58828,protomer,protomer,93.0,1
CHEBI_32456,CHEBI_15356,CHEBI_15356_CHEBI_32456,protomer,protomer,87.0,1
CHEBI_143956,CHEBI_29590,CHEBI_143956_CHEBI_29590,protomer,protomer,93.0,1
CHEBI_58596,CHEBI_28890,CHEBI_28890_CHEBI_58596,protomer,protomer,91.0,1
CHEBI_35146,CHEBI_15614,CHEBI_15614_CHEBI_35146,protomer,protomer,90.0,1
CHEBI_140497,CHEBI_132253,CHEBI_132253_CHEBI_140497,protomer,protomer,95.0,1
CHEBI_58825,CHEBI_50531,CHEBI_50531_CHEBI_58825,protomer,protomer,81.0,1
CHEBI_138604,CHEBI_139248,CHEBI_138604_CHEBI_139248,protomer,protomer,95.0,1
CHEBI_59458,CHEBI_15769,CHEBI_15769_CHEBI_59458,protomer,protomer,92.0,1
CHEBI_72649,CHEBI_72696,CHEBI_72649_CHEBI_72696,protomer,protomer,96.0,1
CHEBI_58131,CHEBI_17402,CHEBI_17402_CHEBI_58131,protomer,protomer,90.0,1
CHEBI_59214,CHEBI_59213,CHEBI_59213_CHEBI_59214,protomer,protomer,97.0,1
CHEBI_58090,CHEBI_17285,CHEBI_17285_CHEBI_58090,protomer,protomer,81.0,1
CHEBI_2618,CHEBI_48320,CHEBI_2618_CHEBI_48320,protomer,protomer,86.0,1
CHEBI_59911,CHEBI_59930,CHEBI_59911_CHEBI_59930,protomer,protomer,90.0,1
CHEBI_29198,CHEBI_29031,CHEBI_29031_CHEBI_29198,protomer,protomer,83.0,1
CHEBI_58453,CHEBI_18337,CHEBI_18337_CHEBI_58453,protomer,protomer,95.0,1
CHEBI_178020,CHEBI_77742,CHEBI_178020_CHEBI_77742,protomer,protomer,92.0,1
CHEBI_61249,CHEBI_28230,CHEBI_28230_CHEBI_61249,protomer,protomer,95.0,1
CHEBI_63814,CHEBI_43977,CHEBI_43977_CHEBI_63814,protomer,protomer,94.0,1
CHEBI_85578,CHEBI_85913,CHEBI_85578_CHEBI_85913,protomer,protomer,92.0,1
CHEBI_29376,CHEBI_29789,CHEBI_29376_CHEBI_29789,protomer,protomer,86.0,1
CHEBI_232624,CHEBI_88937,CHEBI_232624_CHEBI_88937,protomer,protomer,94.0,1
CHEBI_76199,CHEBI_76172,CHEBI_76172_CHEBI_76199,protomer,protomer,95.0,1
CHEBI_85227,CHEBI_85668,CHEBI_85227_CHEBI_85668,protomer,protomer,94.0,1
CHEBI_63857,CHEBI_63845,CHEBI_63845_CHEBI_63857,protomer,protomer,88.0,1
CHEBI_58404,CHEBI_18187,CHEBI_18187_CHEBI_58404,protomer,protomer,92.0,1
CHEBI_60315,CHEBI_233452,CHEBI_233452_CHEBI_60315,protomer,protomer,88.0,1
CHEBI_63278,CHEBI_63275,CHEBI_63275_CHEBI_63278,protomer,protomer,89.0,1
CHEBI_140232,CHEBI_140259,CHEBI_140232_CHEBI_140259,protomer,protomer,96.0,1
CHEBI_11935,CHEBI_16741,CHEBI_11935_CHEBI_16741,protomer,protomer,94.0,1
CHEBI_29788,CHEBI_29790,CHEBI_29788_CHEBI_29790,protomer,protomer,85.0,1
CHEBI_30854,CHEBI_16411,CHEBI_16411_CHEBI_30854,protomer,protomer,93.0,1
CHEBI_149531,CHEBI_78310,CHEBI_149531_CHEBI_78310,protomer,protomer,93.0,1
CHEBI_59774,CHEBI_59773,CHEBI_59773_CHEBI_59774,protomer,protomer,97.0,1
CHEBI_27023,CHEBI_27849,CHEBI_27023_CHEBI_27849,protomer,protomer,90.0,1
CHEBI_18120,CHEBI_58382,CHEBI_18120_CHEBI_58382,protomer,protomer,63.0,1
CHEBI_83929,CHEBI_83930,CHEBI_83929_CHEBI_83930,protomer,protomer,95.0,1
CHEBI_133610,CHEBI_70979,CHEBI_133610_CHEBI_70979,protomer,protomer,91.0,1
CHEBI_71339,CHEBI_28368,CHEBI_28368_CHEBI_71339,protomer,protomer,97.0,1
CHEBI_29743,CHEBI_18037,CHEBI_18037_CHEBI_29743,protomer,protomer,91.0,1
CHEBI_18325,CHEBI_44788,CHEBI_18325_CHEBI_44788,protomer,protomer,88.0,1
CHEBI_33113,CHEBI_16853,CHEBI_16853_CHEBI_33113,protomer,protomer,92.0,1
CHEBI_132923,CHEBI_9008,CHEBI_132923_CHEBI_9008,protomer,protomer,93.0,1
CHEBI_82702,CHEBI_83315,CHEBI_82702_CHEBI_83315,protomer,protomer,69.0,1
CHEBI_22731,CHEBI_28759,CHEBI_22731_CHEBI_28759,protomer,protomer,92.0,1
CHEBI_136054,CHEBI_155928,CHEBI_136054_CHEBI_155928,protomer,protomer,95.0,1
CHEBI_57772,CHEBI_16437,CHEBI_16437_CHEBI_57772,protomer,protomer,95.0,1
CHEBI_75725,CHEBI_75737,CHEBI_75725_CHEBI_75737,protomer,protomer,93.0,1
CHEBI_16134,CHEBI_28938,CHEBI_16134_CHEBI_28938,protomer,protomer,75.0,1
CHEBI_58346,CHEBI_18003,CHEBI_18003_CHEBI_58346,protomer,protomer,88.0,1
CHEBI_77910,CHEBI_77911,CHEBI_77910_CHEBI_77911,protomer,protomer,95.0,1
CHEBI_17180,CHEBI_30841,CHEBI_17180_CHEBI_30841,protomer,protomer,87.0,1
CHEBI_58860,CHEBI_51283,CHEBI_51283_CHEBI_58860,protomer,protomer,92.0,1
CHEBI_52285,CHEBI_58887,CHEBI_52285_CHEBI_58887,protomer,protomer,94.0,1
CHEBI_58323,CHEBI_17926,CHEBI_17926_CHEBI_58323,protomer,protomer,88.0,1
CHEBI_134093,CHEBI_136674,CHEBI_134093_CHEBI_136674,protomer,protomer,91.0,1
CHEBI_58265,CHEBI_17778,CHEBI_17778_CHEBI_58265,protomer,protomer,83.0,1
CHEBI_50647,CHEBI_2567,CHEBI_2567_CHEBI_50647,protomer,protomer,94.0,1
CHEBI_58587,CHEBI_28731,CHEBI_28731_CHEBI_58587,protomer,protomer,93.0,1
CHEBI_141047,CHEBI_141186,CHEBI_141047_CHEBI_141186,protomer,protomer,87.0,1
CHEBI_152055,CHEBI_152054,CHEBI_152054_CHEBI_152055,protomer,protomer,94.0,1
CHEBI_66950,CHEBI_66955,CHEBI_66950_CHEBI_66955,protomer,protomer,94.0,1
CHEBI_17325,CHEBI_30920,CHEBI_17325_CHEBI_30920,protomer,protomer,95.0,1
CHEBI_1894,CHEBI_190141,CHEBI_1894_CHEBI_190141,protomer,protomer,85.0,1
CHEBI_36261,CHEBI_9410,CHEBI_36261_CHEBI_9410,protomer,protomer,97.0,1
CHEBI_133073,CHEBI_71062,CHEBI_133073_CHEBI_71062,protomer,protomer,91.0,1
CHEBI_62501,CHEBI_27470,CHEBI_27470_CHEBI_62501,protomer,protomer,94.0,1
CHEBI_142981,CHEBI_60351,CHEBI_142981_CHEBI_60351,protomer,protomer,97.0,1
CHEBI_72340,CHEBI_72342,CHEBI_72340_CHEBI_72342,protomer,protomer,83.0,1
CHEBI_58310,CHEBI_17884,CHEBI_17884_CHEBI_58310,protomer,protomer,95.0,1
CHEBI_142788,CHEBI_142620,CHEBI_142620_CHEBI_142788,protomer,protomer,93.0,1
CHEBI_32269,CHEBI_77571,CHEBI_32269_CHEBI_77571,protomer,protomer,92.0,1
CHEBI_87111,CHEBI_87108,CHEBI_87108_CHEBI_87111,protomer,protomer,93.0,1
CHEBI_139151,CHEBI_134399,CHEBI_134399_CHEBI_139151,protomer,protomer,94.0,1
CHEBI_58505,CHEBI_25426,CHEBI_25426_CHEBI_58505,protomer,protomer,84.0,1
CHEBI_20478,CHEBI_27758,CHEBI_20478_CHEBI_27758,protomer,protomer,92.0,1
CHEBI_78858,CHEBI_78222,CHEBI_78222_CHEBI_78858,protomer,protomer,82.0,1
CHEBI_16004,CHEBI_42111,CHEBI_16004_CHEBI_42111,protomer,protomer,88.0,1
CHEBI_18021,CHEBI_44897,CHEBI_18021_CHEBI_44897,protomer,protomer,92.0,1
CHEBI_57284,CHEBI_15335,CHEBI_15335_CHEBI_57284,protomer,protomer,94.0,1
CHEBI_85986,CHEBI_43577,CHEBI_43577_CHEBI_85986,protomer,protomer,94.0,1
CHEBI_180480,CHEBI_180484,CHEBI_180480_CHEBI_180484,protomer,protomer,92.0,1
CHEBI_58708,CHEBI_47025,CHEBI_47025_CHEBI_58708,protomer,protomer,91.0,1
CHEBI_58237,CHEBI_17692,CHEBI_17692_CHEBI_58237,protomer,protomer,90.0,1
CHEBI_59815,CHEBI_52048,CHEBI_52048_CHEBI_59815,protomer,protomer,87.0,1
CHEBI_57678,CHEBI_16208,CHEBI_16208_CHEBI_57678,protomer,protomer,88.0,1
CHEBI_32513,CHEBI_32512,CHEBI_32512_CHEBI_32513,protomer,protomer,93.0,1
CHEBI_36456,CHEBI_29094,CHEBI_29094_CHEBI_36456,protomer,protomer,85.0,1
CHEBI_58143,CHEBI_17426,CHEBI_17426_CHEBI_58143,protomer,protomer,92.0,1
CHEBI_57782,CHEBI_16473,CHEBI_16473_CHEBI_57782,protomer,protomer,97.0,1
CHEBI_28346,CHEBI_231762,CHEBI_231762_CHEBI_28346,protomer,protomer,91.0,1
CHEBI_58165,CHEBI_17489,CHEBI_17489_CHEBI_58165,protomer,protomer,95.0,1
CHEBI_28220,CHEBI_66944,CHEBI_28220_CHEBI_66944,protomer,protomer,91.0,1
CHEBI_76161,CHEBI_76236,CHEBI_76161_CHEBI_76236,protomer,protomer,95.0,1
CHEBI_53669,CHEBI_3479,CHEBI_3479_CHEBI_53669,protomer,protomer,96.0,1
CHEBI_59125,CHEBI_5163,CHEBI_5163_CHEBI_59125,protomer,protomer,97.0,1
CHEBI_91011,CHEBI_91010,CHEBI_91010_CHEBI_91011,protomer,protomer,86.0,1
CHEBI_147385,CHEBI_147368,CHEBI_147368_CHEBI_147385,protomer,protomer,95.0,1
CHEBI_57403,CHEBI_15552,CHEBI_15552_CHEBI_57403,protomer,protomer,96.0,1
CHEBI_57299,CHEBI_15422,CHEBI_15422_CHEBI_57299,protomer,protomer,93.0,1
CHEBI_61098,CHEBI_61117,CHEBI_61098_CHEBI_61117,protomer,protomer,94.0,1
CHEBI_86386,CHEBI_44111,CHEBI_44111_CHEBI_86386,protomer,protomer,88.0,1
CHEBI_58109,CHEBI_17337,CHEBI_17337_CHEBI_58109,protomer,protomer,93.0,1
CHEBI_57621,CHEBI_16054,CHEBI_16054_CHEBI_57621,protomer,protomer,89.0,1
CHEBI_38899,CHEBI_38902,CHEBI_38899_CHEBI_38902,protomer,protomer,95.0,1
CHEBI_15669,CHEBI_35697,CHEBI_15669_CHEBI_35697,protomer,protomer,92.0,1
CHEBI_58238,CHEBI_17693,CHEBI_17693_CHEBI_58238,protomer,protomer,93.0,1
CHEBI_74567,CHEBI_190703,CHEBI_190703_CHEBI_74567,protomer,protomer,86.0,1
CHEBI_156216,CHEBI_28006,CHEBI_156216_CHEBI_28006,protomer,protomer,88.0,1
CHEBI_15594,CHEBI_30850,CHEBI_15594_CHEBI_30850,protomer,protomer,89.0,1
CHEBI_147390,CHEBI_149635,CHEBI_147390_CHEBI_149635,protomer,protomer,93.0,1
CHEBI_52438,CHEBI_51817,CHEBI_51817_CHEBI_52438,protomer,protomer,94.0,1
CHEBI_231930,CHEBI_35939,CHEBI_231930_CHEBI_35939,protomer,protomer,89.0,1
CHEBI_53655,CHEBI_209807,CHEBI_209807_CHEBI_53655,protomer,protomer,97.0,1
CHEBI_17286,CHEBI_58091,CHEBI_17286_CHEBI_58091,protomer,protomer,94.0,1
CHEBI_131704,CHEBI_131735,CHEBI_131704_CHEBI_131735,protomer,protomer,92.0,1
CHEBI_60471,CHEBI_28850,CHEBI_28850_CHEBI_60471,protomer,protomer,94.0,1
CHEBI_57587,CHEBI_15957,CHEBI_15957_CHEBI_57587,protomer,protomer,86.0,1
CHEBI_57415,CHEBI_15569,CHEBI_15569_CHEBI_57415,protomer,protomer,90.0,1
CHEBI_15816,CHEBI_32689,CHEBI_15816_CHEBI_32689,protomer,protomer,65.0,1
CHEBI_29749,CHEBI_17620,CHEBI_17620_CHEBI_29749,protomer,protomer,94.0,1
CHEBI_16861,CHEBI_57929,CHEBI_16861_CHEBI_57929,protomer,protomer,88.0,1
CHEBI_88211,CHEBI_88210,CHEBI_88210_CHEBI_88211,protomer,protomer,95.0,1
CHEBI_145091,CHEBI_31176,CHEBI_145091_CHEBI_31176,protomer,protomer,94.0,1
CHEBI_60538,CHEBI_61127,CHEBI_60538_CHEBI_61127,protomer,protomer,97.0,1
CHEBI_57677,CHEBI_16206,CHEBI_16206_CHEBI_57677,protomer,protomer,95.0,1
CHEBI_57864,CHEBI_16694,CHEBI_16694_CHEBI_57864,protomer,protomer,91.0,1
CHEBI_86003,CHEBI_2010,CHEBI_2010_CHEBI_86003,protomer,protomer,94.0,1
CHEBI_177372,CHEBI_177380,CHEBI_177372_CHEBI_177380,protomer,protomer,88.0,1
CHEBI_134233,CHEBI_134582,CHEBI_134233_CHEBI_134582,protomer,protomer,96.0,1
CHEBI_58431,CHEBI_18292,CHEBI_18292_CHEBI_58431,protomer,protomer,94.0,1
CHEBI_32494,CHEBI_16998,CHEBI_16998_CHEBI_32494,protomer,protomer,90.0,1
CHEBI_68592,CHEBI_68591,CHEBI_68591_CHEBI_68592,protomer,protomer,97.0,1
CHEBI_25505,CHEBI_27851,CHEBI_25505_CHEBI_27851,protomer,protomer,93.0,1
CHEBI_64074,CHEBI_57458,CHEBI_57458_CHEBI_64074,protomer,protomer,93.0,1
CHEBI_55531,CHEBI_55530,CHEBI_55530_CHEBI_55531,protomer,protomer,96.0,1
CHEBI_18397,CHEBI_225237,CHEBI_18397_CHEBI_225237,protomer,protomer,88.0,1
CHEBI_77917,CHEBI_77918,CHEBI_77917_CHEBI_77918,protomer,protomer,98.0,1
CHEBI_157792,CHEBI_229955,CHEBI_157792_CHEBI_229955,protomer,protomer,66.0,1
CHEBI_166851,CHEBI_166845,CHEBI_166845_CHEBI_166851,protomer,protomer,91.0,1
CHEBI_75262,CHEBI_75267,CHEBI_75262_CHEBI_75267,protomer,protomer,100.0,1
CHEBI_17433,CHEBI_77674,CHEBI_17433_CHEBI_77674,protomer,protomer,91.0,1
CHEBI_156267,CHEBI_133542,CHEBI_133542_CHEBI_156267,protomer,protomer,88.0,1
CHEBI_234339,CHEBI_234342,CHEBI_234339_CHEBI_234342,protomer,protomer,93.0,1
CHEBI_33190,CHEBI_17960,CHEBI_17960_CHEBI_33190,protomer,protomer,88.0,1
CHEBI_142669,CHEBI_81696,CHEBI_142669_CHEBI_81696,protomer,protomer,88.0,1
CHEBI_57773,CHEBI_16439,CHEBI_16439_CHEBI_57773,protomer,protomer,80.0,1
CHEBI_3223,CHEBI_132102,CHEBI_132102_CHEBI_3223,protomer,protomer,93.0,1
CHEBI_30938,CHEBI_16705,CHEBI_16705_CHEBI_30938,protomer,protomer,94.0,1
CHEBI_29076,CHEBI_58605,CHEBI_29076_CHEBI_58605,protomer,protomer,78.0,1
CHEBI_86401,CHEBI_81405,CHEBI_81405_CHEBI_86401,protomer,protomer,88.0,1
CHEBI_29081,CHEBI_58606,CHEBI_29081_CHEBI_58606,protomer,protomer,88.0,1
CHEBI_87825,CHEBI_88135,CHEBI_87825_CHEBI_88135,protomer,protomer,93.0,1
CHEBI_57468,CHEBI_15658,CHEBI_15658_CHEBI_57468,protomer,protomer,95.0,1
CHEBI_58636,CHEBI_31080,CHEBI_31080_CHEBI_58636,protomer,protomer,94.0,1
CHEBI_152555,CHEBI_153569,CHEBI_152555_CHEBI_153569,protomer,protomer,94.0,1
CHEBI_15893,CHEBI_1372,CHEBI_1372_CHEBI_15893,protomer,protomer,91.0,1
CHEBI_53069,CHEBI_53070,CHEBI_53069_CHEBI_53070,protomer,protomer,93.0,1
CHEBI_11955,CHEBI_16080,CHEBI_11955_CHEBI_16080,protomer,protomer,90.0,1
CHEBI_55527,CHEBI_55526,CHEBI_55526_CHEBI_55527,protomer,protomer,92.0,1
CHEBI_57576,CHEBI_15941,CHEBI_15941_CHEBI_57576,protomer,protomer,92.0,1
CHEBI_131450,CHEBI_68465,CHEBI_131450_CHEBI_68465,protomer,protomer,90.0,1
CHEBI_86332,CHEBI_520,CHEBI_520_CHEBI_86332,protomer,protomer,96.0,1
CHEBI_85580,CHEBI_85917,CHEBI_85580_CHEBI_85917,protomer,protomer,85.0,1
CHEBI_4646,CHEBI_73714,CHEBI_4646_CHEBI_73714,protomer,protomer,92.0,1
CHEBI_32656,CHEBI_28159,CHEBI_28159_CHEBI_32656,protomer,protomer,89.0,1
CHEBI_133550,CHEBI_133548,CHEBI_133548_CHEBI_133550,protomer,protomer,93.0,1
CHEBI_132985,CHEBI_131434,CHEBI_131434_CHEBI_132985,protomer,protomer,91.0,1
CHEBI_17822,CHEBI_32846,CHEBI_17822_CHEBI_32846,protomer,protomer,86.0,1
CHEBI_16331,CHEBI_32980,CHEBI_16331_CHEBI_32980,protomer,protomer,91.0,1
CHEBI_17750,CHEBI_41139,CHEBI_17750_CHEBI_41139,protomer,protomer,88.0,1
CHEBI_28240,CHEBI_36386,CHEBI_28240_CHEBI_36386,protomer,protomer,88.0,1
CHEBI_90926,CHEBI_90927,CHEBI_90926_CHEBI_90927,protomer,protomer,96.0,1
CHEBI_8989,CHEBI_149481,CHEBI_149481_CHEBI_8989,protomer,protomer,97.0,1
CHEBI_59433,CHEBI_45013,CHEBI_45013_CHEBI_59433,protomer,protomer,86.0,1
CHEBI_83604,CHEBI_83611,CHEBI_83604_CHEBI_83611,protomer,protomer,100.0,1
CHEBI_57275,CHEBI_14086,CHEBI_14086_CHEBI_57275,protomer,protomer,95.0,1
CHEBI_132922,CHEBI_5855,CHEBI_132922_CHEBI_5855,protomer,protomer,93.0,1
CHEBI_57521,CHEBI_15807,CHEBI_15807_CHEBI_57521,protomer,protomer,92.0,1
CHEBI_60002,CHEBI_28137,CHEBI_28137_CHEBI_60002,protomer,protomer,94.0,1
CHEBI_50187,CHEBI_50186,CHEBI_50186_CHEBI_50187,protomer,protomer,93.0,1
CHEBI_58777,CHEBI_49077,CHEBI_49077_CHEBI_58777,protomer,protomer,86.0,1
CHEBI_19775,CHEBI_18386,CHEBI_18386_CHEBI_19775,protomer,protomer,92.0,1
CHEBI_68630,CHEBI_68631,CHEBI_68630_CHEBI_68631,protomer,protomer,96.0,1
CHEBI_57518,CHEBI_15799,CHEBI_15799_CHEBI_57518,protomer,protomer,94.0,1
CHEBI_83388,CHEBI_84211,CHEBI_83388_CHEBI_84211,protomer,protomer,91.0,1
CHEBI_231350,CHEBI_231411,CHEBI_231350_CHEBI_231411,protomer,protomer,94.0,1
CHEBI_57846,CHEBI_16647,CHEBI_16647_CHEBI_57846,protomer,protomer,93.0,1
CHEBI_72635,CHEBI_72634,CHEBI_72634_CHEBI_72635,protomer,protomer,90.0,1
CHEBI_82716,CHEBI_83323,CHEBI_82716_CHEBI_83323,protomer,protomer,90.0,1
CHEBI_59005,CHEBI_59004,CHEBI_59004_CHEBI_59005,protomer,protomer,94.0,1
CHEBI_64876,CHEBI_61338,CHEBI_61338_CHEBI_64876,protomer,protomer,90.0,1
CHEBI_58380,CHEBI_18116,CHEBI_18116_CHEBI_58380,protomer,protomer,95.0,1
CHEBI_144582,CHEBI_1904,CHEBI_144582_CHEBI_1904,protomer,protomer,95.0,1
CHEBI_11022,CHEBI_15757,CHEBI_11022_CHEBI_15757,protomer,protomer,91.0,1
CHEBI_58459,CHEBI_18356,CHEBI_18356_CHEBI_58459,protomer,protomer,91.0,1
CHEBI_195543,CHEBI_195475,CHEBI_195475_CHEBI_195543,protomer,protomer,88.0,1
CHEBI_55359,CHEBI_60254,CHEBI_55359_CHEBI_60254,protomer,protomer,89.0,1
CHEBI_79192,CHEBI_28376,CHEBI_28376_CHEBI_79192,protomer,protomer,93.0,1
CHEBI_73909,CHEBI_194323,CHEBI_194323_CHEBI_73909,protomer,protomer,84.0,1
CHEBI_79174,CHEBI_27381,CHEBI_27381_CHEBI_79174,protomer,protomer,88.0,1
CHEBI_191172,CHEBI_190699,CHEBI_190699_CHEBI_191172,protomer,protomer,95.0,1
CHEBI_74752,CHEBI_46611,CHEBI_46611_CHEBI_74752,protomer,protomer,89.0,1
CHEBI_167465,CHEBI_167489,CHEBI_167465_CHEBI_167489,protomer,protomer,95.0,1
CHEBI_139143,CHEBI_61808,CHEBI_139143_CHEBI_61808,protomer,protomer,95.0,1
CHEBI_9599,CHEBI_188157,CHEBI_188157_CHEBI_9599,protomer,protomer,92.0,1
CHEBI_180476,CHEBI_180477,CHEBI_180476_CHEBI_180477,protomer,protomer,95.0,1
CHEBI_77356,CHEBI_4907,CHEBI_4907_CHEBI_77356,protomer,protomer,89.0,1
CHEBI_146172,CHEBI_146307,CHEBI_146172_CHEBI_146307,protomer,protomer,91.0,1
CHEBI_138232,CHEBI_138890,CHEBI_138232_CHEBI_138890,protomer,protomer,94.0,1
CHEBI_68649,CHEBI_68665,CHEBI_68649_CHEBI_68665,protomer,protomer,94.0,1
CHEBI_64894,CHEBI_64899,CHEBI_64894_CHEBI_64899,protomer,protomer,93.0,1
CHEBI_9407,CHEBI_16525,CHEBI_16525_CHEBI_9407,protomer,protomer,96.0,1
CHEBI_17536,CHEBI_30837,CHEBI_17536_CHEBI_30837,protomer,protomer,89.0,1
CHEBI_47344,CHEBI_90997,CHEBI_47344_CHEBI_90997,protomer,protomer,93.0,1
CHEBI_73948,CHEBI_73985,CHEBI_73948_CHEBI_73985,protomer,protomer,92.0,1
CHEBI_30960,CHEBI_16409,CHEBI_16409_CHEBI_30960,protomer,protomer,93.0,1
CHEBI_78326,CHEBI_2082,CHEBI_2082_CHEBI_78326,protomer,protomer,93.0,1
CHEBI_133205,CHEBI_133206,CHEBI_133205_CHEBI_133206,protomer,protomer,96.0,1
CHEBI_58306,CHEBI_17876,CHEBI_17876_CHEBI_58306,protomer,protomer,96.0,1
CHEBI_132997,CHEBI_132999,CHEBI_132997_CHEBI_132999,protomer,protomer,82.0,1
CHEBI_146001,CHEBI_133760,CHEBI_133760_CHEBI_146001,protomer,protomer,93.0,1
CHEBI_57423,CHEBI_15583,CHEBI_15583_CHEBI_57423,protomer,protomer,86.0,1
CHEBI_5373,CHEBI_134212,CHEBI_134212_CHEBI_5373,protomer,protomer,89.0,1
CHEBI_74631,CHEBI_74951,CHEBI_74631_CHEBI_74951,protomer,protomer,81.0,1
CHEBI_77992,CHEBI_17793,CHEBI_17793_CHEBI_77992,protomer,protomer,95.0,1
CHEBI_4828,CHEBI_134344,CHEBI_134344_CHEBI_4828,protomer,protomer,89.0,1
CHEBI_74789,CHEBI_74835,CHEBI_74789_CHEBI_74835,protomer,protomer,60.0,1
CHEBI_32851,CHEBI_16414,CHEBI_16414_CHEBI_32851,protomer,protomer,91.0,1
CHEBI_62213,CHEBI_4083,CHEBI_4083_CHEBI_62213,protomer,protomer,85.0,1
CHEBI_140633,CHEBI_28038,CHEBI_140633_CHEBI_28038,protomer,protomer,93.0,1
CHEBI_143903,CHEBI_143161,CHEBI_143161_CHEBI_143903,protomer,protomer,64.0,1
CHEBI_57478,CHEBI_15703,CHEBI_15703_CHEBI_57478,protomer,protomer,95.0,1
CHEBI_57698,CHEBI_16253,CHEBI_16253_CHEBI_57698,protomer,protomer,88.0,1
CHEBI_87467,CHEBI_87531,CHEBI_87467_CHEBI_87531,protomer,protomer,97.0,1
CHEBI_193553,CHEBI_140443,CHEBI_140443_CHEBI_193553,protomer,protomer,91.0,1
CHEBI_57307,CHEBI_15435,CHEBI_15435_CHEBI_57307,protomer,protomer,94.0,1
CHEBI_67139,CHEBI_67205,CHEBI_67139_CHEBI_67205,protomer,protomer,89.0,1
CHEBI_15645,CHEBI_57459,CHEBI_15645_CHEBI_57459,protomer,protomer,90.0,1
CHEBI_80667,CHEBI_133993,CHEBI_133993_CHEBI_80667,protomer,protomer,90.0,1
CHEBI_81724,CHEBI_82614,CHEBI_81724_CHEBI_82614,protomer,protomer,73.0,1
CHEBI_72476,CHEBI_72477,CHEBI_72476_CHEBI_72477,protomer,protomer,96.0,1
CHEBI_143900,CHEBI_39100,CHEBI_143900_CHEBI_39100,protomer,protomer,92.0,1
CHEBI_60088,CHEBI_48690,CHEBI_48690_CHEBI_60088,protomer,protomer,93.0,1
CHEBI_144866,CHEBI_144922,CHEBI_144866_CHEBI_144922,protomer,protomer,90.0,1
CHEBI_73934,CHEBI_73956,CHEBI_73934_CHEBI_73956,protomer,protomer,89.0,1
CHEBI_144462,CHEBI_136665,CHEBI_136665_CHEBI_144462,protomer,protomer,96.0,1
CHEBI_134099,CHEBI_136677,CHEBI_134099_CHEBI_136677,protomer,protomer,92.0,1
CHEBI_60654,CHEBI_39867,CHEBI_39867_CHEBI_60654,protomer,protomer,89.0,1
CHEBI_144782,CHEBI_31799,CHEBI_144782_CHEBI_31799,protomer,protomer,96.0,1
CHEBI_67026,CHEBI_6498,CHEBI_6498_CHEBI_67026,protomer,protomer,94.0,1
CHEBI_72341,CHEBI_156137,CHEBI_156137_CHEBI_72341,protomer,protomer,82.0,1
CHEBI_77133,CHEBI_77261,CHEBI_77133_CHEBI_77261,protomer,protomer,93.0,1
CHEBI_58554,CHEBI_28211,CHEBI_28211_CHEBI_58554,protomer,protomer,96.0,1
CHEBI_295975,CHEBI_18132,CHEBI_18132_CHEBI_295975,protomer,protomer,90.0,1
CHEBI_64312,CHEBI_64325,CHEBI_64312_CHEBI_64325,protomer,protomer,88.0,1
CHEBI_131592,CHEBI_131461,CHEBI_131461_CHEBI_131592,protomer,protomer,88.0,1
CHEBI_15720,CHEBI_49265,CHEBI_15720_CHEBI_49265,protomer,protomer,95.0,1
CHEBI_72778,CHEBI_72787,CHEBI_72778_CHEBI_72787,protomer,protomer,95.0,1
CHEBI_57655,CHEBI_16142,CHEBI_16142_CHEBI_57655,protomer,protomer,91.0,1
CHEBI_50435,CHEBI_180909,CHEBI_180909_CHEBI_50435,protomer,protomer,88.0,1
CHEBI_64145,CHEBI_64146,CHEBI_64145_CHEBI_64146,protomer,protomer,89.0,1
CHEBI_137065,CHEBI_60322,CHEBI_137065_CHEBI_60322,protomer,protomer,94.0,1
CHEBI_125675,CHEBI_229642,CHEBI_125675_CHEBI_229642,protomer,protomer,93.0,1
CHEBI_58087,CHEBI_17279,CHEBI_17279_CHEBI_58087,protomer,protomer,85.0,1
CHEBI_57915,CHEBI_16834,CHEBI_16834_CHEBI_57915,protomer,protomer,86.0,1
CHEBI_70787,CHEBI_70805,CHEBI_70787_CHEBI_70805,protomer,protomer,95.0,1
CHEBI_17560,CHEBI_857,CHEBI_17560_CHEBI_857,protomer,protomer,88.0,1
CHEBI_146003,CHEBI_145987,CHEBI_145987_CHEBI_146003,protomer,protomer,98.0,1
CHEBI_134204,CHEBI_136671,CHEBI_134204_CHEBI_136671,protomer,protomer,96.0,1
CHEBI_57770,CHEBI_16433,CHEBI_16433_CHEBI_57770,protomer,protomer,92.0,1
CHEBI_138943,CHEBI_65585,CHEBI_138943_CHEBI_65585,protomer,protomer,95.0,1
CHEBI_147382,CHEBI_19799,CHEBI_147382_CHEBI_19799,protomer,protomer,97.0,1
CHEBI_231931,CHEBI_38368,CHEBI_231931_CHEBI_38368,protomer,protomer,89.0,1
CHEBI_64129,CHEBI_77675,CHEBI_64129_CHEBI_77675,protomer,protomer,91.0,1
CHEBI_90943,CHEBI_90949,CHEBI_90943_CHEBI_90949,protomer,protomer,100.0,1
CHEBI_133560,CHEBI_133559,CHEBI_133559_CHEBI_133560,protomer,protomer,92.0,1
CHEBI_139148,CHEBI_60449,CHEBI_139148_CHEBI_60449,protomer,protomer,91.0,1
CHEBI_60792,CHEBI_102216,CHEBI_102216_CHEBI_60792,protomer,protomer,65.0,1
CHEBI_75638,CHEBI_75639,CHEBI_75638_CHEBI_75639,protomer,protomer,98.0,1
CHEBI_142920,CHEBI_143086,CHEBI_142920_CHEBI_143086,protomer,protomer,92.0,1
CHEBI_77814,CHEBI_77793,CHEBI_77793_CHEBI_77814,protomer,protomer,91.0,1
CHEBI_63058,CHEBI_64140,CHEBI_63058_CHEBI_64140,protomer,protomer,99.0,1
CHEBI_90443,CHEBI_90444,CHEBI_90443_CHEBI_90444,protomer,protomer,95.0,1
CHEBI_61811,CHEBI_61809,CHEBI_61809_CHEBI_61811,protomer,protomer,94.0,1
CHEBI_18243,CHEBI_59905,CHEBI_18243_CHEBI_59905,protomer,protomer,90.0,1
CHEBI_72481,CHEBI_72480,CHEBI_72480_CHEBI_72481,protomer,protomer,64.0,1
CHEBI_8356,CHEBI_63218,CHEBI_63218_CHEBI_8356,protomer,protomer,82.0,1
CHEBI_57735,CHEBI_16327,CHEBI_16327_CHEBI_57735,protomer,protomer,89.0,1
CHEBI_140311,CHEBI_50528,CHEBI_140311_CHEBI_50528,protomer,protomer,96.0,1
CHEBI_58136,CHEBI_17415,CHEBI_17415_CHEBI_58136,protomer,protomer,90.0,1
CHEBI_70707,CHEBI_70706,CHEBI_70706_CHEBI_70707,protomer,protomer,94.0,1
CHEBI_32970,CHEBI_15891,CHEBI_15891_CHEBI_32970,protomer,protomer,87.0,1
CHEBI_167201,CHEBI_167213,CHEBI_167201_CHEBI_167213,protomer,protomer,95.0,1
CHEBI_73969,CHEBI_73936,CHEBI_73936_CHEBI_73969,protomer,protomer,84.0,1
CHEBI_30066,CHEBI_30065,CHEBI_30065_CHEBI_30066,protomer,protomer,88.0,1
CHEBI_66012,CHEBI_146143,CHEBI_146143_CHEBI_66012,protomer,protomer,89.0,1
CHEBI_71201,CHEBI_10072,CHEBI_10072_CHEBI_71201,protomer,protomer,93.0,1
CHEBI_132993,CHEBI_132991,CHEBI_132991_CHEBI_132993,protomer,protomer,95.0,1
CHEBI_85502,CHEBI_85902,CHEBI_85502_CHEBI_85902,protomer,protomer,93.0,1
CHEBI_58303,CHEBI_17868,CHEBI_17868_CHEBI_58303,protomer,protomer,94.0,1
CHEBI_61285,CHEBI_61282,CHEBI_61282_CHEBI_61285,protomer,protomer,97.0,1
CHEBI_25224,CHEBI_27376,CHEBI_25224_CHEBI_27376,protomer,protomer,86.0,1
CHEBI_64224,CHEBI_50452,CHEBI_50452_CHEBI_64224,protomer,protomer,92.0,1
CHEBI_58877,CHEBI_52031,CHEBI_52031_CHEBI_58877,protomer,protomer,94.0,1
CHEBI_57290,CHEBI_15362,CHEBI_15362_CHEBI_57290,protomer,protomer,90.0,1
CHEBI_58425,CHEBI_18267,CHEBI_18267_CHEBI_58425,protomer,protomer,92.0,1
CHEBI_64839,CHEBI_64844,CHEBI_64839_CHEBI_64844,protomer,protomer,95.0,1
CHEBI_57629,CHEBI_16077,CHEBI_16077_CHEBI_57629,protomer,protomer,93.0,1
CHEBI_64131,CHEBI_64132,CHEBI_64131_CHEBI_64132,protomer,protomer,93.0,1
CHEBI_48311,CHEBI_47381,CHEBI_47381_CHEBI_48311,protomer,protomer,94.0,1
CHEBI_58114,CHEBI_17344,CHEBI_17344_CHEBI_58114,protomer,protomer,85.0,1
CHEBI_18295,CHEBI_58432,CHEBI_18295_CHEBI_58432,protomer,protomer,91.0,1
CHEBI_58989,CHEBI_454991,CHEBI_454991_CHEBI_58989,protomer,protomer,92.0,1
CHEBI_90887,CHEBI_90886,CHEBI_90886_CHEBI_90887,protomer,protomer,92.0,1
CHEBI_62249,CHEBI_62422,CHEBI_62249_CHEBI_62422,protomer,protomer,94.0,1
CHEBI_43997,CHEBI_193107,CHEBI_193107_CHEBI_43997,protomer,protomer,81.0,1
CHEBI_87778,CHEBI_87777,CHEBI_87777_CHEBI_87778,protomer,protomer,93.0,1
CHEBI_189700,CHEBI_16886,CHEBI_16886_CHEBI_189700,protomer,protomer,86.0,1
CHEBI_62238,CHEBI_62255,CHEBI_62238_CHEBI_62255,protomer,protomer,95.0,1
CHEBI_90220,CHEBI_90221,CHEBI_90220_CHEBI_90221,protomer,protomer,92.0,1
CHEBI_58219,CHEBI_17646,CHEBI_17646_CHEBI_58219,protomer,protomer,92.0,1
CHEBI_229978,CHEBI_230454,CHEBI_229978_CHEBI_230454,protomer,protomer,98.0,1
CHEBI_132042,CHEBI_132475,CHEBI_132042_CHEBI_132475,protomer,protomer,93.0,1
CHEBI_57296,CHEBI_15412,CHEBI_15412_CHEBI_57296,protomer,protomer,90.0,1
CHEBI_91234,CHEBI_127781,CHEBI_127781_CHEBI_91234,protomer,protomer,96.0,1
CHEBI_42820,CHEBI_30087,CHEBI_30087_CHEBI_42820,protomer,protomer,83.0,1
CHEBI_133438,CHEBI_133435,CHEBI_133435_CHEBI_133438,protomer,protomer,95.0,1
CHEBI_43088,CHEBI_60107,CHEBI_43088_CHEBI_60107,protomer,protomer,83.0,1
CHEBI_61698,CHEBI_61701,CHEBI_61698_CHEBI_61701,protomer,protomer,89.0,1
CHEBI_58871,CHEBI_51836,CHEBI_51836_CHEBI_58871,protomer,protomer,91.0,1
CHEBI_60877,CHEBI_27652,CHEBI_27652_CHEBI_60877,protomer,protomer,95.0,1
CHEBI_58279,CHEBI_17807,CHEBI_17807_CHEBI_58279,protomer,protomer,93.0,1
CHEBI_77132,CHEBI_77198,CHEBI_77132_CHEBI_77198,protomer,protomer,92.0,1
CHEBI_58803,CHEBI_49269,CHEBI_49269_CHEBI_58803,protomer,protomer,96.0,1
CHEBI_17225,CHEBI_58061,CHEBI_17225_CHEBI_58061,protomer,protomer,91.0,1
CHEBI_59759,CHEBI_42383,CHEBI_42383_CHEBI_59759,protomer,protomer,90.0,1
CHEBI_131650,CHEBI_131959,CHEBI_131650_CHEBI_131959,protomer,protomer,85.0,1
CHEBI_77734,CHEBI_77737,CHEBI_77734_CHEBI_77737,protomer,protomer,92.0,1
CHEBI_149836,CHEBI_142708,CHEBI_142708_CHEBI_149836,protomer,protomer,91.0,1
CHEBI_58174,CHEBI_17516,CHEBI_17516_CHEBI_58174,protomer,protomer,82.0,1
CHEBI_52428,CHEBI_52427,CHEBI_52427_CHEBI_52428,protomer,protomer,96.0,1
CHEBI_78209,CHEBI_79059,CHEBI_78209_CHEBI_79059,protomer,protomer,95.0,1
CHEBI_27959,CHEBI_140809,CHEBI_140809_CHEBI_27959,protomer,protomer,87.0,1
CHEBI_50115,CHEBI_14428,CHEBI_14428_CHEBI_50115,protomer,protomer,86.0,1
CHEBI_57650,CHEBI_16129,CHEBI_16129_CHEBI_57650,protomer,protomer,97.0,1
CHEBI_57642,CHEBI_16108,CHEBI_16108_CHEBI_57642,protomer,protomer,91.0,1
CHEBI_17968,CHEBI_30772,CHEBI_17968_CHEBI_30772,protomer,protomer,88.0,1
CHEBI_18357,CHEBI_72587,CHEBI_18357_CHEBI_72587,protomer,protomer,91.0,1
CHEBI_133967,CHEBI_53107,CHEBI_133967_CHEBI_53107,protomer,protomer,95.0,1
CHEBI_133676,CHEBI_82931,CHEBI_133676_CHEBI_82931,protomer,protomer,91.0,1
CHEBI_57455,CHEBI_15638,CHEBI_15638_CHEBI_57455,protomer,protomer,95.0,1
CHEBI_90908,CHEBI_90913,CHEBI_90908_CHEBI_90913,protomer,protomer,92.0,1
CHEBI_133536,CHEBI_133534,CHEBI_133534_CHEBI_133536,protomer,protomer,94.0,1
CHEBI_36241,CHEBI_36062,CHEBI_36062_CHEBI_36241,protomer,protomer,91.0,1
CHEBI_60094,CHEBI_26828,CHEBI_26828_CHEBI_60094,protomer,protomer,97.0,1
CHEBI_57417,CHEBI_15572,CHEBI_15572_CHEBI_57417,protomer,protomer,96.0,1
CHEBI_57977,CHEBI_16990,CHEBI_16990_CHEBI_57977,protomer,protomer,96.0,1
CHEBI_57914,CHEBI_16832,CHEBI_16832_CHEBI_57914,protomer,protomer,96.0,1
CHEBI_133191,CHEBI_133188,CHEBI_133188_CHEBI_133191,protomer,protomer,95.0,1
CHEBI_58002,CHEBI_17063,CHEBI_17063_CHEBI_58002,protomer,protomer,92.0,1
CHEBI_37563,CHEBI_17677,CHEBI_17677_CHEBI_37563,protomer,protomer,92.0,1
CHEBI_52064,CHEBI_6827,CHEBI_52064_CHEBI_6827,protomer,protomer,96.0,1
CHEBI_64790,CHEBI_64808,CHEBI_64790_CHEBI_64808,protomer,protomer,93.0,1
CHEBI_142823,CHEBI_142842,CHEBI_142823_CHEBI_142842,protomer,protomer,96.0,1
CHEBI_132003,CHEBI_132266,CHEBI_132003_CHEBI_132266,protomer,protomer,95.0,1
CHEBI_64934,CHEBI_64966,CHEBI_64934_CHEBI_64966,protomer,protomer,96.0,1
CHEBI_71993,CHEBI_5078,CHEBI_5078_CHEBI_71993,protomer,protomer,91.0,1
CHEBI_27730,CHEBI_32609,CHEBI_27730_CHEBI_32609,protomer,protomer,88.0,1
CHEBI_62086,CHEBI_62088,CHEBI_62086_CHEBI_62088,protomer,protomer,94.0,1
CHEBI_180657,CHEBI_184386,CHEBI_180657_CHEBI_184386,protomer,protomer,92.0,1
CHEBI_58868,CHEBI_51822,CHEBI_51822_CHEBI_58868,protomer,protomer,92.0,1
CHEBI_63832,CHEBI_63836,CHEBI_63832_CHEBI_63836,protomer,protomer,95.0,1
CHEBI_57575,CHEBI_15937,CHEBI_15937_CHEBI_57575,protomer,protomer,95.0,1
CHEBI_90879,CHEBI_90880,CHEBI_90879_CHEBI_90880,protomer,protomer,92.0,1
CHEBI_55537,CHEBI_55536,CHEBI_55536_CHEBI_55537,protomer,protomer,92.0,1
CHEBI_58537,CHEBI_27937,CHEBI_27937_CHEBI_58537,protomer,protomer,57.0,1
CHEBI_19984,CHEBI_49410,CHEBI_19984_CHEBI_49410,protomer,protomer,91.0,1
CHEBI_233173,CHEBI_207346,CHEBI_207346_CHEBI_233173,protomer,protomer,96.0,1
CHEBI_57628,CHEBI_16068,CHEBI_16068_CHEBI_57628,protomer,protomer,94.0,1
CHEBI_57552,CHEBI_15881,CHEBI_15881_CHEBI_57552,protomer,protomer,92.0,1
CHEBI_72343,CHEBI_72344,CHEBI_72343_CHEBI_72344,protomer,protomer,88.0,1
CHEBI_17126,CHEBI_3424,CHEBI_17126_CHEBI_3424,protomer,protomer,91.0,1
CHEBI_63945,CHEBI_63946,CHEBI_63945_CHEBI_63946,protomer,protomer,95.0,1
CHEBI_52960,CHEBI_52978,CHEBI_52960_CHEBI_52978,protomer,protomer,92.0,1
CHEBI_16181,CHEBI_57671,CHEBI_16181_CHEBI_57671,protomer,protomer,83.0,1
CHEBI_29987,CHEBI_14321,CHEBI_14321_CHEBI_29987,protomer,protomer,88.0,1
CHEBI_57465,CHEBI_15654,CHEBI_15654_CHEBI_57465,protomer,protomer,95.0,1
CHEBI_46915,CHEBI_15611,CHEBI_15611_CHEBI_46915,protomer,protomer,88.0,1
CHEBI_143957,CHEBI_32906,CHEBI_143957_CHEBI_32906,protomer,protomer,93.0,1
CHEBI_59863,CHEBI_4126,CHEBI_4126_CHEBI_59863,protomer,protomer,92.0,1
CHEBI_134054,CHEBI_136632,CHEBI_134054_CHEBI_136632,protomer,protomer,95.0,1
CHEBI_36557,CHEBI_16394,CHEBI_16394_CHEBI_36557,protomer,protomer,92.0,1
CHEBI_57656,CHEBI_16143,CHEBI_16143_CHEBI_57656,protomer,protomer,71.0,1
CHEBI_132252,CHEBI_132133,CHEBI_132133_CHEBI_132252,protomer,protomer,95.0,1
CHEBI_134278,CHEBI_136699,CHEBI_134278_CHEBI_136699,protomer,protomer,92.0,1
CHEBI_57633,CHEBI_16083,CHEBI_16083_CHEBI_57633,protomer,protomer,94.0,1
CHEBI_139163,CHEBI_139164,CHEBI_139163_CHEBI_139164,protomer,protomer,88.0,1
CHEBI_229696,CHEBI_25208,CHEBI_229696_CHEBI_25208,protomer,protomer,96.0,1
CHEBI_65108,CHEBI_65086,CHEBI_65086_CHEBI_65108,protomer,protomer,88.0,1
CHEBI_29748,CHEBI_17333,CHEBI_17333_CHEBI_29748,protomer,protomer,92.0,1
CHEBI_32403,CHEBI_45807,CHEBI_32403_CHEBI_45807,protomer,protomer,92.0,1
CHEBI_62225,CHEBI_27891,CHEBI_27891_CHEBI_62225,protomer,protomer,82.0,1
CHEBI_58613,CHEBI_29112,CHEBI_29112_CHEBI_58613,protomer,protomer,92.0,1
CHEBI_57706,CHEBI_16265,CHEBI_16265_CHEBI_57706,protomer,protomer,89.0,1
CHEBI_63619,CHEBI_63650,CHEBI_63619_CHEBI_63650,protomer,protomer,92.0,1
CHEBI_57730,CHEBI_16318,CHEBI_16318_CHEBI_57730,protomer,protomer,92.0,1
CHEBI_167169,CHEBI_167168,CHEBI_167168_CHEBI_167169,protomer,protomer,91.0,1
CHEBI_2639,CHEBI_84745,CHEBI_2639_CHEBI_84745,protomer,protomer,99.0,1
CHEBI_16237,CHEBI_30749,CHEBI_16237_CHEBI_30749,protomer,protomer,92.0,1
CHEBI_133730,CHEBI_70811,CHEBI_133730_CHEBI_70811,protomer,protomer,95.0,1
CHEBI_609827,CHEBI_78902,CHEBI_609827_CHEBI_78902,protomer,protomer,65.0,1
CHEBI_597326,CHEBI_18405,CHEBI_18405_CHEBI_597326,protomer,protomer,94.0,1
CHEBI_5555,CHEBI_72602,CHEBI_5555_CHEBI_72602,protomer,protomer,75.0,1
CHEBI_61717,CHEBI_60562,CHEBI_60562_CHEBI_61717,protomer,protomer,97.0,1
CHEBI_190288,CHEBI_36332,CHEBI_190288_CHEBI_36332,protomer,protomer,93.0,1
CHEBI_77616,CHEBI_12256,CHEBI_12256_CHEBI_77616,protomer,protomer,92.0,1
CHEBI_53686,CHEBI_53685,CHEBI_53685_CHEBI_53686,protomer,protomer,91.0,1
CHEBI_51354,CHEBI_18208,CHEBI_18208_CHEBI_51354,protomer,protomer,96.0,1
CHEBI_16782,CHEBI_32797,CHEBI_16782_CHEBI_32797,protomer,protomer,85.0,1
CHEBI_140405,CHEBI_140265,CHEBI_140265_CHEBI_140405,protomer,protomer,94.0,1
CHEBI_78325,CHEBI_63993,CHEBI_63993_CHEBI_78325,protomer,protomer,95.0,1
CHEBI_83797,CHEBI_83796,CHEBI_83796_CHEBI_83797,protomer,protomer,96.0,1
CHEBI_192527,CHEBI_133917,CHEBI_133917_CHEBI_192527,protomer,protomer,95.0,1
CHEBI_16487,CHEBI_57790,CHEBI_16487_CHEBI_57790,protomer,protomer,95.0,1
CHEBI_30620,CHEBI_18042,CHEBI_18042_CHEBI_30620,protomer,protomer,88.0,1
CHEBI_14280,CHEBI_16729,CHEBI_14280_CHEBI_16729,protomer,protomer,89.0,1
CHEBI_136397,CHEBI_137109,CHEBI_136397_CHEBI_137109,protomer,protomer,90.0,1
CHEBI_18327,CHEBI_7274,CHEBI_18327_CHEBI_7274,protomer,protomer,88.0,1
CHEBI_16146,CHEBI_29045,CHEBI_16146_CHEBI_29045,protomer,protomer,88.0,1
CHEBI_6532,CHEBI_86969,CHEBI_6532_CHEBI_86969,protomer,protomer,92.0,1
CHEBI_58246,CHEBI_17717,CHEBI_17717_CHEBI_58246,protomer,protomer,87.0,1
CHEBI_131429,CHEBI_192797,CHEBI_131429_CHEBI_192797,protomer,protomer,94.0,1
CHEBI_62932,CHEBI_168396,CHEBI_168396_CHEBI_62932,protomer,protomer,96.0,1
CHEBI_73088,CHEBI_53654,CHEBI_53654_CHEBI_73088,protomer,protomer,97.0,1
CHEBI_73935,CHEBI_73963,CHEBI_73935_CHEBI_73963,protomer,protomer,88.0,1
CHEBI_72791,CHEBI_72792,CHEBI_72791_CHEBI_72792,protomer,protomer,97.0,1
CHEBI_62641,CHEBI_36999,CHEBI_36999_CHEBI_62641,protomer,protomer,93.0,1
CHEBI_487869,CHEBI_48947,CHEBI_487869_CHEBI_48947,protomer,protomer,94.0,1
CHEBI_70859,CHEBI_70866,CHEBI_70859_CHEBI_70866,protomer,protomer,95.0,1
CHEBI_61904,CHEBI_1157,CHEBI_1157_CHEBI_61904,protomer,protomer,87.0,1
CHEBI_58189,CHEBI_65180,CHEBI_58189_CHEBI_65180,protomer,protomer,97.0,1
CHEBI_229975,CHEBI_166658,CHEBI_166658_CHEBI_229975,protomer,protomer,92.0,1
CHEBI_83235,CHEBI_83234,CHEBI_83234_CHEBI_83235,protomer,protomer,94.0,1
CHEBI_30623,CHEBI_46904,CHEBI_30623_CHEBI_46904,protomer,protomer,90.0,1
CHEBI_156481,CHEBI_156480,CHEBI_156480_CHEBI_156481,protomer,protomer,98.0,1
CHEBI_9506,CHEBI_180459,CHEBI_180459_CHEBI_9506,protomer,protomer,93.0,1
CHEBI_136905,CHEBI_137822,CHEBI_136905_CHEBI_137822,protomer,protomer,95.0,1
CHEBI_133309,CHEBI_27814,CHEBI_133309_CHEBI_27814,protomer,protomer,95.0,1
CHEBI_58067,CHEBI_17233,CHEBI_17233_CHEBI_58067,protomer,protomer,96.0,1
CHEBI_2674,CHEBI_131327,CHEBI_131327_CHEBI_2674,protomer,protomer,93.0,1
CHEBI_10980,CHEBI_16003,CHEBI_10980_CHEBI_16003,protomer,protomer,92.0,1
CHEBI_74838,CHEBI_74842,CHEBI_74838_CHEBI_74842,protomer,protomer,99.0,1
CHEBI_37753,CHEBI_66878,CHEBI_37753_CHEBI_66878,protomer,protomer,91.0,1
CHEBI_20313,CHEBI_27500,CHEBI_20313_CHEBI_27500,protomer,protomer,90.0,1
CHEBI_64221,CHEBI_64265,CHEBI_64221_CHEBI_64265,protomer,protomer,92.0,1
CHEBI_174690,CHEBI_61153,CHEBI_174690_CHEBI_61153,protomer,protomer,89.0,1
CHEBI_143232,CHEBI_143225,CHEBI_143225_CHEBI_143232,protomer,protomer,92.0,1
CHEBI_58744,CHEBI_48400,CHEBI_48400_CHEBI_58744,protomer,protomer,92.0,1
CHEBI_4947,CHEBI_133552,CHEBI_133552_CHEBI_4947,protomer,protomer,85.0,1
CHEBI_58420,CHEBI_18242,CHEBI_18242_CHEBI_58420,protomer,protomer,92.0,1
CHEBI_77907,CHEBI_71634,CHEBI_71634_CHEBI_77907,protomer,protomer,95.0,1
CHEBI_30089,CHEBI_15366,CHEBI_15366_CHEBI_30089,protomer,protomer,88.0,1
CHEBI_87160,CHEBI_87459,CHEBI_87160_CHEBI_87459,protomer,protomer,93.0,1
CHEBI_15379,CHEBI_29793,CHEBI_15379_CHEBI_29793,protomer,protomer,81.0,1
CHEBI_101278,CHEBI_82812,CHEBI_101278_CHEBI_82812,protomer,protomer,94.0,1
CHEBI_29754,CHEBI_64448,CHEBI_29754_CHEBI_64448,protomer,protomer,89.0,1
CHEBI_60543,CHEBI_60544,CHEBI_60543_CHEBI_60544,protomer,protomer,92.0,1
CHEBI_29044,CHEBI_19448,CHEBI_19448_CHEBI_29044,protomer,protomer,88.0,1
CHEBI_86408,CHEBI_87129,CHEBI_86408_CHEBI_87129,protomer,protomer,95.0,1
CHEBI_71542,CHEBI_71556,CHEBI_71542_CHEBI_71556,protomer,protomer,96.0,1
CHEBI_57445,CHEBI_15627,CHEBI_15627_CHEBI_57445,protomer,protomer,96.0,1
CHEBI_33027,CHEBI_33024,CHEBI_33024_CHEBI_33027,protomer,protomer,95.0,1
CHEBI_36254,CHEBI_36253,CHEBI_36253_CHEBI_36254,protomer,protomer,88.0,1
CHEBI_57918,CHEBI_16837,CHEBI_16837_CHEBI_57918,protomer,protomer,96.0,1
CHEBI_62338,CHEBI_37788,CHEBI_37788_CHEBI_62338,protomer,protomer,86.0,1
CHEBI_64156,CHEBI_64157,CHEBI_64156_CHEBI_64157,protomer,protomer,99.0,1
CHEBI_64788,CHEBI_64939,CHEBI_64788_CHEBI_64939,protomer,protomer,94.0,1
CHEBI_145874,CHEBI_145901,CHEBI_145874_CHEBI_145901,protomer,protomer,95.0,1
CHEBI_134068,CHEBI_136602,CHEBI_134068_CHEBI_136602,protomer,protomer,93.0,1
CHEBI_74931,CHEBI_32205,CHEBI_32205_CHEBI_74931,protomer,protomer,95.0,1
CHEBI_57994,CHEBI_17042,CHEBI_17042_CHEBI_57994,protomer,protomer,82.0,1
CHEBI_33215,CHEBI_33214,CHEBI_33214_CHEBI_33215,protomer,protomer,93.0,1
CHEBI_17769,CHEBI_58264,CHEBI_17769_CHEBI_58264,protomer,protomer,88.0,1
CHEBI_140699,CHEBI_1665,CHEBI_140699_CHEBI_1665,protomer,protomer,83.0,1
CHEBI_167630,CHEBI_167632,CHEBI_167630_CHEBI_167632,protomer,protomer,92.0,1
CHEBI_85317,CHEBI_85532,CHEBI_85317_CHEBI_85532,protomer,protomer,92.0,1
CHEBI_155911,CHEBI_156268,CHEBI_155911_CHEBI_156268,protomer,protomer,94.0,1
CHEBI_147301,CHEBI_144864,CHEBI_144864_CHEBI_147301,protomer,protomer,90.0,1
CHEBI_32818,CHEBI_58644,CHEBI_32818_CHEBI_58644,protomer,protomer,77.0,1
CHEBI_32672,CHEBI_17061,CHEBI_17061_CHEBI_32672,protomer,protomer,91.0,1
CHEBI_18110,CHEBI_30933,CHEBI_18110_CHEBI_30933,protomer,protomer,85.0,1
CHEBI_87220,CHEBI_87221,CHEBI_87220_CHEBI_87221,protomer,protomer,88.0,1
CHEBI_16822,CHEBI_52859,CHEBI_16822_CHEBI_52859,protomer,protomer,90.0,1
CHEBI_60268,CHEBI_127780,CHEBI_127780_CHEBI_60268,protomer,protomer,83.0,1
CHEBI_57497,CHEBI_15750,CHEBI_15750_CHEBI_57497,protomer,protomer,92.0,1
CHEBI_17310,CHEBI_131530,CHEBI_131530_CHEBI_17310,protomer,protomer,62.0,1
CHEBI_137473,CHEBI_138271,CHEBI_137473_CHEBI_138271,protomer,protomer,95.0,1
CHEBI_138328,CHEBI_139035,CHEBI_138328_CHEBI_139035,protomer,protomer,96.0,1
CHEBI_18328,CHEBI_58446,CHEBI_18328_CHEBI_58446,protomer,protomer,89.0,1
CHEBI_67106,CHEBI_67109,CHEBI_67106_CHEBI_67109,protomer,protomer,90.0,1
CHEBI_136735,CHEBI_134211,CHEBI_134211_CHEBI_136735,protomer,protomer,89.0,1
CHEBI_58729,CHEBI_47993,CHEBI_47993_CHEBI_58729,protomer,protomer,94.0,1
CHEBI_61203,CHEBI_61207,CHEBI_61203_CHEBI_61207,protomer,protomer,88.0,1
CHEBI_15613,CHEBI_57434,CHEBI_15613_CHEBI_57434,protomer,protomer,81.0,1
CHEBI_232089,CHEBI_227005,CHEBI_227005_CHEBI_232089,protomer,protomer,96.0,1
CHEBI_17096,CHEBI_58012,CHEBI_17096_CHEBI_58012,protomer,protomer,93.0,1
CHEBI_156364,CHEBI_92181,CHEBI_156364_CHEBI_92181,protomer,protomer,97.0,1
CHEBI_6510,CHEBI_144374,CHEBI_144374_CHEBI_6510,protomer,protomer,91.0,1
CHEBI_173083,CHEBI_173082,CHEBI_173082_CHEBI_173083,protomer,protomer,94.0,1
CHEBI_58806,CHEBI_50070,CHEBI_50070_CHEBI_58806,protomer,protomer,91.0,1
CHEBI_58684,CHEBI_38159,CHEBI_38159_CHEBI_58684,protomer,protomer,84.0,1
CHEBI_64965,CHEBI_27506,CHEBI_27506_CHEBI_64965,protomer,protomer,97.0,1
CHEBI_9123,CHEBI_64214,CHEBI_64214_CHEBI_9123,protomer,protomer,91.0,1
CHEBI_58540,CHEBI_27963,CHEBI_27963_CHEBI_58540,protomer,protomer,96.0,1
CHEBI_232090,CHEBI_232088,CHEBI_232088_CHEBI_232090,protomer,protomer,78.0,1
CHEBI_9519,CHEBI_59953,CHEBI_59953_CHEBI_9519,protomer,protomer,91.0,1
CHEBI_64832,CHEBI_64830,CHEBI_64830_CHEBI_64832,protomer,protomer,90.0,1
CHEBI_35173,CHEBI_17647,CHEBI_17647_CHEBI_35173,protomer,protomer,91.0,1
CHEBI_134657,CHEBI_137018,CHEBI_134657_CHEBI_137018,protomer,protomer,95.0,1
CHEBI_90214,CHEBI_90215,CHEBI_90214_CHEBI_90215,protomer,protomer,95.0,1
CHEBI_71256,CHEBI_71251,CHEBI_71251_CHEBI_71256,protomer,protomer,91.0,1
CHEBI_88093,CHEBI_88270,CHEBI_88093_CHEBI_88270,protomer,protomer,88.0,1
CHEBI_189666,CHEBI_189668,CHEBI_189666_CHEBI_189668,protomer,protomer,96.0,1
CHEBI_68575,CHEBI_68574,CHEBI_68574_CHEBI_68575,protomer,protomer,92.0,1
CHEBI_133000,CHEBI_35420,CHEBI_133000_CHEBI_35420,protomer,protomer,97.0,1
CHEBI_29055,CHEBI_19891,CHEBI_19891_CHEBI_29055,protomer,protomer,93.0,1
CHEBI_133520,CHEBI_40992,CHEBI_133520_CHEBI_40992,protomer,protomer,90.0,1
CHEBI_30604,CHEBI_33114,CHEBI_30604_CHEBI_33114,protomer,protomer,81.0,1
CHEBI_68617,CHEBI_68618,CHEBI_68617_CHEBI_68618,protomer,protomer,94.0,1
CHEBI_28795,CHEBI_10589,CHEBI_10589_CHEBI_28795,protomer,protomer,91.0,1
CHEBI_57421,CHEBI_15580,CHEBI_15580_CHEBI_57421,protomer,protomer,95.0,1
CHEBI_137485,CHEBI_136640,CHEBI_136640_CHEBI_137485,protomer,protomer,91.0,1
CHEBI_87076,CHEBI_87074,CHEBI_87074_CHEBI_87076,protomer,protomer,89.0,1
CHEBI_84900,CHEBI_81873,CHEBI_81873_CHEBI_84900,protomer,protomer,96.0,1
CHEBI_135632,CHEBI_169939,CHEBI_135632_CHEBI_169939,protomer,protomer,80.0,1
CHEBI_75234,CHEBI_75696,CHEBI_75234_CHEBI_75696,protomer,protomer,96.0,1
CHEBI_233552,CHEBI_133351,CHEBI_133351_CHEBI_233552,protomer,protomer,89.0,1
CHEBI_68853,CHEBI_70823,CHEBI_68853_CHEBI_70823,protomer,protomer,94.0,1
CHEBI_16953,CHEBI_21547,CHEBI_16953_CHEBI_21547,protomer,protomer,87.0,1
CHEBI_19331,CHEBI_27903,CHEBI_19331_CHEBI_27903,protomer,protomer,92.0,1
CHEBI_76272,CHEBI_76294,CHEBI_76272_CHEBI_76294,protomer,protomer,96.0,1
CHEBI_72303,CHEBI_72304,CHEBI_72303_CHEBI_72304,protomer,protomer,97.0,1
CHEBI_82700,CHEBI_83312,CHEBI_82700_CHEBI_83312,protomer,protomer,93.0,1
CHEBI_13705,CHEBI_15344,CHEBI_13705_CHEBI_15344,protomer,protomer,88.0,1
CHEBI_60306,CHEBI_60328,CHEBI_60306_CHEBI_60328,protomer,protomer,90.0,1
CHEBI_78338,CHEBI_10043,CHEBI_10043_CHEBI_78338,protomer,protomer,95.0,1
CHEBI_189092,CHEBI_180481,CHEBI_180481_CHEBI_189092,protomer,protomer,93.0,1
CHEBI_136833,CHEBI_137677,CHEBI_136833_CHEBI_137677,protomer,protomer,85.0,1
CHEBI_57653,CHEBI_16138,CHEBI_16138_CHEBI_57653,protomer,protomer,91.0,1
CHEBI_67001,CHEBI_21858,CHEBI_21858_CHEBI_67001,protomer,protomer,94.0,1
CHEBI_63072,CHEBI_17588,CHEBI_17588_CHEBI_63072,protomer,protomer,90.0,1
CHEBI_39870,CHEBI_566825,CHEBI_39870_CHEBI_566825,protomer,protomer,83.0,1
CHEBI_87371,CHEBI_87372,CHEBI_87371_CHEBI_87372,protomer,protomer,91.0,1
CHEBI_7825,CHEBI_77698,CHEBI_77698_CHEBI_7825,protomer,protomer,66.0,1
CHEBI_57399,CHEBI_15546,CHEBI_15546_CHEBI_57399,protomer,protomer,96.0,1
CHEBI_134689,CHEBI_134695,CHEBI_134689_CHEBI_134695,protomer,protomer,94.0,1
CHEBI_57850,CHEBI_16655,CHEBI_16655_CHEBI_57850,protomer,protomer,96.0,1
CHEBI_73036,CHEBI_73089,CHEBI_73036_CHEBI_73089,protomer,protomer,88.0,1
CHEBI_15407,CHEBI_57295,CHEBI_15407_CHEBI_57295,protomer,protomer,88.0,1
CHEBI_19324,CHEBI_28907,CHEBI_19324_CHEBI_28907,protomer,protomer,86.0,1
CHEBI_229543,CHEBI_9321,CHEBI_229543_CHEBI_9321,protomer,protomer,93.0,1
CHEBI_61872,CHEBI_229954,CHEBI_229954_CHEBI_61872,protomer,protomer,84.0,1
CHEBI_64159,CHEBI_64160,CHEBI_64159_CHEBI_64160,protomer,protomer,86.0,1
CHEBI_29846,CHEBI_29840,CHEBI_29840_CHEBI_29846,protomer,protomer,83.0,1
CHEBI_58417,CHEBI_18238,CHEBI_18238_CHEBI_58417,protomer,protomer,94.0,1
CHEBI_11892,CHEBI_18261,CHEBI_11892_CHEBI_18261,protomer,protomer,90.0,1
CHEBI_31359,CHEBI_75730,CHEBI_31359_CHEBI_75730,protomer,protomer,96.0,1
CHEBI_172441,CHEBI_180902,CHEBI_172441_CHEBI_180902,protomer,protomer,84.0,1
CHEBI_59648,CHEBI_52994,CHEBI_52994_CHEBI_59648,protomer,protomer,95.0,1
CHEBI_32439,CHEBI_16449,CHEBI_16449_CHEBI_32439,protomer,protomer,88.0,1
CHEBI_84952,CHEBI_84591,CHEBI_84591_CHEBI_84952,protomer,protomer,95.0,1
CHEBI_57949,CHEBI_16925,CHEBI_16925_CHEBI_57949,protomer,protomer,88.0,1
CHEBI_42944,CHEBI_178021,CHEBI_178021_CHEBI_42944,protomer,protomer,91.0,1
CHEBI_189559,CHEBI_131431,CHEBI_131431_CHEBI_189559,protomer,protomer,91.0,1
CHEBI_16215,CHEBI_33462,CHEBI_16215_CHEBI_33462,protomer,protomer,89.0,1
CHEBI_131932,CHEBI_132245,CHEBI_131932_CHEBI_132245,protomer,protomer,96.0,1
CHEBI_133737,CHEBI_84415,CHEBI_133737_CHEBI_84415,protomer,protomer,91.0,1
CHEBI_90397,CHEBI_64598,CHEBI_64598_CHEBI_90397,protomer,protomer,95.0,1
CHEBI_132403,CHEBI_192470,CHEBI_132403_CHEBI_192470,protomer,protomer,84.0,1
CHEBI_74361,CHEBI_74621,CHEBI_74361_CHEBI_74621,protomer,protomer,96.0,1
CHEBI_15886,CHEBI_52775,CHEBI_15886_CHEBI_52775,protomer,protomer,97.0,1
CHEBI_15987,CHEBI_33483,CHEBI_15987_CHEBI_33483,protomer,protomer,90.0,1
CHEBI_58933,CHEBI_8478,CHEBI_58933_CHEBI_8478,protomer,protomer,90.0,1
CHEBI_77475,CHEBI_78165,CHEBI_77475_CHEBI_78165,protomer,protomer,95.0,1
CHEBI_51057,CHEBI_28631,CHEBI_28631_CHEBI_51057,protomer,protomer,92.0,1
CHEBI_134343,CHEBI_6574,CHEBI_134343_CHEBI_6574,protomer,protomer,95.0,1
CHEBI_58781,CHEBI_49098,CHEBI_49098_CHEBI_58781,protomer,protomer,94.0,1
CHEBI_49706,CHEBI_29221,CHEBI_29221_CHEBI_49706,protomer,protomer,86.0,1
CHEBI_27110,CHEBI_45892,CHEBI_27110_CHEBI_45892,protomer,protomer,88.0,1
CHEBI_15854,CHEBI_137041,CHEBI_137041_CHEBI_15854,protomer,protomer,65.0,1
CHEBI_57310,CHEBI_15442,CHEBI_15442_CHEBI_57310,protomer,protomer,93.0,1
CHEBI_57426,CHEBI_15596,CHEBI_15596_CHEBI_57426,protomer,protomer,92.0,1
CHEBI_58177,CHEBI_17525,CHEBI_17525_CHEBI_58177,protomer,protomer,95.0,1
CHEBI_58398,CHEBI_18164,CHEBI_18164_CHEBI_58398,protomer,protomer,94.0,1
CHEBI_61131,CHEBI_61129,CHEBI_61129_CHEBI_61131,protomer,protomer,91.0,1
CHEBI_68650,CHEBI_68832,CHEBI_68650_CHEBI_68832,protomer,protomer,94.0,1
CHEBI_20177,CHEBI_27401,CHEBI_20177_CHEBI_27401,protomer,protomer,89.0,1
CHEBI_61228,CHEBI_61229,CHEBI_61228_CHEBI_61229,protomer,protomer,93.0,1
CHEBI_137549,CHEBI_138285,CHEBI_137549_CHEBI_138285,protomer,protomer,95.0,1
CHEBI_58271,CHEBI_17787,CHEBI_17787_CHEBI_58271,protomer,protomer,96.0,1
CHEBI_61417,CHEBI_61377,CHEBI_61377_CHEBI_61417,protomer,protomer,93.0,1
CHEBI_52768,CHEBI_67141,CHEBI_52768_CHEBI_67141,protomer,protomer,93.0,1
CHEBI_77652,CHEBI_77354,CHEBI_77354_CHEBI_77652,protomer,protomer,94.0,1
CHEBI_6909,CHEBI_64682,CHEBI_64682_CHEBI_6909,protomer,protomer,99.0,1
CHEBI_88199,CHEBI_88198,CHEBI_88198_CHEBI_88199,protomer,protomer,93.0,1
