id1,id2,pair_id,true_class,predicted_class,score_S,correct_prediction
CHEBI_192022,CHEBI_29561,CHEBI_192022_CHEBI_29561,stereo_resolution,stereo_resolution,100.0,1
CHEBI_91833,CHEBI_7459,CHEBI_7459_CHEBI_91833,stereo_resolution,stereo_resolution,100.0,1
CHEBI_61611,CHEBI_154332,CHEBI_154332_CHEBI_61611,stereo_resolution,stereo_resolution,100.0,1
CHEBI_136658,CHEBI_136660,CHEBI_136658_CHEBI_136660,stereo_resolution,stereo_resolution,100.0,1
CHEBI_173279,CHEBI_147110,CHEBI_147110_CHEBI_173279,stereo_resolution,stereo_resolution,76.0,1
CHEBI_139037,CHEBI_139077,CHEBI_139037_CHEBI_139077,stereo_resolution,stereo_resolution,100.0,1
CHEBI_228793,CHEBI_73999,CHEBI_228793_CHEBI_73999,stereo_resolution,stereo_resolution,91.0,1
CHEBI_174569,CHEBI_50036,CHEBI_174569_CHEBI_50036,stereo_resolution,stereo_resolution,100.0,1
CHEBI_91530,CHEBI_182405,CHEBI_182405_CHEBI_91530,stereo_resolution,stereo_resolution,100.0,1
CHEBI_91918,CHEBI_34738,CHEBI_34738_CHEBI_91918,stereo_resolution,stereo_resolution,100.0,1
CHEBI_147906,CHEBI_16153,CHEBI_147906_CHEBI_16153,stereo_resolution,stereo_resolution,75.0,1
CHEBI_142944,CHEBI_142945,CHEBI_142944_CHEBI_142945,stereo_resolution,stereo_resolution,100.0,1
CHEBI_82339,CHEBI_28876,CHEBI_28876_CHEBI_82339,stereo_resolution,stereo_resolution,100.0,1
CHEBI_177270,CHEBI_73895,CHEBI_177270_CHEBI_73895,stereo_resolution,stereo_resolution,100.0,1
CHEBI_155178,CHEBI_59494,CHEBI_155178_CHEBI_59494,stereo_resolution,stereo_resolution,100.0,1
CHEBI_78692,CHEBI_78693,CHEBI_78692_CHEBI_78693,stereo_resolution,stereo_resolution,100.0,1
CHEBI_91530,CHEBI_124990,CHEBI_124990_CHEBI_91530,stereo_resolution,stereo_resolution,100.0,1
CHEBI_65141,CHEBI_154059,CHEBI_154059_CHEBI_65141,stereo_resolution,stereo_resolution,100.0,1
CHEBI_174843,CHEBI_70692,CHEBI_174843_CHEBI_70692,stereo_resolution,stereo_resolution,100.0,1
CHEBI_177499,CHEBI_191244,CHEBI_177499_CHEBI_191244,stereo_resolution,stereo_resolution,100.0,1
CHEBI_83711,CHEBI_83712,CHEBI_83711_CHEBI_83712,stereo_resolution,stereo_resolution,100.0,1
CHEBI_148545,CHEBI_157093,CHEBI_148545_CHEBI_157093,stereo_resolution,stereo_resolution,100.0,1
CHEBI_228605,CHEBI_200194,CHEBI_200194_CHEBI_228605,stereo_resolution,stereo_resolution,100.0,1
CHEBI_93572,CHEBI_16794,CHEBI_16794_CHEBI_93572,stereo_resolution,stereo_resolution,100.0,1
CHEBI_139148,CHEBI_167052,CHEBI_139148_CHEBI_167052,stereo_resolution,stereo_resolution,100.0,1
CHEBI_180999,CHEBI_44678,CHEBI_180999_CHEBI_44678,stereo_resolution,stereo_resolution,86.0,1
CHEBI_78832,CHEBI_57409,CHEBI_57409_CHEBI_78832,stereo_resolution,stereo_resolution,100.0,1
CHEBI_224481,CHEBI_207717,CHEBI_207717_CHEBI_224481,stereo_resolution,stereo_resolution,100.0,1
CHEBI_90141,CHEBI_126432,CHEBI_126432_CHEBI_90141,stereo_resolution,stereo_resolution,100.0,1
CHEBI_83746,CHEBI_83863,CHEBI_83746_CHEBI_83863,stereo_resolution,stereo_resolution,100.0,1
CHEBI_7027,CHEBI_44312,CHEBI_44312_CHEBI_7027,stereo_resolution,stereo_resolution,80.0,1
CHEBI_176344,CHEBI_165420,CHEBI_165420_CHEBI_176344,stereo_resolution,stereo_resolution,100.0,1
CHEBI_189129,CHEBI_68881,CHEBI_189129_CHEBI_68881,stereo_resolution,stereo_resolution,100.0,1
CHEBI_52615,CHEBI_146131,CHEBI_146131_CHEBI_52615,stereo_resolution,stereo_resolution,100.0,1
CHEBI_4208,CHEBI_28729,CHEBI_28729_CHEBI_4208,stereo_resolution,stereo_resolution,100.0,1
CHEBI_184750,CHEBI_192814,CHEBI_184750_CHEBI_192814,stereo_resolution,stereo_resolution,100.0,1
CHEBI_168617,CHEBI_37573,CHEBI_168617_CHEBI_37573,stereo_resolution,stereo_resolution,100.0,1
CHEBI_220914,CHEBI_220947,CHEBI_220914_CHEBI_220947,stereo_resolution,stereo_resolution,100.0,1
CHEBI_3240,CHEBI_59288,CHEBI_3240_CHEBI_59288,stereo_resolution,stereo_resolution,100.0,1
CHEBI_233017,CHEBI_175131,CHEBI_175131_CHEBI_233017,stereo_resolution,stereo_resolution,100.0,1
CHEBI_95163,CHEBI_95237,CHEBI_95163_CHEBI_95237,stereo_resolution,stereo_resolution,100.0,1
CHEBI_64777,CHEBI_64774,CHEBI_64774_CHEBI_64777,stereo_resolution,stereo_resolution,83.0,1
CHEBI_28770,CHEBI_28651,CHEBI_28651_CHEBI_28770,stereo_resolution,stereo_resolution,100.0,1
CHEBI_138203,CHEBI_138205,CHEBI_138203_CHEBI_138205,stereo_resolution,stereo_resolution,100.0,1
CHEBI_64028,CHEBI_64030,CHEBI_64028_CHEBI_64030,stereo_resolution,stereo_resolution,100.0,1
CHEBI_142498,CHEBI_171894,CHEBI_142498_CHEBI_171894,stereo_resolution,stereo_resolution,100.0,1
CHEBI_144384,CHEBI_144379,CHEBI_144379_CHEBI_144384,enantiomer,stereo_resolution,100.0,0
CHEBI_148567,CHEBI_40896,CHEBI_148567_CHEBI_40896,stereo_resolution,stereo_resolution,100.0,1
CHEBI_229940,CHEBI_47903,CHEBI_229940_CHEBI_47903,stereo_resolution,stereo_resolution,100.0,1
CHEBI_106936,CHEBI_123855,CHEBI_106936_CHEBI_123855,diastereomer,stereo_resolution,80.0,0
CHEBI_32740,CHEBI_32736,CHEBI_32736_CHEBI_32740,stereo_resolution,stereo_resolution,100.0,1
CHEBI_78416,CHEBI_78418,CHEBI_78416_CHEBI_78418,stereo_resolution,stereo_resolution,100.0,1
CHEBI_147943,CHEBI_150031,CHEBI_147943_CHEBI_150031,stereo_resolution,stereo_resolution,100.0,1
CHEBI_181027,CHEBI_199700,CHEBI_181027_CHEBI_199700,stereo_resolution,stereo_resolution,100.0,1
CHEBI_141487,CHEBI_141489,CHEBI_141487_CHEBI_141489,stereo_resolution,stereo_resolution,100.0,1
CHEBI_186405,CHEBI_3570,CHEBI_186405_CHEBI_3570,stereo_resolution,stereo_resolution,100.0,1
CHEBI_75848,CHEBI_75583,CHEBI_75583_CHEBI_75848,stereo_resolution,stereo_resolution,100.0,1
CHEBI_138244,CHEBI_138246,CHEBI_138244_CHEBI_138246,stereo_resolution,stereo_resolution,100.0,1
CHEBI_38562,CHEBI_5136,CHEBI_38562_CHEBI_5136,stereo_resolution,stereo_resolution,100.0,1
CHEBI_51032,CHEBI_51036,CHEBI_51032_CHEBI_51036,stereo_resolution,stereo_resolution,100.0,1
CHEBI_94331,CHEBI_9927,CHEBI_94331_CHEBI_9927,stereo_resolution,stereo_resolution,93.0,1
CHEBI_91775,CHEBI_156577,CHEBI_156577_CHEBI_91775,stereo_resolution,stereo_resolution,100.0,1
CHEBI_188923,CHEBI_26773,CHEBI_188923_CHEBI_26773,stereo_resolution,stereo_resolution,100.0,1
CHEBI_157535,CHEBI_157216,CHEBI_157216_CHEBI_157535,stereo_resolution,stereo_resolution,75.0,1
CHEBI_241349,CHEBI_45240,CHEBI_241349_CHEBI_45240,stereo_resolution,stereo_resolution,100.0,1
CHEBI_167473,CHEBI_155877,CHEBI_155877_CHEBI_167473,stereo_resolution,stereo_resolution,100.0,1
CHEBI_181569,CHEBI_70243,CHEBI_181569_CHEBI_70243,stereo_resolution,stereo_resolution,100.0,1
CHEBI_181540,CHEBI_70076,CHEBI_181540_CHEBI_70076,stereo_resolution,stereo_resolution,100.0,1
CHEBI_197058,CHEBI_73236,CHEBI_197058_CHEBI_73236,stereo_resolution,stereo_resolution,100.0,1
CHEBI_148124,CHEBI_156939,CHEBI_148124_CHEBI_156939,stereo_resolution,stereo_resolution,75.0,1
CHEBI_228968,CHEBI_229742,CHEBI_228968_CHEBI_229742,stereo_resolution,stereo_resolution,86.0,1
CHEBI_186871,CHEBI_172127,CHEBI_172127_CHEBI_186871,stereo_resolution,stereo_resolution,100.0,1
CHEBI_142499,CHEBI_171919,CHEBI_142499_CHEBI_171919,stereo_resolution,stereo_resolution,100.0,1
CHEBI_8499,CHEBI_8736,CHEBI_8499_CHEBI_8736,stereo_resolution,stereo_resolution,100.0,1
CHEBI_83079,CHEBI_83081,CHEBI_83079_CHEBI_83081,stereo_resolution,stereo_resolution,100.0,1
CHEBI_68933,CHEBI_76574,CHEBI_68933_CHEBI_76574,stereo_resolution,stereo_resolution,100.0,1
CHEBI_152811,CHEBI_146570,CHEBI_146570_CHEBI_152811,stereo_resolution,stereo_resolution,100.0,1
CHEBI_141842,CHEBI_62311,CHEBI_141842_CHEBI_62311,stereo_resolution,stereo_resolution,100.0,1
CHEBI_183869,CHEBI_1230,CHEBI_1230_CHEBI_183869,stereo_resolution,stereo_resolution,100.0,1
CHEBI_149398,CHEBI_150560,CHEBI_149398_CHEBI_150560,stereo_resolution,stereo_resolution,100.0,1
CHEBI_77498,CHEBI_77501,CHEBI_77498_CHEBI_77501,stereo_resolution,stereo_resolution,100.0,1
CHEBI_167204,CHEBI_167205,CHEBI_167204_CHEBI_167205,stereo_resolution,stereo_resolution,100.0,1
CHEBI_4042,CHEBI_39337,CHEBI_39337_CHEBI_4042,stereo_resolution,stereo_resolution,100.0,1
CHEBI_201505,CHEBI_94346,CHEBI_201505_CHEBI_94346,stereo_resolution,stereo_resolution,100.0,1
CHEBI_184529,CHEBI_167981,CHEBI_167981_CHEBI_184529,stereo_resolution,stereo_resolution,100.0,1
CHEBI_145884,CHEBI_148448,CHEBI_145884_CHEBI_148448,stereo_resolution,stereo_resolution,75.0,1
CHEBI_76917,CHEBI_76918,CHEBI_76917_CHEBI_76918,stereo_resolution,stereo_resolution,100.0,1
CHEBI_216935,CHEBI_59895,CHEBI_216935_CHEBI_59895,stereo_resolution,stereo_resolution,91.0,1
CHEBI_90393,CHEBI_90391,CHEBI_90391_CHEBI_90393,stereo_resolution,stereo_resolution,75.0,1
CHEBI_58481,CHEBI_57581,CHEBI_57581_CHEBI_58481,stereo_resolution,stereo_resolution,100.0,1
CHEBI_91571,CHEBI_94487,CHEBI_91571_CHEBI_94487,stereo_resolution,stereo_resolution,100.0,1
CHEBI_47764,CHEBI_39934,CHEBI_39934_CHEBI_47764,stereo_resolution,stereo_resolution,100.0,1
CHEBI_151073,CHEBI_148160,CHEBI_148160_CHEBI_151073,stereo_resolution,stereo_resolution,79.0,1
CHEBI_231935,CHEBI_57685,CHEBI_231935_CHEBI_57685,stereo_resolution,stereo_resolution,100.0,1
CHEBI_217506,CHEBI_218696,CHEBI_217506_CHEBI_218696,stereo_resolution,stereo_resolution,100.0,1
CHEBI_140319,CHEBI_140320,CHEBI_140319_CHEBI_140320,stereo_resolution,stereo_resolution,100.0,1
CHEBI_111514,CHEBI_153065,CHEBI_111514_CHEBI_153065,stereo_resolution,stereo_resolution,100.0,1
CHEBI_32922,CHEBI_35440,CHEBI_32922_CHEBI_35440,enantiomer,stereo_resolution,79.0,0
CHEBI_229940,CHEBI_43832,CHEBI_229940_CHEBI_43832,stereo_resolution,stereo_resolution,100.0,1
CHEBI_136570,CHEBI_64241,CHEBI_136570_CHEBI_64241,stereo_resolution,stereo_resolution,91.0,1
CHEBI_175871,CHEBI_147204,CHEBI_147204_CHEBI_175871,stereo_resolution,stereo_resolution,100.0,1
CHEBI_153012,CHEBI_151832,CHEBI_151832_CHEBI_153012,stereo_resolution,stereo_resolution,100.0,1
CHEBI_70162,CHEBI_67321,CHEBI_67321_CHEBI_70162,stereo_resolution,stereo_resolution,100.0,1
CHEBI_151357,CHEBI_156931,CHEBI_151357_CHEBI_156931,stereo_resolution,stereo_resolution,75.0,1
CHEBI_74947,CHEBI_61917,CHEBI_61917_CHEBI_74947,stereo_resolution,stereo_resolution,100.0,1
CHEBI_124105,CHEBI_124753,CHEBI_124105_CHEBI_124753,diastereomer,stereo_resolution,79.0,0
CHEBI_231594,CHEBI_50900,CHEBI_231594_CHEBI_50900,stereo_resolution,stereo_resolution,100.0,1
CHEBI_61581,CHEBI_62158,CHEBI_61581_CHEBI_62158,stereo_resolution,stereo_resolution,76.0,1
CHEBI_177077,CHEBI_140526,CHEBI_140526_CHEBI_177077,stereo_resolution,stereo_resolution,100.0,1
CHEBI_181158,CHEBI_125442,CHEBI_125442_CHEBI_181158,stereo_resolution,stereo_resolution,100.0,1
CHEBI_15420,CHEBI_10782,CHEBI_10782_CHEBI_15420,stereo_resolution,stereo_resolution,100.0,1
CHEBI_152434,CHEBI_152537,CHEBI_152434_CHEBI_152537,stereo_resolution,stereo_resolution,100.0,1
CHEBI_176205,CHEBI_80389,CHEBI_176205_CHEBI_80389,stereo_resolution,stereo_resolution,100.0,1
CHEBI_147155,CHEBI_62948,CHEBI_147155_CHEBI_62948,stereo_resolution,stereo_resolution,100.0,1
CHEBI_8811,CHEBI_39280,CHEBI_39280_CHEBI_8811,stereo_resolution,stereo_resolution,100.0,1
CHEBI_49010,CHEBI_49011,CHEBI_49010_CHEBI_49011,stereo_resolution,stereo_resolution,100.0,1
CHEBI_143528,CHEBI_47015,CHEBI_143528_CHEBI_47015,stereo_resolution,stereo_resolution,100.0,1
CHEBI_681848,CHEBI_59842,CHEBI_59842_CHEBI_681848,stereo_resolution,stereo_resolution,100.0,1
CHEBI_91576,CHEBI_91733,CHEBI_91576_CHEBI_91733,stereo_resolution,stereo_resolution,100.0,1
CHEBI_95129,CHEBI_3720,CHEBI_3720_CHEBI_95129,stereo_resolution,stereo_resolution,100.0,1
CHEBI_156274,CHEBI_17057,CHEBI_156274_CHEBI_17057,stereo_resolution,stereo_resolution,76.0,1
CHEBI_84056,CHEBI_167745,CHEBI_167745_CHEBI_84056,stereo_resolution,stereo_resolution,100.0,1
CHEBI_175876,CHEBI_61762,CHEBI_175876_CHEBI_61762,stereo_resolution,stereo_resolution,100.0,1
CHEBI_75609,CHEBI_75580,CHEBI_75580_CHEBI_75609,stereo_resolution,stereo_resolution,100.0,1
CHEBI_83291,CHEBI_83294,CHEBI_83291_CHEBI_83294,stereo_resolution,stereo_resolution,100.0,1
CHEBI_82792,CHEBI_82793,CHEBI_82792_CHEBI_82793,stereo_resolution,stereo_resolution,100.0,1
CHEBI_91951,CHEBI_94338,CHEBI_91951_CHEBI_94338,stereo_resolution,stereo_resolution,100.0,1
CHEBI_95659,CHEBI_96178,CHEBI_95659_CHEBI_96178,diastereomer,stereo_resolution,79.0,0
CHEBI_148545,CHEBI_156696,CHEBI_148545_CHEBI_156696,stereo_resolution,stereo_resolution,100.0,1
CHEBI_150842,CHEBI_154746,CHEBI_150842_CHEBI_154746,stereo_resolution,stereo_resolution,100.0,1
CHEBI_28980,CHEBI_26797,CHEBI_26797_CHEBI_28980,stereo_resolution,stereo_resolution,100.0,1
CHEBI_48565,CHEBI_48562,CHEBI_48562_CHEBI_48565,stereo_resolution,stereo_resolution,100.0,1
CHEBI_68933,CHEBI_76588,CHEBI_68933_CHEBI_76588,stereo_resolution,stereo_resolution,100.0,1
CHEBI_183479,CHEBI_182521,CHEBI_182521_CHEBI_183479,stereo_resolution,stereo_resolution,100.0,1
CHEBI_221267,CHEBI_220012,CHEBI_220012_CHEBI_221267,diastereomer,stereo_resolution,97.0,0
CHEBI_155318,CHEBI_146939,CHEBI_146939_CHEBI_155318,stereo_resolution,stereo_resolution,100.0,1
CHEBI_75406,CHEBI_75920,CHEBI_75406_CHEBI_75920,stereo_resolution,stereo_resolution,100.0,1
CHEBI_85269,CHEBI_85272,CHEBI_85269_CHEBI_85272,stereo_resolution,stereo_resolution,100.0,1
CHEBI_140671,CHEBI_17772,CHEBI_140671_CHEBI_17772,stereo_resolution,stereo_resolution,100.0,1
CHEBI_219255,CHEBI_209198,CHEBI_209198_CHEBI_219255,diastereomer,stereo_resolution,100.0,0
CHEBI_90075,CHEBI_90098,CHEBI_90075_CHEBI_90098,stereo_resolution,stereo_resolution,100.0,1
CHEBI_183717,CHEBI_207954,CHEBI_183717_CHEBI_207954,stereo_resolution,stereo_resolution,100.0,1
CHEBI_141357,CHEBI_141358,CHEBI_141357_CHEBI_141358,stereo_resolution,stereo_resolution,100.0,1
CHEBI_166668,CHEBI_211601,CHEBI_166668_CHEBI_211601,stereo_resolution,stereo_resolution,100.0,1
CHEBI_232334,CHEBI_146204,CHEBI_146204_CHEBI_232334,stereo_resolution,stereo_resolution,100.0,1
CHEBI_60841,CHEBI_60840,CHEBI_60840_CHEBI_60841,stereo_resolution,stereo_resolution,86.0,1
CHEBI_191735,CHEBI_138037,CHEBI_138037_CHEBI_191735,stereo_resolution,stereo_resolution,100.0,1
CHEBI_194552,CHEBI_141410,CHEBI_141410_CHEBI_194552,stereo_resolution,stereo_resolution,100.0,1
CHEBI_197122,CHEBI_184112,CHEBI_184112_CHEBI_197122,stereo_resolution,stereo_resolution,100.0,1
CHEBI_37475,CHEBI_37473,CHEBI_37473_CHEBI_37475,stereo_resolution,stereo_resolution,100.0,1
CHEBI_183341,CHEBI_27725,CHEBI_183341_CHEBI_27725,stereo_resolution,stereo_resolution,100.0,1
CHEBI_50168,CHEBI_50171,CHEBI_50168_CHEBI_50171,stereo_resolution,stereo_resolution,100.0,1
CHEBI_83829,CHEBI_83831,CHEBI_83829_CHEBI_83831,stereo_resolution,stereo_resolution,100.0,1
CHEBI_176817,CHEBI_197674,CHEBI_176817_CHEBI_197674,stereo_resolution,stereo_resolution,100.0,1
CHEBI_32315,CHEBI_53762,CHEBI_32315_CHEBI_53762,stereo_resolution,stereo_resolution,100.0,1
CHEBI_71335,CHEBI_72646,CHEBI_71335_CHEBI_72646,stereo_resolution,stereo_resolution,100.0,1
CHEBI_183633,CHEBI_186254,CHEBI_183633_CHEBI_186254,stereo_resolution,stereo_resolution,100.0,1
CHEBI_47933,CHEBI_47934,CHEBI_47933_CHEBI_47934,stereo_resolution,stereo_resolution,100.0,1
CHEBI_137937,CHEBI_137938,CHEBI_137937_CHEBI_137938,stereo_resolution,stereo_resolution,100.0,1
CHEBI_154888,CHEBI_155527,CHEBI_154888_CHEBI_155527,stereo_resolution,stereo_resolution,100.0,1
CHEBI_129798,CHEBI_129545,CHEBI_129545_CHEBI_129798,diastereomer,stereo_resolution,88.0,0
CHEBI_156591,CHEBI_155621,CHEBI_155621_CHEBI_156591,stereo_resolution,stereo_resolution,76.0,1
CHEBI_146857,CHEBI_154979,CHEBI_146857_CHEBI_154979,stereo_resolution,stereo_resolution,75.0,1
CHEBI_155089,CHEBI_3524,CHEBI_155089_CHEBI_3524,stereo_resolution,stereo_resolution,100.0,1
CHEBI_197143,CHEBI_186070,CHEBI_186070_CHEBI_197143,stereo_resolution,stereo_resolution,75.0,1
CHEBI_24996,CHEBI_16651,CHEBI_16651_CHEBI_24996,stereo_resolution,stereo_resolution,100.0,1
CHEBI_152858,CHEBI_153554,CHEBI_152858_CHEBI_153554,stereo_resolution,stereo_resolution,100.0,1
CHEBI_176235,CHEBI_190973,CHEBI_176235_CHEBI_190973,stereo_resolution,stereo_resolution,100.0,1
CHEBI_71994,CHEBI_152112,CHEBI_152112_CHEBI_71994,stereo_resolution,stereo_resolution,75.0,1
CHEBI_142228,CHEBI_141995,CHEBI_141995_CHEBI_142228,stereo_resolution,stereo_resolution,100.0,1
CHEBI_3084,CHEBI_59261,CHEBI_3084_CHEBI_59261,stereo_resolution,stereo_resolution,100.0,1
CHEBI_3619,CHEBI_59467,CHEBI_3619_CHEBI_59467,stereo_resolution,stereo_resolution,100.0,1
CHEBI_181105,CHEBI_215148,CHEBI_181105_CHEBI_215148,stereo_resolution,stereo_resolution,100.0,1
CHEBI_191373,CHEBI_191375,CHEBI_191373_CHEBI_191375,stereo_resolution,stereo_resolution,100.0,1
CHEBI_153787,CHEBI_153345,CHEBI_153345_CHEBI_153787,stereo_resolution,stereo_resolution,75.0,1
CHEBI_63153,CHEBI_41112,CHEBI_41112_CHEBI_63153,stereo_resolution,stereo_resolution,79.0,1
CHEBI_64026,CHEBI_150588,CHEBI_150588_CHEBI_64026,stereo_resolution,stereo_resolution,79.0,1
CHEBI_6121,CHEBI_580604,CHEBI_580604_CHEBI_6121,stereo_resolution,stereo_resolution,100.0,1
CHEBI_53770,CHEBI_53771,CHEBI_53770_CHEBI_53771,stereo_resolution,stereo_resolution,100.0,1
CHEBI_152469,CHEBI_152306,CHEBI_152306_CHEBI_152469,stereo_resolution,stereo_resolution,76.0,1
CHEBI_200235,CHEBI_203032,CHEBI_200235_CHEBI_203032,stereo_resolution,stereo_resolution,100.0,1
CHEBI_64028,CHEBI_64029,CHEBI_64028_CHEBI_64029,stereo_resolution,stereo_resolution,100.0,1
CHEBI_228212,CHEBI_228220,CHEBI_228212_CHEBI_228220,stereo_resolution,stereo_resolution,100.0,1
CHEBI_142880,CHEBI_71335,CHEBI_142880_CHEBI_71335,stereo_resolution,stereo_resolution,100.0,1
CHEBI_83174,CHEBI_83178,CHEBI_83174_CHEBI_83178,stereo_resolution,stereo_resolution,100.0,1
CHEBI_177443,CHEBI_73964,CHEBI_177443_CHEBI_73964,stereo_resolution,stereo_resolution,100.0,1
CHEBI_95912,CHEBI_95552,CHEBI_95552_CHEBI_95912,diastereomer,stereo_resolution,80.0,0
CHEBI_22934,CHEBI_20661,CHEBI_20661_CHEBI_22934,stereo_resolution,stereo_resolution,100.0,1
CHEBI_37098,CHEBI_37099,CHEBI_37098_CHEBI_37099,stereo_resolution,stereo_resolution,100.0,1
CHEBI_150173,CHEBI_152542,CHEBI_150173_CHEBI_152542,stereo_resolution,stereo_resolution,81.0,1
CHEBI_184750,CHEBI_191224,CHEBI_184750_CHEBI_191224,stereo_resolution,stereo_resolution,100.0,1
CHEBI_191569,CHEBI_66606,CHEBI_191569_CHEBI_66606,stereo_resolution,stereo_resolution,100.0,1
CHEBI_166670,CHEBI_228351,CHEBI_166670_CHEBI_228351,stereo_resolution,stereo_resolution,100.0,1
CHEBI_39118,CHEBI_39119,CHEBI_39118_CHEBI_39119,stereo_resolution,stereo_resolution,100.0,1
CHEBI_49140,CHEBI_49146,CHEBI_49140_CHEBI_49146,stereo_resolution,stereo_resolution,100.0,1
CHEBI_93820,CHEBI_125665,CHEBI_125665_CHEBI_93820,stereo_resolution,stereo_resolution,100.0,1
CHEBI_201608,CHEBI_205273,CHEBI_201608_CHEBI_205273,stereo_resolution,stereo_resolution,100.0,1
CHEBI_176169,CHEBI_31143,CHEBI_176169_CHEBI_31143,stereo_resolution,stereo_resolution,100.0,1
CHEBI_153722,CHEBI_151224,CHEBI_151224_CHEBI_153722,stereo_resolution,stereo_resolution,76.0,1
CHEBI_154725,CHEBI_151533,CHEBI_151533_CHEBI_154725,stereo_resolution,stereo_resolution,100.0,1
CHEBI_147767,CHEBI_62536,CHEBI_147767_CHEBI_62536,stereo_resolution,stereo_resolution,78.0,1
CHEBI_34607,CHEBI_36777,CHEBI_34607_CHEBI_36777,stereo_resolution,stereo_resolution,100.0,1
CHEBI_71595,CHEBI_155632,CHEBI_155632_CHEBI_71595,stereo_resolution,stereo_resolution,75.0,1
CHEBI_146144,CHEBI_146046,CHEBI_146046_CHEBI_146144,stereo_resolution,stereo_resolution,100.0,1
CHEBI_24848,CHEBI_23927,CHEBI_23927_CHEBI_24848,stereo_resolution,stereo_resolution,100.0,1
CHEBI_37615,CHEBI_33022,CHEBI_33022_CHEBI_37615,stereo_resolution,stereo_resolution,100.0,1
CHEBI_139465,CHEBI_68878,CHEBI_139465_CHEBI_68878,stereo_resolution,stereo_resolution,100.0,1
CHEBI_78315,CHEBI_78316,CHEBI_78315_CHEBI_78316,stereo_resolution,stereo_resolution,100.0,1
CHEBI_50607,CHEBI_50609,CHEBI_50607_CHEBI_50609,stereo_resolution,stereo_resolution,100.0,1
CHEBI_181668,CHEBI_5779,CHEBI_181668_CHEBI_5779,stereo_resolution,stereo_resolution,100.0,1
CHEBI_59916,CHEBI_57327,CHEBI_57327_CHEBI_59916,stereo_resolution,stereo_resolution,100.0,1
CHEBI_194461,CHEBI_194464,CHEBI_194461_CHEBI_194464,stereo_resolution,stereo_resolution,100.0,1
CHEBI_48709,CHEBI_48712,CHEBI_48709_CHEBI_48712,stereo_resolution,stereo_resolution,100.0,1
CHEBI_228050,CHEBI_228055,CHEBI_228050_CHEBI_228055,diastereomer,stereo_resolution,77.0,0
CHEBI_36214,CHEBI_36216,CHEBI_36214_CHEBI_36216,stereo_resolution,stereo_resolution,100.0,1
CHEBI_145888,CHEBI_145618,CHEBI_145618_CHEBI_145888,stereo_resolution,stereo_resolution,76.0,1
CHEBI_153540,CHEBI_147845,CHEBI_147845_CHEBI_153540,stereo_resolution,stereo_resolution,75.0,1
CHEBI_71179,CHEBI_85520,CHEBI_71179_CHEBI_85520,stereo_resolution,stereo_resolution,100.0,1
CHEBI_63776,CHEBI_165351,CHEBI_165351_CHEBI_63776,stereo_resolution,stereo_resolution,100.0,1
CHEBI_154754,CHEBI_234259,CHEBI_154754_CHEBI_234259,stereo_resolution,stereo_resolution,75.0,1
CHEBI_156758,CHEBI_67002,CHEBI_156758_CHEBI_67002,stereo_resolution,stereo_resolution,100.0,1
CHEBI_138240,CHEBI_138241,CHEBI_138240_CHEBI_138241,stereo_resolution,stereo_resolution,100.0,1
CHEBI_39234,CHEBI_32110,CHEBI_32110_CHEBI_39234,stereo_resolution,stereo_resolution,100.0,1
CHEBI_148482,CHEBI_150471,CHEBI_148482_CHEBI_150471,stereo_resolution,stereo_resolution,76.0,1
CHEBI_145892,CHEBI_43422,CHEBI_145892_CHEBI_43422,stereo_resolution,stereo_resolution,100.0,1
CHEBI_176696,CHEBI_222555,CHEBI_176696_CHEBI_222555,stereo_resolution,stereo_resolution,100.0,1
CHEBI_111514,CHEBI_150178,CHEBI_111514_CHEBI_150178,stereo_resolution,stereo_resolution,100.0,1
CHEBI_48741,CHEBI_53,CHEBI_48741_CHEBI_53,stereo_resolution,stereo_resolution,100.0,1
CHEBI_233953,CHEBI_233954,CHEBI_233953_CHEBI_233954,stereo_resolution,stereo_resolution,100.0,1
CHEBI_39460,CHEBI_39464,CHEBI_39460_CHEBI_39464,stereo_resolution,stereo_resolution,100.0,1
CHEBI_176085,CHEBI_91143,CHEBI_176085_CHEBI_91143,stereo_resolution,stereo_resolution,100.0,1
CHEBI_506227,CHEBI_28009,CHEBI_28009_CHEBI_506227,stereo_resolution,stereo_resolution,79.0,1
CHEBI_23704,CHEBI_51047,CHEBI_23704_CHEBI_51047,stereo_resolution,stereo_resolution,100.0,1
CHEBI_183578,CHEBI_184803,CHEBI_183578_CHEBI_184803,stereo_resolution,stereo_resolution,100.0,1
CHEBI_186526,CHEBI_75663,CHEBI_186526_CHEBI_75663,stereo_resolution,stereo_resolution,79.0,1
CHEBI_83851,CHEBI_83855,CHEBI_83851_CHEBI_83855,stereo_resolution,stereo_resolution,100.0,1
CHEBI_184853,CHEBI_3493,CHEBI_184853_CHEBI_3493,stereo_resolution,stereo_resolution,100.0,1
CHEBI_212188,CHEBI_87051,CHEBI_212188_CHEBI_87051,stereo_resolution,stereo_resolution,100.0,1
CHEBI_149659,CHEBI_153484,CHEBI_149659_CHEBI_153484,stereo_resolution,stereo_resolution,90.0,1
CHEBI_84016,CHEBI_84018,CHEBI_84016_CHEBI_84018,stereo_resolution,stereo_resolution,100.0,1
CHEBI_10542,CHEBI_16290,CHEBI_10542_CHEBI_16290,stereo_resolution,stereo_resolution,100.0,1
CHEBI_59584,CHEBI_146997,CHEBI_146997_CHEBI_59584,stereo_resolution,stereo_resolution,76.0,1
CHEBI_154716,CHEBI_153939,CHEBI_153939_CHEBI_154716,stereo_resolution,stereo_resolution,100.0,1
CHEBI_181978,CHEBI_181977,CHEBI_181977_CHEBI_181978,stereo_resolution,stereo_resolution,100.0,1
CHEBI_175764,CHEBI_80822,CHEBI_175764_CHEBI_80822,stereo_resolution,stereo_resolution,100.0,1
CHEBI_107202,CHEBI_70504,CHEBI_107202_CHEBI_70504,stereo_resolution,stereo_resolution,100.0,1
CHEBI_4592,CHEBI_83815,CHEBI_4592_CHEBI_83815,stereo_resolution,stereo_resolution,100.0,1
CHEBI_110204,CHEBI_31521,CHEBI_110204_CHEBI_31521,stereo_resolution,stereo_resolution,100.0,1
CHEBI_30248,CHEBI_148237,CHEBI_148237_CHEBI_30248,stereo_resolution,stereo_resolution,100.0,1
CHEBI_59916,CHEBI_57326,CHEBI_57326_CHEBI_59916,stereo_resolution,stereo_resolution,100.0,1
CHEBI_116225,CHEBI_521391,CHEBI_116225_CHEBI_521391,stereo_resolution,stereo_resolution,100.0,1
CHEBI_62029,CHEBI_62035,CHEBI_62029_CHEBI_62035,stereo_resolution,stereo_resolution,100.0,1
CHEBI_72689,CHEBI_84651,CHEBI_72689_CHEBI_84651,stereo_resolution,stereo_resolution,100.0,1
CHEBI_209325,CHEBI_73481,CHEBI_209325_CHEBI_73481,stereo_resolution,stereo_resolution,100.0,1
CHEBI_149462,CHEBI_195258,CHEBI_149462_CHEBI_195258,stereo_resolution,stereo_resolution,100.0,1
CHEBI_95160,CHEBI_48336,CHEBI_48336_CHEBI_95160,stereo_resolution,stereo_resolution,100.0,1
CHEBI_201385,CHEBI_226811,CHEBI_201385_CHEBI_226811,stereo_resolution,stereo_resolution,100.0,1
CHEBI_71494,CHEBI_26,CHEBI_26_CHEBI_71494,stereo_resolution,stereo_resolution,100.0,1
CHEBI_200781,CHEBI_214544,CHEBI_200781_CHEBI_214544,diastereomer,stereo_resolution,100.0,0
CHEBI_182654,CHEBI_4740,CHEBI_182654_CHEBI_4740,stereo_resolution,stereo_resolution,100.0,1
CHEBI_187719,CHEBI_188242,CHEBI_187719_CHEBI_188242,stereo_resolution,stereo_resolution,100.0,1
CHEBI_65192,CHEBI_155160,CHEBI_155160_CHEBI_65192,stereo_resolution,stereo_resolution,75.0,1
CHEBI_78611,CHEBI_57315,CHEBI_57315_CHEBI_78611,stereo_resolution,stereo_resolution,100.0,1
CHEBI_233662,CHEBI_233663,CHEBI_233662_CHEBI_233663,diastereomer,stereo_resolution,100.0,0
CHEBI_181108,CHEBI_182000,CHEBI_181108_CHEBI_182000,stereo_resolution,stereo_resolution,100.0,1
CHEBI_67235,CHEBI_67234,CHEBI_67234_CHEBI_67235,stereo_resolution,stereo_resolution,100.0,1
CHEBI_59137,CHEBI_59138,CHEBI_59137_CHEBI_59138,stereo_resolution,stereo_resolution,100.0,1
CHEBI_62287,CHEBI_151557,CHEBI_151557_CHEBI_62287,stereo_resolution,stereo_resolution,76.0,1
CHEBI_23733,CHEBI_155,CHEBI_155_CHEBI_23733,stereo_resolution,stereo_resolution,100.0,1
CHEBI_36796,CHEBI_36797,CHEBI_36796_CHEBI_36797,stereo_resolution,stereo_resolution,100.0,1
CHEBI_60287,CHEBI_74971,CHEBI_60287_CHEBI_74971,stereo_resolution,stereo_resolution,91.0,1
CHEBI_5130,CHEBI_42446,CHEBI_42446_CHEBI_5130,stereo_resolution,stereo_resolution,100.0,1
CHEBI_152227,CHEBI_151168,CHEBI_151168_CHEBI_152227,stereo_resolution,stereo_resolution,75.0,1
CHEBI_19023,CHEBI_18509,CHEBI_18509_CHEBI_19023,stereo_resolution,stereo_resolution,100.0,1
CHEBI_132019,CHEBI_137166,CHEBI_132019_CHEBI_137166,stereo_resolution,stereo_resolution,100.0,1
CHEBI_52388,CHEBI_146130,CHEBI_146130_CHEBI_52388,stereo_resolution,stereo_resolution,100.0,1
CHEBI_110178,CHEBI_28828,CHEBI_110178_CHEBI_28828,stereo_resolution,stereo_resolution,100.0,1
CHEBI_71994,CHEBI_146953,CHEBI_146953_CHEBI_71994,stereo_resolution,stereo_resolution,75.0,1
CHEBI_150160,CHEBI_157495,CHEBI_150160_CHEBI_157495,stereo_resolution,stereo_resolution,75.0,1
CHEBI_153210,CHEBI_150585,CHEBI_150585_CHEBI_153210,stereo_resolution,stereo_resolution,100.0,1
CHEBI_25150,CHEBI_27761,CHEBI_25150_CHEBI_27761,stereo_resolution,stereo_resolution,100.0,1
CHEBI_175871,CHEBI_148815,CHEBI_148815_CHEBI_175871,stereo_resolution,stereo_resolution,100.0,1
CHEBI_178129,CHEBI_155175,CHEBI_155175_CHEBI_178129,stereo_resolution,stereo_resolution,75.0,1
CHEBI_182447,CHEBI_167726,CHEBI_167726_CHEBI_182447,stereo_resolution,stereo_resolution,100.0,1
CHEBI_95129,CHEBI_93034,CHEBI_93034_CHEBI_95129,stereo_resolution,stereo_resolution,100.0,1
CHEBI_47872,CHEBI_47873,CHEBI_47872_CHEBI_47873,stereo_resolution,stereo_resolution,100.0,1
CHEBI_38974,CHEBI_38972,CHEBI_38972_CHEBI_38974,stereo_resolution,stereo_resolution,100.0,1
CHEBI_19733,CHEBI_64815,CHEBI_19733_CHEBI_64815,stereo_resolution,stereo_resolution,100.0,1
CHEBI_125423,CHEBI_94190,CHEBI_125423_CHEBI_94190,stereo_resolution,stereo_resolution,100.0,1
CHEBI_173277,CHEBI_148331,CHEBI_148331_CHEBI_173277,stereo_resolution,stereo_resolution,76.0,1
CHEBI_93909,CHEBI_177085,CHEBI_177085_CHEBI_93909,stereo_resolution,stereo_resolution,100.0,1
CHEBI_181343,CHEBI_16363,CHEBI_16363_CHEBI_181343,stereo_resolution,stereo_resolution,100.0,1
CHEBI_154375,CHEBI_153935,CHEBI_153935_CHEBI_154375,stereo_resolution,stereo_resolution,79.0,1
CHEBI_178183,CHEBI_145784,CHEBI_145784_CHEBI_178183,stereo_resolution,stereo_resolution,100.0,1
CHEBI_52431,CHEBI_33998,CHEBI_33998_CHEBI_52431,stereo_resolution,stereo_resolution,100.0,1
CHEBI_193745,CHEBI_37725,CHEBI_193745_CHEBI_37725,stereo_resolution,stereo_resolution,100.0,1
CHEBI_185492,CHEBI_66288,CHEBI_185492_CHEBI_66288,stereo_resolution,stereo_resolution,100.0,1
CHEBI_90823,CHEBI_57466,CHEBI_57466_CHEBI_90823,stereo_resolution,stereo_resolution,100.0,1
CHEBI_150747,CHEBI_147875,CHEBI_147875_CHEBI_150747,stereo_resolution,stereo_resolution,100.0,1
CHEBI_196264,CHEBI_196265,CHEBI_196264_CHEBI_196265,stereo_resolution,stereo_resolution,100.0,1
CHEBI_131889,CHEBI_165262,CHEBI_131889_CHEBI_165262,stereo_resolution,stereo_resolution,100.0,1
CHEBI_86081,CHEBI_85518,CHEBI_85518_CHEBI_86081,stereo_resolution,stereo_resolution,100.0,1
CHEBI_153833,CHEBI_71557,CHEBI_153833_CHEBI_71557,stereo_resolution,stereo_resolution,82.0,1
CHEBI_191849,CHEBI_76132,CHEBI_191849_CHEBI_76132,stereo_resolution,stereo_resolution,100.0,1
CHEBI_96338,CHEBI_96691,CHEBI_96338_CHEBI_96691,diastereomer,stereo_resolution,78.0,0
CHEBI_147906,CHEBI_44331,CHEBI_147906_CHEBI_44331,stereo_resolution,stereo_resolution,75.0,1
CHEBI_182536,CHEBI_212119,CHEBI_182536_CHEBI_212119,stereo_resolution,stereo_resolution,100.0,1
CHEBI_83837,CHEBI_83839,CHEBI_83837_CHEBI_83839,stereo_resolution,stereo_resolution,100.0,1
CHEBI_91510,CHEBI_95022,CHEBI_91510_CHEBI_95022,stereo_resolution,stereo_resolution,100.0,1
CHEBI_113375,CHEBI_96931,CHEBI_113375_CHEBI_96931,diastereomer,stereo_resolution,85.0,0
CHEBI_7203,CHEBI_182169,CHEBI_182169_CHEBI_7203,stereo_resolution,stereo_resolution,100.0,1
CHEBI_177692,CHEBI_61952,CHEBI_177692_CHEBI_61952,stereo_resolution,stereo_resolution,76.0,1
CHEBI_38970,CHEBI_38969,CHEBI_38969_CHEBI_38970,stereo_resolution,stereo_resolution,100.0,1
CHEBI_229490,CHEBI_229492,CHEBI_229490_CHEBI_229492,stereo_resolution,stereo_resolution,100.0,1
CHEBI_15809,CHEBI_17624,CHEBI_15809_CHEBI_17624,stereo_resolution,stereo_resolution,100.0,1
CHEBI_78416,CHEBI_78417,CHEBI_78416_CHEBI_78417,stereo_resolution,stereo_resolution,100.0,1
CHEBI_195391,CHEBI_195659,CHEBI_195391_CHEBI_195659,stereo_resolution,stereo_resolution,100.0,1
CHEBI_143897,CHEBI_143896,CHEBI_143896_CHEBI_143897,stereo_resolution,stereo_resolution,100.0,1
CHEBI_111514,CHEBI_47004,CHEBI_111514_CHEBI_47004,stereo_resolution,stereo_resolution,100.0,1
CHEBI_70990,CHEBI_132183,CHEBI_132183_CHEBI_70990,stereo_resolution,stereo_resolution,100.0,1
CHEBI_195739,CHEBI_187061,CHEBI_187061_CHEBI_195739,stereo_resolution,stereo_resolution,100.0,1
CHEBI_94436,CHEBI_94654,CHEBI_94436_CHEBI_94654,stereo_resolution,stereo_resolution,100.0,1
CHEBI_150257,CHEBI_146850,CHEBI_146850_CHEBI_150257,stereo_resolution,stereo_resolution,75.0,1
CHEBI_4909,CHEBI_60371,CHEBI_4909_CHEBI_60371,stereo_resolution,stereo_resolution,100.0,1
CHEBI_181753,CHEBI_81204,CHEBI_181753_CHEBI_81204,stereo_resolution,stereo_resolution,100.0,1
CHEBI_229522,CHEBI_188982,CHEBI_188982_CHEBI_229522,stereo_resolution,stereo_resolution,100.0,1
CHEBI_86428,CHEBI_86429,CHEBI_86428_CHEBI_86429,stereo_resolution,stereo_resolution,100.0,1
CHEBI_175789,CHEBI_70475,CHEBI_175789_CHEBI_70475,stereo_resolution,stereo_resolution,100.0,1
CHEBI_145867,CHEBI_145869,CHEBI_145867_CHEBI_145869,stereo_resolution,stereo_resolution,100.0,1
CHEBI_144930,CHEBI_144481,CHEBI_144481_CHEBI_144930,stereo_resolution,stereo_resolution,100.0,1
CHEBI_144332,CHEBI_151732,CHEBI_144332_CHEBI_151732,stereo_resolution,stereo_resolution,76.0,1
CHEBI_143142,CHEBI_146489,CHEBI_143142_CHEBI_146489,stereo_resolution,stereo_resolution,76.0,1
CHEBI_147742,CHEBI_152964,CHEBI_147742_CHEBI_152964,stereo_resolution,stereo_resolution,100.0,1
CHEBI_95941,CHEBI_116658,CHEBI_116658_CHEBI_95941,diastereomer,stereo_resolution,83.0,0
CHEBI_149313,CHEBI_156757,CHEBI_149313_CHEBI_156757,stereo_resolution,stereo_resolution,81.0,1
CHEBI_17703,CHEBI_76591,CHEBI_17703_CHEBI_76591,stereo_resolution,stereo_resolution,100.0,1
CHEBI_91849,CHEBI_4822,CHEBI_4822_CHEBI_91849,stereo_resolution,stereo_resolution,100.0,1
CHEBI_68622,CHEBI_145908,CHEBI_145908_CHEBI_68622,stereo_resolution,stereo_resolution,76.0,1
CHEBI_201606,CHEBI_208935,CHEBI_201606_CHEBI_208935,stereo_resolution,stereo_resolution,100.0,1
CHEBI_84198,CHEBI_62614,CHEBI_62614_CHEBI_84198,stereo_resolution,stereo_resolution,100.0,1
CHEBI_94369,CHEBI_27953,CHEBI_27953_CHEBI_94369,stereo_resolution,stereo_resolution,100.0,1
CHEBI_173277,CHEBI_152344,CHEBI_152344_CHEBI_173277,stereo_resolution,stereo_resolution,76.0,1
CHEBI_155130,CHEBI_62974,CHEBI_155130_CHEBI_62974,stereo_resolution,stereo_resolution,100.0,1
CHEBI_35516,CHEBI_35515,CHEBI_35515_CHEBI_35516,stereo_resolution,stereo_resolution,100.0,1
CHEBI_36479,CHEBI_6320,CHEBI_36479_CHEBI_6320,stereo_resolution,stereo_resolution,75.0,1
CHEBI_177895,CHEBI_52463,CHEBI_177895_CHEBI_52463,stereo_resolution,stereo_resolution,100.0,1
CHEBI_191849,CHEBI_70255,CHEBI_191849_CHEBI_70255,stereo_resolution,stereo_resolution,100.0,1
CHEBI_76065,CHEBI_75870,CHEBI_75870_CHEBI_76065,stereo_resolution,stereo_resolution,100.0,1
CHEBI_190342,CHEBI_17343,CHEBI_17343_CHEBI_190342,stereo_resolution,stereo_resolution,100.0,1
CHEBI_175871,CHEBI_154267,CHEBI_154267_CHEBI_175871,stereo_resolution,stereo_resolution,76.0,1
CHEBI_77835,CHEBI_77839,CHEBI_77835_CHEBI_77839,stereo_resolution,stereo_resolution,100.0,1
CHEBI_191569,CHEBI_67412,CHEBI_191569_CHEBI_67412,stereo_resolution,stereo_resolution,100.0,1
CHEBI_229533,CHEBI_44170,CHEBI_229533_CHEBI_44170,stereo_resolution,stereo_resolution,100.0,1
CHEBI_191471,CHEBI_186433,CHEBI_186433_CHEBI_191471,stereo_resolution,stereo_resolution,100.0,1
CHEBI_84847,CHEBI_86982,CHEBI_84847_CHEBI_86982,stereo_resolution,stereo_resolution,100.0,1
CHEBI_173154,CHEBI_173148,CHEBI_173148_CHEBI_173154,stereo_resolution,stereo_resolution,100.0,1
CHEBI_77581,CHEBI_77582,CHEBI_77581_CHEBI_77582,stereo_resolution,stereo_resolution,100.0,1
CHEBI_76724,CHEBI_57562,CHEBI_57562_CHEBI_76724,stereo_resolution,stereo_resolution,100.0,1
CHEBI_84031,CHEBI_138004,CHEBI_138004_CHEBI_84031,stereo_resolution,stereo_resolution,100.0,1
CHEBI_31889,CHEBI_37908,CHEBI_31889_CHEBI_37908,stereo_resolution,stereo_resolution,100.0,1
CHEBI_133819,CHEBI_90850,CHEBI_133819_CHEBI_90850,stereo_resolution,stereo_resolution,100.0,1
CHEBI_26773,CHEBI_20658,CHEBI_20658_CHEBI_26773,stereo_resolution,stereo_resolution,100.0,1
CHEBI_190397,CHEBI_139533,CHEBI_139533_CHEBI_190397,stereo_resolution,stereo_resolution,100.0,1
CHEBI_34116,CHEBI_74002,CHEBI_34116_CHEBI_74002,stereo_resolution,stereo_resolution,100.0,1
CHEBI_143565,CHEBI_143527,CHEBI_143527_CHEBI_143565,stereo_resolution,stereo_resolution,100.0,1
CHEBI_233958,CHEBI_233959,CHEBI_233958_CHEBI_233959,stereo_resolution,stereo_resolution,100.0,1
CHEBI_157089,CHEBI_61818,CHEBI_157089_CHEBI_61818,stereo_resolution,stereo_resolution,100.0,1
CHEBI_29479,CHEBI_38246,CHEBI_29479_CHEBI_38246,stereo_resolution,stereo_resolution,100.0,1
CHEBI_15914,CHEBI_134102,CHEBI_134102_CHEBI_15914,stereo_resolution,stereo_resolution,84.0,1
CHEBI_127571,CHEBI_130530,CHEBI_127571_CHEBI_130530,diastereomer,stereo_resolution,100.0,0
CHEBI_28258,CHEBI_49158,CHEBI_28258_CHEBI_49158,stereo_resolution,stereo_resolution,100.0,1
CHEBI_60841,CHEBI_60842,CHEBI_60841_CHEBI_60842,stereo_resolution,stereo_resolution,86.0,1
CHEBI_61635,CHEBI_62340,CHEBI_61635_CHEBI_62340,stereo_resolution,stereo_resolution,76.0,1
CHEBI_95357,CHEBI_93834,CHEBI_93834_CHEBI_95357,stereo_resolution,stereo_resolution,76.0,1
CHEBI_143740,CHEBI_89519,CHEBI_143740_CHEBI_89519,stereo_resolution,stereo_resolution,100.0,1
CHEBI_91710,CHEBI_135342,CHEBI_135342_CHEBI_91710,stereo_resolution,stereo_resolution,100.0,1
CHEBI_28516,CHEBI_28809,CHEBI_28516_CHEBI_28809,stereo_resolution,stereo_resolution,100.0,1
CHEBI_194461,CHEBI_194462,CHEBI_194461_CHEBI_194462,stereo_resolution,stereo_resolution,100.0,1
CHEBI_59685,CHEBI_63178,CHEBI_59685_CHEBI_63178,stereo_resolution,stereo_resolution,100.0,1
CHEBI_129751,CHEBI_129888,CHEBI_129751_CHEBI_129888,diastereomer,stereo_resolution,76.0,0
CHEBI_88799,CHEBI_88614,CHEBI_88614_CHEBI_88799,stereo_resolution,stereo_resolution,100.0,1
CHEBI_10284,CHEBI_62,CHEBI_10284_CHEBI_62,stereo_resolution,stereo_resolution,100.0,1
CHEBI_181177,CHEBI_67913,CHEBI_181177_CHEBI_67913,stereo_resolution,stereo_resolution,100.0,1
CHEBI_152881,CHEBI_152867,CHEBI_152867_CHEBI_152881,stereo_resolution,stereo_resolution,100.0,1
CHEBI_173276,CHEBI_146765,CHEBI_146765_CHEBI_173276,stereo_resolution,stereo_resolution,75.0,1
CHEBI_173295,CHEBI_75619,CHEBI_173295_CHEBI_75619,stereo_resolution,stereo_resolution,100.0,1
CHEBI_50943,CHEBI_50945,CHEBI_50943_CHEBI_50945,stereo_resolution,stereo_resolution,100.0,1
CHEBI_78304,CHEBI_178390,CHEBI_178390_CHEBI_78304,stereo_resolution,stereo_resolution,100.0,1
CHEBI_35543,CHEBI_35541,CHEBI_35541_CHEBI_35543,stereo_resolution,stereo_resolution,100.0,1
CHEBI_95103,CHEBI_191090,CHEBI_191090_CHEBI_95103,stereo_resolution,stereo_resolution,80.0,1
CHEBI_546808,CHEBI_59314,CHEBI_546808_CHEBI_59314,stereo_resolution,stereo_resolution,100.0,1
CHEBI_155124,CHEBI_149098,CHEBI_149098_CHEBI_155124,stereo_resolution,stereo_resolution,75.0,1
CHEBI_2950,CHEBI_55363,CHEBI_2950_CHEBI_55363,stereo_resolution,stereo_resolution,100.0,1
CHEBI_17027,CHEBI_58321,CHEBI_17027_CHEBI_58321,stereo_resolution,stereo_resolution,86.0,1
CHEBI_73029,CHEBI_73030,CHEBI_73029_CHEBI_73030,stereo_resolution,stereo_resolution,100.0,1
CHEBI_7572,CHEBI_103931,CHEBI_103931_CHEBI_7572,stereo_resolution,stereo_resolution,100.0,1
CHEBI_188606,CHEBI_50207,CHEBI_188606_CHEBI_50207,stereo_resolution,stereo_resolution,100.0,1
CHEBI_173119,CHEBI_176337,CHEBI_173119_CHEBI_176337,stereo_resolution,stereo_resolution,100.0,1
CHEBI_131448,CHEBI_78883,CHEBI_131448_CHEBI_78883,stereo_resolution,stereo_resolution,77.0,1
CHEBI_133812,CHEBI_132219,CHEBI_132219_CHEBI_133812,stereo_resolution,stereo_resolution,100.0,1
CHEBI_11152,CHEBI_18155,CHEBI_11152_CHEBI_18155,stereo_resolution,stereo_resolution,100.0,1
CHEBI_175876,CHEBI_146952,CHEBI_146952_CHEBI_175876,stereo_resolution,stereo_resolution,100.0,1
CHEBI_28516,CHEBI_38140,CHEBI_28516_CHEBI_38140,stereo_resolution,stereo_resolution,100.0,1
CHEBI_176993,CHEBI_186044,CHEBI_176993_CHEBI_186044,stereo_resolution,stereo_resolution,100.0,1
CHEBI_154423,CHEBI_153285,CHEBI_153285_CHEBI_154423,stereo_resolution,stereo_resolution,78.0,1
CHEBI_156606,CHEBI_154433,CHEBI_154433_CHEBI_156606,stereo_resolution,stereo_resolution,100.0,1
CHEBI_63228,CHEBI_62336,CHEBI_62336_CHEBI_63228,stereo_resolution,stereo_resolution,100.0,1
CHEBI_48250,CHEBI_48255,CHEBI_48250_CHEBI_48255,stereo_resolution,stereo_resolution,100.0,1
CHEBI_173278,CHEBI_148224,CHEBI_148224_CHEBI_173278,stereo_resolution,stereo_resolution,75.0,1
CHEBI_139414,CHEBI_80528,CHEBI_139414_CHEBI_80528,stereo_resolution,stereo_resolution,100.0,1
CHEBI_175867,CHEBI_148779,CHEBI_148779_CHEBI_175867,stereo_resolution,stereo_resolution,100.0,1
CHEBI_32804,CHEBI_27996,CHEBI_27996_CHEBI_32804,stereo_resolution,stereo_resolution,100.0,1
CHEBI_139467,CHEBI_9047,CHEBI_139467_CHEBI_9047,stereo_resolution,stereo_resolution,100.0,1
CHEBI_91729,CHEBI_93164,CHEBI_91729_CHEBI_93164,stereo_resolution,stereo_resolution,100.0,1
CHEBI_154611,CHEBI_150335,CHEBI_150335_CHEBI_154611,stereo_resolution,stereo_resolution,100.0,1
CHEBI_177664,CHEBI_180008,CHEBI_177664_CHEBI_180008,stereo_resolution,stereo_resolution,100.0,1
CHEBI_153722,CHEBI_147634,CHEBI_147634_CHEBI_153722,stereo_resolution,stereo_resolution,76.0,1
CHEBI_63698,CHEBI_63695,CHEBI_63695_CHEBI_63698,enantiomer,stereo_resolution,77.0,0
CHEBI_128108,CHEBI_127935,CHEBI_127935_CHEBI_128108,diastereomer,stereo_resolution,100.0,0
CHEBI_88534,CHEBI_177374,CHEBI_177374_CHEBI_88534,stereo_resolution,stereo_resolution,100.0,1
CHEBI_201527,CHEBI_82041,CHEBI_201527_CHEBI_82041,stereo_resolution,stereo_resolution,100.0,1
CHEBI_191120,CHEBI_77696,CHEBI_191120_CHEBI_77696,stereo_resolution,stereo_resolution,100.0,1
CHEBI_46744,CHEBI_46743,CHEBI_46743_CHEBI_46744,stereo_resolution,stereo_resolution,100.0,1
CHEBI_94416,CHEBI_94816,CHEBI_94416_CHEBI_94816,stereo_resolution,stereo_resolution,100.0,1
CHEBI_24848,CHEBI_27372,CHEBI_24848_CHEBI_27372,stereo_resolution,stereo_resolution,100.0,1
CHEBI_75555,CHEBI_75550,CHEBI_75550_CHEBI_75555,stereo_resolution,stereo_resolution,100.0,1
CHEBI_196264,CHEBI_196266,CHEBI_196264_CHEBI_196266,stereo_resolution,stereo_resolution,100.0,1
CHEBI_38740,CHEBI_36100,CHEBI_36100_CHEBI_38740,stereo_resolution,stereo_resolution,100.0,1
CHEBI_50110,CHEBI_6041,CHEBI_50110_CHEBI_6041,stereo_resolution,stereo_resolution,100.0,1
CHEBI_206861,CHEBI_63752,CHEBI_206861_CHEBI_63752,stereo_resolution,stereo_resolution,100.0,1
CHEBI_181111,CHEBI_9249,CHEBI_181111_CHEBI_9249,stereo_resolution,stereo_resolution,100.0,1
CHEBI_23178,CHEBI_35866,CHEBI_23178_CHEBI_35866,stereo_resolution,stereo_resolution,100.0,1
CHEBI_180905,CHEBI_135777,CHEBI_135777_CHEBI_180905,stereo_resolution,stereo_resolution,100.0,1
CHEBI_131388,CHEBI_166488,CHEBI_131388_CHEBI_166488,stereo_resolution,stereo_resolution,100.0,1
CHEBI_185310,CHEBI_53004,CHEBI_185310_CHEBI_53004,stereo_resolution,stereo_resolution,100.0,1
CHEBI_65097,CHEBI_75927,CHEBI_65097_CHEBI_75927,stereo_resolution,stereo_resolution,100.0,1
CHEBI_153270,CHEBI_154079,CHEBI_153270_CHEBI_154079,stereo_resolution,stereo_resolution,78.0,1
CHEBI_61931,CHEBI_64765,CHEBI_61931_CHEBI_64765,stereo_resolution,stereo_resolution,100.0,1
CHEBI_93909,CHEBI_177090,CHEBI_177090_CHEBI_93909,stereo_resolution,stereo_resolution,100.0,1
CHEBI_36796,CHEBI_36795,CHEBI_36795_CHEBI_36796,stereo_resolution,stereo_resolution,100.0,1
CHEBI_181102,CHEBI_28997,CHEBI_181102_CHEBI_28997,stereo_resolution,stereo_resolution,100.0,1
CHEBI_207275,CHEBI_207269,CHEBI_207269_CHEBI_207275,diastereomer,stereo_resolution,83.0,0
CHEBI_128675,CHEBI_128387,CHEBI_128387_CHEBI_128675,diastereomer,stereo_resolution,81.0,0
CHEBI_143991,CHEBI_169070,CHEBI_143991_CHEBI_169070,stereo_resolution,stereo_resolution,100.0,1
CHEBI_88206,CHEBI_60074,CHEBI_60074_CHEBI_88206,stereo_resolution,stereo_resolution,100.0,1
CHEBI_35509,CHEBI_28859,CHEBI_28859_CHEBI_35509,stereo_resolution,stereo_resolution,100.0,1
CHEBI_5445,CHEBI_27975,CHEBI_27975_CHEBI_5445,stereo_resolution,stereo_resolution,100.0,1
CHEBI_147245,CHEBI_145608,CHEBI_145608_CHEBI_147245,stereo_resolution,stereo_resolution,77.0,1
CHEBI_147162,CHEBI_146745,CHEBI_146745_CHEBI_147162,stereo_resolution,stereo_resolution,79.0,1
CHEBI_191425,CHEBI_143037,CHEBI_143037_CHEBI_191425,stereo_resolution,stereo_resolution,100.0,1
CHEBI_37714,CHEBI_37719,CHEBI_37714_CHEBI_37719,stereo_resolution,stereo_resolution,100.0,1
CHEBI_153833,CHEBI_156793,CHEBI_153833_CHEBI_156793,stereo_resolution,stereo_resolution,82.0,1
CHEBI_27727,CHEBI_229004,CHEBI_229004_CHEBI_27727,stereo_resolution,stereo_resolution,100.0,1
CHEBI_133306,CHEBI_133315,CHEBI_133306_CHEBI_133315,stereo_resolution,stereo_resolution,100.0,1
CHEBI_169487,CHEBI_75664,CHEBI_169487_CHEBI_75664,stereo_resolution,stereo_resolution,100.0,1
CHEBI_125457,CHEBI_94581,CHEBI_125457_CHEBI_94581,stereo_resolution,stereo_resolution,100.0,1
CHEBI_151905,CHEBI_156878,CHEBI_151905_CHEBI_156878,stereo_resolution,stereo_resolution,76.0,1
CHEBI_49301,CHEBI_49306,CHEBI_49301_CHEBI_49306,stereo_resolution,stereo_resolution,100.0,1
CHEBI_37879,CHEBI_37881,CHEBI_37879_CHEBI_37881,stereo_resolution,stereo_resolution,100.0,1
CHEBI_62438,CHEBI_62437,CHEBI_62437_CHEBI_62438,stereo_resolution,stereo_resolution,100.0,1
CHEBI_73031,CHEBI_165627,CHEBI_165627_CHEBI_73031,stereo_resolution,stereo_resolution,100.0,1
CHEBI_60299,CHEBI_150295,CHEBI_150295_CHEBI_60299,stereo_resolution,stereo_resolution,100.0,1
CHEBI_143747,CHEBI_218267,CHEBI_143747_CHEBI_218267,stereo_resolution,stereo_resolution,100.0,1
CHEBI_148542,CHEBI_63232,CHEBI_148542_CHEBI_63232,stereo_resolution,stereo_resolution,77.0,1
CHEBI_47794,CHEBI_47796,CHEBI_47794_CHEBI_47796,stereo_resolution,stereo_resolution,100.0,1
CHEBI_181027,CHEBI_203159,CHEBI_181027_CHEBI_203159,stereo_resolution,stereo_resolution,100.0,1
CHEBI_4445,CHEBI_38874,CHEBI_38874_CHEBI_4445,stereo_resolution,stereo_resolution,100.0,1
CHEBI_154540,CHEBI_146847,CHEBI_146847_CHEBI_154540,stereo_resolution,stereo_resolution,75.0,1
CHEBI_155526,CHEBI_147758,CHEBI_147758_CHEBI_155526,stereo_resolution,stereo_resolution,76.0,1
CHEBI_110185,CHEBI_91742,CHEBI_110185_CHEBI_91742,stereo_resolution,stereo_resolution,100.0,1
CHEBI_154114,CHEBI_148464,CHEBI_148464_CHEBI_154114,stereo_resolution,stereo_resolution,79.0,1
CHEBI_181346,CHEBI_146140,CHEBI_146140_CHEBI_181346,stereo_resolution,stereo_resolution,100.0,1
CHEBI_152848,CHEBI_150109,CHEBI_150109_CHEBI_152848,stereo_resolution,stereo_resolution,75.0,1
CHEBI_53455,CHEBI_28161,CHEBI_28161_CHEBI_53455,stereo_resolution,stereo_resolution,100.0,1
CHEBI_152488,CHEBI_153001,CHEBI_152488_CHEBI_153001,stereo_resolution,stereo_resolution,75.0,1
CHEBI_82647,CHEBI_82649,CHEBI_82647_CHEBI_82649,stereo_resolution,stereo_resolution,100.0,1
CHEBI_16959,CHEBI_38950,CHEBI_16959_CHEBI_38950,stereo_resolution,stereo_resolution,100.0,1
CHEBI_133237,CHEBI_133239,CHEBI_133237_CHEBI_133239,stereo_resolution,stereo_resolution,100.0,1
CHEBI_181175,CHEBI_31897,CHEBI_181175_CHEBI_31897,stereo_resolution,stereo_resolution,84.0,1
CHEBI_95197,CHEBI_40303,CHEBI_40303_CHEBI_95197,stereo_resolution,stereo_resolution,100.0,1
CHEBI_49210,CHEBI_49208,CHEBI_49208_CHEBI_49210,stereo_resolution,stereo_resolution,100.0,1
CHEBI_152434,CHEBI_154535,CHEBI_152434_CHEBI_154535,stereo_resolution,stereo_resolution,100.0,1
CHEBI_15598,CHEBI_10860,CHEBI_10860_CHEBI_15598,stereo_resolution,stereo_resolution,100.0,1
CHEBI_59137,CHEBI_35933,CHEBI_35933_CHEBI_59137,stereo_resolution,stereo_resolution,100.0,1
CHEBI_138427,CHEBI_180334,CHEBI_138427_CHEBI_180334,stereo_resolution,stereo_resolution,100.0,1
CHEBI_192426,CHEBI_80478,CHEBI_192426_CHEBI_80478,stereo_resolution,stereo_resolution,100.0,1
CHEBI_47013,CHEBI_47002,CHEBI_47002_CHEBI_47013,stereo_resolution,stereo_resolution,100.0,1
CHEBI_68469,CHEBI_141005,CHEBI_141005_CHEBI_68469,stereo_resolution,stereo_resolution,100.0,1
CHEBI_152848,CHEBI_148130,CHEBI_148130_CHEBI_152848,stereo_resolution,stereo_resolution,75.0,1
CHEBI_17138,CHEBI_48932,CHEBI_17138_CHEBI_48932,stereo_resolution,stereo_resolution,100.0,1
CHEBI_147589,CHEBI_152105,CHEBI_147589_CHEBI_152105,stereo_resolution,stereo_resolution,100.0,1
CHEBI_198553,CHEBI_216149,CHEBI_198553_CHEBI_216149,diastereomer,stereo_resolution,100.0,0
CHEBI_146805,CHEBI_150722,CHEBI_146805_CHEBI_150722,stereo_resolution,stereo_resolution,76.0,1
CHEBI_139467,CHEBI_7513,CHEBI_139467_CHEBI_7513,stereo_resolution,stereo_resolution,100.0,1
CHEBI_61567,CHEBI_61548,CHEBI_61548_CHEBI_61567,stereo_resolution,stereo_resolution,100.0,1
CHEBI_91184,CHEBI_70467,CHEBI_70467_CHEBI_91184,stereo_resolution,stereo_resolution,100.0,1
CHEBI_152556,CHEBI_151495,CHEBI_151495_CHEBI_152556,stereo_resolution,stereo_resolution,100.0,1
CHEBI_149313,CHEBI_157024,CHEBI_149313_CHEBI_157024,stereo_resolution,stereo_resolution,81.0,1
CHEBI_157104,CHEBI_60171,CHEBI_157104_CHEBI_60171,stereo_resolution,stereo_resolution,100.0,1
CHEBI_22469,CHEBI_300,CHEBI_22469_CHEBI_300,stereo_resolution,stereo_resolution,100.0,1
CHEBI_177253,CHEBI_74712,CHEBI_177253_CHEBI_74712,stereo_resolution,stereo_resolution,100.0,1
CHEBI_76065,CHEBI_75447,CHEBI_75447_CHEBI_76065,stereo_resolution,stereo_resolution,100.0,1
CHEBI_28053,CHEBI_61827,CHEBI_28053_CHEBI_61827,stereo_resolution,stereo_resolution,100.0,1
CHEBI_48565,CHEBI_141949,CHEBI_141949_CHEBI_48565,stereo_resolution,stereo_resolution,100.0,1
CHEBI_27391,CHEBI_37005,CHEBI_27391_CHEBI_37005,stereo_resolution,stereo_resolution,100.0,1
CHEBI_181111,CHEBI_94749,CHEBI_181111_CHEBI_94749,stereo_resolution,stereo_resolution,100.0,1
CHEBI_152943,CHEBI_146688,CHEBI_146688_CHEBI_152943,stereo_resolution,stereo_resolution,100.0,1
CHEBI_145884,CHEBI_148895,CHEBI_145884_CHEBI_148895,stereo_resolution,stereo_resolution,75.0,1
CHEBI_190408,CHEBI_16076,CHEBI_16076_CHEBI_190408,stereo_resolution,stereo_resolution,100.0,1
CHEBI_181110,CHEBI_91558,CHEBI_181110_CHEBI_91558,stereo_resolution,stereo_resolution,86.0,1
CHEBI_50421,CHEBI_50422,CHEBI_50421_CHEBI_50422,stereo_resolution,stereo_resolution,100.0,1
CHEBI_147795,CHEBI_156952,CHEBI_147795_CHEBI_156952,stereo_resolution,stereo_resolution,100.0,1
CHEBI_151185,CHEBI_148346,CHEBI_148346_CHEBI_151185,stereo_resolution,stereo_resolution,75.0,1
CHEBI_83996,CHEBI_83998,CHEBI_83996_CHEBI_83998,stereo_resolution,stereo_resolution,100.0,1
CHEBI_145891,CHEBI_152208,CHEBI_145891_CHEBI_152208,stereo_resolution,stereo_resolution,75.0,1
CHEBI_77649,CHEBI_77650,CHEBI_77649_CHEBI_77650,stereo_resolution,stereo_resolution,100.0,1
CHEBI_179921,CHEBI_60390,CHEBI_179921_CHEBI_60390,stereo_resolution,stereo_resolution,86.0,1
CHEBI_153313,CHEBI_156902,CHEBI_153313_CHEBI_156902,stereo_resolution,stereo_resolution,75.0,1
CHEBI_16431,CHEBI_35672,CHEBI_16431_CHEBI_35672,stereo_resolution,stereo_resolution,100.0,1
CHEBI_192260,CHEBI_192261,CHEBI_192260_CHEBI_192261,stereo_resolution,stereo_resolution,100.0,1
CHEBI_155583,CHEBI_149238,CHEBI_149238_CHEBI_155583,stereo_resolution,stereo_resolution,75.0,1
CHEBI_71224,CHEBI_42255,CHEBI_42255_CHEBI_71224,stereo_resolution,stereo_resolution,100.0,1
CHEBI_14321,CHEBI_29986,CHEBI_14321_CHEBI_29986,stereo_resolution,stereo_resolution,100.0,1
CHEBI_50515,CHEBI_34310,CHEBI_34310_CHEBI_50515,stereo_resolution,stereo_resolution,100.0,1
CHEBI_143739,CHEBI_173017,CHEBI_143739_CHEBI_173017,stereo_resolution,stereo_resolution,100.0,1
CHEBI_64048,CHEBI_71482,CHEBI_64048_CHEBI_71482,stereo_resolution,stereo_resolution,75.0,1
CHEBI_183869,CHEBI_59432,CHEBI_183869_CHEBI_59432,stereo_resolution,stereo_resolution,100.0,1
CHEBI_78832,CHEBI_78837,CHEBI_78832_CHEBI_78837,stereo_resolution,stereo_resolution,100.0,1
CHEBI_78774,CHEBI_78781,CHEBI_78774_CHEBI_78781,stereo_resolution,stereo_resolution,100.0,1
CHEBI_93764,CHEBI_95057,CHEBI_93764_CHEBI_95057,stereo_resolution,stereo_resolution,100.0,1
CHEBI_68933,CHEBI_76573,CHEBI_68933_CHEBI_76573,stereo_resolution,stereo_resolution,100.0,1
CHEBI_156611,CHEBI_153676,CHEBI_153676_CHEBI_156611,stereo_resolution,stereo_resolution,75.0,1
CHEBI_16997,CHEBI_29002,CHEBI_16997_CHEBI_29002,stereo_resolution,stereo_resolution,100.0,1
CHEBI_152683,CHEBI_147170,CHEBI_147170_CHEBI_152683,stereo_resolution,stereo_resolution,76.0,1
CHEBI_89570,CHEBI_165275,CHEBI_165275_CHEBI_89570,stereo_resolution,stereo_resolution,100.0,1
CHEBI_94372,CHEBI_30154,CHEBI_30154_CHEBI_94372,stereo_resolution,stereo_resolution,100.0,1
CHEBI_63887,CHEBI_63775,CHEBI_63775_CHEBI_63887,stereo_resolution,stereo_resolution,100.0,1
CHEBI_52524,CHEBI_52525,CHEBI_52524_CHEBI_52525,stereo_resolution,stereo_resolution,100.0,1
CHEBI_153986,CHEBI_147216,CHEBI_147216_CHEBI_153986,stereo_resolution,stereo_resolution,76.0,1
CHEBI_141215,CHEBI_27672,CHEBI_141215_CHEBI_27672,stereo_resolution,stereo_resolution,100.0,1
CHEBI_166492,CHEBI_183221,CHEBI_166492_CHEBI_183221,stereo_resolution,stereo_resolution,100.0,1
CHEBI_154725,CHEBI_153125,CHEBI_153125_CHEBI_154725,stereo_resolution,stereo_resolution,100.0,1
CHEBI_53078,CHEBI_53080,CHEBI_53078_CHEBI_53080,stereo_resolution,stereo_resolution,100.0,1
CHEBI_151357,CHEBI_148643,CHEBI_148643_CHEBI_151357,stereo_resolution,stereo_resolution,75.0,1
CHEBI_61613,CHEBI_151659,CHEBI_151659_CHEBI_61613,stereo_resolution,stereo_resolution,77.0,1
CHEBI_151312,CHEBI_148535,CHEBI_148535_CHEBI_151312,stereo_resolution,stereo_resolution,100.0,1
CHEBI_146758,CHEBI_46432,CHEBI_146758_CHEBI_46432,stereo_resolution,stereo_resolution,100.0,1
CHEBI_207806,CHEBI_185983,CHEBI_185983_CHEBI_207806,stereo_resolution,stereo_resolution,100.0,1
CHEBI_60946,CHEBI_59443,CHEBI_59443_CHEBI_60946,stereo_resolution,stereo_resolution,100.0,1
CHEBI_6128,CHEBI_76128,CHEBI_6128_CHEBI_76128,stereo_resolution,stereo_resolution,100.0,1
CHEBI_145890,CHEBI_148236,CHEBI_145890_CHEBI_148236,stereo_resolution,stereo_resolution,75.0,1
CHEBI_182295,CHEBI_80685,CHEBI_182295_CHEBI_80685,stereo_resolution,stereo_resolution,100.0,1
CHEBI_77463,CHEBI_84744,CHEBI_77463_CHEBI_84744,stereo_resolution,stereo_resolution,100.0,1
CHEBI_47803,CHEBI_47834,CHEBI_47803_CHEBI_47834,stereo_resolution,stereo_resolution,100.0,1
CHEBI_25013,CHEBI_25205,CHEBI_25013_CHEBI_25205,stereo_resolution,stereo_resolution,100.0,1
CHEBI_16910,CHEBI_18450,CHEBI_16910_CHEBI_18450,stereo_resolution,stereo_resolution,100.0,1
CHEBI_38853,CHEBI_38863,CHEBI_38853_CHEBI_38863,stereo_resolution,stereo_resolution,100.0,1
CHEBI_59584,CHEBI_61609,CHEBI_59584_CHEBI_61609,stereo_resolution,stereo_resolution,76.0,1
CHEBI_155324,CHEBI_157385,CHEBI_155324_CHEBI_157385,stereo_resolution,stereo_resolution,75.0,1
CHEBI_150747,CHEBI_147255,CHEBI_147255_CHEBI_150747,stereo_resolution,stereo_resolution,100.0,1
CHEBI_4035,CHEBI_39323,CHEBI_39323_CHEBI_4035,stereo_resolution,stereo_resolution,76.0,1
CHEBI_48339,CHEBI_95160,CHEBI_48339_CHEBI_95160,stereo_resolution,stereo_resolution,100.0,1
CHEBI_37704,CHEBI_43104,CHEBI_37704_CHEBI_43104,stereo_resolution,stereo_resolution,100.0,1
CHEBI_230732,CHEBI_2443,CHEBI_230732_CHEBI_2443,stereo_resolution,stereo_resolution,100.0,1
CHEBI_32787,CHEBI_32763,CHEBI_32763_CHEBI_32787,stereo_resolution,stereo_resolution,100.0,1
CHEBI_31167,CHEBI_31170,CHEBI_31167_CHEBI_31170,stereo_resolution,stereo_resolution,100.0,1
CHEBI_62678,CHEBI_62332,CHEBI_62332_CHEBI_62678,stereo_resolution,stereo_resolution,76.0,1
CHEBI_223498,CHEBI_81286,CHEBI_223498_CHEBI_81286,stereo_resolution,stereo_resolution,76.0,1
CHEBI_48552,CHEBI_4466,CHEBI_4466_CHEBI_48552,stereo_resolution,stereo_resolution,100.0,1
CHEBI_91934,CHEBI_135338,CHEBI_135338_CHEBI_91934,stereo_resolution,stereo_resolution,100.0,1
CHEBI_174028,CHEBI_73611,CHEBI_174028_CHEBI_73611,stereo_resolution,stereo_resolution,100.0,1
CHEBI_152903,CHEBI_178088,CHEBI_152903_CHEBI_178088,stereo_resolution,stereo_resolution,75.0,1
CHEBI_93909,CHEBI_177081,CHEBI_177081_CHEBI_93909,stereo_resolution,stereo_resolution,100.0,1
CHEBI_153139,CHEBI_156923,CHEBI_153139_CHEBI_156923,stereo_resolution,stereo_resolution,76.0,1
CHEBI_143155,CHEBI_143154,CHEBI_143154_CHEBI_143155,stereo_resolution,stereo_resolution,100.0,1
CHEBI_173277,CHEBI_152167,CHEBI_152167_CHEBI_173277,stereo_resolution,stereo_resolution,76.0,1
CHEBI_152893,CHEBI_153173,CHEBI_152893_CHEBI_153173,stereo_resolution,stereo_resolution,75.0,1
CHEBI_83291,CHEBI_83293,CHEBI_83291_CHEBI_83293,stereo_resolution,stereo_resolution,100.0,1
CHEBI_147631,CHEBI_156877,CHEBI_147631_CHEBI_156877,stereo_resolution,stereo_resolution,75.0,1
CHEBI_91069,CHEBI_91072,CHEBI_91069_CHEBI_91072,stereo_resolution,stereo_resolution,100.0,1
CHEBI_151587,CHEBI_156955,CHEBI_151587_CHEBI_156955,stereo_resolution,stereo_resolution,75.0,1
CHEBI_49210,CHEBI_49213,CHEBI_49210_CHEBI_49213,stereo_resolution,stereo_resolution,100.0,1
CHEBI_90065,CHEBI_152144,CHEBI_152144_CHEBI_90065,stereo_resolution,stereo_resolution,100.0,1
CHEBI_154209,CHEBI_157550,CHEBI_154209_CHEBI_157550,stereo_resolution,stereo_resolution,76.0,1
CHEBI_169578,CHEBI_147661,CHEBI_147661_CHEBI_169578,stereo_resolution,stereo_resolution,100.0,1
CHEBI_78358,CHEBI_71541,CHEBI_71541_CHEBI_78358,stereo_resolution,stereo_resolution,100.0,1
CHEBI_24424,CHEBI_20654,CHEBI_20654_CHEBI_24424,stereo_resolution,stereo_resolution,100.0,1
CHEBI_151994,CHEBI_62469,CHEBI_151994_CHEBI_62469,stereo_resolution,stereo_resolution,77.0,1
CHEBI_18419,CHEBI_17167,CHEBI_17167_CHEBI_18419,stereo_resolution,stereo_resolution,100.0,1
CHEBI_190910,CHEBI_15834,CHEBI_15834_CHEBI_190910,stereo_resolution,stereo_resolution,100.0,1
CHEBI_155513,CHEBI_152679,CHEBI_152679_CHEBI_155513,stereo_resolution,stereo_resolution,76.0,1
CHEBI_93786,CHEBI_480999,CHEBI_480999_CHEBI_93786,stereo_resolution,stereo_resolution,100.0,1
CHEBI_155055,CHEBI_150141,CHEBI_150141_CHEBI_155055,stereo_resolution,stereo_resolution,75.0,1
CHEBI_61612,CHEBI_148563,CHEBI_148563_CHEBI_61612,stereo_resolution,stereo_resolution,100.0,1
CHEBI_52374,CHEBI_208127,CHEBI_208127_CHEBI_52374,stereo_resolution,stereo_resolution,100.0,1
CHEBI_52524,CHEBI_52527,CHEBI_52524_CHEBI_52527,stereo_resolution,stereo_resolution,100.0,1
CHEBI_178535,CHEBI_68694,CHEBI_178535_CHEBI_68694,stereo_resolution,stereo_resolution,100.0,1
CHEBI_157495,CHEBI_62152,CHEBI_157495_CHEBI_62152,stereo_resolution,stereo_resolution,100.0,1
CHEBI_150689,CHEBI_154022,CHEBI_150689_CHEBI_154022,stereo_resolution,stereo_resolution,100.0,1
CHEBI_133083,CHEBI_187422,CHEBI_133083_CHEBI_187422,stereo_resolution,stereo_resolution,100.0,1
CHEBI_78304,CHEBI_178391,CHEBI_178391_CHEBI_78304,stereo_resolution,stereo_resolution,100.0,1
CHEBI_91545,CHEBI_95241,CHEBI_91545_CHEBI_95241,stereo_resolution,stereo_resolution,100.0,1
CHEBI_18113,CHEBI_64528,CHEBI_18113_CHEBI_64528,stereo_resolution,stereo_resolution,100.0,1
CHEBI_124964,CHEBI_91746,CHEBI_124964_CHEBI_91746,stereo_resolution,stereo_resolution,100.0,1
CHEBI_229017,CHEBI_188014,CHEBI_188014_CHEBI_229017,stereo_resolution,stereo_resolution,100.0,1
CHEBI_59275,CHEBI_149357,CHEBI_149357_CHEBI_59275,stereo_resolution,stereo_resolution,100.0,1
CHEBI_62037,CHEBI_64168,CHEBI_62037_CHEBI_64168,stereo_resolution,stereo_resolution,76.0,1
CHEBI_233713,CHEBI_81469,CHEBI_233713_CHEBI_81469,stereo_resolution,stereo_resolution,100.0,1
CHEBI_150935,CHEBI_157110,CHEBI_150935_CHEBI_157110,stereo_resolution,stereo_resolution,78.0,1
CHEBI_182278,CHEBI_183935,CHEBI_182278_CHEBI_183935,stereo_resolution,stereo_resolution,100.0,1
CHEBI_82792,CHEBI_82794,CHEBI_82792_CHEBI_82794,stereo_resolution,stereo_resolution,100.0,1
CHEBI_94265,CHEBI_94798,CHEBI_94265_CHEBI_94798,stereo_resolution,stereo_resolution,100.0,1
CHEBI_84197,CHEBI_85635,CHEBI_84197_CHEBI_85635,stereo_resolution,stereo_resolution,100.0,1
CHEBI_186526,CHEBI_75656,CHEBI_186526_CHEBI_75656,stereo_resolution,stereo_resolution,79.0,1
CHEBI_154106,CHEBI_27649,CHEBI_154106_CHEBI_27649,stereo_resolution,stereo_resolution,100.0,1
CHEBI_181593,CHEBI_9009,CHEBI_181593_CHEBI_9009,stereo_resolution,stereo_resolution,100.0,1
CHEBI_73105,CHEBI_234316,CHEBI_234316_CHEBI_73105,stereo_resolution,stereo_resolution,100.0,1
CHEBI_62344,CHEBI_156716,CHEBI_156716_CHEBI_62344,stereo_resolution,stereo_resolution,75.0,1
CHEBI_181408,CHEBI_48935,CHEBI_181408_CHEBI_48935,stereo_resolution,stereo_resolution,100.0,1
CHEBI_108782,CHEBI_113569,CHEBI_108782_CHEBI_113569,diastereomer,stereo_resolution,77.0,0
CHEBI_18217,CHEBI_157068,CHEBI_157068_CHEBI_18217,stereo_resolution,stereo_resolution,76.0,1
CHEBI_27613,CHEBI_17019,CHEBI_17019_CHEBI_27613,stereo_resolution,stereo_resolution,100.0,1
CHEBI_90369,CHEBI_90371,CHEBI_90369_CHEBI_90371,stereo_resolution,stereo_resolution,100.0,1
CHEBI_208212,CHEBI_208078,CHEBI_208078_CHEBI_208212,diastereomer,stereo_resolution,100.0,0
CHEBI_150687,CHEBI_71325,CHEBI_150687_CHEBI_71325,stereo_resolution,stereo_resolution,75.0,1
CHEBI_61895,CHEBI_229626,CHEBI_229626_CHEBI_61895,stereo_resolution,stereo_resolution,100.0,1
CHEBI_166661,CHEBI_212428,CHEBI_166661_CHEBI_212428,stereo_resolution,stereo_resolution,100.0,1
CHEBI_155542,CHEBI_147852,CHEBI_147852_CHEBI_155542,stereo_resolution,stereo_resolution,76.0,1
CHEBI_37657,CHEBI_320061,CHEBI_320061_CHEBI_37657,stereo_resolution,stereo_resolution,100.0,1
CHEBI_180968,CHEBI_145226,CHEBI_145226_CHEBI_180968,stereo_resolution,stereo_resolution,100.0,1
CHEBI_82787,CHEBI_82788,CHEBI_82787_CHEBI_82788,stereo_resolution,stereo_resolution,100.0,1
CHEBI_189201,CHEBI_31841,CHEBI_189201_CHEBI_31841,stereo_resolution,stereo_resolution,100.0,1
CHEBI_60246,CHEBI_62335,CHEBI_60246_CHEBI_62335,stereo_resolution,stereo_resolution,76.0,1
CHEBI_17631,CHEBI_157139,CHEBI_157139_CHEBI_17631,stereo_resolution,stereo_resolution,78.0,1
CHEBI_157680,CHEBI_157679,CHEBI_157679_CHEBI_157680,stereo_resolution,stereo_resolution,100.0,1
CHEBI_137342,CHEBI_75235,CHEBI_137342_CHEBI_75235,stereo_resolution,stereo_resolution,100.0,1
CHEBI_231296,CHEBI_165221,CHEBI_165221_CHEBI_231296,stereo_resolution,stereo_resolution,100.0,1
CHEBI_28037,CHEBI_40356,CHEBI_28037_CHEBI_40356,stereo_resolution,stereo_resolution,79.0,1
CHEBI_27959,CHEBI_50617,CHEBI_27959_CHEBI_50617,stereo_resolution,stereo_resolution,100.0,1
CHEBI_125371,CHEBI_94679,CHEBI_125371_CHEBI_94679,stereo_resolution,stereo_resolution,100.0,1
CHEBI_211089,CHEBI_80068,CHEBI_211089_CHEBI_80068,stereo_resolution,stereo_resolution,95.0,1
CHEBI_147243,CHEBI_157014,CHEBI_147243_CHEBI_157014,stereo_resolution,stereo_resolution,76.0,1
CHEBI_142880,CHEBI_142866,CHEBI_142866_CHEBI_142880,stereo_resolution,stereo_resolution,100.0,1
CHEBI_91494,CHEBI_124937,CHEBI_124937_CHEBI_91494,stereo_resolution,stereo_resolution,100.0,1
CHEBI_191217,CHEBI_191216,CHEBI_191216_CHEBI_191217,stereo_resolution,stereo_resolution,100.0,1
CHEBI_142468,CHEBI_142471,CHEBI_142468_CHEBI_142471,stereo_resolution,stereo_resolution,100.0,1
CHEBI_90419,CHEBI_90413,CHEBI_90413_CHEBI_90419,stereo_resolution,stereo_resolution,100.0,1
CHEBI_182608,CHEBI_198628,CHEBI_182608_CHEBI_198628,stereo_resolution,stereo_resolution,100.0,1
CHEBI_9957,CHEBI_198683,CHEBI_198683_CHEBI_9957,stereo_resolution,stereo_resolution,100.0,1
CHEBI_83097,CHEBI_83105,CHEBI_83097_CHEBI_83105,stereo_resolution,stereo_resolution,100.0,1
CHEBI_83638,CHEBI_83639,CHEBI_83638_CHEBI_83639,stereo_resolution,stereo_resolution,100.0,1
CHEBI_28191,CHEBI_154119,CHEBI_154119_CHEBI_28191,stereo_resolution,stereo_resolution,100.0,1
CHEBI_152628,CHEBI_154426,CHEBI_152628_CHEBI_154426,stereo_resolution,stereo_resolution,77.0,1
CHEBI_149445,CHEBI_149443,CHEBI_149443_CHEBI_149445,stereo_resolution,stereo_resolution,100.0,1
CHEBI_79987,CHEBI_182419,CHEBI_182419_CHEBI_79987,stereo_resolution,stereo_resolution,100.0,1
CHEBI_189453,CHEBI_65778,CHEBI_189453_CHEBI_65778,stereo_resolution,stereo_resolution,86.0,1
CHEBI_157385,CHEBI_148763,CHEBI_148763_CHEBI_157385,stereo_resolution,stereo_resolution,100.0,1
CHEBI_91194,CHEBI_91195,CHEBI_91194_CHEBI_91195,stereo_resolution,stereo_resolution,100.0,1
CHEBI_25147,CHEBI_32382,CHEBI_25147_CHEBI_32382,stereo_resolution,stereo_resolution,100.0,1
CHEBI_28714,CHEBI_94288,CHEBI_28714_CHEBI_94288,stereo_resolution,stereo_resolution,100.0,1
CHEBI_91723,CHEBI_124913,CHEBI_124913_CHEBI_91723,stereo_resolution,stereo_resolution,100.0,1
CHEBI_91830,CHEBI_94726,CHEBI_91830_CHEBI_94726,stereo_resolution,stereo_resolution,100.0,1
CHEBI_133527,CHEBI_177048,CHEBI_133527_CHEBI_177048,stereo_resolution,stereo_resolution,100.0,1
CHEBI_190661,CHEBI_70477,CHEBI_190661_CHEBI_70477,stereo_resolution,stereo_resolution,100.0,1
CHEBI_173278,CHEBI_153516,CHEBI_153516_CHEBI_173278,stereo_resolution,stereo_resolution,100.0,1
CHEBI_175496,CHEBI_220247,CHEBI_175496_CHEBI_220247,stereo_resolution,stereo_resolution,100.0,1
CHEBI_46994,CHEBI_46995,CHEBI_46994_CHEBI_46995,stereo_resolution,stereo_resolution,100.0,1
CHEBI_35423,CHEBI_28226,CHEBI_28226_CHEBI_35423,stereo_resolution,stereo_resolution,100.0,1
CHEBI_108730,CHEBI_111767,CHEBI_108730_CHEBI_111767,diastereomer,stereo_resolution,84.0,0
CHEBI_177270,CHEBI_73516,CHEBI_177270_CHEBI_73516,stereo_resolution,stereo_resolution,100.0,1
CHEBI_229533,CHEBI_183401,CHEBI_183401_CHEBI_229533,stereo_resolution,stereo_resolution,100.0,1
CHEBI_171963,CHEBI_171970,CHEBI_171963_CHEBI_171970,stereo_resolution,stereo_resolution,100.0,1
CHEBI_53637,CHEBI_53636,CHEBI_53636_CHEBI_53637,diastereomer,stereo_resolution,76.0,0
CHEBI_75609,CHEBI_75578,CHEBI_75578_CHEBI_75609,stereo_resolution,stereo_resolution,100.0,1
CHEBI_62064,CHEBI_16812,CHEBI_16812_CHEBI_62064,stereo_resolution,stereo_resolution,100.0,1
CHEBI_183633,CHEBI_185336,CHEBI_183633_CHEBI_185336,stereo_resolution,stereo_resolution,100.0,1
CHEBI_37619,CHEBI_42905,CHEBI_37619_CHEBI_42905,stereo_resolution,stereo_resolution,100.0,1
CHEBI_191373,CHEBI_191374,CHEBI_191373_CHEBI_191374,stereo_resolution,stereo_resolution,100.0,1
CHEBI_93909,CHEBI_177084,CHEBI_177084_CHEBI_93909,stereo_resolution,stereo_resolution,100.0,1
CHEBI_34751,CHEBI_186463,CHEBI_186463_CHEBI_34751,stereo_resolution,stereo_resolution,76.0,1
CHEBI_191751,CHEBI_80396,CHEBI_191751_CHEBI_80396,stereo_resolution,stereo_resolution,100.0,1
CHEBI_155653,CHEBI_157455,CHEBI_155653_CHEBI_157455,stereo_resolution,stereo_resolution,100.0,1
CHEBI_167648,CHEBI_167491,CHEBI_167491_CHEBI_167648,stereo_resolution,stereo_resolution,100.0,1
CHEBI_176696,CHEBI_15415,CHEBI_15415_CHEBI_176696,stereo_resolution,stereo_resolution,100.0,1
CHEBI_150550,CHEBI_146625,CHEBI_146625_CHEBI_150550,stereo_resolution,stereo_resolution,100.0,1
CHEBI_145412,CHEBI_145413,CHEBI_145412_CHEBI_145413,stereo_resolution,stereo_resolution,100.0,1
CHEBI_145511,CHEBI_145509,CHEBI_145509_CHEBI_145511,stereo_resolution,stereo_resolution,100.0,1
CHEBI_28516,CHEBI_38139,CHEBI_28516_CHEBI_38139,stereo_resolution,stereo_resolution,100.0,1
CHEBI_149304,CHEBI_148031,CHEBI_148031_CHEBI_149304,stereo_resolution,stereo_resolution,100.0,1
CHEBI_103817,CHEBI_113393,CHEBI_103817_CHEBI_113393,diastereomer,stereo_resolution,78.0,0
CHEBI_62757,CHEBI_10225,CHEBI_10225_CHEBI_62757,stereo_resolution,stereo_resolution,100.0,1
CHEBI_50202,CHEBI_17846,CHEBI_17846_CHEBI_50202,stereo_resolution,stereo_resolution,100.0,1
CHEBI_37677,CHEBI_37679,CHEBI_37677_CHEBI_37679,stereo_resolution,stereo_resolution,100.0,1
CHEBI_127094,CHEBI_130119,CHEBI_127094_CHEBI_130119,diastereomer,stereo_resolution,79.0,0
CHEBI_83808,CHEBI_83809,CHEBI_83808_CHEBI_83809,stereo_resolution,stereo_resolution,100.0,1
CHEBI_200715,CHEBI_219645,CHEBI_200715_CHEBI_219645,stereo_resolution,stereo_resolution,100.0,1
CHEBI_62780,CHEBI_150501,CHEBI_150501_CHEBI_62780,stereo_resolution,stereo_resolution,76.0,1
CHEBI_140564,CHEBI_15385,CHEBI_140564_CHEBI_15385,stereo_resolution,stereo_resolution,100.0,1
CHEBI_94289,CHEBI_63918,CHEBI_63918_CHEBI_94289,stereo_resolution,stereo_resolution,100.0,1
CHEBI_151801,CHEBI_65128,CHEBI_151801_CHEBI_65128,stereo_resolution,stereo_resolution,75.0,1
CHEBI_8100,CHEBI_32979,CHEBI_32979_CHEBI_8100,stereo_resolution,stereo_resolution,100.0,1
CHEBI_147724,CHEBI_150921,CHEBI_147724_CHEBI_150921,stereo_resolution,stereo_resolution,86.0,1
CHEBI_130641,CHEBI_126239,CHEBI_126239_CHEBI_130641,diastereomer,stereo_resolution,100.0,0
CHEBI_155765,CHEBI_150800,CHEBI_150800_CHEBI_155765,stereo_resolution,stereo_resolution,75.0,1
CHEBI_150061,CHEBI_148456,CHEBI_148456_CHEBI_150061,stereo_resolution,stereo_resolution,100.0,1
CHEBI_188890,CHEBI_50209,CHEBI_188890_CHEBI_50209,stereo_resolution,stereo_resolution,100.0,1
CHEBI_85241,CHEBI_85244,CHEBI_85241_CHEBI_85244,stereo_resolution,stereo_resolution,100.0,1
CHEBI_96623,CHEBI_95764,CHEBI_95764_CHEBI_96623,diastereomer,stereo_resolution,85.0,0
CHEBI_76724,CHEBI_58386,CHEBI_58386_CHEBI_76724,stereo_resolution,stereo_resolution,100.0,1
CHEBI_32315,CHEBI_53760,CHEBI_32315_CHEBI_53760,stereo_resolution,stereo_resolution,100.0,1
CHEBI_134389,CHEBI_63259,CHEBI_134389_CHEBI_63259,stereo_resolution,stereo_resolution,76.0,1
CHEBI_231571,CHEBI_2179,CHEBI_2179_CHEBI_231571,stereo_resolution,stereo_resolution,100.0,1
CHEBI_145482,CHEBI_145483,CHEBI_145482_CHEBI_145483,stereo_resolution,stereo_resolution,100.0,1
CHEBI_146052,CHEBI_146753,CHEBI_146052_CHEBI_146753,stereo_resolution,stereo_resolution,75.0,1
CHEBI_180999,CHEBI_62325,CHEBI_180999_CHEBI_62325,stereo_resolution,stereo_resolution,100.0,1
CHEBI_201606,CHEBI_208929,CHEBI_201606_CHEBI_208929,stereo_resolution,stereo_resolution,100.0,1
CHEBI_173294,CHEBI_75633,CHEBI_173294_CHEBI_75633,stereo_resolution,stereo_resolution,100.0,1
CHEBI_147589,CHEBI_149114,CHEBI_147589_CHEBI_149114,stereo_resolution,stereo_resolution,100.0,1
CHEBI_147724,CHEBI_151776,CHEBI_147724_CHEBI_151776,stereo_resolution,stereo_resolution,86.0,1
CHEBI_91576,CHEBI_73286,CHEBI_73286_CHEBI_91576,stereo_resolution,stereo_resolution,100.0,1
CHEBI_175876,CHEBI_61613,CHEBI_175876_CHEBI_61613,stereo_resolution,stereo_resolution,100.0,1
CHEBI_4887,CHEBI_60354,CHEBI_4887_CHEBI_60354,stereo_resolution,stereo_resolution,100.0,1
CHEBI_197909,CHEBI_138966,CHEBI_138966_CHEBI_197909,stereo_resolution,stereo_resolution,100.0,1
CHEBI_151480,CHEBI_155117,CHEBI_151480_CHEBI_155117,stereo_resolution,stereo_resolution,100.0,1
CHEBI_78774,CHEBI_78775,CHEBI_78774_CHEBI_78775,stereo_resolution,stereo_resolution,100.0,1
CHEBI_18113,CHEBI_61243,CHEBI_18113_CHEBI_61243,stereo_resolution,stereo_resolution,100.0,1
CHEBI_94347,CHEBI_184381,CHEBI_184381_CHEBI_94347,stereo_resolution,stereo_resolution,91.0,1
CHEBI_144042,CHEBI_49182,CHEBI_144042_CHEBI_49182,stereo_resolution,stereo_resolution,100.0,1
CHEBI_154056,CHEBI_153933,CHEBI_153933_CHEBI_154056,stereo_resolution,stereo_resolution,75.0,1
CHEBI_84031,CHEBI_138005,CHEBI_138005_CHEBI_84031,stereo_resolution,stereo_resolution,100.0,1
CHEBI_131763,CHEBI_131764,CHEBI_131763_CHEBI_131764,stereo_resolution,stereo_resolution,100.0,1
CHEBI_27649,CHEBI_71421,CHEBI_27649_CHEBI_71421,stereo_resolution,stereo_resolution,100.0,1
CHEBI_93786,CHEBI_94502,CHEBI_93786_CHEBI_94502,stereo_resolution,stereo_resolution,100.0,1
CHEBI_179521,CHEBI_157853,CHEBI_157853_CHEBI_179521,stereo_resolution,stereo_resolution,100.0,1
CHEBI_50711,CHEBI_134633,CHEBI_134633_CHEBI_50711,stereo_resolution,stereo_resolution,88.0,1
CHEBI_156805,CHEBI_152003,CHEBI_152003_CHEBI_156805,stereo_resolution,stereo_resolution,90.0,1
CHEBI_182308,CHEBI_156284,CHEBI_156284_CHEBI_182308,stereo_resolution,stereo_resolution,100.0,1
CHEBI_150973,CHEBI_154948,CHEBI_150973_CHEBI_154948,stereo_resolution,stereo_resolution,77.0,1
CHEBI_91849,CHEBI_221611,CHEBI_221611_CHEBI_91849,stereo_resolution,stereo_resolution,100.0,1
CHEBI_134080,CHEBI_134081,CHEBI_134080_CHEBI_134081,stereo_resolution,stereo_resolution,100.0,1
CHEBI_151420,CHEBI_155242,CHEBI_151420_CHEBI_155242,stereo_resolution,stereo_resolution,100.0,1
CHEBI_75379,CHEBI_75388,CHEBI_75379_CHEBI_75388,stereo_resolution,stereo_resolution,100.0,1
CHEBI_153088,CHEBI_59357,CHEBI_153088_CHEBI_59357,stereo_resolution,stereo_resolution,75.0,1
CHEBI_149764,CHEBI_149762,CHEBI_149762_CHEBI_149764,stereo_resolution,stereo_resolution,100.0,1
CHEBI_22469,CHEBI_128,CHEBI_128_CHEBI_22469,stereo_resolution,stereo_resolution,100.0,1
CHEBI_229940,CHEBI_182516,CHEBI_182516_CHEBI_229940,stereo_resolution,stereo_resolution,100.0,1
CHEBI_146805,CHEBI_147154,CHEBI_146805_CHEBI_147154,stereo_resolution,stereo_resolution,76.0,1
CHEBI_156805,CHEBI_156943,CHEBI_156805_CHEBI_156943,stereo_resolution,stereo_resolution,90.0,1
CHEBI_183576,CHEBI_231009,CHEBI_183576_CHEBI_231009,stereo_resolution,stereo_resolution,87.0,1
CHEBI_173278,CHEBI_154012,CHEBI_154012_CHEBI_173278,stereo_resolution,stereo_resolution,75.0,1
CHEBI_178206,CHEBI_229493,CHEBI_178206_CHEBI_229493,stereo_resolution,stereo_resolution,100.0,1
CHEBI_48299,CHEBI_48300,CHEBI_48299_CHEBI_48300,stereo_resolution,stereo_resolution,100.0,1
CHEBI_73245,CHEBI_73247,CHEBI_73245_CHEBI_73247,stereo_resolution,stereo_resolution,100.0,1
CHEBI_91541,CHEBI_91789,CHEBI_91541_CHEBI_91789,stereo_resolution,stereo_resolution,100.0,1
CHEBI_173277,CHEBI_155260,CHEBI_155260_CHEBI_173277,stereo_resolution,stereo_resolution,76.0,1
CHEBI_125371,CHEBI_75251,CHEBI_125371_CHEBI_75251,stereo_resolution,stereo_resolution,100.0,1
CHEBI_59566,CHEBI_59565,CHEBI_59565_CHEBI_59566,stereo_resolution,stereo_resolution,100.0,1
CHEBI_181906,CHEBI_62357,CHEBI_181906_CHEBI_62357,stereo_resolution,stereo_resolution,100.0,1
CHEBI_151503,CHEBI_147342,CHEBI_147342_CHEBI_151503,stereo_resolution,stereo_resolution,75.0,1
CHEBI_154293,CHEBI_147136,CHEBI_147136_CHEBI_154293,stereo_resolution,stereo_resolution,75.0,1
CHEBI_147028,CHEBI_151292,CHEBI_147028_CHEBI_151292,stereo_resolution,stereo_resolution,77.0,1
CHEBI_126372,CHEBI_125891,CHEBI_125891_CHEBI_126372,diastereomer,stereo_resolution,77.0,0
CHEBI_94463,CHEBI_95153,CHEBI_94463_CHEBI_95153,stereo_resolution,stereo_resolution,100.0,1
CHEBI_137457,CHEBI_137459,CHEBI_137457_CHEBI_137459,stereo_resolution,stereo_resolution,100.0,1
CHEBI_60946,CHEBI_152160,CHEBI_152160_CHEBI_60946,stereo_resolution,stereo_resolution,100.0,1
CHEBI_48565,CHEBI_91937,CHEBI_48565_CHEBI_91937,stereo_resolution,stereo_resolution,100.0,1
CHEBI_4139,CHEBI_28061,CHEBI_28061_CHEBI_4139,stereo_resolution,stereo_resolution,100.0,1
CHEBI_34572,CHEBI_39120,CHEBI_34572_CHEBI_39120,stereo_resolution,stereo_resolution,100.0,1
CHEBI_176159,CHEBI_197803,CHEBI_176159_CHEBI_197803,stereo_resolution,stereo_resolution,100.0,1
CHEBI_67563,CHEBI_67564,CHEBI_67563_CHEBI_67564,diastereomer,stereo_resolution,79.0,0
CHEBI_46994,CHEBI_46996,CHEBI_46994_CHEBI_46996,stereo_resolution,stereo_resolution,100.0,1
CHEBI_93851,CHEBI_41879,CHEBI_41879_CHEBI_93851,stereo_resolution,stereo_resolution,100.0,1
CHEBI_83748,CHEBI_83750,CHEBI_83748_CHEBI_83750,stereo_resolution,stereo_resolution,100.0,1
CHEBI_82853,CHEBI_82855,CHEBI_82853_CHEBI_82855,stereo_resolution,stereo_resolution,100.0,1
CHEBI_151271,CHEBI_153944,CHEBI_151271_CHEBI_153944,stereo_resolution,stereo_resolution,76.0,1
CHEBI_197407,CHEBI_171013,CHEBI_171013_CHEBI_197407,stereo_resolution,stereo_resolution,100.0,1
CHEBI_154432,CHEBI_153225,CHEBI_153225_CHEBI_154432,stereo_resolution,stereo_resolution,77.0,1
CHEBI_229510,CHEBI_229505,CHEBI_229505_CHEBI_229510,stereo_resolution,stereo_resolution,100.0,1
CHEBI_149402,CHEBI_157429,CHEBI_149402_CHEBI_157429,stereo_resolution,stereo_resolution,100.0,1
CHEBI_78107,CHEBI_39395,CHEBI_39395_CHEBI_78107,stereo_resolution,stereo_resolution,100.0,1
CHEBI_152628,CHEBI_150826,CHEBI_150826_CHEBI_152628,stereo_resolution,stereo_resolution,77.0,1
CHEBI_83320,CHEBI_77392,CHEBI_77392_CHEBI_83320,stereo_resolution,stereo_resolution,100.0,1
CHEBI_209430,CHEBI_209426,CHEBI_209426_CHEBI_209430,diastereomer,stereo_resolution,75.0,0
CHEBI_149659,CHEBI_146804,CHEBI_146804_CHEBI_149659,stereo_resolution,stereo_resolution,90.0,1
CHEBI_181046,CHEBI_215177,CHEBI_181046_CHEBI_215177,stereo_resolution,stereo_resolution,100.0,1
CHEBI_75610,CHEBI_75576,CHEBI_75576_CHEBI_75610,stereo_resolution,stereo_resolution,100.0,1
CHEBI_232343,CHEBI_142454,CHEBI_142454_CHEBI_232343,stereo_resolution,stereo_resolution,100.0,1
CHEBI_90419,CHEBI_90412,CHEBI_90412_CHEBI_90419,stereo_resolution,stereo_resolution,100.0,1
CHEBI_50013,CHEBI_50015,CHEBI_50013_CHEBI_50015,stereo_resolution,stereo_resolution,100.0,1
CHEBI_149368,CHEBI_154792,CHEBI_149368_CHEBI_154792,stereo_resolution,stereo_resolution,75.0,1
CHEBI_145511,CHEBI_145510,CHEBI_145510_CHEBI_145511,stereo_resolution,stereo_resolution,100.0,1
CHEBI_64064,CHEBI_64062,CHEBI_64062_CHEBI_64064,stereo_resolution,stereo_resolution,100.0,1
CHEBI_7625,CHEBI_73468,CHEBI_73468_CHEBI_7625,stereo_resolution,stereo_resolution,100.0,1
CHEBI_149042,CHEBI_155049,CHEBI_149042_CHEBI_155049,stereo_resolution,stereo_resolution,100.0,1
CHEBI_49045,CHEBI_49046,CHEBI_49045_CHEBI_49046,stereo_resolution,stereo_resolution,100.0,1
CHEBI_50148,CHEBI_50153,CHEBI_50148_CHEBI_50153,stereo_resolution,stereo_resolution,100.0,1
CHEBI_95108,CHEBI_191401,CHEBI_191401_CHEBI_95108,stereo_resolution,stereo_resolution,100.0,1
CHEBI_50170,CHEBI_50169,CHEBI_50169_CHEBI_50170,stereo_resolution,stereo_resolution,100.0,1
CHEBI_83104,CHEBI_83009,CHEBI_83009_CHEBI_83104,stereo_resolution,stereo_resolution,100.0,1
CHEBI_66503,CHEBI_204475,CHEBI_204475_CHEBI_66503,stereo_resolution,stereo_resolution,100.0,1
CHEBI_6792,CHEBI_83331,CHEBI_6792_CHEBI_83331,stereo_resolution,stereo_resolution,100.0,1
CHEBI_127055,CHEBI_128936,CHEBI_127055_CHEBI_128936,diastereomer,stereo_resolution,75.0,0
CHEBI_91690,CHEBI_4470,CHEBI_4470_CHEBI_91690,stereo_resolution,stereo_resolution,100.0,1
CHEBI_168226,CHEBI_155116,CHEBI_155116_CHEBI_168226,stereo_resolution,stereo_resolution,100.0,1
CHEBI_156629,CHEBI_71999,CHEBI_156629_CHEBI_71999,stereo_resolution,stereo_resolution,75.0,1
CHEBI_59957,CHEBI_60207,CHEBI_59957_CHEBI_60207,stereo_resolution,stereo_resolution,100.0,1
CHEBI_155878,CHEBI_155701,CHEBI_155701_CHEBI_155878,stereo_resolution,stereo_resolution,100.0,1
CHEBI_77250,CHEBI_77099,CHEBI_77099_CHEBI_77250,stereo_resolution,stereo_resolution,100.0,1
CHEBI_148683,CHEBI_154233,CHEBI_148683_CHEBI_154233,stereo_resolution,stereo_resolution,75.0,1
CHEBI_146707,CHEBI_156594,CHEBI_146707_CHEBI_156594,stereo_resolution,stereo_resolution,100.0,1
CHEBI_152020,CHEBI_155737,CHEBI_152020_CHEBI_155737,stereo_resolution,stereo_resolution,100.0,1
CHEBI_3419,CHEBI_59336,CHEBI_3419_CHEBI_59336,stereo_resolution,stereo_resolution,100.0,1
CHEBI_144332,CHEBI_18411,CHEBI_144332_CHEBI_18411,stereo_resolution,stereo_resolution,76.0,1
CHEBI_35538,CHEBI_74686,CHEBI_35538_CHEBI_74686,stereo_resolution,stereo_resolution,100.0,1
CHEBI_94380,CHEBI_78388,CHEBI_78388_CHEBI_94380,stereo_resolution,stereo_resolution,100.0,1
CHEBI_154519,CHEBI_154801,CHEBI_154519_CHEBI_154801,stereo_resolution,stereo_resolution,76.0,1
CHEBI_147378,CHEBI_147368,CHEBI_147368_CHEBI_147378,stereo_resolution,stereo_resolution,100.0,1
CHEBI_24848,CHEBI_10642,CHEBI_10642_CHEBI_24848,stereo_resolution,stereo_resolution,100.0,1
CHEBI_86347,CHEBI_86391,CHEBI_86347_CHEBI_86391,stereo_resolution,stereo_resolution,100.0,1
CHEBI_50868,CHEBI_50869,CHEBI_50868_CHEBI_50869,stereo_resolution,stereo_resolution,100.0,1
CHEBI_146820,CHEBI_153550,CHEBI_146820_CHEBI_153550,stereo_resolution,stereo_resolution,82.0,1
CHEBI_147162,CHEBI_154349,CHEBI_147162_CHEBI_154349,stereo_resolution,stereo_resolution,79.0,1
CHEBI_90142,CHEBI_127106,CHEBI_127106_CHEBI_90142,stereo_resolution,stereo_resolution,100.0,1
CHEBI_95103,CHEBI_75142,CHEBI_75142_CHEBI_95103,stereo_resolution,stereo_resolution,80.0,1
CHEBI_90421,CHEBI_90422,CHEBI_90421_CHEBI_90422,stereo_resolution,stereo_resolution,100.0,1
CHEBI_138626,CHEBI_136181,CHEBI_136181_CHEBI_138626,stereo_resolution,stereo_resolution,100.0,1
CHEBI_146446,CHEBI_61772,CHEBI_146446_CHEBI_61772,stereo_resolution,stereo_resolution,76.0,1
CHEBI_167648,CHEBI_167490,CHEBI_167490_CHEBI_167648,stereo_resolution,stereo_resolution,100.0,1
CHEBI_50027,CHEBI_50029,CHEBI_50027_CHEBI_50029,stereo_resolution,stereo_resolution,100.0,1
CHEBI_94334,CHEBI_28971,CHEBI_28971_CHEBI_94334,stereo_resolution,stereo_resolution,100.0,1
CHEBI_90138,CHEBI_125833,CHEBI_125833_CHEBI_90138,stereo_resolution,stereo_resolution,100.0,1
CHEBI_69081,CHEBI_64757,CHEBI_64757_CHEBI_69081,stereo_resolution,stereo_resolution,100.0,1
CHEBI_136184,CHEBI_58431,CHEBI_136184_CHEBI_58431,stereo_resolution,stereo_resolution,100.0,1
CHEBI_149064,CHEBI_150494,CHEBI_149064_CHEBI_150494,stereo_resolution,stereo_resolution,100.0,1
CHEBI_147859,CHEBI_154907,CHEBI_147859_CHEBI_154907,stereo_resolution,stereo_resolution,100.0,1
CHEBI_180594,CHEBI_74798,CHEBI_180594_CHEBI_74798,stereo_resolution,stereo_resolution,100.0,1
CHEBI_181991,CHEBI_94678,CHEBI_181991_CHEBI_94678,stereo_resolution,stereo_resolution,100.0,1
CHEBI_201640,CHEBI_224831,CHEBI_201640_CHEBI_224831,stereo_resolution,stereo_resolution,100.0,1
CHEBI_103981,CHEBI_107647,CHEBI_103981_CHEBI_107647,stereo_resolution,stereo_resolution,100.0,1
CHEBI_73029,CHEBI_99,CHEBI_73029_CHEBI_99,stereo_resolution,stereo_resolution,100.0,1
CHEBI_83299,CHEBI_83303,CHEBI_83299_CHEBI_83303,stereo_resolution,stereo_resolution,100.0,1
CHEBI_59578,CHEBI_139100,CHEBI_139100_CHEBI_59578,stereo_resolution,stereo_resolution,100.0,1
CHEBI_60298,CHEBI_64141,CHEBI_60298_CHEBI_64141,stereo_resolution,stereo_resolution,76.0,1
CHEBI_91724,CHEBI_94520,CHEBI_91724_CHEBI_94520,stereo_resolution,stereo_resolution,100.0,1
CHEBI_200375,CHEBI_207851,CHEBI_200375_CHEBI_207851,diastereomer,stereo_resolution,77.0,0
CHEBI_152726,CHEBI_154717,CHEBI_152726_CHEBI_154717,stereo_resolution,stereo_resolution,100.0,1
CHEBI_35512,CHEBI_20652,CHEBI_20652_CHEBI_35512,stereo_resolution,stereo_resolution,100.0,1
CHEBI_83719,CHEBI_83720,CHEBI_83719_CHEBI_83720,stereo_resolution,stereo_resolution,100.0,1
CHEBI_187272,CHEBI_80172,CHEBI_187272_CHEBI_80172,stereo_resolution,stereo_resolution,100.0,1
CHEBI_182890,CHEBI_62440,CHEBI_182890_CHEBI_62440,stereo_resolution,stereo_resolution,100.0,1
CHEBI_51788,CHEBI_51790,CHEBI_51788_CHEBI_51790,stereo_resolution,stereo_resolution,100.0,1
CHEBI_20056,CHEBI_60041,CHEBI_20056_CHEBI_60041,stereo_resolution,stereo_resolution,81.0,1
CHEBI_50710,CHEBI_134632,CHEBI_134632_CHEBI_50710,stereo_resolution,stereo_resolution,87.0,1
CHEBI_65341,CHEBI_90632,CHEBI_65341_CHEBI_90632,stereo_resolution,stereo_resolution,100.0,1
CHEBI_156274,CHEBI_64351,CHEBI_156274_CHEBI_64351,stereo_resolution,stereo_resolution,76.0,1
CHEBI_144289,CHEBI_144273,CHEBI_144273_CHEBI_144289,stereo_resolution,stereo_resolution,100.0,1
CHEBI_139461,CHEBI_75758,CHEBI_139461_CHEBI_75758,stereo_resolution,stereo_resolution,100.0,1
CHEBI_175873,CHEBI_151947,CHEBI_151947_CHEBI_175873,stereo_resolution,stereo_resolution,75.0,1
CHEBI_88534,CHEBI_88903,CHEBI_88534_CHEBI_88903,stereo_resolution,stereo_resolution,100.0,1
CHEBI_6129,CHEBI_76228,CHEBI_6129_CHEBI_76228,stereo_resolution,stereo_resolution,100.0,1
CHEBI_50110,CHEBI_15408,CHEBI_15408_CHEBI_50110,stereo_resolution,stereo_resolution,100.0,1
CHEBI_177384,CHEBI_188364,CHEBI_177384_CHEBI_188364,stereo_resolution,stereo_resolution,100.0,1
CHEBI_181710,CHEBI_9438,CHEBI_181710_CHEBI_9438,stereo_resolution,stereo_resolution,100.0,1
CHEBI_154659,CHEBI_151316,CHEBI_151316_CHEBI_154659,stereo_resolution,stereo_resolution,100.0,1
CHEBI_91723,CHEBI_197240,CHEBI_197240_CHEBI_91723,stereo_resolution,stereo_resolution,76.0,1
CHEBI_149064,CHEBI_156932,CHEBI_149064_CHEBI_156932,stereo_resolution,stereo_resolution,100.0,1
CHEBI_147710,CHEBI_154474,CHEBI_147710_CHEBI_154474,stereo_resolution,stereo_resolution,100.0,1
CHEBI_83829,CHEBI_83830,CHEBI_83829_CHEBI_83830,stereo_resolution,stereo_resolution,100.0,1
CHEBI_57629,CHEBI_58601,CHEBI_57629_CHEBI_58601,stereo_resolution,stereo_resolution,100.0,1
CHEBI_194518,CHEBI_57873,CHEBI_194518_CHEBI_57873,stereo_resolution,stereo_resolution,100.0,1
CHEBI_172933,CHEBI_176847,CHEBI_172933_CHEBI_176847,stereo_resolution,stereo_resolution,100.0,1
CHEBI_17535,CHEBI_46987,CHEBI_17535_CHEBI_46987,stereo_resolution,stereo_resolution,100.0,1
CHEBI_155265,CHEBI_152239,CHEBI_152239_CHEBI_155265,stereo_resolution,stereo_resolution,76.0,1
CHEBI_26745,CHEBI_20675,CHEBI_20675_CHEBI_26745,stereo_resolution,stereo_resolution,100.0,1
CHEBI_83278,CHEBI_78227,CHEBI_78227_CHEBI_83278,stereo_resolution,stereo_resolution,100.0,1
CHEBI_91690,CHEBI_92422,CHEBI_91690_CHEBI_92422,stereo_resolution,stereo_resolution,100.0,1
CHEBI_155513,CHEBI_157432,CHEBI_155513_CHEBI_157432,stereo_resolution,stereo_resolution,76.0,1
CHEBI_125451,CHEBI_207762,CHEBI_125451_CHEBI_207762,stereo_resolution,stereo_resolution,100.0,1
CHEBI_207229,CHEBI_168754,CHEBI_168754_CHEBI_207229,stereo_resolution,stereo_resolution,100.0,1
CHEBI_30966,CHEBI_18664,CHEBI_18664_CHEBI_30966,stereo_resolution,stereo_resolution,100.0,1
CHEBI_48526,CHEBI_48527,CHEBI_48526_CHEBI_48527,stereo_resolution,stereo_resolution,100.0,1
CHEBI_59948,CHEBI_437678,CHEBI_437678_CHEBI_59948,stereo_resolution,stereo_resolution,100.0,1
CHEBI_62103,CHEBI_61770,CHEBI_61770_CHEBI_62103,stereo_resolution,stereo_resolution,100.0,1
CHEBI_86059,CHEBI_149369,CHEBI_149369_CHEBI_86059,stereo_resolution,stereo_resolution,100.0,1
CHEBI_127110,CHEBI_130202,CHEBI_127110_CHEBI_130202,diastereomer,stereo_resolution,76.0,0
CHEBI_48565,CHEBI_48567,CHEBI_48565_CHEBI_48567,stereo_resolution,stereo_resolution,100.0,1
CHEBI_186405,CHEBI_195754,CHEBI_186405_CHEBI_195754,stereo_resolution,stereo_resolution,100.0,1
CHEBI_16114,CHEBI_6714,CHEBI_16114_CHEBI_6714,stereo_resolution,stereo_resolution,100.0,1
CHEBI_61313,CHEBI_8386,CHEBI_61313_CHEBI_8386,stereo_resolution,stereo_resolution,100.0,1
CHEBI_136991,CHEBI_197285,CHEBI_136991_CHEBI_197285,stereo_resolution,stereo_resolution,100.0,1
CHEBI_190008,CHEBI_190007,CHEBI_190007_CHEBI_190008,stereo_resolution,stereo_resolution,100.0,1
CHEBI_88206,CHEBI_60075,CHEBI_60075_CHEBI_88206,stereo_resolution,stereo_resolution,100.0,1
CHEBI_23733,CHEBI_166,CHEBI_166_CHEBI_23733,stereo_resolution,stereo_resolution,100.0,1
CHEBI_181660,CHEBI_212964,CHEBI_181660_CHEBI_212964,stereo_resolution,stereo_resolution,100.0,1
CHEBI_157200,CHEBI_157344,CHEBI_157200_CHEBI_157344,stereo_resolution,stereo_resolution,75.0,1
CHEBI_364453,CHEBI_59206,CHEBI_364453_CHEBI_59206,stereo_resolution,stereo_resolution,100.0,1
CHEBI_53458,CHEBI_145610,CHEBI_145610_CHEBI_53458,stereo_resolution,stereo_resolution,75.0,1
CHEBI_180432,CHEBI_86400,CHEBI_180432_CHEBI_86400,stereo_resolution,stereo_resolution,100.0,1
CHEBI_37464,CHEBI_37468,CHEBI_37464_CHEBI_37468,stereo_resolution,stereo_resolution,100.0,1
CHEBI_48299,CHEBI_17113,CHEBI_17113_CHEBI_48299,stereo_resolution,stereo_resolution,100.0,1
CHEBI_196996,CHEBI_67888,CHEBI_196996_CHEBI_67888,stereo_resolution,stereo_resolution,100.0,1
CHEBI_181759,CHEBI_47998,CHEBI_181759_CHEBI_47998,stereo_resolution,stereo_resolution,100.0,1
CHEBI_23053,CHEBI_33992,CHEBI_23053_CHEBI_33992,stereo_resolution,stereo_resolution,100.0,1
CHEBI_206195,CHEBI_224451,CHEBI_206195_CHEBI_224451,stereo_resolution,stereo_resolution,100.0,1
CHEBI_313639,CHEBI_60349,CHEBI_313639_CHEBI_60349,stereo_resolution,stereo_resolution,100.0,1
CHEBI_37725,CHEBI_37727,CHEBI_37725_CHEBI_37727,stereo_resolution,stereo_resolution,100.0,1
CHEBI_178383,CHEBI_47944,CHEBI_178383_CHEBI_47944,stereo_resolution,stereo_resolution,100.0,1
CHEBI_82676,CHEBI_145612,CHEBI_145612_CHEBI_82676,stereo_resolution,stereo_resolution,75.0,1
CHEBI_48445,CHEBI_48447,CHEBI_48445_CHEBI_48447,stereo_resolution,stereo_resolution,100.0,1
CHEBI_25520,CHEBI_38113,CHEBI_25520_CHEBI_38113,stereo_resolution,stereo_resolution,100.0,1
CHEBI_147155,CHEBI_155752,CHEBI_147155_CHEBI_155752,stereo_resolution,stereo_resolution,100.0,1
CHEBI_86347,CHEBI_173466,CHEBI_173466_CHEBI_86347,stereo_resolution,stereo_resolution,100.0,1
CHEBI_87576,CHEBI_87577,CHEBI_87576_CHEBI_87577,stereo_resolution,stereo_resolution,100.0,1
CHEBI_83297,CHEBI_83301,CHEBI_83297_CHEBI_83301,stereo_resolution,stereo_resolution,100.0,1
CHEBI_138244,CHEBI_138245,CHEBI_138244_CHEBI_138245,stereo_resolution,stereo_resolution,100.0,1
CHEBI_179704,CHEBI_172542,CHEBI_172542_CHEBI_179704,stereo_resolution,stereo_resolution,100.0,1
CHEBI_4670,CHEBI_59804,CHEBI_4670_CHEBI_59804,stereo_resolution,stereo_resolution,100.0,1
CHEBI_175524,CHEBI_48939,CHEBI_175524_CHEBI_48939,stereo_resolution,stereo_resolution,100.0,1
CHEBI_91539,CHEBI_5098,CHEBI_5098_CHEBI_91539,stereo_resolution,stereo_resolution,76.0,1
CHEBI_183633,CHEBI_186703,CHEBI_183633_CHEBI_186703,stereo_resolution,stereo_resolution,100.0,1
CHEBI_201899,CHEBI_204853,CHEBI_201899_CHEBI_204853,stereo_resolution,stereo_resolution,100.0,1
CHEBI_167607,CHEBI_16802,CHEBI_167607_CHEBI_16802,stereo_resolution,stereo_resolution,100.0,1
CHEBI_191217,CHEBI_191215,CHEBI_191215_CHEBI_191217,stereo_resolution,stereo_resolution,100.0,1
CHEBI_147943,CHEBI_156825,CHEBI_147943_CHEBI_156825,stereo_resolution,stereo_resolution,100.0,1
CHEBI_91682,CHEBI_31561,CHEBI_31561_CHEBI_91682,stereo_resolution,stereo_resolution,100.0,1
CHEBI_151166,CHEBI_151368,CHEBI_151166_CHEBI_151368,stereo_resolution,stereo_resolution,75.0,1
CHEBI_157200,CHEBI_157560,CHEBI_157200_CHEBI_157560,stereo_resolution,stereo_resolution,75.0,1
CHEBI_119648,CHEBI_103682,CHEBI_103682_CHEBI_119648,diastereomer,stereo_resolution,80.0,0
CHEBI_63691,CHEBI_63700,CHEBI_63691_CHEBI_63700,stereo_resolution,stereo_resolution,77.0,1
CHEBI_193379,CHEBI_185364,CHEBI_185364_CHEBI_193379,stereo_resolution,stereo_resolution,100.0,1
CHEBI_4445,CHEBI_38875,CHEBI_38875_CHEBI_4445,stereo_resolution,stereo_resolution,100.0,1
CHEBI_148308,CHEBI_154367,CHEBI_148308_CHEBI_154367,stereo_resolution,stereo_resolution,100.0,1
CHEBI_59249,CHEBI_156981,CHEBI_156981_CHEBI_59249,stereo_resolution,stereo_resolution,78.0,1
CHEBI_47933,CHEBI_47936,CHEBI_47933_CHEBI_47936,stereo_resolution,stereo_resolution,100.0,1
CHEBI_83107,CHEBI_83012,CHEBI_83012_CHEBI_83107,stereo_resolution,stereo_resolution,100.0,1
CHEBI_83658,CHEBI_83660,CHEBI_83658_CHEBI_83660,stereo_resolution,stereo_resolution,100.0,1
CHEBI_183557,CHEBI_185219,CHEBI_183557_CHEBI_185219,stereo_resolution,stereo_resolution,76.0,1
CHEBI_139463,CHEBI_94167,CHEBI_139463_CHEBI_94167,stereo_resolution,stereo_resolution,100.0,1
CHEBI_79054,CHEBI_79055,CHEBI_79054_CHEBI_79055,stereo_resolution,stereo_resolution,100.0,1
CHEBI_152344,CHEBI_146498,CHEBI_146498_CHEBI_152344,stereo_resolution,stereo_resolution,100.0,1
CHEBI_82777,CHEBI_82779,CHEBI_82777_CHEBI_82779,stereo_resolution,stereo_resolution,100.0,1
CHEBI_173611,CHEBI_73701,CHEBI_173611_CHEBI_73701,stereo_resolution,stereo_resolution,100.0,1
CHEBI_206287,CHEBI_3168,CHEBI_206287_CHEBI_3168,stereo_resolution,stereo_resolution,100.0,1
CHEBI_83208,CHEBI_83209,CHEBI_83208_CHEBI_83209,stereo_resolution,stereo_resolution,100.0,1
CHEBI_202752,CHEBI_80074,CHEBI_202752_CHEBI_80074,stereo_resolution,stereo_resolution,100.0,1
CHEBI_91495,CHEBI_5956,CHEBI_5956_CHEBI_91495,stereo_resolution,stereo_resolution,100.0,1
CHEBI_133306,CHEBI_133312,CHEBI_133306_CHEBI_133312,stereo_resolution,stereo_resolution,100.0,1
CHEBI_90387,CHEBI_90386,CHEBI_90386_CHEBI_90387,enantiomer,stereo_resolution,75.0,0
CHEBI_228217,CHEBI_228219,CHEBI_228217_CHEBI_228219,stereo_resolution,stereo_resolution,100.0,1
CHEBI_228213,CHEBI_39685,CHEBI_228213_CHEBI_39685,stereo_resolution,stereo_resolution,100.0,1
CHEBI_233009,CHEBI_47118,CHEBI_233009_CHEBI_47118,stereo_resolution,stereo_resolution,100.0,1
CHEBI_62265,CHEBI_152587,CHEBI_152587_CHEBI_62265,stereo_resolution,stereo_resolution,75.0,1
CHEBI_62759,CHEBI_62760,CHEBI_62759_CHEBI_62760,stereo_resolution,stereo_resolution,100.0,1
CHEBI_177944,CHEBI_28327,CHEBI_177944_CHEBI_28327,stereo_resolution,stereo_resolution,100.0,1
CHEBI_147192,CHEBI_155353,CHEBI_147192_CHEBI_155353,stereo_resolution,stereo_resolution,75.0,1
CHEBI_169040,CHEBI_8043,CHEBI_169040_CHEBI_8043,stereo_resolution,stereo_resolution,100.0,1
CHEBI_130080,CHEBI_127903,CHEBI_127903_CHEBI_130080,diastereomer,stereo_resolution,78.0,0
CHEBI_154373,CHEBI_90508,CHEBI_154373_CHEBI_90508,stereo_resolution,stereo_resolution,100.0,1
CHEBI_172788,CHEBI_187447,CHEBI_172788_CHEBI_187447,stereo_resolution,stereo_resolution,78.0,1
CHEBI_82674,CHEBI_147165,CHEBI_147165_CHEBI_82674,stereo_resolution,stereo_resolution,75.0,1
CHEBI_111514,CHEBI_79054,CHEBI_111514_CHEBI_79054,stereo_resolution,stereo_resolution,100.0,1
CHEBI_151744,CHEBI_61635,CHEBI_151744_CHEBI_61635,stereo_resolution,stereo_resolution,100.0,1
CHEBI_128297,CHEBI_126187,CHEBI_126187_CHEBI_128297,diastereomer,stereo_resolution,77.0,0
CHEBI_72625,CHEBI_80447,CHEBI_72625_CHEBI_80447,stereo_resolution,stereo_resolution,100.0,1
CHEBI_168226,CHEBI_146101,CHEBI_146101_CHEBI_168226,stereo_resolution,stereo_resolution,100.0,1
CHEBI_144262,CHEBI_50783,CHEBI_144262_CHEBI_50783,stereo_resolution,stereo_resolution,100.0,1
CHEBI_77054,CHEBI_77057,CHEBI_77054_CHEBI_77057,stereo_resolution,stereo_resolution,100.0,1
CHEBI_60214,CHEBI_150459,CHEBI_150459_CHEBI_60214,stereo_resolution,stereo_resolution,100.0,1
CHEBI_133643,CHEBI_133644,CHEBI_133643_CHEBI_133644,stereo_resolution,stereo_resolution,100.0,1
CHEBI_107202,CHEBI_9985,CHEBI_107202_CHEBI_9985,stereo_resolution,stereo_resolution,100.0,1
CHEBI_38974,CHEBI_38973,CHEBI_38973_CHEBI_38974,stereo_resolution,stereo_resolution,100.0,1
CHEBI_28388,CHEBI_190016,CHEBI_190016_CHEBI_28388,stereo_resolution,stereo_resolution,100.0,1
CHEBI_167638,CHEBI_167641,CHEBI_167638_CHEBI_167641,stereo_resolution,stereo_resolution,100.0,1
CHEBI_91490,CHEBI_232353,CHEBI_232353_CHEBI_91490,stereo_resolution,stereo_resolution,100.0,1
CHEBI_156740,CHEBI_156643,CHEBI_156643_CHEBI_156740,stereo_resolution,stereo_resolution,75.0,1
CHEBI_148946,CHEBI_146899,CHEBI_146899_CHEBI_148946,stereo_resolution,stereo_resolution,76.0,1
CHEBI_144332,CHEBI_146055,CHEBI_144332_CHEBI_146055,stereo_resolution,stereo_resolution,76.0,1
CHEBI_192834,CHEBI_192823,CHEBI_192823_CHEBI_192834,stereo_resolution,stereo_resolution,100.0,1
CHEBI_82873,CHEBI_82877,CHEBI_82873_CHEBI_82877,stereo_resolution,stereo_resolution,100.0,1
CHEBI_60239,CHEBI_61844,CHEBI_60239_CHEBI_61844,stereo_resolution,stereo_resolution,100.0,1
CHEBI_141536,CHEBI_70613,CHEBI_141536_CHEBI_70613,stereo_resolution,stereo_resolution,100.0,1
CHEBI_106754,CHEBI_111066,CHEBI_106754_CHEBI_111066,diastereomer,stereo_resolution,100.0,0
CHEBI_180431,CHEBI_174692,CHEBI_174692_CHEBI_180431,stereo_resolution,stereo_resolution,100.0,1
CHEBI_157747,CHEBI_165274,CHEBI_157747_CHEBI_165274,stereo_resolution,stereo_resolution,100.0,1
CHEBI_17852,CHEBI_143966,CHEBI_143966_CHEBI_17852,stereo_resolution,stereo_resolution,100.0,1
CHEBI_169578,CHEBI_16177,CHEBI_16177_CHEBI_169578,stereo_resolution,stereo_resolution,100.0,1
CHEBI_80898,CHEBI_49,CHEBI_49_CHEBI_80898,stereo_resolution,stereo_resolution,100.0,1
CHEBI_49161,CHEBI_49160,CHEBI_49160_CHEBI_49161,stereo_resolution,stereo_resolution,100.0,1
CHEBI_174227,CHEBI_18236,CHEBI_174227_CHEBI_18236,stereo_resolution,stereo_resolution,100.0,1
CHEBI_181108,CHEBI_232285,CHEBI_181108_CHEBI_232285,stereo_resolution,stereo_resolution,100.0,1
CHEBI_5615,CHEBI_49646,CHEBI_49646_CHEBI_5615,stereo_resolution,stereo_resolution,100.0,1
CHEBI_130536,CHEBI_127702,CHEBI_127702_CHEBI_130536,diastereomer,stereo_resolution,75.0,0
CHEBI_91690,CHEBI_146176,CHEBI_146176_CHEBI_91690,stereo_resolution,stereo_resolution,100.0,1
CHEBI_167166,CHEBI_16074,CHEBI_16074_CHEBI_167166,stereo_resolution,stereo_resolution,100.0,1
CHEBI_62346,CHEBI_27907,CHEBI_27907_CHEBI_62346,stereo_resolution,stereo_resolution,100.0,1
CHEBI_151683,CHEBI_151894,CHEBI_151683_CHEBI_151894,stereo_resolution,stereo_resolution,75.0,1
CHEBI_37869,CHEBI_37871,CHEBI_37869_CHEBI_37871,stereo_resolution,stereo_resolution,100.0,1
CHEBI_84008,CHEBI_84009,CHEBI_84008_CHEBI_84009,stereo_resolution,stereo_resolution,100.0,1
CHEBI_37741,CHEBI_37740,CHEBI_37740_CHEBI_37741,stereo_resolution,stereo_resolution,100.0,1
CHEBI_153683,CHEBI_147878,CHEBI_147878_CHEBI_153683,stereo_resolution,stereo_resolution,75.0,1
CHEBI_203017,CHEBI_198681,CHEBI_198681_CHEBI_203017,stereo_resolution,stereo_resolution,100.0,1
CHEBI_144708,CHEBI_180233,CHEBI_144708_CHEBI_180233,stereo_resolution,stereo_resolution,100.0,1
CHEBI_181753,CHEBI_81206,CHEBI_181753_CHEBI_81206,stereo_resolution,stereo_resolution,100.0,1
CHEBI_80075,CHEBI_211585,CHEBI_211585_CHEBI_80075,stereo_resolution,stereo_resolution,100.0,1
CHEBI_23178,CHEBI_35865,CHEBI_23178_CHEBI_35865,stereo_resolution,stereo_resolution,100.0,1
CHEBI_151167,CHEBI_150310,CHEBI_150310_CHEBI_151167,stereo_resolution,stereo_resolution,76.0,1
CHEBI_22678,CHEBI_38153,CHEBI_22678_CHEBI_38153,stereo_resolution,stereo_resolution,100.0,1
CHEBI_144332,CHEBI_146446,CHEBI_144332_CHEBI_146446,stereo_resolution,stereo_resolution,76.0,1
CHEBI_78611,CHEBI_57316,CHEBI_57316_CHEBI_78611,stereo_resolution,stereo_resolution,100.0,1
CHEBI_84025,CHEBI_131974,CHEBI_131974_CHEBI_84025,stereo_resolution,stereo_resolution,100.0,1
CHEBI_133306,CHEBI_133313,CHEBI_133306_CHEBI_133313,stereo_resolution,stereo_resolution,100.0,1
CHEBI_154519,CHEBI_153828,CHEBI_153828_CHEBI_154519,stereo_resolution,stereo_resolution,76.0,1
CHEBI_232334,CHEBI_146203,CHEBI_146203_CHEBI_232334,stereo_resolution,stereo_resolution,100.0,1
CHEBI_53453,CHEBI_61794,CHEBI_53453_CHEBI_61794,stereo_resolution,stereo_resolution,100.0,1
CHEBI_35543,CHEBI_35542,CHEBI_35542_CHEBI_35543,stereo_resolution,stereo_resolution,100.0,1
CHEBI_176817,CHEBI_6631,CHEBI_176817_CHEBI_6631,stereo_resolution,stereo_resolution,100.0,1
CHEBI_151542,CHEBI_157003,CHEBI_151542_CHEBI_157003,stereo_resolution,stereo_resolution,83.0,1
CHEBI_48250,CHEBI_48251,CHEBI_48250_CHEBI_48251,stereo_resolution,stereo_resolution,100.0,1
CHEBI_60931,CHEBI_64528,CHEBI_60931_CHEBI_64528,stereo_resolution,stereo_resolution,75.0,1
CHEBI_199933,CHEBI_189066,CHEBI_189066_CHEBI_199933,stereo_resolution,stereo_resolution,100.0,1
CHEBI_176993,CHEBI_137762,CHEBI_137762_CHEBI_176993,stereo_resolution,stereo_resolution,100.0,1
CHEBI_61548,CHEBI_58247,CHEBI_58247_CHEBI_61548,stereo_resolution,stereo_resolution,100.0,1
CHEBI_153891,CHEBI_157277,CHEBI_153891_CHEBI_157277,stereo_resolution,stereo_resolution,75.0,1
CHEBI_157723,CHEBI_182944,CHEBI_157723_CHEBI_182944,stereo_resolution,stereo_resolution,100.0,1
CHEBI_154155,CHEBI_150172,CHEBI_150172_CHEBI_154155,stereo_resolution,stereo_resolution,86.0,1
CHEBI_48670,CHEBI_48673,CHEBI_48670_CHEBI_48673,stereo_resolution,stereo_resolution,100.0,1
CHEBI_139469,CHEBI_81162,CHEBI_139469_CHEBI_81162,stereo_resolution,stereo_resolution,100.0,1
CHEBI_83036,CHEBI_231313,CHEBI_231313_CHEBI_83036,stereo_resolution,stereo_resolution,100.0,1
CHEBI_35519,CHEBI_20642,CHEBI_20642_CHEBI_35519,stereo_resolution,stereo_resolution,100.0,1
CHEBI_147878,CHEBI_148812,CHEBI_147878_CHEBI_148812,stereo_resolution,stereo_resolution,100.0,1
CHEBI_99846,CHEBI_102759,CHEBI_102759_CHEBI_99846,diastereomer,stereo_resolution,85.0,0
CHEBI_165503,CHEBI_42600,CHEBI_165503_CHEBI_42600,stereo_resolution,stereo_resolution,100.0,1
CHEBI_91038,CHEBI_91041,CHEBI_91038_CHEBI_91041,stereo_resolution,stereo_resolution,100.0,1
CHEBI_231425,CHEBI_231426,CHEBI_231425_CHEBI_231426,stereo_resolution,stereo_resolution,100.0,1
CHEBI_18377,CHEBI_60051,CHEBI_18377_CHEBI_60051,stereo_resolution,stereo_resolution,90.0,1
CHEBI_218330,CHEBI_205838,CHEBI_205838_CHEBI_218330,stereo_resolution,stereo_resolution,100.0,1
CHEBI_78315,CHEBI_9955,CHEBI_78315_CHEBI_9955,stereo_resolution,stereo_resolution,100.0,1
CHEBI_180990,CHEBI_145105,CHEBI_145105_CHEBI_180990,stereo_resolution,stereo_resolution,100.0,1
CHEBI_230300,CHEBI_84687,CHEBI_230300_CHEBI_84687,stereo_resolution,stereo_resolution,100.0,1
CHEBI_9275,CHEBI_181950,CHEBI_181950_CHEBI_9275,stereo_resolution,stereo_resolution,100.0,1
CHEBI_86061,CHEBI_72452,CHEBI_72452_CHEBI_86061,stereo_resolution,stereo_resolution,100.0,1
CHEBI_178129,CHEBI_150170,CHEBI_150170_CHEBI_178129,stereo_resolution,stereo_resolution,76.0,1
CHEBI_132127,CHEBI_132129,CHEBI_132127_CHEBI_132129,stereo_resolution,stereo_resolution,100.0,1
CHEBI_229940,CHEBI_182510,CHEBI_182510_CHEBI_229940,stereo_resolution,stereo_resolution,100.0,1
CHEBI_147648,CHEBI_157186,CHEBI_147648_CHEBI_157186,stereo_resolution,stereo_resolution,75.0,1
CHEBI_152178,CHEBI_152586,CHEBI_152178_CHEBI_152586,stereo_resolution,stereo_resolution,100.0,1
CHEBI_148890,CHEBI_153603,CHEBI_148890_CHEBI_153603,stereo_resolution,stereo_resolution,75.0,1
CHEBI_68586,CHEBI_68587,CHEBI_68586_CHEBI_68587,stereo_resolution,stereo_resolution,76.0,1
CHEBI_77132,CHEBI_142957,CHEBI_142957_CHEBI_77132,stereo_resolution,stereo_resolution,100.0,1
CHEBI_147905,CHEBI_154633,CHEBI_147905_CHEBI_154633,stereo_resolution,stereo_resolution,75.0,1
CHEBI_50586,CHEBI_23929,CHEBI_23929_CHEBI_50586,stereo_resolution,stereo_resolution,100.0,1
CHEBI_83174,CHEBI_83177,CHEBI_83174_CHEBI_83177,stereo_resolution,stereo_resolution,100.0,1
CHEBI_82023,CHEBI_83590,CHEBI_82023_CHEBI_83590,stereo_resolution,stereo_resolution,100.0,1
CHEBI_150276,CHEBI_148550,CHEBI_148550_CHEBI_150276,stereo_resolution,stereo_resolution,75.0,1
CHEBI_83366,CHEBI_83371,CHEBI_83366_CHEBI_83371,stereo_resolution,stereo_resolution,100.0,1
CHEBI_83742,CHEBI_83744,CHEBI_83742_CHEBI_83744,stereo_resolution,stereo_resolution,100.0,1
CHEBI_83138,CHEBI_83141,CHEBI_83138_CHEBI_83141,stereo_resolution,stereo_resolution,100.0,1
CHEBI_37051,CHEBI_168648,CHEBI_168648_CHEBI_37051,stereo_resolution,stereo_resolution,100.0,1
CHEBI_146718,CHEBI_157118,CHEBI_146718_CHEBI_157118,stereo_resolution,stereo_resolution,76.0,1
CHEBI_23325,CHEBI_48270,CHEBI_23325_CHEBI_48270,stereo_resolution,stereo_resolution,100.0,1
CHEBI_6178,CHEBI_28772,CHEBI_28772_CHEBI_6178,stereo_resolution,stereo_resolution,100.0,1
CHEBI_148838,CHEBI_150328,CHEBI_148838_CHEBI_150328,stereo_resolution,stereo_resolution,100.0,1
CHEBI_91523,CHEBI_2626,CHEBI_2626_CHEBI_91523,stereo_resolution,stereo_resolution,100.0,1
CHEBI_190019,CHEBI_190020,CHEBI_190019_CHEBI_190020,stereo_resolution,stereo_resolution,100.0,1
CHEBI_28093,CHEBI_15393,CHEBI_15393_CHEBI_28093,stereo_resolution,stereo_resolution,100.0,1
CHEBI_148922,CHEBI_152953,CHEBI_148922_CHEBI_152953,stereo_resolution,stereo_resolution,75.0,1
CHEBI_173277,CHEBI_155050,CHEBI_155050_CHEBI_173277,stereo_resolution,stereo_resolution,76.0,1
CHEBI_150747,CHEBI_153372,CHEBI_150747_CHEBI_153372,stereo_resolution,stereo_resolution,100.0,1
CHEBI_182582,CHEBI_84880,CHEBI_182582_CHEBI_84880,stereo_resolution,stereo_resolution,100.0,1
CHEBI_34572,CHEBI_39135,CHEBI_34572_CHEBI_39135,stereo_resolution,stereo_resolution,100.0,1
CHEBI_25164,CHEBI_28085,CHEBI_25164_CHEBI_28085,stereo_resolution,stereo_resolution,100.0,1
CHEBI_149417,CHEBI_154205,CHEBI_149417_CHEBI_154205,stereo_resolution,stereo_resolution,75.0,1
CHEBI_50257,CHEBI_50258,CHEBI_50257_CHEBI_50258,stereo_resolution,stereo_resolution,100.0,1
CHEBI_7203,CHEBI_182168,CHEBI_182168_CHEBI_7203,stereo_resolution,stereo_resolution,100.0,1
CHEBI_71456,CHEBI_76375,CHEBI_71456_CHEBI_76375,stereo_resolution,stereo_resolution,100.0,1
CHEBI_84894,CHEBI_177024,CHEBI_177024_CHEBI_84894,stereo_resolution,stereo_resolution,100.0,1
CHEBI_82873,CHEBI_82872,CHEBI_82872_CHEBI_82873,stereo_resolution,stereo_resolution,100.0,1
CHEBI_150405,CHEBI_157180,CHEBI_150405_CHEBI_157180,stereo_resolution,stereo_resolution,75.0,1
CHEBI_155603,CHEBI_149404,CHEBI_149404_CHEBI_155603,stereo_resolution,stereo_resolution,75.0,1
CHEBI_133819,CHEBI_136655,CHEBI_133819_CHEBI_136655,stereo_resolution,stereo_resolution,100.0,1
CHEBI_83851,CHEBI_83857,CHEBI_83851_CHEBI_83857,stereo_resolution,stereo_resolution,100.0,1
CHEBI_18429,CHEBI_4372,CHEBI_18429_CHEBI_4372,stereo_resolution,stereo_resolution,100.0,1
CHEBI_148968,CHEBI_153119,CHEBI_148968_CHEBI_153119,stereo_resolution,stereo_resolution,77.0,1
CHEBI_71216,CHEBI_6417,CHEBI_6417_CHEBI_71216,stereo_resolution,stereo_resolution,100.0,1
CHEBI_138122,CHEBI_138124,CHEBI_138122_CHEBI_138124,stereo_resolution,stereo_resolution,100.0,1
CHEBI_153075,CHEBI_150848,CHEBI_150848_CHEBI_153075,stereo_resolution,stereo_resolution,78.0,1
CHEBI_64224,CHEBI_64225,CHEBI_64224_CHEBI_64225,stereo_resolution,stereo_resolution,100.0,1
CHEBI_139076,CHEBI_139078,CHEBI_139076_CHEBI_139078,stereo_resolution,stereo_resolution,100.0,1
CHEBI_154101,CHEBI_147915,CHEBI_147915_CHEBI_154101,stereo_resolution,stereo_resolution,100.0,1
CHEBI_153422,CHEBI_146922,CHEBI_146922_CHEBI_153422,stereo_resolution,stereo_resolution,100.0,1
CHEBI_173295,CHEBI_75618,CHEBI_173295_CHEBI_75618,stereo_resolution,stereo_resolution,100.0,1
CHEBI_5000,CHEBI_521051,CHEBI_5000_CHEBI_521051,stereo_resolution,stereo_resolution,100.0,1
CHEBI_110185,CHEBI_94697,CHEBI_110185_CHEBI_94697,stereo_resolution,stereo_resolution,100.0,1
CHEBI_147829,CHEBI_154342,CHEBI_147829_CHEBI_154342,stereo_resolution,stereo_resolution,75.0,1
CHEBI_94315,CHEBI_7809,CHEBI_7809_CHEBI_94315,stereo_resolution,stereo_resolution,100.0,1
CHEBI_4093,CHEBI_40656,CHEBI_40656_CHEBI_4093,stereo_resolution,stereo_resolution,100.0,1
CHEBI_77585,CHEBI_77590,CHEBI_77585_CHEBI_77590,stereo_resolution,stereo_resolution,100.0,1
CHEBI_180916,CHEBI_49093,CHEBI_180916_CHEBI_49093,stereo_resolution,stereo_resolution,100.0,1
CHEBI_83598,CHEBI_83599,CHEBI_83598_CHEBI_83599,stereo_resolution,stereo_resolution,100.0,1
CHEBI_182293,CHEBI_5897,CHEBI_182293_CHEBI_5897,stereo_resolution,stereo_resolution,100.0,1
CHEBI_146885,CHEBI_150997,CHEBI_146885_CHEBI_150997,stereo_resolution,stereo_resolution,75.0,1
CHEBI_154387,CHEBI_157203,CHEBI_154387_CHEBI_157203,stereo_resolution,stereo_resolution,76.0,1
CHEBI_231571,CHEBI_62346,CHEBI_231571_CHEBI_62346,stereo_resolution,stereo_resolution,100.0,1
CHEBI_103836,CHEBI_94594,CHEBI_103836_CHEBI_94594,stereo_resolution,stereo_resolution,100.0,1
CHEBI_146995,CHEBI_146716,CHEBI_146716_CHEBI_146995,stereo_resolution,stereo_resolution,75.0,1
CHEBI_133812,CHEBI_134661,CHEBI_133812_CHEBI_134661,stereo_resolution,stereo_resolution,100.0,1
CHEBI_191705,CHEBI_214678,CHEBI_191705_CHEBI_214678,stereo_resolution,stereo_resolution,100.0,1
CHEBI_83645,CHEBI_83647,CHEBI_83645_CHEBI_83647,stereo_resolution,stereo_resolution,100.0,1
CHEBI_62029,CHEBI_62036,CHEBI_62029_CHEBI_62036,stereo_resolution,stereo_resolution,100.0,1
CHEBI_39135,CHEBI_39136,CHEBI_39135_CHEBI_39136,stereo_resolution,stereo_resolution,100.0,1
CHEBI_154741,CHEBI_153599,CHEBI_153599_CHEBI_154741,stereo_resolution,stereo_resolution,75.0,1
CHEBI_167473,CHEBI_37704,CHEBI_167473_CHEBI_37704,stereo_resolution,stereo_resolution,100.0,1
CHEBI_48674,CHEBI_48678,CHEBI_48674_CHEBI_48678,stereo_resolution,stereo_resolution,100.0,1
CHEBI_147438,CHEBI_147437,CHEBI_147437_CHEBI_147438,stereo_resolution,stereo_resolution,100.0,1
CHEBI_182337,CHEBI_71672,CHEBI_182337_CHEBI_71672,stereo_resolution,stereo_resolution,100.0,1
CHEBI_137509,CHEBI_137513,CHEBI_137509_CHEBI_137513,stereo_resolution,stereo_resolution,100.0,1
CHEBI_197031,CHEBI_185516,CHEBI_185516_CHEBI_197031,stereo_resolution,stereo_resolution,88.0,1
CHEBI_513,CHEBI_18904,CHEBI_18904_CHEBI_513,stereo_resolution,stereo_resolution,100.0,1
CHEBI_24848,CHEBI_27374,CHEBI_24848_CHEBI_27374,stereo_resolution,stereo_resolution,100.0,1
CHEBI_91069,CHEBI_90746,CHEBI_90746_CHEBI_91069,stereo_resolution,stereo_resolution,100.0,1
CHEBI_175871,CHEBI_145586,CHEBI_145586_CHEBI_175871,stereo_resolution,stereo_resolution,100.0,1
CHEBI_57734,CHEBI_58601,CHEBI_57734_CHEBI_58601,stereo_resolution,stereo_resolution,100.0,1
CHEBI_53763,CHEBI_53765,CHEBI_53763_CHEBI_53765,stereo_resolution,stereo_resolution,100.0,1
CHEBI_34911,CHEBI_62523,CHEBI_34911_CHEBI_62523,stereo_resolution,stereo_resolution,100.0,1
CHEBI_61747,CHEBI_61745,CHEBI_61745_CHEBI_61747,stereo_resolution,stereo_resolution,100.0,1
CHEBI_80050,CHEBI_192687,CHEBI_192687_CHEBI_80050,stereo_resolution,stereo_resolution,100.0,1
CHEBI_62168,CHEBI_62165,CHEBI_62165_CHEBI_62168,stereo_resolution,stereo_resolution,78.0,1
CHEBI_232155,CHEBI_183231,CHEBI_183231_CHEBI_232155,stereo_resolution,stereo_resolution,88.0,1
CHEBI_126511,CHEBI_128104,CHEBI_126511_CHEBI_128104,diastereomer,stereo_resolution,75.0,0
CHEBI_154114,CHEBI_155507,CHEBI_154114_CHEBI_155507,stereo_resolution,stereo_resolution,79.0,1
CHEBI_150178,CHEBI_156663,CHEBI_150178_CHEBI_156663,stereo_resolution,stereo_resolution,100.0,1
CHEBI_233168,CHEBI_178080,CHEBI_178080_CHEBI_233168,stereo_resolution,stereo_resolution,100.0,1
CHEBI_61075,CHEBI_71503,CHEBI_61075_CHEBI_71503,stereo_resolution,stereo_resolution,100.0,1
CHEBI_91688,CHEBI_49040,CHEBI_49040_CHEBI_91688,stereo_resolution,stereo_resolution,100.0,1
CHEBI_38853,CHEBI_38860,CHEBI_38853_CHEBI_38860,stereo_resolution,stereo_resolution,100.0,1
CHEBI_79054,CHEBI_145590,CHEBI_145590_CHEBI_79054,stereo_resolution,stereo_resolution,100.0,1
CHEBI_60841,CHEBI_60843,CHEBI_60841_CHEBI_60843,stereo_resolution,stereo_resolution,86.0,1
CHEBI_188531,CHEBI_145927,CHEBI_145927_CHEBI_188531,stereo_resolution,stereo_resolution,100.0,1
CHEBI_233697,CHEBI_233872,CHEBI_233697_CHEBI_233872,stereo_resolution,stereo_resolution,100.0,1
CHEBI_191598,CHEBI_75667,CHEBI_191598_CHEBI_75667,stereo_resolution,stereo_resolution,100.0,1
CHEBI_147124,CHEBI_146042,CHEBI_146042_CHEBI_147124,stereo_resolution,stereo_resolution,75.0,1
CHEBI_152344,CHEBI_155645,CHEBI_152344_CHEBI_155645,stereo_resolution,stereo_resolution,100.0,1
CHEBI_150470,CHEBI_157454,CHEBI_150470_CHEBI_157454,stereo_resolution,stereo_resolution,75.0,1
CHEBI_147906,CHEBI_61836,CHEBI_147906_CHEBI_61836,stereo_resolution,stereo_resolution,75.0,1
CHEBI_147438,CHEBI_147436,CHEBI_147436_CHEBI_147438,stereo_resolution,stereo_resolution,100.0,1
CHEBI_175524,CHEBI_48938,CHEBI_175524_CHEBI_48938,stereo_resolution,stereo_resolution,100.0,1
CHEBI_230570,CHEBI_188992,CHEBI_188992_CHEBI_230570,stereo_resolution,stereo_resolution,100.0,1
CHEBI_78012,CHEBI_78011,CHEBI_78011_CHEBI_78012,stereo_resolution,stereo_resolution,100.0,1
CHEBI_3084,CHEBI_59260,CHEBI_3084_CHEBI_59260,stereo_resolution,stereo_resolution,100.0,1
CHEBI_139076,CHEBI_139081,CHEBI_139076_CHEBI_139081,stereo_resolution,stereo_resolution,100.0,1
CHEBI_34974,CHEBI_9112,CHEBI_34974_CHEBI_9112,stereo_resolution,stereo_resolution,100.0,1
CHEBI_37715,CHEBI_37729,CHEBI_37715_CHEBI_37729,stereo_resolution,stereo_resolution,100.0,1
CHEBI_181036,CHEBI_75644,CHEBI_181036_CHEBI_75644,stereo_resolution,stereo_resolution,100.0,1
CHEBI_83658,CHEBI_83659,CHEBI_83658_CHEBI_83659,stereo_resolution,stereo_resolution,100.0,1
CHEBI_71556,CHEBI_71614,CHEBI_71556_CHEBI_71614,diastereomer,stereo_resolution,100.0,0
CHEBI_153357,CHEBI_154383,CHEBI_153357_CHEBI_154383,stereo_resolution,stereo_resolution,100.0,1
CHEBI_35661,CHEBI_7,CHEBI_35661_CHEBI_7,stereo_resolution,stereo_resolution,100.0,1
CHEBI_201797,CHEBI_183933,CHEBI_183933_CHEBI_201797,stereo_resolution,stereo_resolution,100.0,1
CHEBI_71053,CHEBI_151338,CHEBI_151338_CHEBI_71053,stereo_resolution,stereo_resolution,79.0,1
CHEBI_142944,CHEBI_142946,CHEBI_142944_CHEBI_142946,stereo_resolution,stereo_resolution,100.0,1
CHEBI_143194,CHEBI_49533,CHEBI_143194_CHEBI_49533,stereo_resolution,stereo_resolution,100.0,1
CHEBI_232659,CHEBI_233067,CHEBI_232659_CHEBI_233067,stereo_resolution,stereo_resolution,100.0,1
CHEBI_84847,CHEBI_86983,CHEBI_84847_CHEBI_86983,stereo_resolution,stereo_resolution,100.0,1
CHEBI_62030,CHEBI_62039,CHEBI_62030_CHEBI_62039,stereo_resolution,stereo_resolution,100.0,1
CHEBI_132127,CHEBI_75233,CHEBI_132127_CHEBI_75233,stereo_resolution,stereo_resolution,100.0,1
CHEBI_169578,CHEBI_16405,CHEBI_16405_CHEBI_169578,stereo_resolution,stereo_resolution,100.0,1
CHEBI_66953,CHEBI_18130,CHEBI_18130_CHEBI_66953,stereo_resolution,stereo_resolution,92.0,1
CHEBI_155601,CHEBI_154249,CHEBI_154249_CHEBI_155601,stereo_resolution,stereo_resolution,75.0,1
CHEBI_148141,CHEBI_147526,CHEBI_147526_CHEBI_148141,stereo_resolution,stereo_resolution,76.0,1
CHEBI_95219,CHEBI_31902,CHEBI_31902_CHEBI_95219,stereo_resolution,stereo_resolution,100.0,1
CHEBI_213390,CHEBI_198501,CHEBI_198501_CHEBI_213390,diastereomer,stereo_resolution,98.0,0
CHEBI_30265,CHEBI_48790,CHEBI_30265_CHEBI_48790,stereo_resolution,stereo_resolution,100.0,1
CHEBI_167841,CHEBI_34138,CHEBI_167841_CHEBI_34138,stereo_resolution,stereo_resolution,100.0,1
CHEBI_175156,CHEBI_76089,CHEBI_175156_CHEBI_76089,stereo_resolution,stereo_resolution,100.0,1
CHEBI_15676,CHEBI_15678,CHEBI_15676_CHEBI_15678,stereo_resolution,stereo_resolution,100.0,1
CHEBI_142232,CHEBI_141996,CHEBI_141996_CHEBI_142232,stereo_resolution,stereo_resolution,100.0,1
CHEBI_133187,CHEBI_133189,CHEBI_133187_CHEBI_133189,stereo_resolution,stereo_resolution,100.0,1
CHEBI_143353,CHEBI_16704,CHEBI_143353_CHEBI_16704,stereo_resolution,stereo_resolution,100.0,1
CHEBI_181568,CHEBI_181934,CHEBI_181568_CHEBI_181934,stereo_resolution,stereo_resolution,100.0,1
CHEBI_60298,CHEBI_153194,CHEBI_153194_CHEBI_60298,stereo_resolution,stereo_resolution,76.0,1
CHEBI_143142,CHEBI_155615,CHEBI_143142_CHEBI_155615,stereo_resolution,stereo_resolution,76.0,1
CHEBI_178140,CHEBI_141137,CHEBI_141137_CHEBI_178140,stereo_resolution,stereo_resolution,100.0,1
CHEBI_125402,CHEBI_4903,CHEBI_125402_CHEBI_4903,stereo_resolution,stereo_resolution,100.0,1
CHEBI_154540,CHEBI_178030,CHEBI_154540_CHEBI_178030,stereo_resolution,stereo_resolution,75.0,1
CHEBI_154502,CHEBI_68439,CHEBI_154502_CHEBI_68439,stereo_resolution,stereo_resolution,79.0,1
CHEBI_152599,CHEBI_148137,CHEBI_148137_CHEBI_152599,stereo_resolution,stereo_resolution,100.0,1
CHEBI_77796,CHEBI_77794,CHEBI_77794_CHEBI_77796,stereo_resolution,stereo_resolution,100.0,1
CHEBI_189201,CHEBI_95168,CHEBI_189201_CHEBI_95168,stereo_resolution,stereo_resolution,100.0,1
CHEBI_152556,CHEBI_151369,CHEBI_151369_CHEBI_152556,stereo_resolution,stereo_resolution,100.0,1
CHEBI_231938,CHEBI_62075,CHEBI_231938_CHEBI_62075,stereo_resolution,stereo_resolution,100.0,1
CHEBI_154925,CHEBI_61758,CHEBI_154925_CHEBI_61758,stereo_resolution,stereo_resolution,100.0,1
CHEBI_29640,CHEBI_63789,CHEBI_29640_CHEBI_63789,stereo_resolution,stereo_resolution,100.0,1
CHEBI_155435,CHEBI_150275,CHEBI_150275_CHEBI_155435,stereo_resolution,stereo_resolution,100.0,1
CHEBI_131801,CHEBI_131796,CHEBI_131796_CHEBI_131801,stereo_resolution,stereo_resolution,100.0,1
CHEBI_546807,CHEBI_61243,CHEBI_546807_CHEBI_61243,stereo_resolution,stereo_resolution,75.0,1
CHEBI_82647,CHEBI_82652,CHEBI_82647_CHEBI_82652,stereo_resolution,stereo_resolution,100.0,1
CHEBI_74947,CHEBI_61918,CHEBI_61918_CHEBI_74947,stereo_resolution,stereo_resolution,100.0,1
CHEBI_148029,CHEBI_152131,CHEBI_148029_CHEBI_152131,stereo_resolution,stereo_resolution,75.0,1
CHEBI_62783,CHEBI_62797,CHEBI_62783_CHEBI_62797,stereo_resolution,stereo_resolution,78.0,1
CHEBI_32168,CHEBI_64122,CHEBI_32168_CHEBI_64122,stereo_resolution,stereo_resolution,100.0,1
CHEBI_37469,CHEBI_37471,CHEBI_37469_CHEBI_37471,stereo_resolution,stereo_resolution,100.0,1
CHEBI_65192,CHEBI_156722,CHEBI_156722_CHEBI_65192,stereo_resolution,stereo_resolution,75.0,1
CHEBI_175490,CHEBI_143749,CHEBI_143749_CHEBI_175490,stereo_resolution,stereo_resolution,100.0,1
CHEBI_125455,CHEBI_81526,CHEBI_125455_CHEBI_81526,stereo_resolution,stereo_resolution,100.0,1
CHEBI_142724,CHEBI_142511,CHEBI_142511_CHEBI_142724,stereo_resolution,stereo_resolution,100.0,1
CHEBI_182073,CHEBI_28852,CHEBI_182073_CHEBI_28852,stereo_resolution,stereo_resolution,76.0,1
CHEBI_229940,CHEBI_79047,CHEBI_229940_CHEBI_79047,stereo_resolution,stereo_resolution,100.0,1
CHEBI_50246,CHEBI_50245,CHEBI_50245_CHEBI_50246,stereo_resolution,stereo_resolution,100.0,1
CHEBI_55379,CHEBI_55401,CHEBI_55379_CHEBI_55401,stereo_resolution,stereo_resolution,100.0,1
CHEBI_50006,CHEBI_50008,CHEBI_50006_CHEBI_50008,stereo_resolution,stereo_resolution,100.0,1
CHEBI_181895,CHEBI_57805,CHEBI_181895_CHEBI_57805,stereo_resolution,stereo_resolution,86.0,1
CHEBI_168734,CHEBI_6072,CHEBI_168734_CHEBI_6072,stereo_resolution,stereo_resolution,100.0,1
CHEBI_78662,CHEBI_15441,CHEBI_15441_CHEBI_78662,stereo_resolution,stereo_resolution,100.0,1
CHEBI_34752,CHEBI_187065,CHEBI_187065_CHEBI_34752,stereo_resolution,stereo_resolution,77.0,1
CHEBI_175960,CHEBI_71004,CHEBI_175960_CHEBI_71004,stereo_resolution,stereo_resolution,100.0,1
CHEBI_150842,CHEBI_148353,CHEBI_148353_CHEBI_150842,stereo_resolution,stereo_resolution,100.0,1
CHEBI_177510,CHEBI_7633,CHEBI_177510_CHEBI_7633,stereo_resolution,stereo_resolution,100.0,1
CHEBI_166516,CHEBI_196007,CHEBI_166516_CHEBI_196007,stereo_resolution,stereo_resolution,100.0,1
CHEBI_91809,CHEBI_77154,CHEBI_77154_CHEBI_91809,stereo_resolution,stereo_resolution,100.0,1
CHEBI_131763,CHEBI_131765,CHEBI_131763_CHEBI_131765,stereo_resolution,stereo_resolution,100.0,1
CHEBI_53455,CHEBI_28518,CHEBI_28518_CHEBI_53455,stereo_resolution,stereo_resolution,100.0,1
CHEBI_62263,CHEBI_150778,CHEBI_150778_CHEBI_62263,stereo_resolution,stereo_resolution,76.0,1
CHEBI_191805,CHEBI_76147,CHEBI_191805_CHEBI_76147,stereo_resolution,stereo_resolution,100.0,1
CHEBI_154381,CHEBI_154829,CHEBI_154381_CHEBI_154829,stereo_resolution,stereo_resolution,76.0,1
CHEBI_149545,CHEBI_148773,CHEBI_148773_CHEBI_149545,stereo_resolution,stereo_resolution,100.0,1
CHEBI_148351,CHEBI_71053,CHEBI_148351_CHEBI_71053,stereo_resolution,stereo_resolution,100.0,1
CHEBI_60285,CHEBI_74986,CHEBI_60285_CHEBI_74986,stereo_resolution,stereo_resolution,91.0,1
CHEBI_77898,CHEBI_77903,CHEBI_77898_CHEBI_77903,stereo_resolution,stereo_resolution,100.0,1
CHEBI_57700,CHEBI_141212,CHEBI_141212_CHEBI_57700,stereo_resolution,stereo_resolution,100.0,1
CHEBI_220778,CHEBI_69050,CHEBI_220778_CHEBI_69050,stereo_resolution,stereo_resolution,100.0,1
CHEBI_16697,CHEBI_156384,CHEBI_156384_CHEBI_16697,stereo_resolution,stereo_resolution,100.0,1
CHEBI_147859,CHEBI_152824,CHEBI_147859_CHEBI_152824,stereo_resolution,stereo_resolution,100.0,1
CHEBI_32730,CHEBI_32712,CHEBI_32712_CHEBI_32730,stereo_resolution,stereo_resolution,100.0,1
CHEBI_178679,CHEBI_58058,CHEBI_178679_CHEBI_58058,stereo_resolution,stereo_resolution,81.0,1
CHEBI_87552,CHEBI_87554,CHEBI_87552_CHEBI_87554,stereo_resolution,stereo_resolution,100.0,1
CHEBI_59563,CHEBI_87201,CHEBI_59563_CHEBI_87201,stereo_resolution,stereo_resolution,100.0,1
CHEBI_205019,CHEBI_80072,CHEBI_205019_CHEBI_80072,stereo_resolution,stereo_resolution,100.0,1
CHEBI_142494,CHEBI_150341,CHEBI_142494_CHEBI_150341,stereo_resolution,stereo_resolution,78.0,1
CHEBI_151010,CHEBI_157154,CHEBI_151010_CHEBI_157154,stereo_resolution,stereo_resolution,100.0,1
CHEBI_111514,CHEBI_47013,CHEBI_111514_CHEBI_47013,stereo_resolution,stereo_resolution,100.0,1
CHEBI_23958,CHEBI_27913,CHEBI_23958_CHEBI_27913,stereo_resolution,stereo_resolution,100.0,1
CHEBI_238698,CHEBI_59184,CHEBI_238698_CHEBI_59184,stereo_resolution,stereo_resolution,100.0,1
CHEBI_146446,CHEBI_147970,CHEBI_146446_CHEBI_147970,stereo_resolution,stereo_resolution,76.0,1
CHEBI_133464,CHEBI_233891,CHEBI_133464_CHEBI_233891,stereo_resolution,stereo_resolution,100.0,1
CHEBI_166452,CHEBI_136957,CHEBI_136957_CHEBI_166452,stereo_resolution,stereo_resolution,100.0,1
CHEBI_155161,CHEBI_152439,CHEBI_152439_CHEBI_155161,stereo_resolution,stereo_resolution,100.0,1
CHEBI_193379,CHEBI_186952,CHEBI_186952_CHEBI_193379,stereo_resolution,stereo_resolution,100.0,1
CHEBI_57734,CHEBI_58336,CHEBI_57734_CHEBI_58336,stereo_resolution,stereo_resolution,100.0,1
CHEBI_62658,CHEBI_150486,CHEBI_150486_CHEBI_62658,stereo_resolution,stereo_resolution,77.0,1
CHEBI_80408,CHEBI_44391,CHEBI_44391_CHEBI_80408,stereo_resolution,stereo_resolution,78.0,1
CHEBI_119549,CHEBI_119508,CHEBI_119508_CHEBI_119549,diastereomer,stereo_resolution,78.0,0
CHEBI_35430,CHEBI_176514,CHEBI_176514_CHEBI_35430,stereo_resolution,stereo_resolution,92.0,1
CHEBI_144332,CHEBI_52997,CHEBI_144332_CHEBI_52997,stereo_resolution,stereo_resolution,76.0,1
CHEBI_49168,CHEBI_149689,CHEBI_149689_CHEBI_49168,stereo_resolution,stereo_resolution,100.0,1
CHEBI_144332,CHEBI_53651,CHEBI_144332_CHEBI_53651,stereo_resolution,stereo_resolution,76.0,1
CHEBI_60725,CHEBI_183849,CHEBI_183849_CHEBI_60725,stereo_resolution,stereo_resolution,100.0,1
CHEBI_129506,CHEBI_125957,CHEBI_125957_CHEBI_129506,diastereomer,stereo_resolution,81.0,0
CHEBI_179573,CHEBI_177513,CHEBI_177513_CHEBI_179573,stereo_resolution,stereo_resolution,100.0,1
CHEBI_47833,CHEBI_87826,CHEBI_47833_CHEBI_87826,stereo_resolution,stereo_resolution,88.0,1
CHEBI_49301,CHEBI_49309,CHEBI_49301_CHEBI_49309,stereo_resolution,stereo_resolution,100.0,1
CHEBI_39157,CHEBI_39158,CHEBI_39157_CHEBI_39158,stereo_resolution,stereo_resolution,100.0,1
CHEBI_153599,CHEBI_148236,CHEBI_148236_CHEBI_153599,stereo_resolution,stereo_resolution,100.0,1
CHEBI_218999,CHEBI_220113,CHEBI_218999_CHEBI_220113,stereo_resolution,stereo_resolution,100.0,1
CHEBI_149378,CHEBI_157393,CHEBI_149378_CHEBI_157393,stereo_resolution,stereo_resolution,75.0,1
CHEBI_141477,CHEBI_141479,CHEBI_141477_CHEBI_141479,stereo_resolution,stereo_resolution,100.0,1
CHEBI_17306,CHEBI_18147,CHEBI_17306_CHEBI_18147,stereo_resolution,stereo_resolution,100.0,1
CHEBI_93764,CHEBI_94627,CHEBI_93764_CHEBI_94627,stereo_resolution,stereo_resolution,100.0,1
CHEBI_229017,CHEBI_156526,CHEBI_156526_CHEBI_229017,stereo_resolution,stereo_resolution,100.0,1
CHEBI_181177,CHEBI_50481,CHEBI_181177_CHEBI_50481,stereo_resolution,stereo_resolution,100.0,1
CHEBI_157730,CHEBI_138040,CHEBI_138040_CHEBI_157730,stereo_resolution,stereo_resolution,100.0,1
CHEBI_76284,CHEBI_76285,CHEBI_76284_CHEBI_76285,stereo_resolution,stereo_resolution,100.0,1
CHEBI_35519,CHEBI_20664,CHEBI_20664_CHEBI_35519,stereo_resolution,stereo_resolution,100.0,1
CHEBI_546808,CHEBI_145619,CHEBI_145619_CHEBI_546808,stereo_resolution,stereo_resolution,100.0,1
CHEBI_142228,CHEBI_142227,CHEBI_142227_CHEBI_142228,stereo_resolution,stereo_resolution,100.0,1
CHEBI_29585,CHEBI_42790,CHEBI_29585_CHEBI_42790,stereo_resolution,stereo_resolution,100.0,1
CHEBI_155877,CHEBI_63421,CHEBI_155877_CHEBI_63421,stereo_resolution,stereo_resolution,100.0,1
CHEBI_175871,CHEBI_154912,CHEBI_154912_CHEBI_175871,stereo_resolution,stereo_resolution,76.0,1
CHEBI_148029,CHEBI_71341,CHEBI_148029_CHEBI_71341,stereo_resolution,stereo_resolution,75.0,1
CHEBI_182275,CHEBI_181853,CHEBI_181853_CHEBI_182275,stereo_resolution,stereo_resolution,100.0,1
CHEBI_181909,CHEBI_31959,CHEBI_181909_CHEBI_31959,stereo_resolution,stereo_resolution,100.0,1
CHEBI_129419,CHEBI_130577,CHEBI_129419_CHEBI_130577,diastereomer,stereo_resolution,76.0,0
CHEBI_153406,CHEBI_152391,CHEBI_152391_CHEBI_153406,stereo_resolution,stereo_resolution,75.0,1
CHEBI_175876,CHEBI_153127,CHEBI_153127_CHEBI_175876,stereo_resolution,stereo_resolution,77.0,1
CHEBI_146820,CHEBI_61818,CHEBI_146820_CHEBI_61818,stereo_resolution,stereo_resolution,82.0,1
CHEBI_95822,CHEBI_96942,CHEBI_95822_CHEBI_96942,diastereomer,stereo_resolution,81.0,0
CHEBI_147767,CHEBI_153010,CHEBI_147767_CHEBI_153010,stereo_resolution,stereo_resolution,78.0,1
CHEBI_38970,CHEBI_3332,CHEBI_3332_CHEBI_38970,stereo_resolution,stereo_resolution,100.0,1
CHEBI_174364,CHEBI_80648,CHEBI_174364_CHEBI_80648,stereo_resolution,stereo_resolution,100.0,1
CHEBI_16935,CHEBI_75892,CHEBI_16935_CHEBI_75892,stereo_resolution,stereo_resolution,100.0,1
CHEBI_84024,CHEBI_131964,CHEBI_131964_CHEBI_84024,stereo_resolution,stereo_resolution,100.0,1
CHEBI_179921,CHEBI_233101,CHEBI_179921_CHEBI_233101,stereo_resolution,stereo_resolution,86.0,1
CHEBI_143036,CHEBI_178007,CHEBI_143036_CHEBI_178007,stereo_resolution,stereo_resolution,100.0,1
CHEBI_130838,CHEBI_128741,CHEBI_128741_CHEBI_130838,diastereomer,stereo_resolution,89.0,0
CHEBI_147264,CHEBI_156701,CHEBI_147264_CHEBI_156701,stereo_resolution,stereo_resolution,77.0,1
CHEBI_152693,CHEBI_157265,CHEBI_152693_CHEBI_157265,stereo_resolution,stereo_resolution,100.0,1
CHEBI_181110,CHEBI_5294,CHEBI_181110_CHEBI_5294,stereo_resolution,stereo_resolution,86.0,1
CHEBI_175435,CHEBI_16653,CHEBI_16653_CHEBI_175435,stereo_resolution,stereo_resolution,100.0,1
CHEBI_147028,CHEBI_147103,CHEBI_147028_CHEBI_147103,stereo_resolution,stereo_resolution,77.0,1
CHEBI_172911,CHEBI_73806,CHEBI_172911_CHEBI_73806,stereo_resolution,stereo_resolution,100.0,1
CHEBI_91839,CHEBI_94619,CHEBI_91839_CHEBI_94619,stereo_resolution,stereo_resolution,100.0,1
CHEBI_149398,CHEBI_153904,CHEBI_149398_CHEBI_153904,stereo_resolution,stereo_resolution,100.0,1
CHEBI_182654,CHEBI_95313,CHEBI_182654_CHEBI_95313,stereo_resolution,stereo_resolution,100.0,1
CHEBI_152469,CHEBI_62378,CHEBI_152469_CHEBI_62378,stereo_resolution,stereo_resolution,76.0,1
CHEBI_64224,CHEBI_64226,CHEBI_64224_CHEBI_64226,stereo_resolution,stereo_resolution,100.0,1
CHEBI_28980,CHEBI_51012,CHEBI_28980_CHEBI_51012,stereo_resolution,stereo_resolution,100.0,1
CHEBI_154322,CHEBI_153593,CHEBI_153593_CHEBI_154322,stereo_resolution,stereo_resolution,76.0,1
CHEBI_58555,CHEBI_156266,CHEBI_156266_CHEBI_58555,stereo_resolution,stereo_resolution,100.0,1
CHEBI_84005,CHEBI_84007,CHEBI_84005_CHEBI_84007,stereo_resolution,stereo_resolution,100.0,1
CHEBI_143543,CHEBI_16700,CHEBI_143543_CHEBI_16700,stereo_resolution,stereo_resolution,100.0,1
CHEBI_147569,CHEBI_154750,CHEBI_147569_CHEBI_154750,stereo_resolution,stereo_resolution,76.0,1
CHEBI_125388,CHEBI_125512,CHEBI_125388_CHEBI_125512,stereo_resolution,stereo_resolution,100.0,1
CHEBI_167422,CHEBI_68658,CHEBI_167422_CHEBI_68658,stereo_resolution,stereo_resolution,100.0,1
CHEBI_151391,CHEBI_154529,CHEBI_151391_CHEBI_154529,stereo_resolution,stereo_resolution,76.0,1
CHEBI_181246,CHEBI_35280,CHEBI_181246_CHEBI_35280,stereo_resolution,stereo_resolution,100.0,1
CHEBI_6418,CHEBI_74528,CHEBI_6418_CHEBI_74528,stereo_resolution,stereo_resolution,100.0,1
CHEBI_155901,CHEBI_145605,CHEBI_145605_CHEBI_155901,stereo_resolution,stereo_resolution,100.0,1
CHEBI_154946,CHEBI_152628,CHEBI_152628_CHEBI_154946,stereo_resolution,stereo_resolution,100.0,1
CHEBI_22899,CHEBI_15390,CHEBI_15390_CHEBI_22899,stereo_resolution,stereo_resolution,100.0,1
CHEBI_183576,CHEBI_168359,CHEBI_168359_CHEBI_183576,stereo_resolution,stereo_resolution,87.0,1
CHEBI_195439,CHEBI_85422,CHEBI_195439_CHEBI_85422,stereo_resolution,stereo_resolution,100.0,1
CHEBI_143739,CHEBI_89400,CHEBI_143739_CHEBI_89400,stereo_resolution,stereo_resolution,100.0,1
CHEBI_28258,CHEBI_49164,CHEBI_28258_CHEBI_49164,stereo_resolution,stereo_resolution,100.0,1
CHEBI_83786,CHEBI_83787,CHEBI_83786_CHEBI_83787,stereo_resolution,stereo_resolution,100.0,1
CHEBI_68608,CHEBI_146205,CHEBI_146205_CHEBI_68608,stereo_resolution,stereo_resolution,75.0,1
CHEBI_146107,CHEBI_148271,CHEBI_146107_CHEBI_148271,stereo_resolution,stereo_resolution,100.0,1
CHEBI_173276,CHEBI_146657,CHEBI_146657_CHEBI_173276,stereo_resolution,stereo_resolution,75.0,1
CHEBI_125453,CHEBI_125586,CHEBI_125453_CHEBI_125586,stereo_resolution,stereo_resolution,100.0,1
CHEBI_24536,CHEBI_32888,CHEBI_24536_CHEBI_32888,stereo_resolution,stereo_resolution,100.0,1
CHEBI_143528,CHEBI_46983,CHEBI_143528_CHEBI_46983,stereo_resolution,stereo_resolution,100.0,1
CHEBI_25187,CHEBI_18451,CHEBI_18451_CHEBI_25187,stereo_resolution,stereo_resolution,81.0,1
CHEBI_167473,CHEBI_37677,CHEBI_167473_CHEBI_37677,stereo_resolution,stereo_resolution,100.0,1
CHEBI_61352,CHEBI_153259,CHEBI_153259_CHEBI_61352,stereo_resolution,stereo_resolution,100.0,1
CHEBI_152314,CHEBI_147984,CHEBI_147984_CHEBI_152314,stereo_resolution,stereo_resolution,75.0,1
CHEBI_27662,CHEBI_36382,CHEBI_27662_CHEBI_36382,stereo_resolution,stereo_resolution,100.0,1
CHEBI_194221,CHEBI_113,CHEBI_113_CHEBI_194221,stereo_resolution,stereo_resolution,100.0,1
CHEBI_36775,CHEBI_15392,CHEBI_15392_CHEBI_36775,stereo_resolution,stereo_resolution,78.0,1
CHEBI_84448,CHEBI_46750,CHEBI_46750_CHEBI_84448,stereo_resolution,stereo_resolution,100.0,1
CHEBI_139536,CHEBI_165602,CHEBI_139536_CHEBI_165602,stereo_resolution,stereo_resolution,100.0,1
CHEBI_151192,CHEBI_150689,CHEBI_150689_CHEBI_151192,stereo_resolution,stereo_resolution,75.0,1
CHEBI_114099,CHEBI_114055,CHEBI_114055_CHEBI_114099,diastereomer,stereo_resolution,79.0,0
CHEBI_156575,CHEBI_156574,CHEBI_156574_CHEBI_156575,stereo_resolution,stereo_resolution,100.0,1
CHEBI_76640,CHEBI_195630,CHEBI_195630_CHEBI_76640,enantiomer,stereo_resolution,100.0,0
CHEBI_95124,CHEBI_93729,CHEBI_93729_CHEBI_95124,stereo_resolution,stereo_resolution,100.0,1
CHEBI_173889,CHEBI_155848,CHEBI_155848_CHEBI_173889,stereo_resolution,stereo_resolution,87.0,1
CHEBI_64274,CHEBI_138363,CHEBI_138363_CHEBI_64274,stereo_resolution,stereo_resolution,100.0,1
CHEBI_18887,CHEBI_16190,CHEBI_16190_CHEBI_18887,stereo_resolution,stereo_resolution,100.0,1
CHEBI_94289,CHEBI_94751,CHEBI_94289_CHEBI_94751,stereo_resolution,stereo_resolution,100.0,1
CHEBI_187221,CHEBI_34313,CHEBI_187221_CHEBI_34313,stereo_resolution,stereo_resolution,100.0,1
CHEBI_167607,CHEBI_78363,CHEBI_167607_CHEBI_78363,stereo_resolution,stereo_resolution,100.0,1
CHEBI_77796,CHEBI_77795,CHEBI_77795_CHEBI_77796,stereo_resolution,stereo_resolution,100.0,1
CHEBI_91951,CHEBI_31638,CHEBI_31638_CHEBI_91951,stereo_resolution,stereo_resolution,100.0,1
CHEBI_83872,CHEBI_75186,CHEBI_75186_CHEBI_83872,stereo_resolution,stereo_resolution,100.0,1
CHEBI_231571,CHEBI_42548,CHEBI_231571_CHEBI_42548,stereo_resolution,stereo_resolution,100.0,1
CHEBI_181046,CHEBI_64535,CHEBI_181046_CHEBI_64535,stereo_resolution,stereo_resolution,100.0,1
CHEBI_155363,CHEBI_147207,CHEBI_147207_CHEBI_155363,stereo_resolution,stereo_resolution,75.0,1
CHEBI_6178,CHEBI_28272,CHEBI_28272_CHEBI_6178,stereo_resolution,stereo_resolution,100.0,1
CHEBI_23958,CHEBI_16023,CHEBI_16023_CHEBI_23958,stereo_resolution,stereo_resolution,100.0,1
CHEBI_17742,CHEBI_71685,CHEBI_17742_CHEBI_71685,stereo_resolution,stereo_resolution,100.0,1
CHEBI_50148,CHEBI_50150,CHEBI_50148_CHEBI_50150,stereo_resolution,stereo_resolution,100.0,1
CHEBI_93777,CHEBI_46742,CHEBI_46742_CHEBI_93777,stereo_resolution,stereo_resolution,100.0,1
CHEBI_155526,CHEBI_145603,CHEBI_145603_CHEBI_155526,stereo_resolution,stereo_resolution,76.0,1
CHEBI_175876,CHEBI_151916,CHEBI_151916_CHEBI_175876,stereo_resolution,stereo_resolution,77.0,1
CHEBI_95562,CHEBI_95939,CHEBI_95562_CHEBI_95939,diastereomer,stereo_resolution,80.0,0
CHEBI_188420,CHEBI_133689,CHEBI_133689_CHEBI_188420,stereo_resolution,stereo_resolution,100.0,1
CHEBI_149540,CHEBI_144503,CHEBI_144503_CHEBI_149540,stereo_resolution,stereo_resolution,100.0,1
CHEBI_87690,CHEBI_87696,CHEBI_87690_CHEBI_87696,stereo_resolution,stereo_resolution,100.0,1
CHEBI_149462,CHEBI_149451,CHEBI_149451_CHEBI_149462,stereo_resolution,stereo_resolution,100.0,1
CHEBI_157364,CHEBI_156745,CHEBI_156745_CHEBI_157364,stereo_resolution,stereo_resolution,75.0,1
CHEBI_87690,CHEBI_87693,CHEBI_87690_CHEBI_87693,stereo_resolution,stereo_resolution,100.0,1
CHEBI_49214,CHEBI_49221,CHEBI_49214_CHEBI_49221,stereo_resolution,stereo_resolution,100.0,1
CHEBI_182278,CHEBI_215056,CHEBI_182278_CHEBI_215056,stereo_resolution,stereo_resolution,100.0,1
CHEBI_5711,CHEBI_15945,CHEBI_15945_CHEBI_5711,stereo_resolution,stereo_resolution,100.0,1
CHEBI_149402,CHEBI_150958,CHEBI_149402_CHEBI_150958,stereo_resolution,stereo_resolution,100.0,1
CHEBI_203383,CHEBI_69432,CHEBI_203383_CHEBI_69432,stereo_resolution,stereo_resolution,100.0,1
CHEBI_183869,CHEBI_142460,CHEBI_142460_CHEBI_183869,stereo_resolution,stereo_resolution,100.0,1
CHEBI_110193,CHEBI_3506,CHEBI_110193_CHEBI_3506,stereo_resolution,stereo_resolution,100.0,1
CHEBI_132233,CHEBI_42724,CHEBI_132233_CHEBI_42724,stereo_resolution,stereo_resolution,100.0,1
CHEBI_95194,CHEBI_3478,CHEBI_3478_CHEBI_95194,stereo_resolution,stereo_resolution,100.0,1
CHEBI_28980,CHEBI_51008,CHEBI_28980_CHEBI_51008,stereo_resolution,stereo_resolution,100.0,1
CHEBI_141474,CHEBI_141476,CHEBI_141474_CHEBI_141476,stereo_resolution,stereo_resolution,100.0,1
CHEBI_191972,CHEBI_186398,CHEBI_186398_CHEBI_191972,stereo_resolution,stereo_resolution,100.0,1
CHEBI_151372,CHEBI_147882,CHEBI_147882_CHEBI_151372,stereo_resolution,stereo_resolution,100.0,1
CHEBI_24130,CHEBI_35534,CHEBI_24130_CHEBI_35534,stereo_resolution,stereo_resolution,100.0,1
CHEBI_204527,CHEBI_201564,CHEBI_201564_CHEBI_204527,diastereomer,stereo_resolution,94.0,0
CHEBI_62259,CHEBI_59296,CHEBI_59296_CHEBI_62259,stereo_resolution,stereo_resolution,75.0,1
CHEBI_5571,CHEBI_15895,CHEBI_15895_CHEBI_5571,stereo_resolution,stereo_resolution,100.0,1
CHEBI_90823,CHEBI_133985,CHEBI_133985_CHEBI_90823,stereo_resolution,stereo_resolution,100.0,1
CHEBI_77585,CHEBI_77591,CHEBI_77585_CHEBI_77591,stereo_resolution,stereo_resolution,100.0,1
CHEBI_4999,CHEBI_165,CHEBI_165_CHEBI_4999,stereo_resolution,stereo_resolution,100.0,1
CHEBI_154659,CHEBI_148799,CHEBI_148799_CHEBI_154659,stereo_resolution,stereo_resolution,100.0,1
CHEBI_233616,CHEBI_233612,CHEBI_233612_CHEBI_233616,stereo_resolution,stereo_resolution,100.0,1
CHEBI_175876,CHEBI_147043,CHEBI_147043_CHEBI_175876,stereo_resolution,stereo_resolution,100.0,1
CHEBI_61635,CHEBI_62454,CHEBI_61635_CHEBI_62454,stereo_resolution,stereo_resolution,76.0,1
CHEBI_52682,CHEBI_52685,CHEBI_52682_CHEBI_52685,stereo_resolution,stereo_resolution,100.0,1
CHEBI_11805,CHEBI_141211,CHEBI_11805_CHEBI_141211,stereo_resolution,stereo_resolution,100.0,1
CHEBI_48295,CHEBI_48297,CHEBI_48295_CHEBI_48297,stereo_resolution,stereo_resolution,100.0,1
CHEBI_17742,CHEBI_62213,CHEBI_17742_CHEBI_62213,stereo_resolution,stereo_resolution,100.0,1
CHEBI_168820,CHEBI_139586,CHEBI_139586_CHEBI_168820,stereo_resolution,stereo_resolution,85.0,1
CHEBI_18115,CHEBI_16660,CHEBI_16660_CHEBI_18115,stereo_resolution,stereo_resolution,100.0,1
CHEBI_183869,CHEBI_151498,CHEBI_151498_CHEBI_183869,stereo_resolution,stereo_resolution,100.0,1
CHEBI_218999,CHEBI_29583,CHEBI_218999_CHEBI_29583,stereo_resolution,stereo_resolution,100.0,1
CHEBI_34623,CHEBI_39068,CHEBI_34623_CHEBI_39068,stereo_resolution,stereo_resolution,100.0,1
CHEBI_60243,CHEBI_61010,CHEBI_60243_CHEBI_61010,stereo_resolution,stereo_resolution,100.0,1
CHEBI_221747,CHEBI_145180,CHEBI_145180_CHEBI_221747,stereo_resolution,stereo_resolution,92.0,1
CHEBI_149098,CHEBI_154559,CHEBI_149098_CHEBI_154559,stereo_resolution,stereo_resolution,100.0,1
CHEBI_185325,CHEBI_4177,CHEBI_185325_CHEBI_4177,stereo_resolution,stereo_resolution,100.0,1
CHEBI_73037,CHEBI_71012,CHEBI_71012_CHEBI_73037,stereo_resolution,stereo_resolution,100.0,1
CHEBI_3680,CHEBI_39104,CHEBI_3680_CHEBI_39104,stereo_resolution,stereo_resolution,100.0,1
CHEBI_147978,CHEBI_150031,CHEBI_147978_CHEBI_150031,stereo_resolution,stereo_resolution,100.0,1
CHEBI_174843,CHEBI_70693,CHEBI_174843_CHEBI_70693,stereo_resolution,stereo_resolution,100.0,1
CHEBI_166774,CHEBI_15826,CHEBI_15826_CHEBI_166774,stereo_resolution,stereo_resolution,100.0,1
CHEBI_181906,CHEBI_61625,CHEBI_181906_CHEBI_61625,stereo_resolution,stereo_resolution,100.0,1
CHEBI_167422,CHEBI_125,CHEBI_125_CHEBI_167422,stereo_resolution,stereo_resolution,100.0,1
CHEBI_91937,CHEBI_10093,CHEBI_10093_CHEBI_91937,stereo_resolution,stereo_resolution,100.0,1
CHEBI_155558,CHEBI_155758,CHEBI_155558_CHEBI_155758,stereo_resolution,stereo_resolution,75.0,1
CHEBI_152365,CHEBI_151392,CHEBI_151392_CHEBI_152365,stereo_resolution,stereo_resolution,75.0,1
CHEBI_91801,CHEBI_94495,CHEBI_91801_CHEBI_94495,stereo_resolution,stereo_resolution,100.0,1
CHEBI_83996,CHEBI_83997,CHEBI_83996_CHEBI_83997,stereo_resolution,stereo_resolution,100.0,1
CHEBI_152227,CHEBI_153657,CHEBI_152227_CHEBI_153657,stereo_resolution,stereo_resolution,75.0,1
CHEBI_37615,CHEBI_33023,CHEBI_33023_CHEBI_37615,stereo_resolution,stereo_resolution,100.0,1
CHEBI_28191,CHEBI_152067,CHEBI_152067_CHEBI_28191,stereo_resolution,stereo_resolution,100.0,1
CHEBI_14885,CHEBI_50279,CHEBI_14885_CHEBI_50279,stereo_resolution,stereo_resolution,100.0,1
CHEBI_50170,CHEBI_11909,CHEBI_11909_CHEBI_50170,stereo_resolution,stereo_resolution,100.0,1
CHEBI_153936,CHEBI_146687,CHEBI_146687_CHEBI_153936,stereo_resolution,stereo_resolution,75.0,1
CHEBI_173279,CHEBI_155322,CHEBI_155322_CHEBI_173279,stereo_resolution,stereo_resolution,77.0,1
CHEBI_126632,CHEBI_126566,CHEBI_126566_CHEBI_126632,diastereomer,stereo_resolution,76.0,0
CHEBI_36740,CHEBI_28660,CHEBI_28660_CHEBI_36740,stereo_resolution,stereo_resolution,100.0,1
CHEBI_151498,CHEBI_59584,CHEBI_151498_CHEBI_59584,stereo_resolution,stereo_resolution,100.0,1
CHEBI_233713,CHEBI_78666,CHEBI_233713_CHEBI_78666,stereo_resolution,stereo_resolution,100.0,1
CHEBI_151420,CHEBI_152358,CHEBI_151420_CHEBI_152358,stereo_resolution,stereo_resolution,100.0,1
CHEBI_148850,CHEBI_70967,CHEBI_148850_CHEBI_70967,stereo_resolution,stereo_resolution,75.0,1
CHEBI_152908,CHEBI_148367,CHEBI_148367_CHEBI_152908,stereo_resolution,stereo_resolution,77.0,1
CHEBI_191373,CHEBI_191377,CHEBI_191373_CHEBI_191377,stereo_resolution,stereo_resolution,100.0,1
CHEBI_176234,CHEBI_68383,CHEBI_176234_CHEBI_68383,stereo_resolution,stereo_resolution,100.0,1
CHEBI_32168,CHEBI_64119,CHEBI_32168_CHEBI_64119,stereo_resolution,stereo_resolution,100.0,1
CHEBI_181569,CHEBI_70242,CHEBI_181569_CHEBI_70242,stereo_resolution,stereo_resolution,100.0,1
CHEBI_72821,CHEBI_230682,CHEBI_230682_CHEBI_72821,stereo_resolution,stereo_resolution,100.0,1
CHEBI_48445,CHEBI_48446,CHEBI_48445_CHEBI_48446,stereo_resolution,stereo_resolution,100.0,1
CHEBI_181806,CHEBI_63497,CHEBI_181806_CHEBI_63497,stereo_resolution,stereo_resolution,100.0,1
CHEBI_78321,CHEBI_78322,CHEBI_78321_CHEBI_78322,stereo_resolution,stereo_resolution,100.0,1
CHEBI_113716,CHEBI_111568,CHEBI_111568_CHEBI_113716,diastereomer,stereo_resolution,79.0,0
CHEBI_68527,CHEBI_68506,CHEBI_68506_CHEBI_68527,stereo_resolution,stereo_resolution,86.0,1
CHEBI_170725,CHEBI_189862,CHEBI_170725_CHEBI_189862,stereo_resolution,stereo_resolution,91.0,1
CHEBI_155161,CHEBI_49542,CHEBI_155161_CHEBI_49542,stereo_resolution,stereo_resolution,100.0,1
CHEBI_83779,CHEBI_83780,CHEBI_83779_CHEBI_83780,stereo_resolution,stereo_resolution,100.0,1
CHEBI_27707,CHEBI_145593,CHEBI_145593_CHEBI_27707,stereo_resolution,stereo_resolution,75.0,1
CHEBI_74121,CHEBI_177729,CHEBI_177729_CHEBI_74121,stereo_resolution,stereo_resolution,100.0,1
CHEBI_68527,CHEBI_67158,CHEBI_67158_CHEBI_68527,stereo_resolution,stereo_resolution,86.0,1
CHEBI_84016,CHEBI_84020,CHEBI_84016_CHEBI_84020,stereo_resolution,stereo_resolution,100.0,1
CHEBI_143243,CHEBI_8959,CHEBI_143243_CHEBI_8959,stereo_resolution,stereo_resolution,75.0,1
CHEBI_136988,CHEBI_183436,CHEBI_136988_CHEBI_183436,stereo_resolution,stereo_resolution,100.0,1
CHEBI_3398,CHEBI_59328,CHEBI_3398_CHEBI_59328,stereo_resolution,stereo_resolution,100.0,1
CHEBI_83667,CHEBI_83668,CHEBI_83667_CHEBI_83668,stereo_resolution,stereo_resolution,100.0,1
CHEBI_154544,CHEBI_156687,CHEBI_154544_CHEBI_156687,stereo_resolution,stereo_resolution,76.0,1
CHEBI_8386,CHEBI_20656,CHEBI_20656_CHEBI_8386,stereo_resolution,stereo_resolution,100.0,1
CHEBI_37677,CHEBI_37680,CHEBI_37677_CHEBI_37680,stereo_resolution,stereo_resolution,100.0,1
CHEBI_133686,CHEBI_232362,CHEBI_133686_CHEBI_232362,stereo_resolution,stereo_resolution,91.0,1
CHEBI_173278,CHEBI_153335,CHEBI_153335_CHEBI_173278,stereo_resolution,stereo_resolution,75.0,1
CHEBI_90421,CHEBI_90423,CHEBI_90421_CHEBI_90423,stereo_resolution,stereo_resolution,100.0,1
CHEBI_82979,CHEBI_82981,CHEBI_82979_CHEBI_82981,stereo_resolution,stereo_resolution,100.0,1
CHEBI_149539,CHEBI_154524,CHEBI_149539_CHEBI_154524,stereo_resolution,stereo_resolution,100.0,1
CHEBI_6642,CHEBI_5568,CHEBI_5568_CHEBI_6642,stereo_resolution,stereo_resolution,100.0,1
CHEBI_152944,CHEBI_146543,CHEBI_146543_CHEBI_152944,stereo_resolution,stereo_resolution,75.0,1
CHEBI_83079,CHEBI_83080,CHEBI_83079_CHEBI_83080,stereo_resolution,stereo_resolution,100.0,1
CHEBI_139343,CHEBI_139345,CHEBI_139343_CHEBI_139345,stereo_resolution,stereo_resolution,100.0,1
CHEBI_151900,CHEBI_157390,CHEBI_151900_CHEBI_157390,stereo_resolution,stereo_resolution,75.0,1
CHEBI_173276,CHEBI_151516,CHEBI_151516_CHEBI_173276,stereo_resolution,stereo_resolution,100.0,1
CHEBI_94445,CHEBI_60761,CHEBI_60761_CHEBI_94445,stereo_resolution,stereo_resolution,100.0,1
CHEBI_64491,CHEBI_59560,CHEBI_59560_CHEBI_64491,stereo_resolution,stereo_resolution,100.0,1
CHEBI_132185,CHEBI_138484,CHEBI_132185_CHEBI_138484,stereo_resolution,stereo_resolution,100.0,1
CHEBI_175450,CHEBI_80835,CHEBI_175450_CHEBI_80835,stereo_resolution,stereo_resolution,88.0,1
CHEBI_154771,CHEBI_152370,CHEBI_152370_CHEBI_154771,stereo_resolution,stereo_resolution,75.0,1
CHEBI_174610,CHEBI_80488,CHEBI_174610_CHEBI_80488,stereo_resolution,stereo_resolution,100.0,1
CHEBI_153001,CHEBI_151636,CHEBI_151636_CHEBI_153001,stereo_resolution,stereo_resolution,100.0,1
CHEBI_145887,CHEBI_145621,CHEBI_145621_CHEBI_145887,stereo_resolution,stereo_resolution,75.0,1
CHEBI_150018,CHEBI_229980,CHEBI_150018_CHEBI_229980,stereo_resolution,stereo_resolution,100.0,1
CHEBI_72821,CHEBI_192802,CHEBI_192802_CHEBI_72821,stereo_resolution,stereo_resolution,100.0,1
CHEBI_3619,CHEBI_59468,CHEBI_3619_CHEBI_59468,stereo_resolution,stereo_resolution,100.0,1
CHEBI_150143,CHEBI_153515,CHEBI_150143_CHEBI_153515,stereo_resolution,stereo_resolution,75.0,1
CHEBI_73054,CHEBI_77086,CHEBI_73054_CHEBI_77086,stereo_resolution,stereo_resolution,100.0,1
CHEBI_147711,CHEBI_149178,CHEBI_147711_CHEBI_149178,stereo_resolution,stereo_resolution,78.0,1
CHEBI_60286,CHEBI_73007,CHEBI_60286_CHEBI_73007,stereo_resolution,stereo_resolution,91.0,1
CHEBI_49010,CHEBI_21248,CHEBI_21248_CHEBI_49010,stereo_resolution,stereo_resolution,100.0,1
CHEBI_63691,CHEBI_63698,CHEBI_63691_CHEBI_63698,stereo_resolution,stereo_resolution,77.0,1
CHEBI_125411,CHEBI_125653,CHEBI_125411_CHEBI_125653,stereo_resolution,stereo_resolution,100.0,1
CHEBI_89575,CHEBI_232626,CHEBI_232626_CHEBI_89575,stereo_resolution,stereo_resolution,91.0,1
CHEBI_48448,CHEBI_48450,CHEBI_48448_CHEBI_48450,stereo_resolution,stereo_resolution,100.0,1
CHEBI_168323,CHEBI_138847,CHEBI_138847_CHEBI_168323,stereo_resolution,stereo_resolution,76.0,1
CHEBI_220778,CHEBI_69048,CHEBI_220778_CHEBI_69048,stereo_resolution,stereo_resolution,100.0,1
CHEBI_93851,CHEBI_3077,CHEBI_3077_CHEBI_93851,stereo_resolution,stereo_resolution,100.0,1
CHEBI_50712,CHEBI_134634,CHEBI_134634_CHEBI_50712,stereo_resolution,stereo_resolution,87.0,1
CHEBI_130523,CHEBI_127154,CHEBI_127154_CHEBI_130523,diastereomer,stereo_resolution,77.0,0
CHEBI_35097,CHEBI_39013,CHEBI_35097_CHEBI_39013,stereo_resolution,stereo_resolution,100.0,1
CHEBI_153986,CHEBI_61663,CHEBI_153986_CHEBI_61663,stereo_resolution,stereo_resolution,76.0,1
CHEBI_228774,CHEBI_34112,CHEBI_228774_CHEBI_34112,stereo_resolution,stereo_resolution,100.0,1
CHEBI_68561,CHEBI_21563,CHEBI_21563_CHEBI_68561,stereo_resolution,stereo_resolution,100.0,1
CHEBI_34839,CHEBI_39255,CHEBI_34839_CHEBI_39255,stereo_resolution,stereo_resolution,100.0,1
CHEBI_125457,CHEBI_42156,CHEBI_125457_CHEBI_42156,stereo_resolution,stereo_resolution,100.0,1
CHEBI_59177,CHEBI_59301,CHEBI_59177_CHEBI_59301,stereo_resolution,stereo_resolution,100.0,1
CHEBI_167919,CHEBI_90765,CHEBI_167919_CHEBI_90765,stereo_resolution,stereo_resolution,100.0,1
CHEBI_148542,CHEBI_193905,CHEBI_148542_CHEBI_193905,stereo_resolution,stereo_resolution,77.0,1
CHEBI_153987,CHEBI_152617,CHEBI_152617_CHEBI_153987,stereo_resolution,stereo_resolution,100.0,1
CHEBI_154169,CHEBI_146924,CHEBI_146924_CHEBI_154169,stereo_resolution,stereo_resolution,86.0,1
CHEBI_182861,CHEBI_2149,CHEBI_182861_CHEBI_2149,stereo_resolution,stereo_resolution,100.0,1
CHEBI_90718,CHEBI_83343,CHEBI_83343_CHEBI_90718,stereo_resolution,stereo_resolution,100.0,1
CHEBI_137683,CHEBI_75895,CHEBI_137683_CHEBI_75895,stereo_resolution,stereo_resolution,88.0,1
CHEBI_198206,CHEBI_226497,CHEBI_198206_CHEBI_226497,stereo_resolution,stereo_resolution,100.0,1
CHEBI_169414,CHEBI_75950,CHEBI_169414_CHEBI_75950,stereo_resolution,stereo_resolution,100.0,1
CHEBI_90075,CHEBI_90100,CHEBI_90075_CHEBI_90100,stereo_resolution,stereo_resolution,100.0,1
CHEBI_125457,CHEBI_27974,CHEBI_125457_CHEBI_27974,stereo_resolution,stereo_resolution,100.0,1
CHEBI_10284,CHEBI_229362,CHEBI_10284_CHEBI_229362,stereo_resolution,stereo_resolution,100.0,1
CHEBI_86990,CHEBI_86991,CHEBI_86990_CHEBI_86991,stereo_resolution,stereo_resolution,100.0,1
CHEBI_182587,CHEBI_19780,CHEBI_182587_CHEBI_19780,stereo_resolution,stereo_resolution,100.0,1
CHEBI_215080,CHEBI_221427,CHEBI_215080_CHEBI_221427,stereo_resolution,stereo_resolution,100.0,1
CHEBI_146464,CHEBI_71348,CHEBI_146464_CHEBI_71348,stereo_resolution,stereo_resolution,76.0,1
CHEBI_62275,CHEBI_157198,CHEBI_157198_CHEBI_62275,stereo_resolution,stereo_resolution,78.0,1
CHEBI_3419,CHEBI_59334,CHEBI_3419_CHEBI_59334,stereo_resolution,stereo_resolution,100.0,1
CHEBI_148058,CHEBI_233549,CHEBI_148058_CHEBI_233549,stereo_resolution,stereo_resolution,75.0,1
CHEBI_175876,CHEBI_146058,CHEBI_146058_CHEBI_175876,stereo_resolution,stereo_resolution,77.0,1
CHEBI_188243,CHEBI_27498,CHEBI_188243_CHEBI_27498,stereo_resolution,stereo_resolution,100.0,1
CHEBI_173278,CHEBI_152486,CHEBI_152486_CHEBI_173278,stereo_resolution,stereo_resolution,75.0,1
CHEBI_22934,CHEBI_35540,CHEBI_22934_CHEBI_35540,stereo_resolution,stereo_resolution,100.0,1
CHEBI_91839,CHEBI_92652,CHEBI_91839_CHEBI_92652,stereo_resolution,stereo_resolution,100.0,1
CHEBI_227219,CHEBI_227224,CHEBI_227219_CHEBI_227224,diastereomer,stereo_resolution,82.0,0
CHEBI_23704,CHEBI_51048,CHEBI_23704_CHEBI_51048,stereo_resolution,stereo_resolution,100.0,1
CHEBI_132814,CHEBI_147453,CHEBI_132814_CHEBI_147453,stereo_resolution,stereo_resolution,100.0,1
CHEBI_84056,CHEBI_151108,CHEBI_151108_CHEBI_84056,stereo_resolution,stereo_resolution,100.0,1
CHEBI_87723,CHEBI_87724,CHEBI_87723_CHEBI_87724,stereo_resolution,stereo_resolution,100.0,1
CHEBI_149368,CHEBI_157524,CHEBI_149368_CHEBI_157524,stereo_resolution,stereo_resolution,75.0,1
CHEBI_180953,CHEBI_16175,CHEBI_16175_CHEBI_180953,stereo_resolution,stereo_resolution,100.0,1
CHEBI_230570,CHEBI_188985,CHEBI_188985_CHEBI_230570,stereo_resolution,stereo_resolution,100.0,1
CHEBI_167958,CHEBI_7607,CHEBI_167958_CHEBI_7607,stereo_resolution,stereo_resolution,100.0,1
CHEBI_231935,CHEBI_57597,CHEBI_231935_CHEBI_57597,stereo_resolution,stereo_resolution,100.0,1
CHEBI_95348,CHEBI_94393,CHEBI_94393_CHEBI_95348,stereo_resolution,stereo_resolution,100.0,1
CHEBI_83981,CHEBI_60887,CHEBI_60887_CHEBI_83981,stereo_resolution,stereo_resolution,100.0,1
CHEBI_233009,CHEBI_233008,CHEBI_233008_CHEBI_233009,stereo_resolution,stereo_resolution,100.0,1
CHEBI_86075,CHEBI_86165,CHEBI_86075_CHEBI_86165,stereo_resolution,stereo_resolution,100.0,1
CHEBI_167309,CHEBI_167308,CHEBI_167308_CHEBI_167309,stereo_resolution,stereo_resolution,100.0,1
CHEBI_83909,CHEBI_83906,CHEBI_83906_CHEBI_83909,stereo_resolution,stereo_resolution,100.0,1
CHEBI_95202,CHEBI_178075,CHEBI_178075_CHEBI_95202,stereo_resolution,stereo_resolution,100.0,1
CHEBI_229490,CHEBI_229491,CHEBI_229490_CHEBI_229491,stereo_resolution,stereo_resolution,100.0,1
CHEBI_153270,CHEBI_157079,CHEBI_153270_CHEBI_157079,stereo_resolution,stereo_resolution,78.0,1
CHEBI_68608,CHEBI_151015,CHEBI_151015_CHEBI_68608,stereo_resolution,stereo_resolution,75.0,1
CHEBI_181978,CHEBI_177059,CHEBI_177059_CHEBI_181978,stereo_resolution,stereo_resolution,100.0,1
CHEBI_25520,CHEBI_38115,CHEBI_25520_CHEBI_38115,stereo_resolution,stereo_resolution,100.0,1
CHEBI_102167,CHEBI_102131,CHEBI_102131_CHEBI_102167,stereo_resolution,stereo_resolution,100.0,1
CHEBI_91144,CHEBI_75216,CHEBI_75216_CHEBI_91144,stereo_resolution,stereo_resolution,100.0,1
CHEBI_61680,CHEBI_211999,CHEBI_211999_CHEBI_61680,stereo_resolution,stereo_resolution,100.0,1
CHEBI_169414,CHEBI_230740,CHEBI_169414_CHEBI_230740,stereo_resolution,stereo_resolution,100.0,1
CHEBI_232659,CHEBI_233066,CHEBI_232659_CHEBI_233066,stereo_resolution,stereo_resolution,100.0,1
CHEBI_3013,CHEBI_59243,CHEBI_3013_CHEBI_59243,stereo_resolution,stereo_resolution,100.0,1
CHEBI_186330,CHEBI_63067,CHEBI_186330_CHEBI_63067,stereo_resolution,stereo_resolution,100.0,1
CHEBI_93824,CHEBI_57283,CHEBI_57283_CHEBI_93824,stereo_resolution,stereo_resolution,89.0,1
CHEBI_177273,CHEBI_141439,CHEBI_141439_CHEBI_177273,stereo_resolution,stereo_resolution,100.0,1
CHEBI_50246,CHEBI_38249,CHEBI_38249_CHEBI_50246,stereo_resolution,stereo_resolution,100.0,1
CHEBI_152221,CHEBI_149407,CHEBI_149407_CHEBI_152221,stereo_resolution,stereo_resolution,75.0,1
CHEBI_5855,CHEBI_47835,CHEBI_47835_CHEBI_5855,stereo_resolution,stereo_resolution,100.0,1
CHEBI_91759,CHEBI_95268,CHEBI_91759_CHEBI_95268,stereo_resolution,stereo_resolution,100.0,1
CHEBI_93909,CHEBI_177089,CHEBI_177089_CHEBI_93909,stereo_resolution,stereo_resolution,100.0,1
CHEBI_83617,CHEBI_83618,CHEBI_83617_CHEBI_83618,stereo_resolution,stereo_resolution,100.0,1
CHEBI_176040,CHEBI_215749,CHEBI_176040_CHEBI_215749,stereo_resolution,stereo_resolution,89.0,1
CHEBI_153210,CHEBI_150381,CHEBI_150381_CHEBI_153210,stereo_resolution,stereo_resolution,100.0,1
CHEBI_220914,CHEBI_202635,CHEBI_202635_CHEBI_220914,stereo_resolution,stereo_resolution,100.0,1
CHEBI_37741,CHEBI_37744,CHEBI_37741_CHEBI_37744,stereo_resolution,stereo_resolution,100.0,1
CHEBI_49088,CHEBI_49090,CHEBI_49088_CHEBI_49090,stereo_resolution,stereo_resolution,100.0,1
CHEBI_138843,CHEBI_136703,CHEBI_136703_CHEBI_138843,stereo_resolution,stereo_resolution,100.0,1
CHEBI_149231,CHEBI_143142,CHEBI_143142_CHEBI_149231,stereo_resolution,stereo_resolution,75.0,1
CHEBI_35687,CHEBI_45475,CHEBI_35687_CHEBI_45475,stereo_resolution,stereo_resolution,100.0,1
CHEBI_91355,CHEBI_94968,CHEBI_91355_CHEBI_94968,stereo_resolution,stereo_resolution,100.0,1
CHEBI_132185,CHEBI_182524,CHEBI_132185_CHEBI_182524,stereo_resolution,stereo_resolution,100.0,1
CHEBI_95113,CHEBI_126,CHEBI_126_CHEBI_95113,stereo_resolution,stereo_resolution,100.0,1
CHEBI_64274,CHEBI_138597,CHEBI_138597_CHEBI_64274,stereo_resolution,stereo_resolution,100.0,1
CHEBI_157723,CHEBI_196239,CHEBI_157723_CHEBI_196239,stereo_resolution,stereo_resolution,100.0,1
CHEBI_165732,CHEBI_167602,CHEBI_165732_CHEBI_167602,stereo_resolution,stereo_resolution,100.0,1
CHEBI_231571,CHEBI_63152,CHEBI_231571_CHEBI_63152,stereo_resolution,stereo_resolution,100.0,1
CHEBI_77401,CHEBI_51174,CHEBI_51174_CHEBI_77401,stereo_resolution,stereo_resolution,100.0,1
CHEBI_151938,CHEBI_154275,CHEBI_151938_CHEBI_154275,stereo_resolution,stereo_resolution,76.0,1
CHEBI_86972,CHEBI_86979,CHEBI_86972_CHEBI_86979,stereo_resolution,stereo_resolution,100.0,1
CHEBI_181948,CHEBI_16286,CHEBI_16286_CHEBI_181948,stereo_resolution,stereo_resolution,100.0,1
CHEBI_149542,CHEBI_148879,CHEBI_148879_CHEBI_149542,stereo_resolution,stereo_resolution,100.0,1
CHEBI_28516,CHEBI_44343,CHEBI_28516_CHEBI_44343,stereo_resolution,stereo_resolution,100.0,1
CHEBI_228605,CHEBI_182342,CHEBI_182342_CHEBI_228605,stereo_resolution,stereo_resolution,100.0,1
CHEBI_154754,CHEBI_65124,CHEBI_154754_CHEBI_65124,stereo_resolution,stereo_resolution,75.0,1
CHEBI_4093,CHEBI_37686,CHEBI_37686_CHEBI_4093,stereo_resolution,stereo_resolution,100.0,1
CHEBI_85269,CHEBI_85273,CHEBI_85269_CHEBI_85273,stereo_resolution,stereo_resolution,100.0,1
CHEBI_181046,CHEBI_215172,CHEBI_181046_CHEBI_215172,stereo_resolution,stereo_resolution,100.0,1
CHEBI_150634,CHEBI_157591,CHEBI_150634_CHEBI_157591,stereo_resolution,stereo_resolution,100.0,1
CHEBI_232300,CHEBI_77137,CHEBI_232300_CHEBI_77137,stereo_resolution,stereo_resolution,100.0,1
CHEBI_71455,CHEBI_76373,CHEBI_71455_CHEBI_76373,stereo_resolution,stereo_resolution,100.0,1
CHEBI_199339,CHEBI_86570,CHEBI_199339_CHEBI_86570,stereo_resolution,stereo_resolution,100.0,1
CHEBI_84016,CHEBI_84019,CHEBI_84016_CHEBI_84019,stereo_resolution,stereo_resolution,100.0,1
CHEBI_82892,CHEBI_82894,CHEBI_82892_CHEBI_82894,stereo_resolution,stereo_resolution,100.0,1
CHEBI_177263,CHEBI_10329,CHEBI_10329_CHEBI_177263,stereo_resolution,stereo_resolution,100.0,1
CHEBI_191121,CHEBI_191034,CHEBI_191034_CHEBI_191121,diastereomer,stereo_resolution,78.0,0
CHEBI_135005,CHEBI_94468,CHEBI_135005_CHEBI_94468,stereo_resolution,stereo_resolution,100.0,1
CHEBI_184885,CHEBI_145228,CHEBI_145228_CHEBI_184885,stereo_resolution,stereo_resolution,100.0,1
CHEBI_20056,CHEBI_57938,CHEBI_20056_CHEBI_57938,stereo_resolution,stereo_resolution,81.0,1
CHEBI_184519,CHEBI_192864,CHEBI_184519_CHEBI_192864,stereo_resolution,stereo_resolution,91.0,1
CHEBI_193338,CHEBI_157861,CHEBI_157861_CHEBI_193338,stereo_resolution,stereo_resolution,100.0,1
CHEBI_154225,CHEBI_152350,CHEBI_152350_CHEBI_154225,stereo_resolution,stereo_resolution,75.0,1
CHEBI_183869,CHEBI_62356,CHEBI_183869_CHEBI_62356,stereo_resolution,stereo_resolution,76.0,1
CHEBI_183108,CHEBI_180968,CHEBI_180968_CHEBI_183108,stereo_resolution,stereo_resolution,100.0,1
CHEBI_77070,CHEBI_77072,CHEBI_77070_CHEBI_77072,stereo_resolution,stereo_resolution,100.0,1
CHEBI_218330,CHEBI_208293,CHEBI_208293_CHEBI_218330,stereo_resolution,stereo_resolution,100.0,1
CHEBI_153871,CHEBI_146820,CHEBI_146820_CHEBI_153871,stereo_resolution,stereo_resolution,100.0,1
CHEBI_183878,CHEBI_16587,CHEBI_16587_CHEBI_183878,stereo_resolution,stereo_resolution,100.0,1
CHEBI_181869,CHEBI_67977,CHEBI_181869_CHEBI_67977,stereo_resolution,stereo_resolution,100.0,1
CHEBI_62780,CHEBI_62798,CHEBI_62780_CHEBI_62798,stereo_resolution,stereo_resolution,76.0,1
CHEBI_16431,CHEBI_82206,CHEBI_16431_CHEBI_82206,stereo_resolution,stereo_resolution,100.0,1
CHEBI_150283,CHEBI_157095,CHEBI_150283_CHEBI_157095,stereo_resolution,stereo_resolution,100.0,1
CHEBI_181838,CHEBI_67643,CHEBI_181838_CHEBI_67643,stereo_resolution,stereo_resolution,100.0,1
CHEBI_152726,CHEBI_157142,CHEBI_152726_CHEBI_157142,stereo_resolution,stereo_resolution,100.0,1
CHEBI_83909,CHEBI_83911,CHEBI_83909_CHEBI_83911,stereo_resolution,stereo_resolution,100.0,1
CHEBI_83593,CHEBI_82023,CHEBI_82023_CHEBI_83593,stereo_resolution,stereo_resolution,100.0,1
CHEBI_83632,CHEBI_83636,CHEBI_83632_CHEBI_83636,stereo_resolution,stereo_resolution,100.0,1
CHEBI_50515,CHEBI_50516,CHEBI_50515_CHEBI_50516,stereo_resolution,stereo_resolution,100.0,1
CHEBI_32343,CHEBI_32342,CHEBI_32342_CHEBI_32343,diastereomer,stereo_resolution,100.0,0
CHEBI_2654,CHEBI_53790,CHEBI_2654_CHEBI_53790,stereo_resolution,stereo_resolution,100.0,1
CHEBI_84146,CHEBI_86098,CHEBI_84146_CHEBI_86098,stereo_resolution,stereo_resolution,100.0,1
CHEBI_154611,CHEBI_152532,CHEBI_152532_CHEBI_154611,stereo_resolution,stereo_resolution,100.0,1
CHEBI_151861,CHEBI_157016,CHEBI_151861_CHEBI_157016,stereo_resolution,stereo_resolution,100.0,1
CHEBI_73028,CHEBI_86047,CHEBI_73028_CHEBI_86047,stereo_resolution,stereo_resolution,100.0,1
CHEBI_172615,CHEBI_52386,CHEBI_172615_CHEBI_52386,stereo_resolution,stereo_resolution,100.0,1
CHEBI_63681,CHEBI_63684,CHEBI_63681_CHEBI_63684,stereo_resolution,stereo_resolution,100.0,1
CHEBI_50027,CHEBI_50028,CHEBI_50027_CHEBI_50028,stereo_resolution,stereo_resolution,100.0,1
CHEBI_167473,CHEBI_86059,CHEBI_167473_CHEBI_86059,stereo_resolution,stereo_resolution,100.0,1
CHEBI_150634,CHEBI_150186,CHEBI_150186_CHEBI_150634,stereo_resolution,stereo_resolution,100.0,1
CHEBI_64019,CHEBI_64020,CHEBI_64019_CHEBI_64020,stereo_resolution,stereo_resolution,100.0,1
CHEBI_181104,CHEBI_229987,CHEBI_181104_CHEBI_229987,stereo_resolution,stereo_resolution,100.0,1
CHEBI_157730,CHEBI_10278,CHEBI_10278_CHEBI_157730,stereo_resolution,stereo_resolution,100.0,1
CHEBI_193906,CHEBI_204012,CHEBI_193906_CHEBI_204012,stereo_resolution,stereo_resolution,100.0,1
CHEBI_142044,CHEBI_142043,CHEBI_142043_CHEBI_142044,stereo_resolution,stereo_resolution,100.0,1
CHEBI_91315,CHEBI_91316,CHEBI_91315_CHEBI_91316,stereo_resolution,stereo_resolution,100.0,1
CHEBI_82688,CHEBI_154711,CHEBI_154711_CHEBI_82688,stereo_resolution,stereo_resolution,77.0,1
CHEBI_64052,CHEBI_145616,CHEBI_145616_CHEBI_64052,stereo_resolution,stereo_resolution,75.0,1
CHEBI_83174,CHEBI_83179,CHEBI_83174_CHEBI_83179,stereo_resolution,stereo_resolution,100.0,1
CHEBI_156758,CHEBI_63233,CHEBI_156758_CHEBI_63233,stereo_resolution,stereo_resolution,100.0,1
CHEBI_173119,CHEBI_176336,CHEBI_173119_CHEBI_176336,stereo_resolution,stereo_resolution,100.0,1
CHEBI_155288,CHEBI_157032,CHEBI_155288_CHEBI_157032,stereo_resolution,stereo_resolution,79.0,1
CHEBI_168886,CHEBI_81321,CHEBI_168886_CHEBI_81321,stereo_resolution,stereo_resolution,100.0,1
CHEBI_182926,CHEBI_75589,CHEBI_182926_CHEBI_75589,stereo_resolution,stereo_resolution,100.0,1
CHEBI_90075,CHEBI_90103,CHEBI_90075_CHEBI_90103,stereo_resolution,stereo_resolution,100.0,1
CHEBI_7570,CHEBI_61110,CHEBI_61110_CHEBI_7570,stereo_resolution,stereo_resolution,76.0,1
CHEBI_35637,CHEBI_35636,CHEBI_35636_CHEBI_35637,stereo_resolution,stereo_resolution,100.0,1
CHEBI_154225,CHEBI_145885,CHEBI_145885_CHEBI_154225,stereo_resolution,stereo_resolution,100.0,1
CHEBI_83686,CHEBI_83688,CHEBI_83686_CHEBI_83688,stereo_resolution,stereo_resolution,100.0,1
CHEBI_7611,CHEBI_32947,CHEBI_32947_CHEBI_7611,stereo_resolution,stereo_resolution,100.0,1
CHEBI_181906,CHEBI_62103,CHEBI_181906_CHEBI_62103,stereo_resolution,stereo_resolution,100.0,1
CHEBI_148683,CHEBI_157487,CHEBI_148683_CHEBI_157487,stereo_resolution,stereo_resolution,75.0,1
CHEBI_26745,CHEBI_35538,CHEBI_26745_CHEBI_35538,stereo_resolution,stereo_resolution,100.0,1
CHEBI_147086,CHEBI_148874,CHEBI_147086_CHEBI_148874,stereo_resolution,stereo_resolution,75.0,1
CHEBI_146718,CHEBI_87450,CHEBI_146718_CHEBI_87450,stereo_resolution,stereo_resolution,76.0,1
CHEBI_152179,CHEBI_154375,CHEBI_152179_CHEBI_154375,stereo_resolution,stereo_resolution,100.0,1
CHEBI_95209,CHEBI_73681,CHEBI_73681_CHEBI_95209,stereo_resolution,stereo_resolution,100.0,1
CHEBI_173279,CHEBI_152535,CHEBI_152535_CHEBI_173279,stereo_resolution,stereo_resolution,77.0,1
CHEBI_28714,CHEBI_176509,CHEBI_176509_CHEBI_28714,stereo_resolution,stereo_resolution,100.0,1
CHEBI_171836,CHEBI_209150,CHEBI_171836_CHEBI_209150,stereo_resolution,stereo_resolution,100.0,1
CHEBI_62064,CHEBI_75460,CHEBI_62064_CHEBI_75460,stereo_resolution,stereo_resolution,100.0,1
CHEBI_169997,CHEBI_57901,CHEBI_169997_CHEBI_57901,stereo_resolution,stereo_resolution,87.0,1
CHEBI_157089,CHEBI_71557,CHEBI_157089_CHEBI_71557,stereo_resolution,stereo_resolution,100.0,1
CHEBI_142044,CHEBI_142084,CHEBI_142044_CHEBI_142084,stereo_resolution,stereo_resolution,100.0,1
CHEBI_191598,CHEBI_75670,CHEBI_191598_CHEBI_75670,stereo_resolution,stereo_resolution,100.0,1
CHEBI_85197,CHEBI_58797,CHEBI_58797_CHEBI_85197,stereo_resolution,stereo_resolution,100.0,1
CHEBI_93763,CHEBI_94606,CHEBI_93763_CHEBI_94606,stereo_resolution,stereo_resolution,100.0,1
CHEBI_180192,CHEBI_79019,CHEBI_180192_CHEBI_79019,stereo_resolution,stereo_resolution,100.0,1
CHEBI_125371,CHEBI_50305,CHEBI_125371_CHEBI_50305,stereo_resolution,stereo_resolution,100.0,1
CHEBI_157385,CHEBI_154765,CHEBI_154765_CHEBI_157385,stereo_resolution,stereo_resolution,100.0,1
CHEBI_83271,CHEBI_83270,CHEBI_83270_CHEBI_83271,stereo_resolution,stereo_resolution,100.0,1
CHEBI_15592,CHEBI_35121,CHEBI_15592_CHEBI_35121,stereo_resolution,stereo_resolution,100.0,1
CHEBI_157631,CHEBI_157629,CHEBI_157629_CHEBI_157631,stereo_resolution,stereo_resolution,100.0,1
CHEBI_127100,CHEBI_127340,CHEBI_127100_CHEBI_127340,diastereomer,stereo_resolution,88.0,0
CHEBI_127974,CHEBI_128365,CHEBI_127974_CHEBI_128365,diastereomer,stereo_resolution,100.0,0
CHEBI_150275,CHEBI_157575,CHEBI_150275_CHEBI_157575,stereo_resolution,stereo_resolution,75.0,1
CHEBI_126004,CHEBI_129201,CHEBI_126004_CHEBI_129201,diastereomer,stereo_resolution,100.0,0
CHEBI_83221,CHEBI_74611,CHEBI_74611_CHEBI_83221,stereo_resolution,stereo_resolution,100.0,1
CHEBI_181473,CHEBI_168966,CHEBI_168966_CHEBI_181473,stereo_resolution,stereo_resolution,100.0,1
CHEBI_150353,CHEBI_154088,CHEBI_150353_CHEBI_154088,stereo_resolution,stereo_resolution,75.0,1
CHEBI_141283,CHEBI_59959,CHEBI_141283_CHEBI_59959,stereo_resolution,stereo_resolution,100.0,1
CHEBI_84906,CHEBI_65123,CHEBI_65123_CHEBI_84906,stereo_resolution,stereo_resolution,75.0,1
CHEBI_147812,CHEBI_152188,CHEBI_147812_CHEBI_152188,stereo_resolution,stereo_resolution,100.0,1
CHEBI_148590,CHEBI_149285,CHEBI_148590_CHEBI_149285,stereo_resolution,stereo_resolution,100.0,1
CHEBI_218513,CHEBI_193003,CHEBI_193003_CHEBI_218513,stereo_resolution,stereo_resolution,100.0,1
CHEBI_136682,CHEBI_134199,CHEBI_134199_CHEBI_136682,stereo_resolution,stereo_resolution,100.0,1
CHEBI_153132,CHEBI_153984,CHEBI_153132_CHEBI_153984,stereo_resolution,stereo_resolution,77.0,1
CHEBI_75539,CHEBI_75529,CHEBI_75529_CHEBI_75539,stereo_resolution,stereo_resolution,100.0,1
CHEBI_167347,CHEBI_138051,CHEBI_138051_CHEBI_167347,stereo_resolution,stereo_resolution,100.0,1
CHEBI_181710,CHEBI_106,CHEBI_106_CHEBI_181710,stereo_resolution,stereo_resolution,100.0,1
CHEBI_83128,CHEBI_83130,CHEBI_83128_CHEBI_83130,stereo_resolution,stereo_resolution,76.0,1
CHEBI_194200,CHEBI_194201,CHEBI_194200_CHEBI_194201,stereo_resolution,stereo_resolution,100.0,1
CHEBI_133040,CHEBI_143812,CHEBI_133040_CHEBI_143812,stereo_resolution,stereo_resolution,86.0,1
CHEBI_181444,CHEBI_16634,CHEBI_16634_CHEBI_181444,stereo_resolution,stereo_resolution,100.0,1
CHEBI_228166,CHEBI_77125,CHEBI_228166_CHEBI_77125,stereo_resolution,stereo_resolution,100.0,1
CHEBI_181710,CHEBI_8243,CHEBI_181710_CHEBI_8243,stereo_resolution,stereo_resolution,100.0,1
CHEBI_34865,CHEBI_79671,CHEBI_34865_CHEBI_79671,stereo_resolution,stereo_resolution,100.0,1
CHEBI_5571,CHEBI_177057,CHEBI_177057_CHEBI_5571,stereo_resolution,stereo_resolution,100.0,1
CHEBI_181177,CHEBI_68381,CHEBI_181177_CHEBI_68381,stereo_resolution,stereo_resolution,100.0,1
CHEBI_153012,CHEBI_154108,CHEBI_153012_CHEBI_154108,stereo_resolution,stereo_resolution,100.0,1
CHEBI_90821,CHEBI_57446,CHEBI_57446_CHEBI_90821,stereo_resolution,stereo_resolution,100.0,1
CHEBI_57629,CHEBI_57684,CHEBI_57629_CHEBI_57684,stereo_resolution,stereo_resolution,100.0,1
CHEBI_167841,CHEBI_34140,CHEBI_167841_CHEBI_34140,stereo_resolution,stereo_resolution,100.0,1
CHEBI_141633,CHEBI_194530,CHEBI_141633_CHEBI_194530,stereo_resolution,stereo_resolution,100.0,1
CHEBI_49088,CHEBI_49089,CHEBI_49088_CHEBI_49089,stereo_resolution,stereo_resolution,100.0,1
CHEBI_190729,CHEBI_80706,CHEBI_190729_CHEBI_80706,stereo_resolution,stereo_resolution,100.0,1
CHEBI_4034,CHEBI_39309,CHEBI_39309_CHEBI_4034,stereo_resolution,stereo_resolution,76.0,1
CHEBI_67218,CHEBI_67221,CHEBI_67218_CHEBI_67221,stereo_resolution,stereo_resolution,100.0,1
CHEBI_91723,CHEBI_182357,CHEBI_182357_CHEBI_91723,stereo_resolution,stereo_resolution,100.0,1
CHEBI_175871,CHEBI_151406,CHEBI_151406_CHEBI_175871,stereo_resolution,stereo_resolution,76.0,1
CHEBI_148302,CHEBI_157306,CHEBI_148302_CHEBI_157306,stereo_resolution,stereo_resolution,75.0,1
CHEBI_28681,CHEBI_50672,CHEBI_28681_CHEBI_50672,stereo_resolution,stereo_resolution,75.0,1
CHEBI_63141,CHEBI_152269,CHEBI_152269_CHEBI_63141,stereo_resolution,stereo_resolution,100.0,1
CHEBI_57736,CHEBI_83903,CHEBI_57736_CHEBI_83903,stereo_resolution,stereo_resolution,100.0,1
CHEBI_38650,CHEBI_38651,CHEBI_38650_CHEBI_38651,stereo_resolution,stereo_resolution,100.0,1
CHEBI_155483,CHEBI_154396,CHEBI_154396_CHEBI_155483,stereo_resolution,stereo_resolution,100.0,1
CHEBI_30885,CHEBI_30886,CHEBI_30885_CHEBI_30886,stereo_resolution,stereo_resolution,100.0,1
CHEBI_155080,CHEBI_151384,CHEBI_151384_CHEBI_155080,stereo_resolution,stereo_resolution,75.0,1
CHEBI_136570,CHEBI_59560,CHEBI_136570_CHEBI_59560,stereo_resolution,stereo_resolution,100.0,1
CHEBI_84146,CHEBI_71567,CHEBI_71567_CHEBI_84146,stereo_resolution,stereo_resolution,100.0,1
CHEBI_84032,CHEBI_138002,CHEBI_138002_CHEBI_84032,stereo_resolution,stereo_resolution,100.0,1
CHEBI_99568,CHEBI_110940,CHEBI_110940_CHEBI_99568,diastereomer,stereo_resolution,81.0,0
CHEBI_166840,CHEBI_180914,CHEBI_166840_CHEBI_180914,stereo_resolution,stereo_resolution,100.0,1
CHEBI_142044,CHEBI_81378,CHEBI_142044_CHEBI_81378,stereo_resolution,stereo_resolution,100.0,1
CHEBI_182308,CHEBI_4806,CHEBI_182308_CHEBI_4806,stereo_resolution,stereo_resolution,100.0,1
CHEBI_77817,CHEBI_77821,CHEBI_77817_CHEBI_77821,stereo_resolution,stereo_resolution,100.0,1
CHEBI_15833,CHEBI_195854,CHEBI_15833_CHEBI_195854,stereo_resolution,stereo_resolution,100.0,1
CHEBI_148590,CHEBI_153678,CHEBI_148590_CHEBI_153678,stereo_resolution,stereo_resolution,100.0,1
CHEBI_139040,CHEBI_139042,CHEBI_139040_CHEBI_139042,stereo_resolution,stereo_resolution,100.0,1
CHEBI_145406,CHEBI_145403,CHEBI_145403_CHEBI_145406,stereo_resolution,stereo_resolution,100.0,1
CHEBI_182313,CHEBI_211815,CHEBI_182313_CHEBI_211815,stereo_resolution,stereo_resolution,100.0,1
CHEBI_90825,CHEBI_90818,CHEBI_90818_CHEBI_90825,stereo_resolution,stereo_resolution,100.0,1
CHEBI_28654,CHEBI_228255,CHEBI_228255_CHEBI_28654,stereo_resolution,stereo_resolution,100.0,1
CHEBI_59249,CHEBI_64296,CHEBI_59249_CHEBI_64296,stereo_resolution,stereo_resolution,78.0,1
CHEBI_4139,CHEBI_27667,CHEBI_27667_CHEBI_4139,stereo_resolution,stereo_resolution,100.0,1
CHEBI_63141,CHEBI_149361,CHEBI_149361_CHEBI_63141,stereo_resolution,stereo_resolution,100.0,1
CHEBI_23966,CHEBI_20670,CHEBI_20670_CHEBI_23966,stereo_resolution,stereo_resolution,100.0,1
CHEBI_29585,CHEBI_145084,CHEBI_145084_CHEBI_29585,stereo_resolution,stereo_resolution,100.0,1
CHEBI_145520,CHEBI_145533,CHEBI_145520_CHEBI_145533,stereo_resolution,stereo_resolution,100.0,1
CHEBI_23704,CHEBI_51046,CHEBI_23704_CHEBI_51046,stereo_resolution,stereo_resolution,100.0,1
CHEBI_167044,CHEBI_220817,CHEBI_167044_CHEBI_220817,stereo_resolution,stereo_resolution,100.0,1
CHEBI_47798,CHEBI_8454,CHEBI_47798_CHEBI_8454,stereo_resolution,stereo_resolution,100.0,1
CHEBI_183969,CHEBI_75854,CHEBI_183969_CHEBI_75854,stereo_resolution,stereo_resolution,100.0,1
CHEBI_176240,CHEBI_189496,CHEBI_176240_CHEBI_189496,stereo_resolution,stereo_resolution,100.0,1
CHEBI_143155,CHEBI_143153,CHEBI_143153_CHEBI_143155,stereo_resolution,stereo_resolution,100.0,1
CHEBI_191700,CHEBI_15336,CHEBI_15336_CHEBI_191700,stereo_resolution,stereo_resolution,100.0,1
CHEBI_2668,CHEBI_53796,CHEBI_2668_CHEBI_53796,stereo_resolution,stereo_resolution,100.0,1
CHEBI_50462,CHEBI_10360,CHEBI_10360_CHEBI_50462,stereo_resolution,stereo_resolution,100.0,1
CHEBI_61747,CHEBI_60659,CHEBI_60659_CHEBI_61747,stereo_resolution,stereo_resolution,100.0,1
CHEBI_190960,CHEBI_89779,CHEBI_190960_CHEBI_89779,stereo_resolution,stereo_resolution,100.0,1
CHEBI_137932,CHEBI_17426,CHEBI_137932_CHEBI_17426,enantiomer,stereo_resolution,100.0,0
CHEBI_217874,CHEBI_217092,CHEBI_217092_CHEBI_217874,diastereomer,stereo_resolution,86.0,0
CHEBI_147569,CHEBI_155103,CHEBI_147569_CHEBI_155103,stereo_resolution,stereo_resolution,76.0,1
CHEBI_95738,CHEBI_96707,CHEBI_95738_CHEBI_96707,diastereomer,stereo_resolution,77.0,0
CHEBI_48946,CHEBI_145932,CHEBI_145932_CHEBI_48946,stereo_resolution,stereo_resolution,100.0,1
CHEBI_166493,CHEBI_192851,CHEBI_166493_CHEBI_192851,stereo_resolution,stereo_resolution,100.0,1
CHEBI_152439,CHEBI_153440,CHEBI_152439_CHEBI_153440,stereo_resolution,stereo_resolution,100.0,1
CHEBI_145743,CHEBI_166670,CHEBI_145743_CHEBI_166670,stereo_resolution,stereo_resolution,100.0,1
CHEBI_153255,CHEBI_156656,CHEBI_153255_CHEBI_156656,stereo_resolution,stereo_resolution,75.0,1
CHEBI_21305,CHEBI_192480,CHEBI_192480_CHEBI_21305,stereo_resolution,stereo_resolution,100.0,1
CHEBI_15941,CHEBI_48969,CHEBI_15941_CHEBI_48969,stereo_resolution,stereo_resolution,100.0,1
CHEBI_144034,CHEBI_133987,CHEBI_133987_CHEBI_144034,stereo_resolution,stereo_resolution,100.0,1
CHEBI_34623,CHEBI_39069,CHEBI_34623_CHEBI_39069,stereo_resolution,stereo_resolution,100.0,1
CHEBI_91715,CHEBI_94616,CHEBI_91715_CHEBI_94616,stereo_resolution,stereo_resolution,100.0,1
CHEBI_90718,CHEBI_90680,CHEBI_90680_CHEBI_90718,stereo_resolution,stereo_resolution,100.0,1
CHEBI_48742,CHEBI_181665,CHEBI_181665_CHEBI_48742,stereo_resolution,stereo_resolution,100.0,1
CHEBI_150848,CHEBI_156917,CHEBI_150848_CHEBI_156917,stereo_resolution,stereo_resolution,79.0,1
CHEBI_225483,CHEBI_215749,CHEBI_215749_CHEBI_225483,diastereomer,stereo_resolution,89.0,0
CHEBI_15372,CHEBI_52447,CHEBI_15372_CHEBI_52447,stereo_resolution,stereo_resolution,100.0,1
CHEBI_75585,CHEBI_75466,CHEBI_75466_CHEBI_75585,stereo_resolution,stereo_resolution,100.0,1
CHEBI_61075,CHEBI_150415,CHEBI_150415_CHEBI_61075,stereo_resolution,stereo_resolution,100.0,1
CHEBI_172488,CHEBI_183242,CHEBI_172488_CHEBI_183242,stereo_resolution,stereo_resolution,100.0,1
CHEBI_141185,CHEBI_141111,CHEBI_141111_CHEBI_141185,stereo_resolution,stereo_resolution,100.0,1
CHEBI_150016,CHEBI_234106,CHEBI_150016_CHEBI_234106,stereo_resolution,stereo_resolution,100.0,1
CHEBI_182313,CHEBI_225966,CHEBI_182313_CHEBI_225966,stereo_resolution,stereo_resolution,100.0,1
CHEBI_83271,CHEBI_83269,CHEBI_83269_CHEBI_83271,stereo_resolution,stereo_resolution,100.0,1
CHEBI_38705,CHEBI_38719,CHEBI_38705_CHEBI_38719,stereo_resolution,stereo_resolution,100.0,1
CHEBI_173276,CHEBI_150054,CHEBI_150054_CHEBI_173276,stereo_resolution,stereo_resolution,100.0,1
CHEBI_53453,CHEBI_153371,CHEBI_153371_CHEBI_53453,stereo_resolution,stereo_resolution,100.0,1
CHEBI_65097,CHEBI_75928,CHEBI_65097_CHEBI_75928,stereo_resolution,stereo_resolution,100.0,1
CHEBI_102167,CHEBI_102030,CHEBI_102030_CHEBI_102167,stereo_resolution,stereo_resolution,100.0,1
CHEBI_231472,CHEBI_230543,CHEBI_230543_CHEBI_231472,stereo_resolution,stereo_resolution,100.0,1
CHEBI_136524,CHEBI_136654,CHEBI_136524_CHEBI_136654,stereo_resolution,stereo_resolution,100.0,1
CHEBI_182293,CHEBI_5941,CHEBI_182293_CHEBI_5941,stereo_resolution,stereo_resolution,100.0,1
CHEBI_155080,CHEBI_150251,CHEBI_150251_CHEBI_155080,stereo_resolution,stereo_resolution,75.0,1
CHEBI_181906,CHEBI_155734,CHEBI_155734_CHEBI_181906,stereo_resolution,stereo_resolution,100.0,1
CHEBI_130726,CHEBI_126798,CHEBI_126798_CHEBI_130726,diastereomer,stereo_resolution,100.0,0
CHEBI_128842,CHEBI_131120,CHEBI_128842_CHEBI_131120,diastereomer,stereo_resolution,76.0,0
CHEBI_39138,CHEBI_39139,CHEBI_39138_CHEBI_39139,stereo_resolution,stereo_resolution,100.0,1
CHEBI_182000,CHEBI_181172,CHEBI_181172_CHEBI_182000,stereo_resolution,stereo_resolution,100.0,1
CHEBI_144034,CHEBI_58757,CHEBI_144034_CHEBI_58757,stereo_resolution,stereo_resolution,100.0,1
CHEBI_15688,CHEBI_15687,CHEBI_15687_CHEBI_15688,stereo_resolution,stereo_resolution,100.0,1
CHEBI_25150,CHEBI_17396,CHEBI_17396_CHEBI_25150,stereo_resolution,stereo_resolution,100.0,1
CHEBI_174578,CHEBI_27587,CHEBI_174578_CHEBI_27587,stereo_resolution,stereo_resolution,100.0,1
CHEBI_61119,CHEBI_17510,CHEBI_17510_CHEBI_61119,stereo_resolution,stereo_resolution,100.0,1
CHEBI_151318,CHEBI_154344,CHEBI_151318_CHEBI_154344,stereo_resolution,stereo_resolution,76.0,1
CHEBI_175075,CHEBI_193530,CHEBI_175075_CHEBI_193530,stereo_resolution,stereo_resolution,100.0,1
CHEBI_84024,CHEBI_131965,CHEBI_131965_CHEBI_84024,stereo_resolution,stereo_resolution,100.0,1
CHEBI_177692,CHEBI_49536,CHEBI_177692_CHEBI_49536,stereo_resolution,stereo_resolution,76.0,1
CHEBI_61119,CHEBI_17307,CHEBI_17307_CHEBI_61119,stereo_resolution,stereo_resolution,100.0,1
CHEBI_91111,CHEBI_100462,CHEBI_100462_CHEBI_91111,stereo_resolution,stereo_resolution,100.0,1
CHEBI_182882,CHEBI_196609,CHEBI_182882_CHEBI_196609,stereo_resolution,stereo_resolution,100.0,1
CHEBI_63001,CHEBI_77251,CHEBI_63001_CHEBI_77251,stereo_resolution,stereo_resolution,100.0,1
CHEBI_136184,CHEBI_136179,CHEBI_136179_CHEBI_136184,stereo_resolution,stereo_resolution,100.0,1
CHEBI_91918,CHEBI_79728,CHEBI_79728_CHEBI_91918,stereo_resolution,stereo_resolution,100.0,1
CHEBI_173279,CHEBI_154185,CHEBI_154185_CHEBI_173279,stereo_resolution,stereo_resolution,77.0,1
CHEBI_91906,CHEBI_5062,CHEBI_5062_CHEBI_91906,stereo_resolution,stereo_resolution,100.0,1
CHEBI_28474,CHEBI_50615,CHEBI_28474_CHEBI_50615,stereo_resolution,stereo_resolution,100.0,1
CHEBI_71224,CHEBI_71225,CHEBI_71224_CHEBI_71225,stereo_resolution,stereo_resolution,100.0,1
CHEBI_131345,CHEBI_108583,CHEBI_108583_CHEBI_131345,stereo_resolution,stereo_resolution,100.0,1
CHEBI_39335,CHEBI_39336,CHEBI_39335_CHEBI_39336,enantiomer,stereo_resolution,76.0,0
CHEBI_90737,CHEBI_195400,CHEBI_195400_CHEBI_90737,stereo_resolution,stereo_resolution,100.0,1
CHEBI_190675,CHEBI_76302,CHEBI_190675_CHEBI_76302,stereo_resolution,stereo_resolution,100.0,1
CHEBI_174601,CHEBI_5066,CHEBI_174601_CHEBI_5066,stereo_resolution,stereo_resolution,100.0,1
CHEBI_93888,CHEBI_95229,CHEBI_93888_CHEBI_95229,stereo_resolution,stereo_resolution,100.0,1
CHEBI_150466,CHEBI_62990,CHEBI_150466_CHEBI_62990,stereo_resolution,stereo_resolution,75.0,1
CHEBI_182308,CHEBI_156271,CHEBI_156271_CHEBI_182308,stereo_resolution,stereo_resolution,100.0,1
CHEBI_139461,CHEBI_75777,CHEBI_139461_CHEBI_75777,stereo_resolution,stereo_resolution,100.0,1
CHEBI_6530,CHEBI_49282,CHEBI_49282_CHEBI_6530,stereo_resolution,stereo_resolution,100.0,1
CHEBI_83758,CHEBI_83759,CHEBI_83758_CHEBI_83759,stereo_resolution,stereo_resolution,100.0,1
CHEBI_7611,CHEBI_32948,CHEBI_32948_CHEBI_7611,stereo_resolution,stereo_resolution,100.0,1
CHEBI_69345,CHEBI_69344,CHEBI_69344_CHEBI_69345,diastereomer,stereo_resolution,100.0,0
CHEBI_11596,CHEBI_16782,CHEBI_11596_CHEBI_16782,stereo_resolution,stereo_resolution,100.0,1
CHEBI_142468,CHEBI_142469,CHEBI_142468_CHEBI_142469,stereo_resolution,stereo_resolution,100.0,1
CHEBI_133066,CHEBI_180558,CHEBI_133066_CHEBI_180558,stereo_resolution,stereo_resolution,100.0,1
CHEBI_218,CHEBI_38342,CHEBI_218_CHEBI_38342,stereo_resolution,stereo_resolution,100.0,1
CHEBI_153502,CHEBI_147574,CHEBI_147574_CHEBI_153502,stereo_resolution,stereo_resolution,75.0,1
CHEBI_153871,CHEBI_153833,CHEBI_153833_CHEBI_153871,stereo_resolution,stereo_resolution,100.0,1
CHEBI_53651,CHEBI_60180,CHEBI_53651_CHEBI_60180,stereo_resolution,stereo_resolution,76.0,1
CHEBI_46968,CHEBI_167873,CHEBI_167873_CHEBI_46968,stereo_resolution,stereo_resolution,100.0,1
CHEBI_150443,CHEBI_85831,CHEBI_150443_CHEBI_85831,stereo_resolution,stereo_resolution,75.0,1
CHEBI_138240,CHEBI_138242,CHEBI_138240_CHEBI_138242,stereo_resolution,stereo_resolution,100.0,1
CHEBI_83598,CHEBI_83600,CHEBI_83598_CHEBI_83600,stereo_resolution,stereo_resolution,100.0,1
CHEBI_84016,CHEBI_84017,CHEBI_84016_CHEBI_84017,stereo_resolution,stereo_resolution,100.0,1
CHEBI_91679,CHEBI_182184,CHEBI_182184_CHEBI_91679,stereo_resolution,stereo_resolution,100.0,1
CHEBI_36728,CHEBI_36729,CHEBI_36728_CHEBI_36729,stereo_resolution,stereo_resolution,100.0,1
CHEBI_84728,CHEBI_62154,CHEBI_62154_CHEBI_84728,stereo_resolution,stereo_resolution,75.0,1
CHEBI_47856,CHEBI_299,CHEBI_299_CHEBI_47856,stereo_resolution,stereo_resolution,100.0,1
CHEBI_143724,CHEBI_143740,CHEBI_143724_CHEBI_143740,stereo_resolution,stereo_resolution,100.0,1
CHEBI_150848,CHEBI_87761,CHEBI_150848_CHEBI_87761,stereo_resolution,stereo_resolution,79.0,1
CHEBI_174915,CHEBI_149610,CHEBI_149610_CHEBI_174915,stereo_resolution,stereo_resolution,100.0,1
CHEBI_146226,CHEBI_146225,CHEBI_146225_CHEBI_146226,stereo_resolution,stereo_resolution,100.0,1
CHEBI_152365,CHEBI_155660,CHEBI_152365_CHEBI_155660,stereo_resolution,stereo_resolution,75.0,1
CHEBI_175876,CHEBI_154505,CHEBI_154505_CHEBI_175876,stereo_resolution,stereo_resolution,100.0,1
CHEBI_148051,CHEBI_148317,CHEBI_148051_CHEBI_148317,stereo_resolution,stereo_resolution,100.0,1
CHEBI_144042,CHEBI_16070,CHEBI_144042_CHEBI_16070,stereo_resolution,stereo_resolution,100.0,1
CHEBI_37715,CHEBI_37728,CHEBI_37715_CHEBI_37728,stereo_resolution,stereo_resolution,100.0,1
CHEBI_66659,CHEBI_73099,CHEBI_66659_CHEBI_73099,stereo_resolution,stereo_resolution,100.0,1
CHEBI_228164,CHEBI_228163,CHEBI_228163_CHEBI_228164,stereo_resolution,stereo_resolution,100.0,1
CHEBI_24130,CHEBI_20671,CHEBI_20671_CHEBI_24130,stereo_resolution,stereo_resolution,100.0,1
CHEBI_182237,CHEBI_72763,CHEBI_182237_CHEBI_72763,stereo_resolution,stereo_resolution,100.0,1
CHEBI_77462,CHEBI_83259,CHEBI_77462_CHEBI_83259,stereo_resolution,stereo_resolution,100.0,1
CHEBI_200235,CHEBI_198262,CHEBI_198262_CHEBI_200235,stereo_resolution,stereo_resolution,100.0,1
CHEBI_193928,CHEBI_153224,CHEBI_153224_CHEBI_193928,stereo_resolution,stereo_resolution,76.0,1
CHEBI_228203,CHEBI_228224,CHEBI_228203_CHEBI_228224,stereo_resolution,stereo_resolution,100.0,1
CHEBI_77463,CHEBI_83872,CHEBI_77463_CHEBI_83872,stereo_resolution,stereo_resolution,100.0,1
CHEBI_155130,CHEBI_149397,CHEBI_149397_CHEBI_155130,stereo_resolution,stereo_resolution,100.0,1
CHEBI_146293,CHEBI_63323,CHEBI_146293_CHEBI_63323,stereo_resolution,stereo_resolution,100.0,1
CHEBI_49224,CHEBI_49227,CHEBI_49224_CHEBI_49227,stereo_resolution,stereo_resolution,100.0,1
CHEBI_183869,CHEBI_154519,CHEBI_154519_CHEBI_183869,stereo_resolution,stereo_resolution,100.0,1
CHEBI_61567,CHEBI_60332,CHEBI_60332_CHEBI_61567,stereo_resolution,stereo_resolution,100.0,1
CHEBI_152867,CHEBI_150147,CHEBI_150147_CHEBI_152867,stereo_resolution,stereo_resolution,100.0,1
CHEBI_127975,CHEBI_130822,CHEBI_127975_CHEBI_130822,diastereomer,stereo_resolution,76.0,0
CHEBI_39120,CHEBI_39121,CHEBI_39120_CHEBI_39121,stereo_resolution,stereo_resolution,100.0,1
CHEBI_64229,CHEBI_64231,CHEBI_64229_CHEBI_64231,stereo_resolution,stereo_resolution,100.0,1
CHEBI_144332,CHEBI_7570,CHEBI_144332_CHEBI_7570,stereo_resolution,stereo_resolution,76.0,1
CHEBI_148418,CHEBI_147926,CHEBI_147926_CHEBI_148418,stereo_resolution,stereo_resolution,100.0,1
CHEBI_149767,CHEBI_149670,CHEBI_149670_CHEBI_149767,stereo_resolution,stereo_resolution,100.0,1
CHEBI_47807,CHEBI_47809,CHEBI_47807_CHEBI_47809,stereo_resolution,stereo_resolution,100.0,1
CHEBI_64317,CHEBI_94595,CHEBI_64317_CHEBI_94595,stereo_resolution,stereo_resolution,100.0,1
CHEBI_59948,CHEBI_3828,CHEBI_3828_CHEBI_59948,stereo_resolution,stereo_resolution,100.0,1
CHEBI_195865,CHEBI_50920,CHEBI_195865_CHEBI_50920,stereo_resolution,stereo_resolution,100.0,1
CHEBI_37464,CHEBI_15386,CHEBI_15386_CHEBI_37464,stereo_resolution,stereo_resolution,100.0,1
CHEBI_181906,CHEBI_4808,CHEBI_181906_CHEBI_4808,stereo_resolution,stereo_resolution,100.0,1
CHEBI_153357,CHEBI_157044,CHEBI_153357_CHEBI_157044,stereo_resolution,stereo_resolution,75.0,1
CHEBI_153474,CHEBI_148501,CHEBI_148501_CHEBI_153474,stereo_resolution,stereo_resolution,75.0,1
CHEBI_49045,CHEBI_49044,CHEBI_49044_CHEBI_49045,stereo_resolution,stereo_resolution,100.0,1
CHEBI_143504,CHEBI_143325,CHEBI_143325_CHEBI_143504,stereo_resolution,stereo_resolution,100.0,1
CHEBI_150842,CHEBI_61953,CHEBI_150842_CHEBI_61953,stereo_resolution,stereo_resolution,100.0,1
CHEBI_175873,CHEBI_152972,CHEBI_152972_CHEBI_175873,stereo_resolution,stereo_resolution,75.0,1
CHEBI_73017,CHEBI_84838,CHEBI_73017_CHEBI_84838,stereo_resolution,stereo_resolution,100.0,1
CHEBI_147515,CHEBI_154144,CHEBI_147515_CHEBI_154144,stereo_resolution,stereo_resolution,100.0,1
CHEBI_83375,CHEBI_83376,CHEBI_83375_CHEBI_83376,stereo_resolution,stereo_resolution,100.0,1
CHEBI_151047,CHEBI_154614,CHEBI_151047_CHEBI_154614,stereo_resolution,stereo_resolution,100.0,1
CHEBI_136682,CHEBI_134198,CHEBI_134198_CHEBI_136682,stereo_resolution,stereo_resolution,100.0,1
CHEBI_157010,CHEBI_156734,CHEBI_156734_CHEBI_157010,stereo_resolution,stereo_resolution,75.0,1
CHEBI_201899,CHEBI_210979,CHEBI_201899_CHEBI_210979,stereo_resolution,stereo_resolution,100.0,1
CHEBI_136736,CHEBI_136737,CHEBI_136736_CHEBI_136737,stereo_resolution,stereo_resolution,100.0,1
CHEBI_143141,CHEBI_71404,CHEBI_143141_CHEBI_71404,stereo_resolution,stereo_resolution,76.0,1
CHEBI_151628,CHEBI_148478,CHEBI_148478_CHEBI_151628,stereo_resolution,stereo_resolution,100.0,1
CHEBI_30966,CHEBI_38690,CHEBI_30966_CHEBI_38690,stereo_resolution,stereo_resolution,100.0,1
CHEBI_149445,CHEBI_149444,CHEBI_149444_CHEBI_149445,stereo_resolution,stereo_resolution,100.0,1
CHEBI_147795,CHEBI_156921,CHEBI_147795_CHEBI_156921,stereo_resolution,stereo_resolution,100.0,1
CHEBI_151431,CHEBI_157151,CHEBI_151431_CHEBI_157151,stereo_resolution,stereo_resolution,75.0,1
CHEBI_167992,CHEBI_614,CHEBI_167992_CHEBI_614,stereo_resolution,stereo_resolution,100.0,1
CHEBI_149168,CHEBI_150476,CHEBI_149168_CHEBI_150476,stereo_resolution,stereo_resolution,76.0,1
CHEBI_18217,CHEBI_62327,CHEBI_18217_CHEBI_62327,stereo_resolution,stereo_resolution,76.0,1
CHEBI_151271,CHEBI_91278,CHEBI_151271_CHEBI_91278,stereo_resolution,stereo_resolution,76.0,1
CHEBI_147957,CHEBI_155411,CHEBI_147957_CHEBI_155411,stereo_resolution,stereo_resolution,76.0,1
CHEBI_79936,CHEBI_176965,CHEBI_176965_CHEBI_79936,stereo_resolution,stereo_resolution,100.0,1
CHEBI_32771,CHEBI_32770,CHEBI_32770_CHEBI_32771,stereo_resolution,stereo_resolution,100.0,1
CHEBI_169487,CHEBI_75669,CHEBI_169487_CHEBI_75669,stereo_resolution,stereo_resolution,100.0,1
CHEBI_48646,CHEBI_48648,CHEBI_48646_CHEBI_48648,stereo_resolution,stereo_resolution,100.0,1
CHEBI_91038,CHEBI_91037,CHEBI_91037_CHEBI_91038,stereo_resolution,stereo_resolution,100.0,1
CHEBI_91218,CHEBI_185202,CHEBI_185202_CHEBI_91218,stereo_resolution,stereo_resolution,100.0,1
CHEBI_231988,CHEBI_166681,CHEBI_166681_CHEBI_231988,stereo_resolution,stereo_resolution,100.0,1
CHEBI_93823,CHEBI_28689,CHEBI_28689_CHEBI_93823,stereo_resolution,stereo_resolution,100.0,1
CHEBI_171753,CHEBI_171765,CHEBI_171753_CHEBI_171765,stereo_resolution,stereo_resolution,100.0,1
CHEBI_151996,CHEBI_148642,CHEBI_148642_CHEBI_151996,stereo_resolution,stereo_resolution,100.0,1
CHEBI_180141,CHEBI_180142,CHEBI_180141_CHEBI_180142,stereo_resolution,stereo_resolution,100.0,1
CHEBI_91057,CHEBI_91059,CHEBI_91057_CHEBI_91059,stereo_resolution,stereo_resolution,100.0,1
CHEBI_95057,CHEBI_4911,CHEBI_4911_CHEBI_95057,stereo_resolution,stereo_resolution,100.0,1
CHEBI_138842,CHEBI_87438,CHEBI_138842_CHEBI_87438,stereo_resolution,stereo_resolution,100.0,1
CHEBI_154106,CHEBI_151006,CHEBI_151006_CHEBI_154106,stereo_resolution,stereo_resolution,100.0,1
CHEBI_71359,CHEBI_157073,CHEBI_157073_CHEBI_71359,stereo_resolution,stereo_resolution,76.0,1
CHEBI_50006,CHEBI_50009,CHEBI_50006_CHEBI_50009,stereo_resolution,stereo_resolution,100.0,1
CHEBI_149231,CHEBI_148262,CHEBI_148262_CHEBI_149231,stereo_resolution,stereo_resolution,75.0,1
CHEBI_93763,CHEBI_4672,CHEBI_4672_CHEBI_93763,stereo_resolution,stereo_resolution,100.0,1
CHEBI_153502,CHEBI_153106,CHEBI_153106_CHEBI_153502,stereo_resolution,stereo_resolution,75.0,1
CHEBI_129083,CHEBI_126491,CHEBI_126491_CHEBI_129083,diastereomer,stereo_resolution,77.0,0
CHEBI_151861,CHEBI_156949,CHEBI_151861_CHEBI_156949,stereo_resolution,stereo_resolution,100.0,1
CHEBI_151670,CHEBI_152044,CHEBI_151670_CHEBI_152044,stereo_resolution,stereo_resolution,76.0,1
CHEBI_134178,CHEBI_134185,CHEBI_134178_CHEBI_134185,stereo_resolution,stereo_resolution,100.0,1
CHEBI_127199,CHEBI_130093,CHEBI_127199_CHEBI_130093,diastereomer,stereo_resolution,100.0,0
CHEBI_155233,CHEBI_151942,CHEBI_151942_CHEBI_155233,stereo_resolution,stereo_resolution,100.0,1
CHEBI_75342,CHEBI_75938,CHEBI_75342_CHEBI_75938,stereo_resolution,stereo_resolution,100.0,1
CHEBI_150085,CHEBI_151798,CHEBI_150085_CHEBI_151798,stereo_resolution,stereo_resolution,76.0,1
CHEBI_136720,CHEBI_136729,CHEBI_136720_CHEBI_136729,stereo_resolution,stereo_resolution,100.0,1
CHEBI_62239,CHEBI_139104,CHEBI_139104_CHEBI_62239,stereo_resolution,stereo_resolution,100.0,1
CHEBI_47006,CHEBI_27476,CHEBI_27476_CHEBI_47006,stereo_resolution,stereo_resolution,100.0,1
CHEBI_147602,CHEBI_75394,CHEBI_147602_CHEBI_75394,stereo_resolution,stereo_resolution,100.0,1
CHEBI_60300,CHEBI_145577,CHEBI_145577_CHEBI_60300,stereo_resolution,stereo_resolution,79.0,1
CHEBI_141463,CHEBI_140874,CHEBI_140874_CHEBI_141463,stereo_resolution,stereo_resolution,100.0,1
CHEBI_91998,CHEBI_4853,CHEBI_4853_CHEBI_91998,stereo_resolution,stereo_resolution,100.0,1
CHEBI_83584,CHEBI_83588,CHEBI_83584_CHEBI_83588,stereo_resolution,stereo_resolution,100.0,1
CHEBI_154155,CHEBI_151107,CHEBI_151107_CHEBI_154155,stereo_resolution,stereo_resolution,86.0,1
CHEBI_141477,CHEBI_141478,CHEBI_141477_CHEBI_141478,stereo_resolution,stereo_resolution,100.0,1
CHEBI_91033,CHEBI_148043,CHEBI_148043_CHEBI_91033,stereo_resolution,stereo_resolution,100.0,1
CHEBI_148822,CHEBI_154293,CHEBI_148822_CHEBI_154293,stereo_resolution,stereo_resolution,100.0,1
CHEBI_103836,CHEBI_94687,CHEBI_103836_CHEBI_94687,stereo_resolution,stereo_resolution,100.0,1
CHEBI_136292,CHEBI_6332,CHEBI_136292_CHEBI_6332,stereo_resolution,stereo_resolution,100.0,1
CHEBI_149378,CHEBI_153474,CHEBI_149378_CHEBI_153474,stereo_resolution,stereo_resolution,100.0,1
CHEBI_48339,CHEBI_47520,CHEBI_47520_CHEBI_48339,stereo_resolution,stereo_resolution,100.0,1
CHEBI_47837,CHEBI_156153,CHEBI_156153_CHEBI_47837,stereo_resolution,stereo_resolution,100.0,1
CHEBI_85150,CHEBI_91295,CHEBI_85150_CHEBI_91295,stereo_resolution,stereo_resolution,100.0,1
CHEBI_173537,CHEBI_55434,CHEBI_173537_CHEBI_55434,stereo_resolution,stereo_resolution,100.0,1
CHEBI_150898,CHEBI_149265,CHEBI_149265_CHEBI_150898,stereo_resolution,stereo_resolution,75.0,1
CHEBI_182609,CHEBI_68641,CHEBI_182609_CHEBI_68641,stereo_resolution,stereo_resolution,100.0,1
CHEBI_36405,CHEBI_143080,CHEBI_143080_CHEBI_36405,stereo_resolution,stereo_resolution,100.0,1
CHEBI_142497,CHEBI_179279,CHEBI_142497_CHEBI_179279,stereo_resolution,stereo_resolution,100.0,1
CHEBI_155285,CHEBI_147249,CHEBI_147249_CHEBI_155285,stereo_resolution,stereo_resolution,100.0,1
CHEBI_185683,CHEBI_55334,CHEBI_185683_CHEBI_55334,stereo_resolution,stereo_resolution,100.0,1
CHEBI_11596,CHEBI_15801,CHEBI_11596_CHEBI_15801,stereo_resolution,stereo_resolution,100.0,1
CHEBI_110191,CHEBI_125441,CHEBI_110191_CHEBI_125441,stereo_resolution,stereo_resolution,100.0,1
CHEBI_155229,CHEBI_155375,CHEBI_155229_CHEBI_155375,stereo_resolution,stereo_resolution,75.0,1
CHEBI_156611,CHEBI_156499,CHEBI_156499_CHEBI_156611,stereo_resolution,stereo_resolution,75.0,1
CHEBI_166843,CHEBI_68848,CHEBI_166843_CHEBI_68848,stereo_resolution,stereo_resolution,100.0,1
CHEBI_128012,CHEBI_128207,CHEBI_128012_CHEBI_128207,diastereomer,stereo_resolution,100.0,0
CHEBI_64064,CHEBI_64063,CHEBI_64063_CHEBI_64064,stereo_resolution,stereo_resolution,100.0,1
CHEBI_182451,CHEBI_67986,CHEBI_182451_CHEBI_67986,stereo_resolution,stereo_resolution,100.0,1
CHEBI_148051,CHEBI_147494,CHEBI_147494_CHEBI_148051,stereo_resolution,stereo_resolution,100.0,1
CHEBI_90826,CHEBI_132091,CHEBI_132091_CHEBI_90826,stereo_resolution,stereo_resolution,100.0,1
CHEBI_52997,CHEBI_52996,CHEBI_52996_CHEBI_52997,stereo_resolution,stereo_resolution,100.0,1
CHEBI_151528,CHEBI_149349,CHEBI_149349_CHEBI_151528,stereo_resolution,stereo_resolution,83.0,1
CHEBI_72786,CHEBI_165288,CHEBI_165288_CHEBI_72786,stereo_resolution,stereo_resolution,100.0,1
CHEBI_174173,CHEBI_74767,CHEBI_174173_CHEBI_74767,stereo_resolution,stereo_resolution,100.0,1
CHEBI_48742,CHEBI_182732,CHEBI_182732_CHEBI_48742,stereo_resolution,stereo_resolution,100.0,1
CHEBI_68744,CHEBI_68805,CHEBI_68744_CHEBI_68805,stereo_resolution,stereo_resolution,100.0,1
CHEBI_175876,CHEBI_151297,CHEBI_151297_CHEBI_175876,stereo_resolution,stereo_resolution,86.0,1
CHEBI_156288,CHEBI_6117,CHEBI_156288_CHEBI_6117,stereo_resolution,stereo_resolution,100.0,1
CHEBI_153787,CHEBI_71945,CHEBI_153787_CHEBI_71945,stereo_resolution,stereo_resolution,75.0,1
CHEBI_62030,CHEBI_62038,CHEBI_62030_CHEBI_62038,stereo_resolution,stereo_resolution,100.0,1
CHEBI_110205,CHEBI_95132,CHEBI_110205_CHEBI_95132,stereo_resolution,stereo_resolution,77.0,1
CHEBI_75585,CHEBI_75546,CHEBI_75546_CHEBI_75585,stereo_resolution,stereo_resolution,100.0,1
CHEBI_95653,CHEBI_96183,CHEBI_95653_CHEBI_96183,diastereomer,stereo_resolution,79.0,0
CHEBI_72641,CHEBI_84441,CHEBI_72641_CHEBI_84441,stereo_resolution,stereo_resolution,100.0,1
CHEBI_55514,CHEBI_146032,CHEBI_146032_CHEBI_55514,stereo_resolution,stereo_resolution,76.0,1
CHEBI_83107,CHEBI_83011,CHEBI_83011_CHEBI_83107,stereo_resolution,stereo_resolution,100.0,1
CHEBI_64019,CHEBI_64021,CHEBI_64019_CHEBI_64021,stereo_resolution,stereo_resolution,100.0,1
CHEBI_140841,CHEBI_153236,CHEBI_140841_CHEBI_153236,stereo_resolution,stereo_resolution,100.0,1
CHEBI_184170,CHEBI_44811,CHEBI_184170_CHEBI_44811,stereo_resolution,stereo_resolution,100.0,1
CHEBI_39118,CHEBI_39115,CHEBI_39115_CHEBI_39118,stereo_resolution,stereo_resolution,100.0,1
CHEBI_85241,CHEBI_85242,CHEBI_85241_CHEBI_85242,stereo_resolution,stereo_resolution,100.0,1
CHEBI_157672,CHEBI_177750,CHEBI_157672_CHEBI_177750,stereo_resolution,stereo_resolution,100.0,1
CHEBI_181961,CHEBI_93124,CHEBI_181961_CHEBI_93124,stereo_resolution,stereo_resolution,100.0,1
CHEBI_175659,CHEBI_5769,CHEBI_175659_CHEBI_5769,stereo_resolution,stereo_resolution,100.0,1
CHEBI_146952,CHEBI_156598,CHEBI_146952_CHEBI_156598,stereo_resolution,stereo_resolution,77.0,1
CHEBI_76821,CHEBI_155748,CHEBI_155748_CHEBI_76821,stereo_resolution,stereo_resolution,75.0,1
CHEBI_60931,CHEBI_60944,CHEBI_60931_CHEBI_60944,stereo_resolution,stereo_resolution,75.0,1
CHEBI_181766,CHEBI_66500,CHEBI_181766_CHEBI_66500,stereo_resolution,stereo_resolution,81.0,1
CHEBI_2904,CHEBI_55352,CHEBI_2904_CHEBI_55352,stereo_resolution,stereo_resolution,100.0,1
CHEBI_111274,CHEBI_2608,CHEBI_111274_CHEBI_2608,stereo_resolution,stereo_resolution,100.0,1
CHEBI_152425,CHEBI_156603,CHEBI_152425_CHEBI_156603,stereo_resolution,stereo_resolution,81.0,1
CHEBI_139461,CHEBI_75750,CHEBI_139461_CHEBI_75750,stereo_resolution,stereo_resolution,100.0,1
CHEBI_147255,CHEBI_71943,CHEBI_147255_CHEBI_71943,stereo_resolution,stereo_resolution,100.0,1
CHEBI_137509,CHEBI_137507,CHEBI_137507_CHEBI_137509,stereo_resolution,stereo_resolution,100.0,1
CHEBI_151185,CHEBI_151483,CHEBI_151185_CHEBI_151483,stereo_resolution,stereo_resolution,75.0,1
CHEBI_174328,CHEBI_73395,CHEBI_174328_CHEBI_73395,stereo_resolution,stereo_resolution,100.0,1
CHEBI_8711,CHEBI_49845,CHEBI_49845_CHEBI_8711,stereo_resolution,stereo_resolution,100.0,1
CHEBI_3112,CHEBI_95135,CHEBI_3112_CHEBI_95135,stereo_resolution,stereo_resolution,100.0,1
CHEBI_149529,CHEBI_151400,CHEBI_149529_CHEBI_151400,stereo_resolution,stereo_resolution,100.0,1
CHEBI_154019,CHEBI_157071,CHEBI_154019_CHEBI_157071,stereo_resolution,stereo_resolution,75.0,1
CHEBI_151628,CHEBI_145602,CHEBI_145602_CHEBI_151628,stereo_resolution,stereo_resolution,75.0,1
CHEBI_151518,CHEBI_155566,CHEBI_151518_CHEBI_155566,stereo_resolution,stereo_resolution,75.0,1
CHEBI_156606,CHEBI_147951,CHEBI_147951_CHEBI_156606,stereo_resolution,stereo_resolution,100.0,1
CHEBI_151905,CHEBI_157004,CHEBI_151905_CHEBI_157004,stereo_resolution,stereo_resolution,76.0,1
CHEBI_192834,CHEBI_192821,CHEBI_192821_CHEBI_192834,stereo_resolution,stereo_resolution,100.0,1
CHEBI_148508,CHEBI_149147,CHEBI_148508_CHEBI_149147,stereo_resolution,stereo_resolution,75.0,1
CHEBI_152683,CHEBI_150730,CHEBI_150730_CHEBI_152683,stereo_resolution,stereo_resolution,76.0,1
CHEBI_99002,CHEBI_97737,CHEBI_97737_CHEBI_99002,diastereomer,stereo_resolution,100.0,0
CHEBI_19023,CHEBI_18511,CHEBI_18511_CHEBI_19023,stereo_resolution,stereo_resolution,100.0,1
CHEBI_152693,CHEBI_156960,CHEBI_152693_CHEBI_156960,stereo_resolution,stereo_resolution,100.0,1
CHEBI_132233,CHEBI_4469,CHEBI_132233_CHEBI_4469,stereo_resolution,stereo_resolution,100.0,1
CHEBI_32729,CHEBI_32724,CHEBI_32724_CHEBI_32729,stereo_resolution,stereo_resolution,100.0,1
CHEBI_154635,CHEBI_146975,CHEBI_146975_CHEBI_154635,stereo_resolution,stereo_resolution,100.0,1
CHEBI_228212,CHEBI_44916,CHEBI_228212_CHEBI_44916,stereo_resolution,stereo_resolution,100.0,1
CHEBI_148838,CHEBI_147720,CHEBI_147720_CHEBI_148838,stereo_resolution,stereo_resolution,100.0,1
CHEBI_182567,CHEBI_40799,CHEBI_182567_CHEBI_40799,stereo_resolution,stereo_resolution,100.0,1
CHEBI_151035,CHEBI_35077,CHEBI_151035_CHEBI_35077,stereo_resolution,stereo_resolution,100.0,1
CHEBI_73034,CHEBI_189712,CHEBI_189712_CHEBI_73034,stereo_resolution,stereo_resolution,100.0,1
CHEBI_146819,CHEBI_156652,CHEBI_146819_CHEBI_156652,stereo_resolution,stereo_resolution,75.0,1
CHEBI_61357,CHEBI_152066,CHEBI_152066_CHEBI_61357,stereo_resolution,stereo_resolution,100.0,1
CHEBI_201643,CHEBI_50067,CHEBI_201643_CHEBI_50067,stereo_resolution,stereo_resolution,100.0,1
CHEBI_4888,CHEBI_60360,CHEBI_4888_CHEBI_60360,stereo_resolution,stereo_resolution,100.0,1
CHEBI_212393,CHEBI_16608,CHEBI_16608_CHEBI_212393,stereo_resolution,stereo_resolution,100.0,1
CHEBI_64552,CHEBI_232384,CHEBI_232384_CHEBI_64552,stereo_resolution,stereo_resolution,100.0,1
CHEBI_95348,CHEBI_69120,CHEBI_69120_CHEBI_95348,stereo_resolution,stereo_resolution,100.0,1
CHEBI_147045,CHEBI_155369,CHEBI_147045_CHEBI_155369,stereo_resolution,stereo_resolution,100.0,1
CHEBI_172751,CHEBI_187561,CHEBI_172751_CHEBI_187561,stereo_resolution,stereo_resolution,100.0,1
CHEBI_152020,CHEBI_155735,CHEBI_152020_CHEBI_155735,stereo_resolution,stereo_resolution,100.0,1
CHEBI_87264,CHEBI_85093,CHEBI_85093_CHEBI_87264,stereo_resolution,stereo_resolution,100.0,1
CHEBI_182411,CHEBI_183713,CHEBI_182411_CHEBI_183713,stereo_resolution,stereo_resolution,100.0,1
CHEBI_181175,CHEBI_93476,CHEBI_181175_CHEBI_93476,stereo_resolution,stereo_resolution,100.0,1
CHEBI_24536,CHEBI_28428,CHEBI_24536_CHEBI_28428,stereo_resolution,stereo_resolution,100.0,1
CHEBI_231764,CHEBI_231766,CHEBI_231764_CHEBI_231766,stereo_resolution,stereo_resolution,84.0,1
CHEBI_167695,CHEBI_233621,CHEBI_167695_CHEBI_233621,stereo_resolution,stereo_resolution,92.0,1
CHEBI_84060,CHEBI_44909,CHEBI_44909_CHEBI_84060,stereo_resolution,stereo_resolution,100.0,1
CHEBI_115155,CHEBI_27509,CHEBI_115155_CHEBI_27509,stereo_resolution,stereo_resolution,100.0,1
CHEBI_87576,CHEBI_87578,CHEBI_87576_CHEBI_87578,stereo_resolution,stereo_resolution,100.0,1
CHEBI_154209,CHEBI_147618,CHEBI_147618_CHEBI_154209,stereo_resolution,stereo_resolution,76.0,1
CHEBI_64217,CHEBI_64218,CHEBI_64217_CHEBI_64218,stereo_resolution,stereo_resolution,100.0,1
CHEBI_152562,CHEBI_152296,CHEBI_152296_CHEBI_152562,stereo_resolution,stereo_resolution,100.0,1
CHEBI_157535,CHEBI_156962,CHEBI_156962_CHEBI_157535,stereo_resolution,stereo_resolution,75.0,1
CHEBI_82861,CHEBI_82867,CHEBI_82861_CHEBI_82867,stereo_resolution,stereo_resolution,100.0,1
CHEBI_39465,CHEBI_39466,CHEBI_39465_CHEBI_39466,stereo_resolution,stereo_resolution,100.0,1
CHEBI_149713,CHEBI_234107,CHEBI_149713_CHEBI_234107,stereo_resolution,stereo_resolution,100.0,1
CHEBI_208918,CHEBI_217388,CHEBI_208918_CHEBI_217388,diastereomer,stereo_resolution,84.0,0
CHEBI_96322,CHEBI_96141,CHEBI_96141_CHEBI_96322,diastereomer,stereo_resolution,77.0,0
CHEBI_189871,CHEBI_189872,CHEBI_189871_CHEBI_189872,enantiomer,stereo_resolution,100.0,0
CHEBI_230156,CHEBI_201796,CHEBI_201796_CHEBI_230156,stereo_resolution,stereo_resolution,100.0,1
CHEBI_140483,CHEBI_176467,CHEBI_140483_CHEBI_176467,stereo_resolution,stereo_resolution,100.0,1
CHEBI_201640,CHEBI_202617,CHEBI_201640_CHEBI_202617,stereo_resolution,stereo_resolution,100.0,1
CHEBI_49214,CHEBI_49220,CHEBI_49214_CHEBI_49220,stereo_resolution,stereo_resolution,100.0,1
CHEBI_50257,CHEBI_50259,CHEBI_50257_CHEBI_50259,stereo_resolution,stereo_resolution,100.0,1
CHEBI_145664,CHEBI_145606,CHEBI_145606_CHEBI_145664,stereo_resolution,stereo_resolution,100.0,1
CHEBI_127448,CHEBI_129688,CHEBI_127448_CHEBI_129688,diastereomer,stereo_resolution,88.0,0
CHEBI_148946,CHEBI_152009,CHEBI_148946_CHEBI_152009,stereo_resolution,stereo_resolution,76.0,1
CHEBI_147361,CHEBI_147360,CHEBI_147360_CHEBI_147361,stereo_resolution,stereo_resolution,100.0,1
CHEBI_39460,CHEBI_8207,CHEBI_39460_CHEBI_8207,stereo_resolution,stereo_resolution,100.0,1
CHEBI_91639,CHEBI_233451,CHEBI_233451_CHEBI_91639,stereo_resolution,stereo_resolution,100.0,1
CHEBI_48569,CHEBI_48570,CHEBI_48569_CHEBI_48570,stereo_resolution,stereo_resolution,100.0,1
CHEBI_150301,CHEBI_156872,CHEBI_150301_CHEBI_156872,stereo_resolution,stereo_resolution,75.0,1
CHEBI_83679,CHEBI_83681,CHEBI_83679_CHEBI_83681,stereo_resolution,stereo_resolution,100.0,1
CHEBI_182485,CHEBI_142059,CHEBI_142059_CHEBI_182485,stereo_resolution,stereo_resolution,100.0,1
CHEBI_218362,CHEBI_87838,CHEBI_218362_CHEBI_87838,stereo_resolution,stereo_resolution,100.0,1
CHEBI_150374,CHEBI_156777,CHEBI_150374_CHEBI_156777,stereo_resolution,stereo_resolution,75.0,1
CHEBI_154387,CHEBI_151908,CHEBI_151908_CHEBI_154387,stereo_resolution,stereo_resolution,76.0,1
CHEBI_95344,CHEBI_94429,CHEBI_94429_CHEBI_95344,stereo_resolution,stereo_resolution,100.0,1
CHEBI_91697,CHEBI_65310,CHEBI_65310_CHEBI_91697,stereo_resolution,stereo_resolution,100.0,1
CHEBI_196338,CHEBI_168395,CHEBI_168395_CHEBI_196338,stereo_resolution,stereo_resolution,100.0,1
CHEBI_24848,CHEBI_25492,CHEBI_24848_CHEBI_25492,stereo_resolution,stereo_resolution,100.0,1
CHEBI_174748,CHEBI_2578,CHEBI_174748_CHEBI_2578,stereo_resolution,stereo_resolution,100.0,1
CHEBI_189326,CHEBI_9053,CHEBI_189326_CHEBI_9053,stereo_resolution,stereo_resolution,83.0,1
CHEBI_207176,CHEBI_67182,CHEBI_207176_CHEBI_67182,stereo_resolution,stereo_resolution,81.0,1
CHEBI_81575,CHEBI_52228,CHEBI_52228_CHEBI_81575,stereo_resolution,stereo_resolution,100.0,1
CHEBI_166802,CHEBI_1301,CHEBI_1301_CHEBI_166802,stereo_resolution,stereo_resolution,100.0,1
CHEBI_143747,CHEBI_202175,CHEBI_143747_CHEBI_202175,stereo_resolution,stereo_resolution,100.0,1
CHEBI_151372,CHEBI_85436,CHEBI_151372_CHEBI_85436,stereo_resolution,stereo_resolution,100.0,1
CHEBI_143724,CHEBI_144052,CHEBI_143724_CHEBI_144052,stereo_resolution,stereo_resolution,100.0,1
CHEBI_53763,CHEBI_53764,CHEBI_53763_CHEBI_53764,stereo_resolution,stereo_resolution,100.0,1
CHEBI_62078,CHEBI_65099,CHEBI_62078_CHEBI_65099,stereo_resolution,stereo_resolution,100.0,1
CHEBI_142546,CHEBI_142548,CHEBI_142546_CHEBI_142548,stereo_resolution,stereo_resolution,100.0,1
CHEBI_95108,CHEBI_180531,CHEBI_180531_CHEBI_95108,stereo_resolution,stereo_resolution,100.0,1
CHEBI_90369,CHEBI_90370,CHEBI_90369_CHEBI_90370,stereo_resolution,stereo_resolution,100.0,1
CHEBI_231432,CHEBI_138587,CHEBI_138587_CHEBI_231432,stereo_resolution,stereo_resolution,100.0,1
CHEBI_150202,CHEBI_157360,CHEBI_150202_CHEBI_157360,stereo_resolution,stereo_resolution,100.0,1
CHEBI_72327,CHEBI_65105,CHEBI_65105_CHEBI_72327,stereo_resolution,stereo_resolution,100.0,1
CHEBI_152558,CHEBI_152069,CHEBI_152069_CHEBI_152558,stereo_resolution,stereo_resolution,100.0,1
CHEBI_95122,CHEBI_6601,CHEBI_6601_CHEBI_95122,stereo_resolution,stereo_resolution,99.0,1
CHEBI_151115,CHEBI_167516,CHEBI_151115_CHEBI_167516,stereo_resolution,stereo_resolution,100.0,1
CHEBI_151670,CHEBI_147475,CHEBI_147475_CHEBI_151670,stereo_resolution,stereo_resolution,76.0,1
CHEBI_181752,CHEBI_95111,CHEBI_181752_CHEBI_95111,stereo_resolution,stereo_resolution,100.0,1
CHEBI_181110,CHEBI_182545,CHEBI_181110_CHEBI_182545,stereo_resolution,stereo_resolution,100.0,1
CHEBI_154169,CHEBI_146806,CHEBI_146806_CHEBI_154169,stereo_resolution,stereo_resolution,86.0,1
CHEBI_89890,CHEBI_86350,CHEBI_86350_CHEBI_89890,stereo_resolution,stereo_resolution,100.0,1
CHEBI_139037,CHEBI_139080,CHEBI_139037_CHEBI_139080,stereo_resolution,stereo_resolution,100.0,1
CHEBI_138738,CHEBI_138740,CHEBI_138738_CHEBI_138740,stereo_resolution,stereo_resolution,100.0,1
CHEBI_148490,CHEBI_148029,CHEBI_148029_CHEBI_148490,stereo_resolution,stereo_resolution,100.0,1
CHEBI_192972,CHEBI_87753,CHEBI_192972_CHEBI_87753,stereo_resolution,stereo_resolution,100.0,1
CHEBI_143036,CHEBI_139434,CHEBI_139434_CHEBI_143036,stereo_resolution,stereo_resolution,100.0,1
CHEBI_157495,CHEBI_153015,CHEBI_153015_CHEBI_157495,stereo_resolution,stereo_resolution,100.0,1
CHEBI_75873,CHEBI_75871,CHEBI_75871_CHEBI_75873,stereo_resolution,stereo_resolution,100.0,1
CHEBI_82676,CHEBI_154661,CHEBI_154661_CHEBI_82676,stereo_resolution,stereo_resolution,75.0,1
CHEBI_52373,CHEBI_226309,CHEBI_226309_CHEBI_52373,stereo_resolution,stereo_resolution,100.0,1
CHEBI_5615,CHEBI_36065,CHEBI_36065_CHEBI_5615,stereo_resolution,stereo_resolution,100.0,1
CHEBI_6129,CHEBI_76227,CHEBI_6129_CHEBI_76227,stereo_resolution,stereo_resolution,100.0,1
CHEBI_64234,CHEBI_211,CHEBI_211_CHEBI_64234,stereo_resolution,stereo_resolution,100.0,1
CHEBI_73033,CHEBI_73132,CHEBI_73033_CHEBI_73132,stereo_resolution,stereo_resolution,100.0,1
CHEBI_139469,CHEBI_188731,CHEBI_139469_CHEBI_188731,stereo_resolution,stereo_resolution,100.0,1
CHEBI_146808,CHEBI_150651,CHEBI_146808_CHEBI_150651,stereo_resolution,stereo_resolution,100.0,1
CHEBI_186871,CHEBI_145966,CHEBI_145966_CHEBI_186871,stereo_resolution,stereo_resolution,100.0,1
CHEBI_63776,CHEBI_168863,CHEBI_168863_CHEBI_63776,stereo_resolution,stereo_resolution,100.0,1
CHEBI_76039,CHEBI_76038,CHEBI_76038_CHEBI_76039,stereo_resolution,stereo_resolution,100.0,1
CHEBI_70772,CHEBI_40072,CHEBI_40072_CHEBI_70772,stereo_resolution,stereo_resolution,100.0,1
CHEBI_156274,CHEBI_4174,CHEBI_156274_CHEBI_4174,stereo_resolution,stereo_resolution,76.0,1
CHEBI_83682,CHEBI_83685,CHEBI_83682_CHEBI_83685,stereo_resolution,stereo_resolution,100.0,1
CHEBI_153313,CHEBI_157287,CHEBI_153313_CHEBI_157287,stereo_resolution,stereo_resolution,75.0,1
CHEBI_131502,CHEBI_131501,CHEBI_131501_CHEBI_131502,stereo_resolution,stereo_resolution,100.0,1
CHEBI_82647,CHEBI_82648,CHEBI_82647_CHEBI_82648,stereo_resolution,stereo_resolution,100.0,1
CHEBI_80050,CHEBI_211900,CHEBI_211900_CHEBI_80050,stereo_resolution,stereo_resolution,100.0,1
CHEBI_82857,CHEBI_82859,CHEBI_82857_CHEBI_82859,stereo_resolution,stereo_resolution,100.0,1
CHEBI_62785,CHEBI_155341,CHEBI_155341_CHEBI_62785,stereo_resolution,stereo_resolution,100.0,1
CHEBI_15372,CHEBI_64491,CHEBI_15372_CHEBI_64491,stereo_resolution,stereo_resolution,100.0,1
CHEBI_70195,CHEBI_70196,CHEBI_70195_CHEBI_70196,diastereomer,stereo_resolution,100.0,0
CHEBI_173037,CHEBI_70531,CHEBI_173037_CHEBI_70531,stereo_resolution,stereo_resolution,100.0,1
CHEBI_181000,CHEBI_35071,CHEBI_181000_CHEBI_35071,stereo_resolution,stereo_resolution,100.0,1
CHEBI_78652,CHEBI_78659,CHEBI_78652_CHEBI_78659,stereo_resolution,stereo_resolution,100.0,1
CHEBI_139076,CHEBI_139037,CHEBI_139037_CHEBI_139076,stereo_resolution,stereo_resolution,100.0,1
CHEBI_145762,CHEBI_195167,CHEBI_145762_CHEBI_195167,stereo_resolution,stereo_resolution,100.0,1
CHEBI_154493,CHEBI_153585,CHEBI_153585_CHEBI_154493,stereo_resolution,stereo_resolution,75.0,1
CHEBI_62781,CHEBI_62799,CHEBI_62781_CHEBI_62799,stereo_resolution,stereo_resolution,100.0,1
CHEBI_39389,CHEBI_39372,CHEBI_39372_CHEBI_39389,stereo_resolution,stereo_resolution,100.0,1
CHEBI_145406,CHEBI_145404,CHEBI_145404_CHEBI_145406,stereo_resolution,stereo_resolution,100.0,1
CHEBI_82674,CHEBI_154551,CHEBI_154551_CHEBI_82674,stereo_resolution,stereo_resolution,75.0,1
CHEBI_83602,CHEBI_83604,CHEBI_83602_CHEBI_83604,stereo_resolution,stereo_resolution,100.0,1
CHEBI_91620,CHEBI_27656,CHEBI_27656_CHEBI_91620,stereo_resolution,stereo_resolution,100.0,1
CHEBI_78692,CHEBI_78694,CHEBI_78692_CHEBI_78694,stereo_resolution,stereo_resolution,100.0,1
CHEBI_180526,CHEBI_181741,CHEBI_180526_CHEBI_181741,stereo_resolution,stereo_resolution,100.0,1
CHEBI_153903,CHEBI_27649,CHEBI_153903_CHEBI_27649,stereo_resolution,stereo_resolution,100.0,1
CHEBI_182631,CHEBI_78226,CHEBI_182631_CHEBI_78226,stereo_resolution,stereo_resolution,100.0,1
CHEBI_62785,CHEBI_62795,CHEBI_62785_CHEBI_62795,stereo_resolution,stereo_resolution,100.0,1
CHEBI_169578,CHEBI_156784,CHEBI_156784_CHEBI_169578,stereo_resolution,stereo_resolution,100.0,1
CHEBI_61119,CHEBI_133429,CHEBI_133429_CHEBI_61119,stereo_resolution,stereo_resolution,100.0,1
CHEBI_78012,CHEBI_78010,CHEBI_78010_CHEBI_78012,stereo_resolution,stereo_resolution,100.0,1
CHEBI_119719,CHEBI_119737,CHEBI_119719_CHEBI_119737,diastereomer,stereo_resolution,79.0,0
CHEBI_48250,CHEBI_16053,CHEBI_16053_CHEBI_48250,stereo_resolution,stereo_resolution,100.0,1
CHEBI_148321,CHEBI_61187,CHEBI_148321_CHEBI_61187,stereo_resolution,stereo_resolution,77.0,1
CHEBI_49161,CHEBI_49162,CHEBI_49161_CHEBI_49162,stereo_resolution,stereo_resolution,100.0,1
CHEBI_83963,CHEBI_57571,CHEBI_57571_CHEBI_83963,stereo_resolution,stereo_resolution,75.0,1
CHEBI_181906,CHEBI_36229,CHEBI_181906_CHEBI_36229,stereo_resolution,stereo_resolution,100.0,1
CHEBI_3082,CHEBI_59251,CHEBI_3082_CHEBI_59251,stereo_resolution,stereo_resolution,100.0,1
CHEBI_175156,CHEBI_76092,CHEBI_175156_CHEBI_76092,stereo_resolution,stereo_resolution,100.0,1
CHEBI_167638,CHEBI_94471,CHEBI_167638_CHEBI_94471,stereo_resolution,stereo_resolution,100.0,1
CHEBI_57734,CHEBI_58409,CHEBI_57734_CHEBI_58409,stereo_resolution,stereo_resolution,100.0,1
CHEBI_189453,CHEBI_4661,CHEBI_189453_CHEBI_4661,stereo_resolution,stereo_resolution,86.0,1
CHEBI_178157,CHEBI_167534,CHEBI_167534_CHEBI_178157,stereo_resolution,stereo_resolution,100.0,1
CHEBI_50468,CHEBI_44632,CHEBI_44632_CHEBI_50468,stereo_resolution,stereo_resolution,100.0,1
CHEBI_147631,CHEBI_153346,CHEBI_147631_CHEBI_153346,stereo_resolution,stereo_resolution,75.0,1
CHEBI_173278,CHEBI_151885,CHEBI_151885_CHEBI_173278,stereo_resolution,stereo_resolution,100.0,1
CHEBI_231425,CHEBI_231424,CHEBI_231424_CHEBI_231425,stereo_resolution,stereo_resolution,100.0,1
CHEBI_177664,CHEBI_180007,CHEBI_177664_CHEBI_180007,stereo_resolution,stereo_resolution,100.0,1
CHEBI_203017,CHEBI_202234,CHEBI_202234_CHEBI_203017,stereo_resolution,stereo_resolution,100.0,1
CHEBI_176829,CHEBI_143866,CHEBI_143866_CHEBI_176829,stereo_resolution,stereo_resolution,100.0,1
CHEBI_180817,CHEBI_157623,CHEBI_157623_CHEBI_180817,stereo_resolution,stereo_resolution,100.0,1
CHEBI_165849,CHEBI_57747,CHEBI_165849_CHEBI_57747,stereo_resolution,stereo_resolution,88.0,1
CHEBI_178129,CHEBI_155591,CHEBI_155591_CHEBI_178129,stereo_resolution,stereo_resolution,75.0,1
CHEBI_32783,CHEBI_32777,CHEBI_32777_CHEBI_32783,stereo_resolution,stereo_resolution,100.0,1
CHEBI_52010,CHEBI_4464,CHEBI_4464_CHEBI_52010,stereo_resolution,stereo_resolution,100.0,1
CHEBI_152221,CHEBI_156920,CHEBI_152221_CHEBI_156920,stereo_resolution,stereo_resolution,75.0,1
CHEBI_183869,CHEBI_154058,CHEBI_154058_CHEBI_183869,stereo_resolution,stereo_resolution,76.0,1
CHEBI_86041,CHEBI_62616,CHEBI_62616_CHEBI_86041,stereo_resolution,stereo_resolution,100.0,1
CHEBI_152908,CHEBI_154613,CHEBI_152908_CHEBI_154613,stereo_resolution,stereo_resolution,77.0,1
CHEBI_95202,CHEBI_95300,CHEBI_95202_CHEBI_95300,stereo_resolution,stereo_resolution,100.0,1
CHEBI_190661,CHEBI_67796,CHEBI_190661_CHEBI_67796,stereo_resolution,stereo_resolution,100.0,1
CHEBI_95106,CHEBI_178608,CHEBI_178608_CHEBI_95106,stereo_resolution,stereo_resolution,100.0,1
CHEBI_91668,CHEBI_17263,CHEBI_17263_CHEBI_91668,stereo_resolution,stereo_resolution,100.0,1
CHEBI_83366,CHEBI_83367,CHEBI_83366_CHEBI_83367,stereo_resolution,stereo_resolution,100.0,1
CHEBI_149136,CHEBI_148128,CHEBI_148128_CHEBI_149136,stereo_resolution,stereo_resolution,75.0,1
CHEBI_151938,CHEBI_157557,CHEBI_151938_CHEBI_157557,stereo_resolution,stereo_resolution,76.0,1
CHEBI_77562,CHEBI_77555,CHEBI_77555_CHEBI_77562,stereo_resolution,stereo_resolution,100.0,1
CHEBI_177664,CHEBI_18473,CHEBI_177664_CHEBI_18473,stereo_resolution,stereo_resolution,100.0,1
CHEBI_37704,CHEBI_37706,CHEBI_37704_CHEBI_37706,stereo_resolution,stereo_resolution,100.0,1
CHEBI_140516,CHEBI_139335,CHEBI_139335_CHEBI_140516,stereo_resolution,stereo_resolution,91.0,1
CHEBI_136184,CHEBI_138625,CHEBI_136184_CHEBI_138625,stereo_resolution,stereo_resolution,100.0,1
CHEBI_91792,CHEBI_95322,CHEBI_91792_CHEBI_95322,stereo_resolution,stereo_resolution,100.0,1
CHEBI_83632,CHEBI_83633,CHEBI_83632_CHEBI_83633,stereo_resolution,stereo_resolution,100.0,1
CHEBI_130952,CHEBI_128684,CHEBI_128684_CHEBI_130952,diastereomer,stereo_resolution,77.0,0
CHEBI_181001,CHEBI_69439,CHEBI_181001_CHEBI_69439,stereo_resolution,stereo_resolution,100.0,1
CHEBI_83823,CHEBI_83826,CHEBI_83823_CHEBI_83826,stereo_resolution,stereo_resolution,100.0,1
CHEBI_91682,CHEBI_95317,CHEBI_91682_CHEBI_95317,stereo_resolution,stereo_resolution,100.0,1
CHEBI_64274,CHEBI_138596,CHEBI_138596_CHEBI_64274,stereo_resolution,stereo_resolution,100.0,1
CHEBI_143723,CHEBI_66964,CHEBI_143723_CHEBI_66964,stereo_resolution,stereo_resolution,100.0,1
CHEBI_129503,CHEBI_127061,CHEBI_127061_CHEBI_129503,diastereomer,stereo_resolution,75.0,0
CHEBI_133931,CHEBI_136410,CHEBI_133931_CHEBI_136410,stereo_resolution,stereo_resolution,100.0,1
CHEBI_157050,CHEBI_157214,CHEBI_157050_CHEBI_157214,stereo_resolution,stereo_resolution,77.0,1
CHEBI_111509,CHEBI_150285,CHEBI_111509_CHEBI_150285,stereo_resolution,stereo_resolution,75.0,1
CHEBI_168285,CHEBI_189720,CHEBI_168285_CHEBI_189720,stereo_resolution,stereo_resolution,100.0,1
CHEBI_37619,CHEBI_37620,CHEBI_37619_CHEBI_37620,stereo_resolution,stereo_resolution,100.0,1
CHEBI_59692,CHEBI_59706,CHEBI_59692_CHEBI_59706,stereo_resolution,stereo_resolution,100.0,1
CHEBI_23733,CHEBI_168,CHEBI_168_CHEBI_23733,stereo_resolution,stereo_resolution,100.0,1
CHEBI_137457,CHEBI_137458,CHEBI_137457_CHEBI_137458,stereo_resolution,stereo_resolution,100.0,1
CHEBI_553827,CHEBI_59179,CHEBI_553827_CHEBI_59179,stereo_resolution,stereo_resolution,100.0,1
CHEBI_47856,CHEBI_368,CHEBI_368_CHEBI_47856,stereo_resolution,stereo_resolution,100.0,1
CHEBI_155833,CHEBI_155831,CHEBI_155831_CHEBI_155833,stereo_resolution,stereo_resolution,100.0,1
CHEBI_95191,CHEBI_23965,CHEBI_23965_CHEBI_95191,stereo_resolution,stereo_resolution,100.0,1
CHEBI_27468,CHEBI_176874,CHEBI_176874_CHEBI_27468,stereo_resolution,stereo_resolution,100.0,1
CHEBI_218346,CHEBI_217716,CHEBI_217716_CHEBI_218346,diastereomer,stereo_resolution,100.0,0
CHEBI_154806,CHEBI_146595,CHEBI_146595_CHEBI_154806,stereo_resolution,stereo_resolution,100.0,1
CHEBI_175873,CHEBI_151450,CHEBI_151450_CHEBI_175873,stereo_resolution,stereo_resolution,75.0,1
CHEBI_83320,CHEBI_80651,CHEBI_80651_CHEBI_83320,stereo_resolution,stereo_resolution,100.0,1
CHEBI_115155,CHEBI_92258,CHEBI_115155_CHEBI_92258,stereo_resolution,stereo_resolution,100.0,1
CHEBI_150182,CHEBI_156595,CHEBI_150182_CHEBI_156595,stereo_resolution,stereo_resolution,76.0,1
CHEBI_182028,CHEBI_17505,CHEBI_17505_CHEBI_182028,stereo_resolution,stereo_resolution,100.0,1
CHEBI_146288,CHEBI_57447,CHEBI_146288_CHEBI_57447,stereo_resolution,stereo_resolution,100.0,1
CHEBI_129306,CHEBI_128910,CHEBI_128910_CHEBI_129306,diastereomer,stereo_resolution,79.0,0
CHEBI_146857,CHEBI_150152,CHEBI_146857_CHEBI_150152,stereo_resolution,stereo_resolution,75.0,1
CHEBI_143504,CHEBI_143318,CHEBI_143318_CHEBI_143504,stereo_resolution,stereo_resolution,100.0,1
CHEBI_150283,CHEBI_153018,CHEBI_150283_CHEBI_153018,stereo_resolution,stereo_resolution,100.0,1
CHEBI_51032,CHEBI_51035,CHEBI_51032_CHEBI_51035,stereo_resolution,stereo_resolution,100.0,1
CHEBI_35687,CHEBI_35686,CHEBI_35686_CHEBI_35687,stereo_resolution,stereo_resolution,100.0,1
CHEBI_231112,CHEBI_145042,CHEBI_145042_CHEBI_231112,stereo_resolution,stereo_resolution,100.0,1
CHEBI_83617,CHEBI_83619,CHEBI_83617_CHEBI_83619,stereo_resolution,stereo_resolution,100.0,1
CHEBI_149188,CHEBI_157349,CHEBI_149188_CHEBI_157349,stereo_resolution,stereo_resolution,79.0,1
CHEBI_227464,CHEBI_203433,CHEBI_203433_CHEBI_227464,stereo_resolution,stereo_resolution,100.0,1
CHEBI_4670,CHEBI_59805,CHEBI_4670_CHEBI_59805,stereo_resolution,stereo_resolution,100.0,1
CHEBI_71456,CHEBI_87564,CHEBI_71456_CHEBI_87564,stereo_resolution,stereo_resolution,100.0,1
CHEBI_173036,CHEBI_132823,CHEBI_132823_CHEBI_173036,stereo_resolution,stereo_resolution,100.0,1
CHEBI_63841,CHEBI_1949,CHEBI_1949_CHEBI_63841,stereo_resolution,stereo_resolution,100.0,1
CHEBI_155233,CHEBI_157284,CHEBI_155233_CHEBI_157284,stereo_resolution,stereo_resolution,100.0,1
CHEBI_80073,CHEBI_204428,CHEBI_204428_CHEBI_80073,stereo_resolution,stereo_resolution,100.0,1
CHEBI_211030,CHEBI_85430,CHEBI_211030_CHEBI_85430,stereo_resolution,stereo_resolution,93.0,1
CHEBI_53663,CHEBI_67645,CHEBI_53663_CHEBI_67645,stereo_resolution,stereo_resolution,100.0,1
CHEBI_143528,CHEBI_6182,CHEBI_143528_CHEBI_6182,stereo_resolution,stereo_resolution,100.0,1
CHEBI_191841,CHEBI_186970,CHEBI_186970_CHEBI_191841,stereo_resolution,stereo_resolution,81.0,1
CHEBI_147243,CHEBI_156761,CHEBI_147243_CHEBI_156761,stereo_resolution,stereo_resolution,76.0,1
CHEBI_169414,CHEBI_76237,CHEBI_169414_CHEBI_76237,stereo_resolution,stereo_resolution,100.0,1
CHEBI_83602,CHEBI_83603,CHEBI_83602_CHEBI_83603,stereo_resolution,stereo_resolution,100.0,1
CHEBI_181753,CHEBI_81205,CHEBI_181753_CHEBI_81205,stereo_resolution,stereo_resolution,100.0,1
CHEBI_49231,CHEBI_49234,CHEBI_49231_CHEBI_49234,stereo_resolution,stereo_resolution,100.0,1
CHEBI_175533,CHEBI_75489,CHEBI_175533_CHEBI_75489,stereo_resolution,stereo_resolution,100.0,1
CHEBI_177087,CHEBI_140527,CHEBI_140527_CHEBI_177087,stereo_resolution,stereo_resolution,100.0,1
CHEBI_191300,CHEBI_84523,CHEBI_191300_CHEBI_84523,stereo_resolution,stereo_resolution,100.0,1
CHEBI_148513,CHEBI_152944,CHEBI_148513_CHEBI_152944,stereo_resolution,stereo_resolution,100.0,1
CHEBI_78652,CHEBI_78653,CHEBI_78652_CHEBI_78653,stereo_resolution,stereo_resolution,100.0,1
CHEBI_34056,CHEBI_37874,CHEBI_34056_CHEBI_37874,stereo_resolution,stereo_resolution,100.0,1
CHEBI_113676,CHEBI_113709,CHEBI_113676_CHEBI_113709,diastereomer,stereo_resolution,76.0,0
CHEBI_5862,CHEBI_51054,CHEBI_51054_CHEBI_5862,stereo_resolution,stereo_resolution,100.0,1
CHEBI_143738,CHEBI_36714,CHEBI_143738_CHEBI_36714,stereo_resolution,stereo_resolution,100.0,1
CHEBI_102866,CHEBI_100318,CHEBI_100318_CHEBI_102866,diastereomer,stereo_resolution,100.0,0
CHEBI_226348,CHEBI_221960,CHEBI_221960_CHEBI_226348,diastereomer,stereo_resolution,82.0,0
CHEBI_148124,CHEBI_156646,CHEBI_148124_CHEBI_156646,stereo_resolution,stereo_resolution,75.0,1
CHEBI_83104,CHEBI_83008,CHEBI_83008_CHEBI_83104,stereo_resolution,stereo_resolution,100.0,1
CHEBI_86041,CHEBI_74272,CHEBI_74272_CHEBI_86041,stereo_resolution,stereo_resolution,100.0,1
CHEBI_125376,CHEBI_88776,CHEBI_125376_CHEBI_88776,stereo_resolution,stereo_resolution,100.0,1
CHEBI_184693,CHEBI_5537,CHEBI_184693_CHEBI_5537,stereo_resolution,stereo_resolution,100.0,1
CHEBI_145482,CHEBI_145480,CHEBI_145480_CHEBI_145482,stereo_resolution,stereo_resolution,100.0,1
CHEBI_181071,CHEBI_206582,CHEBI_181071_CHEBI_206582,stereo_resolution,stereo_resolution,100.0,1
CHEBI_179920,CHEBI_15863,CHEBI_15863_CHEBI_179920,stereo_resolution,stereo_resolution,100.0,1
CHEBI_91830,CHEBI_3181,CHEBI_3181_CHEBI_91830,stereo_resolution,stereo_resolution,100.0,1
CHEBI_90243,CHEBI_146664,CHEBI_146664_CHEBI_90243,stereo_resolution,stereo_resolution,75.0,1
CHEBI_153987,CHEBI_145623,CHEBI_145623_CHEBI_153987,stereo_resolution,stereo_resolution,100.0,1
CHEBI_61762,CHEBI_145633,CHEBI_145633_CHEBI_61762,stereo_resolution,stereo_resolution,77.0,1
CHEBI_181450,CHEBI_58260,CHEBI_181450_CHEBI_58260,stereo_resolution,stereo_resolution,88.0,1
CHEBI_83920,CHEBI_83921,CHEBI_83920_CHEBI_83921,stereo_resolution,stereo_resolution,100.0,1
CHEBI_68462,CHEBI_83029,CHEBI_68462_CHEBI_83029,stereo_resolution,stereo_resolution,100.0,1
CHEBI_80079,CHEBI_80082,CHEBI_80079_CHEBI_80082,stereo_resolution,stereo_resolution,100.0,1
CHEBI_681848,CHEBI_59843,CHEBI_59843_CHEBI_681848,stereo_resolution,stereo_resolution,100.0,1
CHEBI_17716,CHEBI_36219,CHEBI_17716_CHEBI_36219,stereo_resolution,stereo_resolution,100.0,1
CHEBI_64229,CHEBI_64232,CHEBI_64229_CHEBI_64232,stereo_resolution,stereo_resolution,100.0,1
CHEBI_192520,CHEBI_192437,CHEBI_192437_CHEBI_192520,stereo_resolution,stereo_resolution,100.0,1
CHEBI_39460,CHEBI_39458,CHEBI_39458_CHEBI_39460,stereo_resolution,stereo_resolution,100.0,1
CHEBI_35528,CHEBI_35525,CHEBI_35525_CHEBI_35528,stereo_resolution,stereo_resolution,100.0,1
CHEBI_149304,CHEBI_146919,CHEBI_146919_CHEBI_149304,stereo_resolution,stereo_resolution,100.0,1
CHEBI_91940,CHEBI_94669,CHEBI_91940_CHEBI_94669,stereo_resolution,stereo_resolution,100.0,1
CHEBI_193504,CHEBI_172549,CHEBI_172549_CHEBI_193504,stereo_resolution,stereo_resolution,100.0,1
CHEBI_48569,CHEBI_48571,CHEBI_48569_CHEBI_48571,stereo_resolution,stereo_resolution,100.0,1
CHEBI_64026,CHEBI_151449,CHEBI_151449_CHEBI_64026,stereo_resolution,stereo_resolution,79.0,1
CHEBI_4530,CHEBI_59746,CHEBI_4530_CHEBI_59746,stereo_resolution,stereo_resolution,100.0,1
CHEBI_167947,CHEBI_16279,CHEBI_16279_CHEBI_167947,stereo_resolution,stereo_resolution,100.0,1
CHEBI_173578,CHEBI_169955,CHEBI_169955_CHEBI_173578,stereo_resolution,stereo_resolution,86.0,1
CHEBI_58195,CHEBI_90364,CHEBI_58195_CHEBI_90364,stereo_resolution,stereo_resolution,91.0,1
CHEBI_108682,CHEBI_111583,CHEBI_108682_CHEBI_111583,diastereomer,stereo_resolution,80.0,0
CHEBI_175592,CHEBI_27475,CHEBI_175592_CHEBI_27475,stereo_resolution,stereo_resolution,100.0,1
CHEBI_155443,CHEBI_149243,CHEBI_149243_CHEBI_155443,stereo_resolution,stereo_resolution,81.0,1
CHEBI_37869,CHEBI_37870,CHEBI_37869_CHEBI_37870,stereo_resolution,stereo_resolution,100.0,1
CHEBI_28654,CHEBI_35146,CHEBI_28654_CHEBI_35146,stereo_resolution,stereo_resolution,100.0,1
CHEBI_153205,CHEBI_157545,CHEBI_153205_CHEBI_157545,stereo_resolution,stereo_resolution,100.0,1
CHEBI_146559,CHEBI_148318,CHEBI_146559_CHEBI_148318,stereo_resolution,stereo_resolution,100.0,1
CHEBI_48709,CHEBI_48707,CHEBI_48707_CHEBI_48709,stereo_resolution,stereo_resolution,100.0,1
CHEBI_111572,CHEBI_108911,CHEBI_108911_CHEBI_111572,diastereomer,stereo_resolution,75.0,0
CHEBI_230433,CHEBI_83053,CHEBI_230433_CHEBI_83053,stereo_resolution,stereo_resolution,100.0,1
CHEBI_156606,CHEBI_153875,CHEBI_153875_CHEBI_156606,stereo_resolution,stereo_resolution,100.0,1
CHEBI_176889,CHEBI_132823,CHEBI_132823_CHEBI_176889,stereo_resolution,stereo_resolution,100.0,1
CHEBI_191274,CHEBI_193224,CHEBI_191274_CHEBI_193224,stereo_resolution,stereo_resolution,100.0,1
CHEBI_90101,CHEBI_28575,CHEBI_28575_CHEBI_90101,stereo_resolution,stereo_resolution,100.0,1
CHEBI_175867,CHEBI_150684,CHEBI_150684_CHEBI_175867,stereo_resolution,stereo_resolution,100.0,1
CHEBI_83920,CHEBI_83922,CHEBI_83920_CHEBI_83922,stereo_resolution,stereo_resolution,100.0,1
CHEBI_18211,CHEBI_49007,CHEBI_18211_CHEBI_49007,stereo_resolution,stereo_resolution,100.0,1
CHEBI_168226,CHEBI_154924,CHEBI_154924_CHEBI_168226,stereo_resolution,stereo_resolution,100.0,1
CHEBI_39234,CHEBI_39235,CHEBI_39234_CHEBI_39235,stereo_resolution,stereo_resolution,100.0,1
CHEBI_91679,CHEBI_7627,CHEBI_7627_CHEBI_91679,stereo_resolution,stereo_resolution,100.0,1
CHEBI_692,CHEBI_196290,CHEBI_196290_CHEBI_692,stereo_resolution,stereo_resolution,100.0,1
CHEBI_77733,CHEBI_77736,CHEBI_77733_CHEBI_77736,stereo_resolution,stereo_resolution,100.0,1
CHEBI_150275,CHEBI_156689,CHEBI_150275_CHEBI_156689,stereo_resolution,stereo_resolution,75.0,1
CHEBI_68469,CHEBI_136586,CHEBI_136586_CHEBI_68469,stereo_resolution,stereo_resolution,100.0,1
CHEBI_83250,CHEBI_106738,CHEBI_106738_CHEBI_83250,stereo_resolution,stereo_resolution,100.0,1
CHEBI_188921,CHEBI_35518,CHEBI_188921_CHEBI_35518,stereo_resolution,stereo_resolution,100.0,1
CHEBI_63874,CHEBI_84654,CHEBI_63874_CHEBI_84654,stereo_resolution,stereo_resolution,100.0,1
CHEBI_91668,CHEBI_94711,CHEBI_91668_CHEBI_94711,stereo_resolution,stereo_resolution,100.0,1
CHEBI_186565,CHEBI_80475,CHEBI_186565_CHEBI_80475,stereo_resolution,stereo_resolution,100.0,1
CHEBI_194461,CHEBI_194465,CHEBI_194461_CHEBI_194465,stereo_resolution,stereo_resolution,100.0,1
CHEBI_125451,CHEBI_9144,CHEBI_125451_CHEBI_9144,stereo_resolution,stereo_resolution,100.0,1
CHEBI_71595,CHEBI_87005,CHEBI_71595_CHEBI_87005,stereo_resolution,stereo_resolution,75.0,1
CHEBI_62064,CHEBI_16982,CHEBI_16982_CHEBI_62064,stereo_resolution,stereo_resolution,100.0,1
CHEBI_28670,CHEBI_49751,CHEBI_28670_CHEBI_49751,stereo_resolution,stereo_resolution,100.0,1
CHEBI_47872,CHEBI_47874,CHEBI_47872_CHEBI_47874,stereo_resolution,stereo_resolution,100.0,1
CHEBI_175873,CHEBI_150347,CHEBI_150347_CHEBI_175873,stereo_resolution,stereo_resolution,75.0,1
CHEBI_86428,CHEBI_81785,CHEBI_81785_CHEBI_86428,stereo_resolution,stereo_resolution,100.0,1
CHEBI_83707,CHEBI_83709,CHEBI_83707_CHEBI_83709,stereo_resolution,stereo_resolution,100.0,1
CHEBI_178129,CHEBI_146076,CHEBI_146076_CHEBI_178129,stereo_resolution,stereo_resolution,75.0,1
CHEBI_91647,CHEBI_110172,CHEBI_110172_CHEBI_91647,stereo_resolution,stereo_resolution,100.0,1
CHEBI_181906,CHEBI_28053,CHEBI_181906_CHEBI_28053,stereo_resolution,stereo_resolution,100.0,1
CHEBI_180916,CHEBI_16905,CHEBI_16905_CHEBI_180916,stereo_resolution,stereo_resolution,100.0,1
CHEBI_150260,CHEBI_157042,CHEBI_150260_CHEBI_157042,stereo_resolution,stereo_resolution,75.0,1
CHEBI_219933,CHEBI_223291,CHEBI_219933_CHEBI_223291,diastereomer,stereo_resolution,78.0,0
CHEBI_61612,CHEBI_148471,CHEBI_148471_CHEBI_61612,stereo_resolution,stereo_resolution,100.0,1
CHEBI_83748,CHEBI_83752,CHEBI_83748_CHEBI_83752,stereo_resolution,stereo_resolution,100.0,1
CHEBI_201606,CHEBI_208941,CHEBI_201606_CHEBI_208941,stereo_resolution,stereo_resolution,100.0,1
CHEBI_3219,CHEBI_36794,CHEBI_3219_CHEBI_36794,stereo_resolution,stereo_resolution,100.0,1
CHEBI_181768,CHEBI_2507,CHEBI_181768_CHEBI_2507,stereo_resolution,stereo_resolution,100.0,1
CHEBI_149050,CHEBI_157558,CHEBI_149050_CHEBI_157558,stereo_resolution,stereo_resolution,79.0,1
CHEBI_76821,CHEBI_71553,CHEBI_71553_CHEBI_76821,stereo_resolution,stereo_resolution,75.0,1
CHEBI_150544,CHEBI_150654,CHEBI_150544_CHEBI_150654,stereo_resolution,stereo_resolution,100.0,1
CHEBI_147840,CHEBI_157254,CHEBI_147840_CHEBI_157254,stereo_resolution,stereo_resolution,75.0,1
CHEBI_143724,CHEBI_143741,CHEBI_143724_CHEBI_143741,stereo_resolution,stereo_resolution,100.0,1
CHEBI_218640,CHEBI_224081,CHEBI_218640_CHEBI_224081,diastereomer,stereo_resolution,100.0,0
CHEBI_3133,CHEBI_59189,CHEBI_3133_CHEBI_59189,stereo_resolution,stereo_resolution,100.0,1
CHEBI_37721,CHEBI_37720,CHEBI_37720_CHEBI_37721,stereo_resolution,stereo_resolution,100.0,1
CHEBI_143528,CHEBI_16789,CHEBI_143528_CHEBI_16789,stereo_resolution,stereo_resolution,100.0,1
CHEBI_134326,CHEBI_7020,CHEBI_134326_CHEBI_7020,stereo_resolution,stereo_resolution,100.0,1
CHEBI_95159,CHEBI_93160,CHEBI_93160_CHEBI_95159,stereo_resolution,stereo_resolution,100.0,1
CHEBI_73297,CHEBI_92798,CHEBI_73297_CHEBI_92798,stereo_resolution,stereo_resolution,100.0,1
CHEBI_201553,CHEBI_34998,CHEBI_201553_CHEBI_34998,stereo_resolution,stereo_resolution,100.0,1
CHEBI_73047,CHEBI_156419,CHEBI_156419_CHEBI_73047,stereo_resolution,stereo_resolution,100.0,1
CHEBI_174330,CHEBI_125503,CHEBI_125503_CHEBI_174330,stereo_resolution,stereo_resolution,100.0,1
CHEBI_111514,CHEBI_149529,CHEBI_111514_CHEBI_149529,stereo_resolution,stereo_resolution,100.0,1
CHEBI_17580,CHEBI_98,CHEBI_17580_CHEBI_98,stereo_resolution,stereo_resolution,100.0,1
CHEBI_26211,CHEBI_20673,CHEBI_20673_CHEBI_26211,stereo_resolution,stereo_resolution,100.0,1
CHEBI_95202,CHEBI_17650,CHEBI_17650_CHEBI_95202,stereo_resolution,stereo_resolution,100.0,1
CHEBI_19475,CHEBI_28804,CHEBI_19475_CHEBI_28804,stereo_resolution,stereo_resolution,100.0,1
CHEBI_75125,CHEBI_75126,CHEBI_75125_CHEBI_75126,stereo_resolution,stereo_resolution,100.0,1
CHEBI_39465,CHEBI_9599,CHEBI_39465_CHEBI_9599,stereo_resolution,stereo_resolution,100.0,1
CHEBI_154432,CHEBI_152115,CHEBI_152115_CHEBI_154432,stereo_resolution,stereo_resolution,77.0,1
CHEBI_24848,CHEBI_17268,CHEBI_17268_CHEBI_24848,stereo_resolution,stereo_resolution,100.0,1
CHEBI_85406,CHEBI_71206,CHEBI_71206_CHEBI_85406,stereo_resolution,stereo_resolution,76.0,1
CHEBI_154383,CHEBI_151494,CHEBI_151494_CHEBI_154383,stereo_resolution,stereo_resolution,75.0,1
CHEBI_196991,CHEBI_135223,CHEBI_135223_CHEBI_196991,stereo_resolution,stereo_resolution,100.0,1
CHEBI_93913,CHEBI_16335,CHEBI_16335_CHEBI_93913,stereo_resolution,stereo_resolution,100.0,1
CHEBI_37469,CHEBI_27066,CHEBI_27066_CHEBI_37469,stereo_resolution,stereo_resolution,100.0,1
CHEBI_201640,CHEBI_200239,CHEBI_200239_CHEBI_201640,stereo_resolution,stereo_resolution,100.0,1
CHEBI_220283,CHEBI_81877,CHEBI_220283_CHEBI_81877,stereo_resolution,stereo_resolution,100.0,1
CHEBI_176017,CHEBI_27799,CHEBI_176017_CHEBI_27799,stereo_resolution,stereo_resolution,100.0,1
CHEBI_181089,CHEBI_232567,CHEBI_181089_CHEBI_232567,stereo_resolution,stereo_resolution,100.0,1
CHEBI_23053,CHEBI_15600,CHEBI_15600_CHEBI_23053,stereo_resolution,stereo_resolution,100.0,1
CHEBI_133187,CHEBI_133188,CHEBI_133187_CHEBI_133188,stereo_resolution,stereo_resolution,100.0,1
CHEBI_156758,CHEBI_152791,CHEBI_152791_CHEBI_156758,stereo_resolution,stereo_resolution,100.0,1
CHEBI_75722,CHEBI_75731,CHEBI_75722_CHEBI_75731,stereo_resolution,stereo_resolution,100.0,1
CHEBI_83732,CHEBI_83733,CHEBI_83732_CHEBI_83733,stereo_resolution,stereo_resolution,100.0,1
CHEBI_48250,CHEBI_48260,CHEBI_48250_CHEBI_48260,stereo_resolution,stereo_resolution,100.0,1
CHEBI_146079,CHEBI_150607,CHEBI_146079_CHEBI_150607,diastereomer,stereo_resolution,75.0,0
CHEBI_82857,CHEBI_82858,CHEBI_82857_CHEBI_82858,stereo_resolution,stereo_resolution,100.0,1
CHEBI_91742,CHEBI_73237,CHEBI_73237_CHEBI_91742,stereo_resolution,stereo_resolution,100.0,1
CHEBI_218,CHEBI_18105,CHEBI_18105_CHEBI_218,stereo_resolution,stereo_resolution,100.0,1
CHEBI_137271,CHEBI_157782,CHEBI_137271_CHEBI_157782,stereo_resolution,stereo_resolution,100.0,1
CHEBI_177265,CHEBI_74390,CHEBI_177265_CHEBI_74390,stereo_resolution,stereo_resolution,86.0,1
CHEBI_181089,CHEBI_232566,CHEBI_181089_CHEBI_232566,stereo_resolution,stereo_resolution,100.0,1
CHEBI_18721,CHEBI_18663,CHEBI_18663_CHEBI_18721,stereo_resolution,stereo_resolution,100.0,1
CHEBI_31033,CHEBI_17129,CHEBI_17129_CHEBI_31033,stereo_resolution,stereo_resolution,100.0,1
CHEBI_169714,CHEBI_86476,CHEBI_169714_CHEBI_86476,stereo_resolution,stereo_resolution,100.0,1
CHEBI_59275,CHEBI_43934,CHEBI_43934_CHEBI_59275,stereo_resolution,stereo_resolution,100.0,1
CHEBI_154806,CHEBI_148593,CHEBI_148593_CHEBI_154806,stereo_resolution,stereo_resolution,100.0,1
CHEBI_91490,CHEBI_232459,CHEBI_232459_CHEBI_91490,stereo_resolution,stereo_resolution,100.0,1
CHEBI_151124,CHEBI_71350,CHEBI_151124_CHEBI_71350,stereo_resolution,stereo_resolution,75.0,1
CHEBI_62181,CHEBI_155347,CHEBI_155347_CHEBI_62181,stereo_resolution,stereo_resolution,76.0,1
CHEBI_153255,CHEBI_157098,CHEBI_153255_CHEBI_157098,stereo_resolution,stereo_resolution,75.0,1
CHEBI_1230,CHEBI_167474,CHEBI_1230_CHEBI_167474,stereo_resolution,stereo_resolution,76.0,1
CHEBI_126462,CHEBI_129864,CHEBI_126462_CHEBI_129864,diastereomer,stereo_resolution,81.0,0
CHEBI_191369,CHEBI_77165,CHEBI_191369_CHEBI_77165,stereo_resolution,stereo_resolution,100.0,1
CHEBI_196338,CHEBI_191483,CHEBI_191483_CHEBI_196338,stereo_resolution,stereo_resolution,100.0,1
CHEBI_130815,CHEBI_130572,CHEBI_130572_CHEBI_130815,diastereomer,stereo_resolution,78.0,0
CHEBI_167913,CHEBI_15711,CHEBI_15711_CHEBI_167913,stereo_resolution,stereo_resolution,100.0,1
CHEBI_147648,CHEBI_153211,CHEBI_147648_CHEBI_153211,stereo_resolution,stereo_resolution,100.0,1
CHEBI_138122,CHEBI_138123,CHEBI_138122_CHEBI_138123,stereo_resolution,stereo_resolution,100.0,1
CHEBI_53766,CHEBI_53769,CHEBI_53766_CHEBI_53769,stereo_resolution,stereo_resolution,100.0,1
CHEBI_146055,CHEBI_151680,CHEBI_146055_CHEBI_151680,stereo_resolution,stereo_resolution,76.0,1
CHEBI_77898,CHEBI_77905,CHEBI_77898_CHEBI_77905,stereo_resolution,stereo_resolution,100.0,1
CHEBI_128015,CHEBI_131011,CHEBI_128015_CHEBI_131011,diastereomer,stereo_resolution,78.0,0
CHEBI_50148,CHEBI_50147,CHEBI_50147_CHEBI_50148,stereo_resolution,stereo_resolution,100.0,1
CHEBI_131830,CHEBI_75853,CHEBI_131830_CHEBI_75853,stereo_resolution,stereo_resolution,100.0,1
CHEBI_52996,CHEBI_27554,CHEBI_27554_CHEBI_52996,stereo_resolution,stereo_resolution,76.0,1
CHEBI_94380,CHEBI_78389,CHEBI_78389_CHEBI_94380,stereo_resolution,stereo_resolution,100.0,1
CHEBI_138117,CHEBI_138119,CHEBI_138117_CHEBI_138119,stereo_resolution,stereo_resolution,100.0,1
CHEBI_183869,CHEBI_151938,CHEBI_151938_CHEBI_183869,stereo_resolution,stereo_resolution,100.0,1
CHEBI_195265,CHEBI_89741,CHEBI_195265_CHEBI_89741,stereo_resolution,stereo_resolution,100.0,1
CHEBI_155443,CHEBI_71603,CHEBI_155443_CHEBI_71603,stereo_resolution,stereo_resolution,81.0,1
CHEBI_151591,CHEBI_156754,CHEBI_151591_CHEBI_156754,stereo_resolution,stereo_resolution,75.0,1
CHEBI_61581,CHEBI_148969,CHEBI_148969_CHEBI_61581,stereo_resolution,stereo_resolution,76.0,1
CHEBI_157044,CHEBI_71643,CHEBI_157044_CHEBI_71643,stereo_resolution,stereo_resolution,100.0,1
CHEBI_83138,CHEBI_83140,CHEBI_83138_CHEBI_83140,stereo_resolution,stereo_resolution,100.0,1
CHEBI_19929,CHEBI_51058,CHEBI_19929_CHEBI_51058,stereo_resolution,stereo_resolution,100.0,1
CHEBI_165774,CHEBI_179238,CHEBI_165774_CHEBI_179238,stereo_resolution,stereo_resolution,100.0,1
CHEBI_57700,CHEBI_62413,CHEBI_57700_CHEBI_62413,stereo_resolution,stereo_resolution,100.0,1
CHEBI_131512,CHEBI_131511,CHEBI_131511_CHEBI_131512,stereo_resolution,stereo_resolution,100.0,1
CHEBI_175867,CHEBI_146926,CHEBI_146926_CHEBI_175867,stereo_resolution,stereo_resolution,100.0,1
CHEBI_34572,CHEBI_39118,CHEBI_34572_CHEBI_39118,stereo_resolution,stereo_resolution,100.0,1
CHEBI_149107,CHEBI_155797,CHEBI_149107_CHEBI_155797,stereo_resolution,stereo_resolution,75.0,1
CHEBI_153347,CHEBI_147087,CHEBI_147087_CHEBI_153347,stereo_resolution,stereo_resolution,75.0,1
CHEBI_151312,CHEBI_147715,CHEBI_147715_CHEBI_151312,stereo_resolution,stereo_resolution,100.0,1
CHEBI_233090,CHEBI_232371,CHEBI_232371_CHEBI_233090,stereo_resolution,stereo_resolution,100.0,1
CHEBI_76628,CHEBI_78423,CHEBI_76628_CHEBI_78423,stereo_resolution,stereo_resolution,100.0,1
CHEBI_133820,CHEBI_77895,CHEBI_133820_CHEBI_77895,stereo_resolution,stereo_resolution,100.0,1
CHEBI_148482,CHEBI_149159,CHEBI_148482_CHEBI_149159,stereo_resolution,stereo_resolution,76.0,1
CHEBI_175524,CHEBI_181118,CHEBI_175524_CHEBI_181118,stereo_resolution,stereo_resolution,100.0,1
CHEBI_175321,CHEBI_72330,CHEBI_175321_CHEBI_72330,stereo_resolution,stereo_resolution,100.0,1
CHEBI_184805,CHEBI_199203,CHEBI_184805_CHEBI_199203,stereo_resolution,stereo_resolution,100.0,1
CHEBI_151379,CHEBI_153138,CHEBI_151379_CHEBI_153138,stereo_resolution,stereo_resolution,79.0,1
CHEBI_83299,CHEBI_83306,CHEBI_83299_CHEBI_83306,stereo_resolution,stereo_resolution,100.0,1
CHEBI_83128,CHEBI_83129,CHEBI_83128_CHEBI_83129,stereo_resolution,stereo_resolution,76.0,1
CHEBI_175873,CHEBI_155190,CHEBI_155190_CHEBI_175873,stereo_resolution,stereo_resolution,76.0,1
CHEBI_28770,CHEBI_27702,CHEBI_27702_CHEBI_28770,stereo_resolution,stereo_resolution,100.0,1
CHEBI_136881,CHEBI_77427,CHEBI_136881_CHEBI_77427,stereo_resolution,stereo_resolution,100.0,1
CHEBI_154094,CHEBI_146672,CHEBI_146672_CHEBI_154094,stereo_resolution,stereo_resolution,75.0,1
CHEBI_173277,CHEBI_151824,CHEBI_151824_CHEBI_173277,stereo_resolution,stereo_resolution,76.0,1
CHEBI_95160,CHEBI_48344,CHEBI_48344_CHEBI_95160,stereo_resolution,stereo_resolution,100.0,1
CHEBI_23966,CHEBI_20653,CHEBI_20653_CHEBI_23966,stereo_resolution,stereo_resolution,100.0,1
CHEBI_24536,CHEBI_39096,CHEBI_24536_CHEBI_39096,stereo_resolution,stereo_resolution,100.0,1
CHEBI_77043,CHEBI_77044,CHEBI_77043_CHEBI_77044,stereo_resolution,stereo_resolution,100.0,1
CHEBI_90825,CHEBI_132083,CHEBI_132083_CHEBI_90825,stereo_resolution,stereo_resolution,100.0,1
CHEBI_4592,CHEBI_83532,CHEBI_4592_CHEBI_83532,stereo_resolution,stereo_resolution,100.0,1
CHEBI_181011,CHEBI_226068,CHEBI_181011_CHEBI_226068,stereo_resolution,stereo_resolution,100.0,1
CHEBI_60948,CHEBI_68485,CHEBI_60948_CHEBI_68485,stereo_resolution,stereo_resolution,100.0,1
CHEBI_153597,CHEBI_148669,CHEBI_148669_CHEBI_153597,stereo_resolution,stereo_resolution,75.0,1
CHEBI_7203,CHEBI_182166,CHEBI_182166_CHEBI_7203,stereo_resolution,stereo_resolution,100.0,1
CHEBI_174722,CHEBI_69830,CHEBI_174722_CHEBI_69830,stereo_resolution,stereo_resolution,100.0,1
CHEBI_178129,CHEBI_153618,CHEBI_153618_CHEBI_178129,stereo_resolution,stereo_resolution,75.0,1
CHEBI_2668,CHEBI_53795,CHEBI_2668_CHEBI_53795,stereo_resolution,stereo_resolution,100.0,1
CHEBI_183717,CHEBI_220735,CHEBI_183717_CHEBI_220735,stereo_resolution,stereo_resolution,100.0,1
CHEBI_154381,CHEBI_91279,CHEBI_154381_CHEBI_91279,stereo_resolution,stereo_resolution,76.0,1
CHEBI_90821,CHEBI_82626,CHEBI_82626_CHEBI_90821,stereo_resolution,stereo_resolution,100.0,1
CHEBI_154286,CHEBI_156329,CHEBI_154286_CHEBI_156329,stereo_resolution,stereo_resolution,91.0,1
CHEBI_173294,CHEBI_75632,CHEBI_173294_CHEBI_75632,stereo_resolution,stereo_resolution,100.0,1
CHEBI_3642,CHEBI_59479,CHEBI_3642_CHEBI_59479,stereo_resolution,stereo_resolution,100.0,1
CHEBI_66909,CHEBI_61806,CHEBI_61806_CHEBI_66909,stereo_resolution,stereo_resolution,100.0,1
CHEBI_157327,CHEBI_62355,CHEBI_157327_CHEBI_62355,stereo_resolution,stereo_resolution,100.0,1
CHEBI_181838,CHEBI_67642,CHEBI_181838_CHEBI_67642,stereo_resolution,stereo_resolution,100.0,1
CHEBI_82790,CHEBI_60607,CHEBI_60607_CHEBI_82790,stereo_resolution,stereo_resolution,100.0,1
CHEBI_65048,CHEBI_65063,CHEBI_65048_CHEBI_65063,stereo_resolution,stereo_resolution,100.0,1
CHEBI_73037,CHEBI_189709,CHEBI_189709_CHEBI_73037,stereo_resolution,stereo_resolution,100.0,1
CHEBI_144708,CHEBI_180228,CHEBI_144708_CHEBI_180228,stereo_resolution,stereo_resolution,100.0,1
CHEBI_238698,CHEBI_59185,CHEBI_238698_CHEBI_59185,stereo_resolution,stereo_resolution,100.0,1
CHEBI_61786,CHEBI_154502,CHEBI_154502_CHEBI_61786,stereo_resolution,stereo_resolution,100.0,1
CHEBI_95356,CHEBI_137113,CHEBI_137113_CHEBI_95356,stereo_resolution,stereo_resolution,100.0,1
CHEBI_88378,CHEBI_86363,CHEBI_86363_CHEBI_88378,stereo_resolution,stereo_resolution,100.0,1
CHEBI_2179,CHEBI_27442,CHEBI_2179_CHEBI_27442,stereo_resolution,stereo_resolution,100.0,1
CHEBI_150550,CHEBI_154224,CHEBI_150550_CHEBI_154224,stereo_resolution,stereo_resolution,100.0,1
CHEBI_154383,CHEBI_71643,CHEBI_154383_CHEBI_71643,stereo_resolution,stereo_resolution,75.0,1
CHEBI_95219,CHEBI_94748,CHEBI_94748_CHEBI_95219,stereo_resolution,stereo_resolution,100.0,1
CHEBI_25955,CHEBI_37101,CHEBI_25955_CHEBI_37101,stereo_resolution,stereo_resolution,100.0,1
CHEBI_181540,CHEBI_210079,CHEBI_181540_CHEBI_210079,stereo_resolution,stereo_resolution,100.0,1
CHEBI_181180,CHEBI_7949,CHEBI_181180_CHEBI_7949,stereo_resolution,stereo_resolution,100.0,1
CHEBI_155509,CHEBI_146724,CHEBI_146724_CHEBI_155509,stereo_resolution,stereo_resolution,75.0,1
CHEBI_143624,CHEBI_146456,CHEBI_143624_CHEBI_146456,stereo_resolution,stereo_resolution,100.0,1
CHEBI_103829,CHEBI_119728,CHEBI_103829_CHEBI_119728,diastereomer,stereo_resolution,77.0,0
CHEBI_17716,CHEBI_36218,CHEBI_17716_CHEBI_36218,stereo_resolution,stereo_resolution,100.0,1
CHEBI_59957,CHEBI_60208,CHEBI_59957_CHEBI_60208,stereo_resolution,stereo_resolution,100.0,1
CHEBI_136989,CHEBI_183448,CHEBI_136989_CHEBI_183448,stereo_resolution,stereo_resolution,100.0,1
CHEBI_80744,CHEBI_205528,CHEBI_205528_CHEBI_80744,stereo_resolution,stereo_resolution,100.0,1
CHEBI_128415,CHEBI_128450,CHEBI_128415_CHEBI_128450,diastereomer,stereo_resolution,100.0,0
CHEBI_131751,CHEBI_131752,CHEBI_131751_CHEBI_131752,stereo_resolution,stereo_resolution,100.0,1
CHEBI_24848,CHEBI_23311,CHEBI_23311_CHEBI_24848,stereo_resolution,stereo_resolution,100.0,1
CHEBI_32730,CHEBI_32723,CHEBI_32723_CHEBI_32730,stereo_resolution,stereo_resolution,100.0,1
CHEBI_84002,CHEBI_84003,CHEBI_84002_CHEBI_84003,stereo_resolution,stereo_resolution,100.0,1
CHEBI_27649,CHEBI_50389,CHEBI_27649_CHEBI_50389,stereo_resolution,stereo_resolution,100.0,1
CHEBI_181660,CHEBI_212970,CHEBI_181660_CHEBI_212970,stereo_resolution,stereo_resolution,100.0,1
CHEBI_150443,CHEBI_156922,CHEBI_150443_CHEBI_156922,stereo_resolution,stereo_resolution,75.0,1
CHEBI_39341,CHEBI_39342,CHEBI_39341_CHEBI_39342,stereo_resolution,stereo_resolution,100.0,1
CHEBI_5571,CHEBI_16165,CHEBI_16165_CHEBI_5571,stereo_resolution,stereo_resolution,100.0,1
CHEBI_77043,CHEBI_77045,CHEBI_77043_CHEBI_77045,stereo_resolution,stereo_resolution,100.0,1
CHEBI_139463,CHEBI_70611,CHEBI_139463_CHEBI_70611,stereo_resolution,stereo_resolution,100.0,1
CHEBI_30661,CHEBI_233333,CHEBI_233333_CHEBI_30661,stereo_resolution,stereo_resolution,89.0,1
CHEBI_183969,CHEBI_77127,CHEBI_183969_CHEBI_77127,stereo_resolution,stereo_resolution,100.0,1
CHEBI_32304,CHEBI_91126,CHEBI_32304_CHEBI_91126,diastereomer,stereo_resolution,85.0,0
CHEBI_156748,CHEBI_153424,CHEBI_153424_CHEBI_156748,stereo_resolution,stereo_resolution,77.0,1
CHEBI_37879,CHEBI_37883,CHEBI_37879_CHEBI_37883,stereo_resolution,stereo_resolution,100.0,1
CHEBI_62974,CHEBI_156790,CHEBI_156790_CHEBI_62974,stereo_resolution,stereo_resolution,100.0,1
CHEBI_59250,CHEBI_64169,CHEBI_59250_CHEBI_64169,stereo_resolution,stereo_resolution,78.0,1
CHEBI_91937,CHEBI_92122,CHEBI_91937_CHEBI_92122,stereo_resolution,stereo_resolution,100.0,1
CHEBI_151379,CHEBI_156670,CHEBI_151379_CHEBI_156670,stereo_resolution,stereo_resolution,79.0,1
CHEBI_95602,CHEBI_112466,CHEBI_112466_CHEBI_95602,diastereomer,stereo_resolution,100.0,0
CHEBI_157050,CHEBI_157346,CHEBI_157050_CHEBI_157346,stereo_resolution,stereo_resolution,77.0,1
CHEBI_115155,CHEBI_3703,CHEBI_115155_CHEBI_3703,stereo_resolution,stereo_resolution,100.0,1
CHEBI_50621,CHEBI_50619,CHEBI_50619_CHEBI_50621,stereo_resolution,stereo_resolution,100.0,1
CHEBI_142460,CHEBI_77436,CHEBI_142460_CHEBI_77436,stereo_resolution,stereo_resolution,76.0,1
CHEBI_181242,CHEBI_68433,CHEBI_181242_CHEBI_68433,stereo_resolution,stereo_resolution,100.0,1
CHEBI_126851,CHEBI_126906,CHEBI_126851_CHEBI_126906,diastereomer,stereo_resolution,81.0,0
CHEBI_26137,CHEBI_83263,CHEBI_26137_CHEBI_83263,stereo_resolution,stereo_resolution,100.0,1
CHEBI_37011,CHEBI_84813,CHEBI_37011_CHEBI_84813,stereo_resolution,stereo_resolution,82.0,1
CHEBI_38562,CHEBI_38568,CHEBI_38562_CHEBI_38568,stereo_resolution,stereo_resolution,100.0,1
CHEBI_182578,CHEBI_64530,CHEBI_182578_CHEBI_64530,stereo_resolution,stereo_resolution,100.0,1
CHEBI_69088,CHEBI_9971,CHEBI_69088_CHEBI_9971,stereo_resolution,stereo_resolution,100.0,1
CHEBI_77562,CHEBI_64310,CHEBI_64310_CHEBI_77562,stereo_resolution,stereo_resolution,100.0,1
CHEBI_145887,CHEBI_151238,CHEBI_145887_CHEBI_151238,stereo_resolution,stereo_resolution,75.0,1
CHEBI_73072,CHEBI_84098,CHEBI_73072_CHEBI_84098,stereo_resolution,stereo_resolution,100.0,1
CHEBI_155601,CHEBI_150879,CHEBI_150879_CHEBI_155601,stereo_resolution,stereo_resolution,75.0,1
CHEBI_128403,CHEBI_131321,CHEBI_128403_CHEBI_131321,diastereomer,stereo_resolution,79.0,0
CHEBI_137013,CHEBI_73807,CHEBI_137013_CHEBI_73807,stereo_resolution,stereo_resolution,100.0,1
CHEBI_189030,CHEBI_62111,CHEBI_189030_CHEBI_62111,stereo_resolution,stereo_resolution,100.0,1
CHEBI_157390,CHEBI_71327,CHEBI_157390_CHEBI_71327,stereo_resolution,stereo_resolution,100.0,1
CHEBI_181121,CHEBI_17037,CHEBI_17037_CHEBI_181121,stereo_resolution,stereo_resolution,100.0,1
CHEBI_133764,CHEBI_133765,CHEBI_133764_CHEBI_133765,stereo_resolution,stereo_resolution,100.0,1
CHEBI_60645,CHEBI_60631,CHEBI_60631_CHEBI_60645,stereo_resolution,stereo_resolution,100.0,1
CHEBI_36237,CHEBI_36239,CHEBI_36237_CHEBI_36239,stereo_resolution,stereo_resolution,100.0,1
CHEBI_113613,CHEBI_113576,CHEBI_113576_CHEBI_113613,diastereomer,stereo_resolution,79.0,0
CHEBI_167926,CHEBI_136550,CHEBI_136550_CHEBI_167926,stereo_resolution,stereo_resolution,100.0,1
CHEBI_155278,CHEBI_152470,CHEBI_152470_CHEBI_155278,stereo_resolution,stereo_resolution,75.0,1
CHEBI_181210,CHEBI_9079,CHEBI_181210_CHEBI_9079,stereo_resolution,stereo_resolution,100.0,1
CHEBI_177353,CHEBI_176896,CHEBI_176896_CHEBI_177353,stereo_resolution,stereo_resolution,81.0,1
CHEBI_93764,CHEBI_125447,CHEBI_125447_CHEBI_93764,stereo_resolution,stereo_resolution,100.0,1
CHEBI_194846,CHEBI_74049,CHEBI_194846_CHEBI_74049,stereo_resolution,stereo_resolution,100.0,1
CHEBI_34118,CHEBI_39932,CHEBI_34118_CHEBI_39932,stereo_resolution,stereo_resolution,100.0,1
CHEBI_180651,CHEBI_180649,CHEBI_180649_CHEBI_180651,stereo_resolution,stereo_resolution,100.0,1
CHEBI_155404,CHEBI_152798,CHEBI_152798_CHEBI_155404,stereo_resolution,stereo_resolution,76.0,1
CHEBI_22998,CHEBI_16592,CHEBI_16592_CHEBI_22998,stereo_resolution,stereo_resolution,100.0,1
CHEBI_143897,CHEBI_143895,CHEBI_143895_CHEBI_143897,stereo_resolution,stereo_resolution,100.0,1
CHEBI_59332,CHEBI_4110,CHEBI_4110_CHEBI_59332,stereo_resolution,stereo_resolution,100.0,1
CHEBI_211436,CHEBI_211442,CHEBI_211436_CHEBI_211442,diastereomer,stereo_resolution,77.0,0
CHEBI_154679,CHEBI_152135,CHEBI_152135_CHEBI_154679,stereo_resolution,stereo_resolution,100.0,1
CHEBI_130254,CHEBI_127193,CHEBI_127193_CHEBI_130254,diastereomer,stereo_resolution,87.0,0
CHEBI_194383,CHEBI_46967,CHEBI_194383_CHEBI_46967,stereo_resolution,stereo_resolution,100.0,1
CHEBI_208279,CHEBI_216014,CHEBI_208279_CHEBI_216014,diastereomer,stereo_resolution,100.0,0
CHEBI_91315,CHEBI_91317,CHEBI_91315_CHEBI_91317,stereo_resolution,stereo_resolution,100.0,1
CHEBI_152350,CHEBI_148048,CHEBI_148048_CHEBI_152350,stereo_resolution,stereo_resolution,100.0,1
CHEBI_166876,CHEBI_148606,CHEBI_148606_CHEBI_166876,stereo_resolution,stereo_resolution,100.0,1
CHEBI_179704,CHEBI_179700,CHEBI_179700_CHEBI_179704,stereo_resolution,stereo_resolution,100.0,1
CHEBI_68933,CHEBI_76589,CHEBI_68933_CHEBI_76589,stereo_resolution,stereo_resolution,100.0,1
CHEBI_64814,CHEBI_64786,CHEBI_64786_CHEBI_64814,stereo_resolution,stereo_resolution,100.0,1
CHEBI_47010,CHEBI_47012,CHEBI_47010_CHEBI_47012,stereo_resolution,stereo_resolution,100.0,1
CHEBI_151972,CHEBI_154771,CHEBI_151972_CHEBI_154771,stereo_resolution,stereo_resolution,100.0,1
CHEBI_25882,CHEBI_48026,CHEBI_25882_CHEBI_48026,stereo_resolution,stereo_resolution,100.0,1
CHEBI_182085,CHEBI_55555,CHEBI_182085_CHEBI_55555,stereo_resolution,stereo_resolution,100.0,1
CHEBI_149231,CHEBI_154207,CHEBI_149231_CHEBI_154207,stereo_resolution,stereo_resolution,75.0,1
CHEBI_59579,CHEBI_145607,CHEBI_145607_CHEBI_59579,stereo_resolution,stereo_resolution,75.0,1
CHEBI_175533,CHEBI_143538,CHEBI_143538_CHEBI_175533,stereo_resolution,stereo_resolution,100.0,1
CHEBI_16432,CHEBI_47939,CHEBI_16432_CHEBI_47939,stereo_resolution,stereo_resolution,100.0,1
CHEBI_100078,CHEBI_101698,CHEBI_100078_CHEBI_101698,diastereomer,stereo_resolution,76.0,0
CHEBI_150374,CHEBI_157096,CHEBI_150374_CHEBI_157096,stereo_resolution,stereo_resolution,75.0,1
CHEBI_95344,CHEBI_31546,CHEBI_31546_CHEBI_95344,stereo_resolution,stereo_resolution,100.0,1
CHEBI_47798,CHEBI_47797,CHEBI_47797_CHEBI_47798,stereo_resolution,stereo_resolution,100.0,1
CHEBI_201606,CHEBI_208924,CHEBI_201606_CHEBI_208924,stereo_resolution,stereo_resolution,100.0,1
CHEBI_83652,CHEBI_83655,CHEBI_83652_CHEBI_83655,stereo_resolution,stereo_resolution,100.0,1
CHEBI_173277,CHEBI_63141,CHEBI_173277_CHEBI_63141,stereo_resolution,stereo_resolution,76.0,1
CHEBI_140516,CHEBI_140509,CHEBI_140509_CHEBI_140516,stereo_resolution,stereo_resolution,91.0,1
CHEBI_6418,CHEBI_191208,CHEBI_191208_CHEBI_6418,stereo_resolution,stereo_resolution,64.0,1
CHEBI_155314,CHEBI_151203,CHEBI_151203_CHEBI_155314,stereo_resolution,stereo_resolution,75.0,1
CHEBI_191569,CHEBI_67415,CHEBI_191569_CHEBI_67415,stereo_resolution,stereo_resolution,100.0,1
CHEBI_171688,CHEBI_86389,CHEBI_171688_CHEBI_86389,stereo_resolution,stereo_resolution,100.0,1
CHEBI_150842,CHEBI_143194,CHEBI_143194_CHEBI_150842,stereo_resolution,stereo_resolution,100.0,1
CHEBI_175867,CHEBI_147961,CHEBI_147961_CHEBI_175867,stereo_resolution,stereo_resolution,100.0,1
CHEBI_196996,CHEBI_66497,CHEBI_196996_CHEBI_66497,stereo_resolution,stereo_resolution,100.0,1
CHEBI_37464,CHEBI_37465,CHEBI_37464_CHEBI_37465,stereo_resolution,stereo_resolution,100.0,1
CHEBI_50163,CHEBI_28296,CHEBI_28296_CHEBI_50163,stereo_resolution,stereo_resolution,100.0,1
CHEBI_136658,CHEBI_136659,CHEBI_136658_CHEBI_136659,stereo_resolution,stereo_resolution,100.0,1
CHEBI_84514,CHEBI_72828,CHEBI_72828_CHEBI_84514,stereo_resolution,stereo_resolution,100.0,1
CHEBI_63153,CHEBI_63154,CHEBI_63153_CHEBI_63154,stereo_resolution,stereo_resolution,79.0,1
CHEBI_50675,CHEBI_50677,CHEBI_50675_CHEBI_50677,stereo_resolution,stereo_resolution,76.0,1
CHEBI_28053,CHEBI_151217,CHEBI_151217_CHEBI_28053,stereo_resolution,stereo_resolution,100.0,1
CHEBI_146500,CHEBI_60931,CHEBI_146500_CHEBI_60931,stereo_resolution,stereo_resolution,100.0,1
CHEBI_52330,CHEBI_143890,CHEBI_143890_CHEBI_52330,stereo_resolution,stereo_resolution,86.0,1
CHEBI_130766,CHEBI_129259,CHEBI_129259_CHEBI_130766,diastereomer,stereo_resolution,76.0,0
CHEBI_111601,CHEBI_124236,CHEBI_111601_CHEBI_124236,diastereomer,stereo_resolution,81.0,0
CHEBI_66503,CHEBI_218529,CHEBI_218529_CHEBI_66503,stereo_resolution,stereo_resolution,100.0,1
CHEBI_59177,CHEBI_59302,CHEBI_59177_CHEBI_59302,stereo_resolution,stereo_resolution,100.0,1
CHEBI_150842,CHEBI_154515,CHEBI_150842_CHEBI_154515,stereo_resolution,stereo_resolution,100.0,1
CHEBI_182636,CHEBI_227748,CHEBI_182636_CHEBI_227748,stereo_resolution,stereo_resolution,100.0,1
CHEBI_153936,CHEBI_156727,CHEBI_153936_CHEBI_156727,stereo_resolution,stereo_resolution,75.0,1
CHEBI_4034,CHEBI_39313,CHEBI_39313_CHEBI_4034,stereo_resolution,stereo_resolution,100.0,1
CHEBI_146624,CHEBI_152002,CHEBI_146624_CHEBI_152002,stereo_resolution,stereo_resolution,100.0,1
CHEBI_168037,CHEBI_75791,CHEBI_168037_CHEBI_75791,stereo_resolution,stereo_resolution,100.0,1
CHEBI_228203,CHEBI_228223,CHEBI_228203_CHEBI_228223,stereo_resolution,stereo_resolution,100.0,1
CHEBI_142506,CHEBI_171950,CHEBI_142506_CHEBI_171950,stereo_resolution,stereo_resolution,100.0,1
CHEBI_131512,CHEBI_131510,CHEBI_131510_CHEBI_131512,stereo_resolution,stereo_resolution,100.0,1
CHEBI_62263,CHEBI_42088,CHEBI_42088_CHEBI_62263,stereo_resolution,stereo_resolution,76.0,1
CHEBI_191849,CHEBI_76131,CHEBI_191849_CHEBI_76131,stereo_resolution,stereo_resolution,100.0,1
CHEBI_77431,CHEBI_6149,CHEBI_6149_CHEBI_77431,stereo_resolution,stereo_resolution,100.0,1
CHEBI_153636,CHEBI_146066,CHEBI_146066_CHEBI_153636,stereo_resolution,stereo_resolution,76.0,1
CHEBI_78884,CHEBI_211664,CHEBI_211664_CHEBI_78884,stereo_resolution,stereo_resolution,100.0,1
CHEBI_155229,CHEBI_155675,CHEBI_155229_CHEBI_155675,stereo_resolution,stereo_resolution,75.0,1
CHEBI_133564,CHEBI_145681,CHEBI_133564_CHEBI_145681,stereo_resolution,stereo_resolution,100.0,1
CHEBI_233894,CHEBI_232727,CHEBI_232727_CHEBI_233894,stereo_resolution,stereo_resolution,100.0,1
CHEBI_148014,CHEBI_148827,CHEBI_148014_CHEBI_148827,stereo_resolution,stereo_resolution,75.0,1
CHEBI_201849,CHEBI_28113,CHEBI_201849_CHEBI_28113,stereo_resolution,stereo_resolution,100.0,1
CHEBI_70162,CHEBI_67320,CHEBI_67320_CHEBI_70162,stereo_resolution,stereo_resolution,100.0,1
CHEBI_32771,CHEBI_46534,CHEBI_32771_CHEBI_46534,stereo_resolution,stereo_resolution,100.0,1
CHEBI_126180,CHEBI_129482,CHEBI_126180_CHEBI_129482,diastereomer,stereo_resolution,78.0,0
CHEBI_58482,CHEBI_58253,CHEBI_58253_CHEBI_58482,stereo_resolution,stereo_resolution,100.0,1
CHEBI_83867,CHEBI_84720,CHEBI_83867_CHEBI_84720,stereo_resolution,stereo_resolution,100.0,1
CHEBI_64790,CHEBI_136783,CHEBI_136783_CHEBI_64790,stereo_resolution,stereo_resolution,100.0,1
CHEBI_155139,CHEBI_152941,CHEBI_152941_CHEBI_155139,stereo_resolution,stereo_resolution,100.0,1
CHEBI_192131,CHEBI_177902,CHEBI_177902_CHEBI_192131,stereo_resolution,stereo_resolution,100.0,1
CHEBI_151318,CHEBI_67167,CHEBI_151318_CHEBI_67167,stereo_resolution,stereo_resolution,76.0,1
CHEBI_151010,CHEBI_157414,CHEBI_151010_CHEBI_157414,stereo_resolution,stereo_resolution,100.0,1
CHEBI_94323,CHEBI_2038,CHEBI_2038_CHEBI_94323,stereo_resolution,stereo_resolution,100.0,1
CHEBI_144332,CHEBI_155526,CHEBI_144332_CHEBI_155526,stereo_resolution,stereo_resolution,76.0,1
CHEBI_77649,CHEBI_77651,CHEBI_77649_CHEBI_77651,stereo_resolution,stereo_resolution,100.0,1
CHEBI_150276,CHEBI_152716,CHEBI_150276_CHEBI_152716,stereo_resolution,stereo_resolution,75.0,1
CHEBI_11805,CHEBI_62638,CHEBI_11805_CHEBI_62638,stereo_resolution,stereo_resolution,100.0,1
CHEBI_147710,CHEBI_151446,CHEBI_147710_CHEBI_151446,stereo_resolution,stereo_resolution,100.0,1
CHEBI_166840,CHEBI_182597,CHEBI_166840_CHEBI_182597,stereo_resolution,stereo_resolution,100.0,1
CHEBI_154929,CHEBI_150960,CHEBI_150960_CHEBI_154929,stereo_resolution,stereo_resolution,79.0,1
CHEBI_36229,CHEBI_36230,CHEBI_36229_CHEBI_36230,stereo_resolution,stereo_resolution,100.0,1
CHEBI_165503,CHEBI_144571,CHEBI_144571_CHEBI_165503,stereo_resolution,stereo_resolution,100.0,1
CHEBI_60002,CHEBI_61593,CHEBI_60002_CHEBI_61593,stereo_resolution,stereo_resolution,100.0,1
CHEBI_155314,CHEBI_150989,CHEBI_150989_CHEBI_155314,stereo_resolution,stereo_resolution,75.0,1
CHEBI_153001,CHEBI_149406,CHEBI_149406_CHEBI_153001,stereo_resolution,stereo_resolution,100.0,1
CHEBI_96528,CHEBI_95608,CHEBI_95608_CHEBI_96528,diastereomer,stereo_resolution,78.0,0
CHEBI_224481,CHEBI_207704,CHEBI_207704_CHEBI_224481,stereo_resolution,stereo_resolution,100.0,1
CHEBI_145664,CHEBI_148749,CHEBI_145664_CHEBI_148749,stereo_resolution,stereo_resolution,100.0,1
CHEBI_68586,CHEBI_62185,CHEBI_62185_CHEBI_68586,stereo_resolution,stereo_resolution,76.0,1
CHEBI_4034,CHEBI_39312,CHEBI_39312_CHEBI_4034,stereo_resolution,stereo_resolution,100.0,1
CHEBI_174915,CHEBI_70254,CHEBI_174915_CHEBI_70254,stereo_resolution,stereo_resolution,100.0,1
CHEBI_201452,CHEBI_27722,CHEBI_201452_CHEBI_27722,stereo_resolution,stereo_resolution,100.0,1
CHEBI_150544,CHEBI_145581,CHEBI_145581_CHEBI_150544,stereo_resolution,stereo_resolution,100.0,1
CHEBI_172488,CHEBI_157842,CHEBI_157842_CHEBI_172488,stereo_resolution,stereo_resolution,100.0,1
CHEBI_48299,CHEBI_42090,CHEBI_42090_CHEBI_48299,stereo_resolution,stereo_resolution,100.0,1
CHEBI_71408,CHEBI_76374,CHEBI_71408_CHEBI_76374,stereo_resolution,stereo_resolution,100.0,1
CHEBI_37714,CHEBI_41005,CHEBI_37714_CHEBI_41005,stereo_resolution,stereo_resolution,100.0,1
CHEBI_182785,CHEBI_219916,CHEBI_182785_CHEBI_219916,stereo_resolution,stereo_resolution,100.0,1
CHEBI_151528,CHEBI_62988,CHEBI_151528_CHEBI_62988,stereo_resolution,stereo_resolution,83.0,1
CHEBI_231571,CHEBI_42589,CHEBI_231571_CHEBI_42589,stereo_resolution,stereo_resolution,100.0,1
CHEBI_181759,CHEBI_178403,CHEBI_178403_CHEBI_181759,stereo_resolution,stereo_resolution,100.0,1
CHEBI_154261,CHEBI_68586,CHEBI_154261_CHEBI_68586,stereo_resolution,stereo_resolution,100.0,1
CHEBI_206195,CHEBI_207323,CHEBI_206195_CHEBI_207323,stereo_resolution,stereo_resolution,100.0,1
CHEBI_191373,CHEBI_191376,CHEBI_191373_CHEBI_191376,stereo_resolution,stereo_resolution,100.0,1
CHEBI_49140,CHEBI_49126,CHEBI_49126_CHEBI_49140,stereo_resolution,stereo_resolution,100.0,1
CHEBI_133306,CHEBI_133311,CHEBI_133306_CHEBI_133311,stereo_resolution,stereo_resolution,100.0,1
CHEBI_84728,CHEBI_62152,CHEBI_62152_CHEBI_84728,stereo_resolution,stereo_resolution,75.0,1
CHEBI_36226,CHEBI_36227,CHEBI_36226_CHEBI_36227,stereo_resolution,stereo_resolution,100.0,1
CHEBI_154544,CHEBI_157217,CHEBI_154544_CHEBI_157217,stereo_resolution,stereo_resolution,76.0,1
CHEBI_91735,CHEBI_42944,CHEBI_42944_CHEBI_91735,stereo_resolution,stereo_resolution,100.0,1
CHEBI_15676,CHEBI_15677,CHEBI_15676_CHEBI_15677,stereo_resolution,stereo_resolution,100.0,1
CHEBI_175876,CHEBI_154784,CHEBI_154784_CHEBI_175876,stereo_resolution,stereo_resolution,86.0,1
CHEBI_49241,CHEBI_49246,CHEBI_49241_CHEBI_49246,stereo_resolution,stereo_resolution,100.0,1
CHEBI_84002,CHEBI_84004,CHEBI_84002_CHEBI_84004,stereo_resolution,stereo_resolution,100.0,1
CHEBI_51478,CHEBI_51480,CHEBI_51478_CHEBI_51480,stereo_resolution,stereo_resolution,100.0,1
CHEBI_83804,CHEBI_83805,CHEBI_83804_CHEBI_83805,stereo_resolution,stereo_resolution,100.0,1
CHEBI_83557,CHEBI_83559,CHEBI_83557_CHEBI_83559,stereo_resolution,stereo_resolution,100.0,1
CHEBI_151628,CHEBI_155267,CHEBI_151628_CHEBI_155267,stereo_resolution,stereo_resolution,75.0,1
CHEBI_153678,CHEBI_151283,CHEBI_151283_CHEBI_153678,stereo_resolution,stereo_resolution,100.0,1
CHEBI_4034,CHEBI_39310,CHEBI_39310_CHEBI_4034,stereo_resolution,stereo_resolution,100.0,1
CHEBI_151696,CHEBI_146112,CHEBI_146112_CHEBI_151696,stereo_resolution,stereo_resolution,100.0,1
CHEBI_32740,CHEBI_32738,CHEBI_32738_CHEBI_32740,stereo_resolution,stereo_resolution,100.0,1
CHEBI_145412,CHEBI_145414,CHEBI_145412_CHEBI_145414,stereo_resolution,stereo_resolution,100.0,1
CHEBI_53770,CHEBI_53772,CHEBI_53770_CHEBI_53772,stereo_resolution,stereo_resolution,100.0,1
CHEBI_194353,CHEBI_194412,CHEBI_194353_CHEBI_194412,stereo_resolution,stereo_resolution,100.0,1
CHEBI_78321,CHEBI_78323,CHEBI_78321_CHEBI_78323,stereo_resolution,stereo_resolution,100.0,1
CHEBI_701,CHEBI_174358,CHEBI_174358_CHEBI_701,stereo_resolution,stereo_resolution,100.0,1
CHEBI_193121,CHEBI_193116,CHEBI_193116_CHEBI_193121,stereo_resolution,stereo_resolution,100.0,1
CHEBI_83638,CHEBI_83640,CHEBI_83638_CHEBI_83640,stereo_resolution,stereo_resolution,100.0,1
CHEBI_182116,CHEBI_8651,CHEBI_182116_CHEBI_8651,stereo_resolution,stereo_resolution,100.0,1
CHEBI_139515,CHEBI_181406,CHEBI_139515_CHEBI_181406,stereo_resolution,stereo_resolution,100.0,1
CHEBI_189396,CHEBI_9775,CHEBI_189396_CHEBI_9775,stereo_resolution,stereo_resolution,100.0,1
CHEBI_194517,CHEBI_143273,CHEBI_143273_CHEBI_194517,stereo_resolution,stereo_resolution,100.0,1
CHEBI_76917,CHEBI_76919,CHEBI_76917_CHEBI_76919,stereo_resolution,stereo_resolution,100.0,1
CHEBI_146528,CHEBI_154383,CHEBI_146528_CHEBI_154383,stereo_resolution,stereo_resolution,75.0,1
CHEBI_110187,CHEBI_47069,CHEBI_110187_CHEBI_47069,stereo_resolution,stereo_resolution,100.0,1
CHEBI_68744,CHEBI_210516,CHEBI_210516_CHEBI_68744,stereo_resolution,stereo_resolution,100.0,1
CHEBI_184082,CHEBI_72959,CHEBI_184082_CHEBI_72959,stereo_resolution,stereo_resolution,100.0,1
CHEBI_90826,CHEBI_132218,CHEBI_132218_CHEBI_90826,stereo_resolution,stereo_resolution,100.0,1
CHEBI_87552,CHEBI_87555,CHEBI_87552_CHEBI_87555,stereo_resolution,stereo_resolution,100.0,1
CHEBI_91543,CHEBI_94498,CHEBI_91543_CHEBI_94498,stereo_resolution,stereo_resolution,100.0,1
CHEBI_553827,CHEBI_59180,CHEBI_553827_CHEBI_59180,stereo_resolution,stereo_resolution,100.0,1
CHEBI_22899,CHEBI_15391,CHEBI_15391_CHEBI_22899,stereo_resolution,stereo_resolution,100.0,1
CHEBI_37475,CHEBI_37476,CHEBI_37475_CHEBI_37476,stereo_resolution,stereo_resolution,100.0,1
CHEBI_89446,CHEBI_230377,CHEBI_230377_CHEBI_89446,stereo_resolution,stereo_resolution,100.0,1
CHEBI_59440,CHEBI_59441,CHEBI_59440_CHEBI_59441,stereo_resolution,stereo_resolution,75.0,1
CHEBI_154929,CHEBI_156593,CHEBI_154929_CHEBI_156593,stereo_resolution,stereo_resolution,79.0,1
CHEBI_62344,CHEBI_157388,CHEBI_157388_CHEBI_62344,stereo_resolution,stereo_resolution,75.0,1
CHEBI_50418,CHEBI_31755,CHEBI_31755_CHEBI_50418,stereo_resolution,stereo_resolution,100.0,1
CHEBI_133755,CHEBI_133754,CHEBI_133754_CHEBI_133755,diastereomer,stereo_resolution,100.0,0
CHEBI_187359,CHEBI_140106,CHEBI_140106_CHEBI_187359,stereo_resolution,stereo_resolution,100.0,1
CHEBI_230865,CHEBI_17609,CHEBI_17609_CHEBI_230865,stereo_resolution,stereo_resolution,100.0,1
CHEBI_47006,CHEBI_47008,CHEBI_47006_CHEBI_47008,stereo_resolution,stereo_resolution,100.0,1
CHEBI_139421,CHEBI_68880,CHEBI_139421_CHEBI_68880,stereo_resolution,stereo_resolution,100.0,1
CHEBI_181752,CHEBI_7469,CHEBI_181752_CHEBI_7469,stereo_resolution,stereo_resolution,100.0,1
CHEBI_81575,CHEBI_52229,CHEBI_52229_CHEBI_81575,stereo_resolution,stereo_resolution,100.0,1
CHEBI_87723,CHEBI_87725,CHEBI_87723_CHEBI_87725,stereo_resolution,stereo_resolution,100.0,1
CHEBI_90866,CHEBI_136526,CHEBI_136526_CHEBI_90866,stereo_resolution,stereo_resolution,100.0,1
CHEBI_174330,CHEBI_125495,CHEBI_125495_CHEBI_174330,stereo_resolution,stereo_resolution,100.0,1
CHEBI_17695,CHEBI_157595,CHEBI_157595_CHEBI_17695,stereo_resolution,stereo_resolution,100.0,1
CHEBI_75873,CHEBI_75872,CHEBI_75872_CHEBI_75873,stereo_resolution,stereo_resolution,100.0,1
CHEBI_144332,CHEBI_153986,CHEBI_144332_CHEBI_153986,stereo_resolution,stereo_resolution,76.0,1
CHEBI_16910,CHEBI_36941,CHEBI_16910_CHEBI_36941,stereo_resolution,stereo_resolution,100.0,1
CHEBI_146015,CHEBI_146007,CHEBI_146007_CHEBI_146015,stereo_resolution,stereo_resolution,100.0,1
CHEBI_193745,CHEBI_37721,CHEBI_193745_CHEBI_37721,stereo_resolution,stereo_resolution,100.0,1
CHEBI_74759,CHEBI_125525,CHEBI_125525_CHEBI_74759,stereo_resolution,stereo_resolution,100.0,1
CHEBI_180651,CHEBI_180648,CHEBI_180648_CHEBI_180651,stereo_resolution,stereo_resolution,100.0,1
CHEBI_63001,CHEBI_58677,CHEBI_58677_CHEBI_63001,stereo_resolution,stereo_resolution,100.0,1
CHEBI_154056,CHEBI_151875,CHEBI_151875_CHEBI_154056,stereo_resolution,stereo_resolution,75.0,1
CHEBI_133237,CHEBI_133238,CHEBI_133237_CHEBI_133238,stereo_resolution,stereo_resolution,100.0,1
CHEBI_58968,CHEBI_58967,CHEBI_58967_CHEBI_58968,stereo_resolution,stereo_resolution,100.0,1
CHEBI_83707,CHEBI_83708,CHEBI_83707_CHEBI_83708,stereo_resolution,stereo_resolution,100.0,1
CHEBI_93913,CHEBI_140569,CHEBI_140569_CHEBI_93913,stereo_resolution,stereo_resolution,100.0,1
CHEBI_194548,CHEBI_40751,CHEBI_194548_CHEBI_40751,stereo_resolution,stereo_resolution,100.0,1
CHEBI_71424,CHEBI_87004,CHEBI_71424_CHEBI_87004,stereo_resolution,stereo_resolution,100.0,1
CHEBI_166876,CHEBI_150213,CHEBI_150213_CHEBI_166876,stereo_resolution,stereo_resolution,100.0,1
CHEBI_91545,CHEBI_69499,CHEBI_69499_CHEBI_91545,stereo_resolution,stereo_resolution,100.0,1
CHEBI_83771,CHEBI_83773,CHEBI_83771_CHEBI_83773,stereo_resolution,stereo_resolution,100.0,1
CHEBI_18887,CHEBI_10702,CHEBI_10702_CHEBI_18887,stereo_resolution,stereo_resolution,100.0,1
CHEBI_70960,CHEBI_189415,CHEBI_189415_CHEBI_70960,stereo_resolution,stereo_resolution,100.0,1
CHEBI_145885,CHEBI_145644,CHEBI_145644_CHEBI_145885,stereo_resolution,stereo_resolution,75.0,1
CHEBI_156629,CHEBI_152729,CHEBI_152729_CHEBI_156629,stereo_resolution,stereo_resolution,75.0,1
CHEBI_3830,CHEBI_89,CHEBI_3830_CHEBI_89,stereo_resolution,stereo_resolution,100.0,1
CHEBI_34974,CHEBI_34975,CHEBI_34974_CHEBI_34975,stereo_resolution,stereo_resolution,100.0,1
CHEBI_193121,CHEBI_193118,CHEBI_193118_CHEBI_193121,stereo_resolution,stereo_resolution,100.0,1
CHEBI_3680,CHEBI_39105,CHEBI_3680_CHEBI_39105,stereo_resolution,stereo_resolution,100.0,1
CHEBI_181906,CHEBI_28189,CHEBI_181906_CHEBI_28189,stereo_resolution,stereo_resolution,100.0,1
CHEBI_176473,CHEBI_192026,CHEBI_176473_CHEBI_192026,stereo_resolution,stereo_resolution,100.0,1
CHEBI_173279,CHEBI_153155,CHEBI_153155_CHEBI_173279,stereo_resolution,stereo_resolution,100.0,1
CHEBI_152676,CHEBI_153341,CHEBI_152676_CHEBI_153341,stereo_resolution,stereo_resolution,75.0,1
CHEBI_144052,CHEBI_89519,CHEBI_144052_CHEBI_89519,stereo_resolution,stereo_resolution,100.0,1
CHEBI_156748,CHEBI_157238,CHEBI_156748_CHEBI_157238,stereo_resolution,stereo_resolution,77.0,1
CHEBI_223297,CHEBI_223302,CHEBI_223297_CHEBI_223302,diastereomer,stereo_resolution,79.0,0
CHEBI_154375,CHEBI_71344,CHEBI_154375_CHEBI_71344,stereo_resolution,stereo_resolution,79.0,1
CHEBI_28670,CHEBI_49771,CHEBI_28670_CHEBI_49771,stereo_resolution,stereo_resolution,100.0,1
CHEBI_75379,CHEBI_75387,CHEBI_75379_CHEBI_75387,stereo_resolution,stereo_resolution,100.0,1
CHEBI_172933,CHEBI_176846,CHEBI_172933_CHEBI_176846,stereo_resolution,stereo_resolution,100.0,1
CHEBI_2904,CHEBI_31556,CHEBI_2904_CHEBI_31556,stereo_resolution,stereo_resolution,100.0,1
CHEBI_62259,CHEBI_150804,CHEBI_150804_CHEBI_62259,stereo_resolution,stereo_resolution,75.0,1
CHEBI_23325,CHEBI_48269,CHEBI_23325_CHEBI_48269,stereo_resolution,stereo_resolution,100.0,1
CHEBI_28432,CHEBI_87051,CHEBI_28432_CHEBI_87051,stereo_resolution,stereo_resolution,100.0,1
CHEBI_75848,CHEBI_75847,CHEBI_75847_CHEBI_75848,stereo_resolution,stereo_resolution,100.0,1
CHEBI_146464,CHEBI_153306,CHEBI_146464_CHEBI_153306,stereo_resolution,stereo_resolution,76.0,1
CHEBI_143141,CHEBI_234258,CHEBI_143141_CHEBI_234258,stereo_resolution,stereo_resolution,76.0,1
CHEBI_140841,CHEBI_147439,CHEBI_140841_CHEBI_147439,stereo_resolution,stereo_resolution,100.0,1
CHEBI_60854,CHEBI_60856,CHEBI_60854_CHEBI_60856,stereo_resolution,stereo_resolution,100.0,1
CHEBI_90135,CHEBI_110390,CHEBI_110390_CHEBI_90135,stereo_resolution,stereo_resolution,100.0,1
CHEBI_177298,CHEBI_177299,CHEBI_177298_CHEBI_177299,stereo_resolution,stereo_resolution,100.0,1
CHEBI_49140,CHEBI_49145,CHEBI_49140_CHEBI_49145,stereo_resolution,stereo_resolution,100.0,1
CHEBI_188921,CHEBI_35512,CHEBI_188921_CHEBI_35512,stereo_resolution,stereo_resolution,100.0,1
CHEBI_30929,CHEBI_30928,CHEBI_30928_CHEBI_30929,stereo_resolution,stereo_resolution,100.0,1
CHEBI_151789,CHEBI_149079,CHEBI_149079_CHEBI_151789,stereo_resolution,stereo_resolution,75.0,1
CHEBI_87732,CHEBI_87738,CHEBI_87732_CHEBI_87738,stereo_resolution,stereo_resolution,100.0,1
CHEBI_18429,CHEBI_49177,CHEBI_18429_CHEBI_49177,stereo_resolution,stereo_resolution,100.0,1
CHEBI_150973,CHEBI_150199,CHEBI_150199_CHEBI_150973,stereo_resolution,stereo_resolution,77.0,1
CHEBI_95356,CHEBI_95081,CHEBI_95081_CHEBI_95356,stereo_resolution,stereo_resolution,100.0,1
CHEBI_153057,CHEBI_154955,CHEBI_153057_CHEBI_154955,stereo_resolution,stereo_resolution,100.0,1
CHEBI_151765,CHEBI_152323,CHEBI_151765_CHEBI_152323,stereo_resolution,stereo_resolution,100.0,1
CHEBI_154286,CHEBI_157121,CHEBI_154286_CHEBI_157121,stereo_resolution,stereo_resolution,91.0,1
CHEBI_151742,CHEBI_147538,CHEBI_147538_CHEBI_151742,stereo_resolution,stereo_resolution,100.0,1
CHEBI_143036,CHEBI_182187,CHEBI_143036_CHEBI_182187,stereo_resolution,stereo_resolution,100.0,1
CHEBI_139467,CHEBI_142905,CHEBI_139467_CHEBI_142905,stereo_resolution,stereo_resolution,100.0,1
CHEBI_82787,CHEBI_82789,CHEBI_82787_CHEBI_82789,stereo_resolution,stereo_resolution,100.0,1
CHEBI_167399,CHEBI_233296,CHEBI_167399_CHEBI_233296,stereo_resolution,stereo_resolution,100.0,1
CHEBI_143528,CHEBI_17979,CHEBI_143528_CHEBI_17979,stereo_resolution,stereo_resolution,100.0,1
CHEBI_233435,CHEBI_133119,CHEBI_133119_CHEBI_233435,stereo_resolution,stereo_resolution,100.0,1
CHEBI_144289,CHEBI_144188,CHEBI_144188_CHEBI_144289,stereo_resolution,stereo_resolution,100.0,1
CHEBI_181591,CHEBI_2261,CHEBI_181591_CHEBI_2261,stereo_resolution,stereo_resolution,76.0,1
CHEBI_153422,CHEBI_150626,CHEBI_150626_CHEBI_153422,stereo_resolution,stereo_resolution,100.0,1
CHEBI_67235,CHEBI_67233,CHEBI_67233_CHEBI_67235,stereo_resolution,stereo_resolution,100.0,1
CHEBI_95357,CHEBI_91614,CHEBI_91614_CHEBI_95357,stereo_resolution,stereo_resolution,100.0,1
CHEBI_35930,CHEBI_61012,CHEBI_35930_CHEBI_61012,stereo_resolution,stereo_resolution,100.0,1
CHEBI_18721,CHEBI_231711,CHEBI_18721_CHEBI_231711,stereo_resolution,stereo_resolution,100.0,1
CHEBI_79047,CHEBI_16224,CHEBI_16224_CHEBI_79047,stereo_resolution,stereo_resolution,100.0,1
CHEBI_36728,CHEBI_28453,CHEBI_28453_CHEBI_36728,stereo_resolution,stereo_resolution,100.0,1
CHEBI_152562,CHEBI_153460,CHEBI_152562_CHEBI_153460,stereo_resolution,stereo_resolution,100.0,1
CHEBI_6792,CHEBI_83330,CHEBI_6792_CHEBI_83330,stereo_resolution,stereo_resolution,100.0,1
CHEBI_133514,CHEBI_232387,CHEBI_133514_CHEBI_232387,stereo_resolution,stereo_resolution,100.0,1
CHEBI_48022,CHEBI_48023,CHEBI_48022_CHEBI_48023,stereo_resolution,stereo_resolution,100.0,1
CHEBI_188919,CHEBI_35516,CHEBI_188919_CHEBI_35516,stereo_resolution,stereo_resolution,100.0,1
CHEBI_148302,CHEBI_167678,CHEBI_148302_CHEBI_167678,stereo_resolution,stereo_resolution,75.0,1
CHEBI_83729,CHEBI_83730,CHEBI_83729_CHEBI_83730,stereo_resolution,stereo_resolution,100.0,1
CHEBI_182028,CHEBI_133330,CHEBI_133330_CHEBI_182028,stereo_resolution,stereo_resolution,76.0,1
CHEBI_4042,CHEBI_39335,CHEBI_39335_CHEBI_4042,stereo_resolution,stereo_resolution,100.0,1
CHEBI_202383,CHEBI_60256,CHEBI_202383_CHEBI_60256,stereo_resolution,stereo_resolution,100.0,1
CHEBI_67266,CHEBI_177904,CHEBI_177904_CHEBI_67266,stereo_resolution,stereo_resolution,100.0,1
CHEBI_151994,CHEBI_150187,CHEBI_150187_CHEBI_151994,stereo_resolution,stereo_resolution,77.0,1
CHEBI_30248,CHEBI_53481,CHEBI_30248_CHEBI_53481,stereo_resolution,stereo_resolution,100.0,1
CHEBI_153599,CHEBI_155449,CHEBI_153599_CHEBI_155449,stereo_resolution,stereo_resolution,100.0,1
CHEBI_7856,CHEBI_51329,CHEBI_51329_CHEBI_7856,stereo_resolution,stereo_resolution,100.0,1
CHEBI_64790,CHEBI_136784,CHEBI_136784_CHEBI_64790,stereo_resolution,stereo_resolution,100.0,1
CHEBI_3528,CHEBI_41727,CHEBI_3528_CHEBI_41727,stereo_resolution,stereo_resolution,100.0,1
CHEBI_5014,CHEBI_39346,CHEBI_39346_CHEBI_5014,stereo_resolution,stereo_resolution,100.0,1
CHEBI_27727,CHEBI_36714,CHEBI_27727_CHEBI_36714,stereo_resolution,stereo_resolution,100.0,1
CHEBI_154716,CHEBI_146855,CHEBI_146855_CHEBI_154716,stereo_resolution,stereo_resolution,100.0,1
CHEBI_138117,CHEBI_138118,CHEBI_138117_CHEBI_138118,stereo_resolution,stereo_resolution,100.0,1
CHEBI_130244,CHEBI_125993,CHEBI_125993_CHEBI_130244,diastereomer,stereo_resolution,76.0,0
CHEBI_183982,CHEBI_78368,CHEBI_183982_CHEBI_78368,stereo_resolution,stereo_resolution,100.0,1
CHEBI_61613,CHEBI_148470,CHEBI_148470_CHEBI_61613,stereo_resolution,stereo_resolution,77.0,1
CHEBI_144093,CHEBI_39589,CHEBI_144093_CHEBI_39589,stereo_resolution,stereo_resolution,100.0,1
CHEBI_173276,CHEBI_151628,CHEBI_151628_CHEBI_173276,stereo_resolution,stereo_resolution,100.0,1
CHEBI_154955,CHEBI_152660,CHEBI_152660_CHEBI_154955,stereo_resolution,stereo_resolution,77.0,1
CHEBI_75547,CHEBI_75526,CHEBI_75526_CHEBI_75547,stereo_resolution,stereo_resolution,100.0,1
CHEBI_155116,CHEBI_146873,CHEBI_146873_CHEBI_155116,stereo_resolution,stereo_resolution,100.0,1
CHEBI_146614,CHEBI_60946,CHEBI_146614_CHEBI_60946,stereo_resolution,stereo_resolution,100.0,1
CHEBI_52431,CHEBI_34001,CHEBI_34001_CHEBI_52431,stereo_resolution,stereo_resolution,100.0,1
CHEBI_34839,CHEBI_39256,CHEBI_34839_CHEBI_39256,stereo_resolution,stereo_resolution,100.0,1
CHEBI_90866,CHEBI_136525,CHEBI_136525_CHEBI_90866,stereo_resolution,stereo_resolution,100.0,1
CHEBI_137342,CHEBI_137324,CHEBI_137324_CHEBI_137342,stereo_resolution,stereo_resolution,100.0,1
CHEBI_146907,CHEBI_148047,CHEBI_146907_CHEBI_148047,stereo_resolution,stereo_resolution,100.0,1
CHEBI_139461,CHEBI_183365,CHEBI_139461_CHEBI_183365,stereo_resolution,stereo_resolution,100.0,1
CHEBI_184941,CHEBI_191919,CHEBI_184941_CHEBI_191919,stereo_resolution,stereo_resolution,88.0,1
CHEBI_37721,CHEBI_28645,CHEBI_28645_CHEBI_37721,stereo_resolution,stereo_resolution,100.0,1
CHEBI_506227,CHEBI_44278,CHEBI_44278_CHEBI_506227,stereo_resolution,stereo_resolution,79.0,1
CHEBI_83768,CHEBI_83770,CHEBI_83768_CHEBI_83770,stereo_resolution,stereo_resolution,100.0,1
CHEBI_8386,CHEBI_20674,CHEBI_20674_CHEBI_8386,stereo_resolution,stereo_resolution,100.0,1
CHEBI_60243,CHEBI_147462,CHEBI_147462_CHEBI_60243,stereo_resolution,stereo_resolution,100.0,1
CHEBI_136694,CHEBI_47454,CHEBI_136694_CHEBI_47454,stereo_resolution,stereo_resolution,100.0,1
CHEBI_72995,CHEBI_84842,CHEBI_72995_CHEBI_84842,stereo_resolution,stereo_resolution,100.0,1
CHEBI_13714,CHEBI_2411,CHEBI_13714_CHEBI_2411,stereo_resolution,stereo_resolution,100.0,1
CHEBI_229510,CHEBI_229506,CHEBI_229506_CHEBI_229510,stereo_resolution,stereo_resolution,100.0,1
CHEBI_91218,CHEBI_186209,CHEBI_186209_CHEBI_91218,stereo_resolution,stereo_resolution,100.0,1
CHEBI_24848,CHEBI_27987,CHEBI_24848_CHEBI_27987,stereo_resolution,stereo_resolution,100.0,1
CHEBI_32729,CHEBI_32713,CHEBI_32713_CHEBI_32729,stereo_resolution,stereo_resolution,100.0,1
CHEBI_146707,CHEBI_152496,CHEBI_146707_CHEBI_152496,stereo_resolution,stereo_resolution,100.0,1
CHEBI_148321,CHEBI_147455,CHEBI_147455_CHEBI_148321,stereo_resolution,stereo_resolution,77.0,1
CHEBI_49126,CHEBI_49128,CHEBI_49126_CHEBI_49128,stereo_resolution,stereo_resolution,100.0,1
CHEBI_86990,CHEBI_86992,CHEBI_86990_CHEBI_86992,stereo_resolution,stereo_resolution,100.0,1
CHEBI_63228,CHEBI_149247,CHEBI_149247_CHEBI_63228,stereo_resolution,stereo_resolution,100.0,1
CHEBI_36436,CHEBI_36444,CHEBI_36436_CHEBI_36444,stereo_resolution,stereo_resolution,100.0,1
CHEBI_50013,CHEBI_50014,CHEBI_50013_CHEBI_50014,stereo_resolution,stereo_resolution,100.0,1
CHEBI_50122,CHEBI_50125,CHEBI_50122_CHEBI_50125,stereo_resolution,stereo_resolution,100.0,1
CHEBI_49214,CHEBI_49218,CHEBI_49214_CHEBI_49218,stereo_resolution,stereo_resolution,100.0,1
CHEBI_125455,CHEBI_34696,CHEBI_125455_CHEBI_34696,stereo_resolution,stereo_resolution,100.0,1
CHEBI_151765,CHEBI_153009,CHEBI_151765_CHEBI_153009,stereo_resolution,stereo_resolution,100.0,1
CHEBI_76039,CHEBI_75862,CHEBI_75862_CHEBI_76039,stereo_resolution,stereo_resolution,100.0,1
CHEBI_231311,CHEBI_74274,CHEBI_231311_CHEBI_74274,stereo_resolution,stereo_resolution,100.0,1
CHEBI_182477,CHEBI_187239,CHEBI_182477_CHEBI_187239,stereo_resolution,stereo_resolution,100.0,1
CHEBI_79924,CHEBI_79826,CHEBI_79826_CHEBI_79924,diastereomer,stereo_resolution,100.0,0
CHEBI_83851,CHEBI_83854,CHEBI_83851_CHEBI_83854,stereo_resolution,stereo_resolution,100.0,1
CHEBI_84029,CHEBI_138003,CHEBI_138003_CHEBI_84029,stereo_resolution,stereo_resolution,100.0,1
CHEBI_50006,CHEBI_50004,CHEBI_50004_CHEBI_50006,stereo_resolution,stereo_resolution,100.0,1
CHEBI_181418,CHEBI_73141,CHEBI_181418_CHEBI_73141,stereo_resolution,stereo_resolution,92.0,1
CHEBI_91710,CHEBI_94577,CHEBI_91710_CHEBI_94577,stereo_resolution,stereo_resolution,100.0,1
CHEBI_146293,CHEBI_60955,CHEBI_146293_CHEBI_60955,stereo_resolution,stereo_resolution,100.0,1
CHEBI_91495,CHEBI_91661,CHEBI_91495_CHEBI_91661,stereo_resolution,stereo_resolution,100.0,1
CHEBI_147245,CHEBI_71475,CHEBI_147245_CHEBI_71475,stereo_resolution,stereo_resolution,77.0,1
CHEBI_166802,CHEBI_67237,CHEBI_166802_CHEBI_67237,stereo_resolution,stereo_resolution,100.0,1
CHEBI_94375,CHEBI_48028,CHEBI_48028_CHEBI_94375,stereo_resolution,stereo_resolution,100.0,1
CHEBI_143782,CHEBI_143780,CHEBI_143780_CHEBI_143782,stereo_resolution,stereo_resolution,100.0,1
CHEBI_144052,CHEBI_171890,CHEBI_144052_CHEBI_171890,stereo_resolution,stereo_resolution,100.0,1
CHEBI_148141,CHEBI_90404,CHEBI_148141_CHEBI_90404,stereo_resolution,stereo_resolution,76.0,1
CHEBI_24996,CHEBI_16004,CHEBI_16004_CHEBI_24996,stereo_resolution,stereo_resolution,100.0,1
CHEBI_84032,CHEBI_138008,CHEBI_138008_CHEBI_84032,stereo_resolution,stereo_resolution,100.0,1
CHEBI_187940,CHEBI_188027,CHEBI_187940_CHEBI_188027,stereo_resolution,stereo_resolution,100.0,1
CHEBI_193928,CHEBI_153966,CHEBI_153966_CHEBI_193928,stereo_resolution,stereo_resolution,76.0,1
CHEBI_4999,CHEBI_36612,CHEBI_36612_CHEBI_4999,stereo_resolution,stereo_resolution,100.0,1
CHEBI_191849,CHEBI_76126,CHEBI_191849_CHEBI_76126,stereo_resolution,stereo_resolution,100.0,1
CHEBI_63082,CHEBI_63081,CHEBI_63081_CHEBI_63082,stereo_resolution,stereo_resolution,100.0,1
CHEBI_28254,CHEBI_198196,CHEBI_198196_CHEBI_28254,stereo_resolution,stereo_resolution,100.0,1
CHEBI_221090,CHEBI_210209,CHEBI_210209_CHEBI_221090,diastereomer,stereo_resolution,80.0,0
CHEBI_181455,CHEBI_28324,CHEBI_181455_CHEBI_28324,stereo_resolution,stereo_resolution,100.0,1
CHEBI_128830,CHEBI_130709,CHEBI_128830_CHEBI_130709,diastereomer,stereo_resolution,77.0,0
CHEBI_147913,CHEBI_157212,CHEBI_147913_CHEBI_157212,stereo_resolution,stereo_resolution,79.0,1
CHEBI_174748,CHEBI_81068,CHEBI_174748_CHEBI_81068,stereo_resolution,stereo_resolution,100.0,1
CHEBI_34117,CHEBI_74001,CHEBI_34117_CHEBI_74001,stereo_resolution,stereo_resolution,100.0,1
CHEBI_8711,CHEBI_37597,CHEBI_37597_CHEBI_8711,stereo_resolution,stereo_resolution,100.0,1
CHEBI_182582,CHEBI_35246,CHEBI_182582_CHEBI_35246,stereo_resolution,stereo_resolution,100.0,1
CHEBI_83845,CHEBI_83847,CHEBI_83845_CHEBI_83847,stereo_resolution,stereo_resolution,100.0,1
CHEBI_51686,CHEBI_51684,CHEBI_51684_CHEBI_51686,stereo_resolution,stereo_resolution,100.0,1
CHEBI_104872,CHEBI_59540,CHEBI_104872_CHEBI_59540,stereo_resolution,stereo_resolution,100.0,1
CHEBI_61606,CHEBI_27522,CHEBI_27522_CHEBI_61606,stereo_resolution,stereo_resolution,100.0,1
CHEBI_83732,CHEBI_83735,CHEBI_83732_CHEBI_83735,stereo_resolution,stereo_resolution,100.0,1
CHEBI_50163,CHEBI_28459,CHEBI_28459_CHEBI_50163,stereo_resolution,stereo_resolution,100.0,1
CHEBI_131388,CHEBI_179049,CHEBI_131388_CHEBI_179049,stereo_resolution,stereo_resolution,100.0,1
CHEBI_153585,CHEBI_150838,CHEBI_150838_CHEBI_153585,stereo_resolution,stereo_resolution,100.0,1
CHEBI_48250,CHEBI_48258,CHEBI_48250_CHEBI_48258,stereo_resolution,stereo_resolution,100.0,1
CHEBI_84906,CHEBI_152680,CHEBI_152680_CHEBI_84906,stereo_resolution,stereo_resolution,75.0,1
CHEBI_181660,CHEBI_203172,CHEBI_181660_CHEBI_203172,stereo_resolution,stereo_resolution,100.0,1
CHEBI_64217,CHEBI_64219,CHEBI_64217_CHEBI_64219,stereo_resolution,stereo_resolution,100.0,1
CHEBI_39313,CHEBI_39309,CHEBI_39309_CHEBI_39313,enantiomer,stereo_resolution,76.0,0
CHEBI_233062,CHEBI_7518,CHEBI_233062_CHEBI_7518,stereo_resolution,stereo_resolution,100.0,1
CHEBI_59579,CHEBI_62692,CHEBI_59579_CHEBI_62692,stereo_resolution,stereo_resolution,75.0,1
CHEBI_95124,CHEBI_93991,CHEBI_93991_CHEBI_95124,stereo_resolution,stereo_resolution,100.0,1
CHEBI_206195,CHEBI_212931,CHEBI_206195_CHEBI_212931,stereo_resolution,stereo_resolution,100.0,1
CHEBI_141283,CHEBI_59958,CHEBI_141283_CHEBI_59958,stereo_resolution,stereo_resolution,100.0,1
CHEBI_155130,CHEBI_153257,CHEBI_153257_CHEBI_155130,stereo_resolution,stereo_resolution,100.0,1
CHEBI_177578,CHEBI_190946,CHEBI_177578_CHEBI_190946,stereo_resolution,stereo_resolution,100.0,1
CHEBI_167204,CHEBI_167206,CHEBI_167204_CHEBI_167206,stereo_resolution,stereo_resolution,100.0,1
CHEBI_83993,CHEBI_83995,CHEBI_83993_CHEBI_83995,stereo_resolution,stereo_resolution,100.0,1
CHEBI_148262,CHEBI_155615,CHEBI_148262_CHEBI_155615,stereo_resolution,stereo_resolution,100.0,1
CHEBI_154293,CHEBI_155150,CHEBI_154293_CHEBI_155150,stereo_resolution,stereo_resolution,75.0,1
CHEBI_83845,CHEBI_83846,CHEBI_83845_CHEBI_83846,stereo_resolution,stereo_resolution,100.0,1
CHEBI_154955,CHEBI_85792,CHEBI_154955_CHEBI_85792,stereo_resolution,stereo_resolution,77.0,1
CHEBI_83789,CHEBI_83790,CHEBI_83789_CHEBI_83790,stereo_resolution,stereo_resolution,100.0,1
CHEBI_182215,CHEBI_218013,CHEBI_182215_CHEBI_218013,stereo_resolution,stereo_resolution,100.0,1
CHEBI_78359,CHEBI_146202,CHEBI_146202_CHEBI_78359,stereo_resolution,stereo_resolution,100.0,1
CHEBI_150301,CHEBI_157484,CHEBI_150301_CHEBI_157484,stereo_resolution,stereo_resolution,75.0,1
CHEBI_22542,CHEBI_16985,CHEBI_16985_CHEBI_22542,stereo_resolution,stereo_resolution,100.0,1
CHEBI_62181,CHEBI_62276,CHEBI_62181_CHEBI_62276,stereo_resolution,stereo_resolution,76.0,1
CHEBI_233616,CHEBI_233613,CHEBI_233613_CHEBI_233616,stereo_resolution,stereo_resolution,100.0,1
CHEBI_133820,CHEBI_77852,CHEBI_133820_CHEBI_77852,stereo_resolution,stereo_resolution,100.0,1
CHEBI_154397,CHEBI_150815,CHEBI_150815_CHEBI_154397,stereo_resolution,stereo_resolution,76.0,1
CHEBI_148061,CHEBI_150524,CHEBI_148061_CHEBI_150524,stereo_resolution,stereo_resolution,100.0,1
CHEBI_197122,CHEBI_7730,CHEBI_197122_CHEBI_7730,stereo_resolution,stereo_resolution,100.0,1
CHEBI_146052,CHEBI_145884,CHEBI_145884_CHEBI_146052,stereo_resolution,stereo_resolution,100.0,1
CHEBI_48933,CHEBI_48934,CHEBI_48933_CHEBI_48934,stereo_resolution,stereo_resolution,100.0,1
CHEBI_153743,CHEBI_151249,CHEBI_151249_CHEBI_153743,stereo_resolution,stereo_resolution,75.0,1
CHEBI_91510,CHEBI_95035,CHEBI_91510_CHEBI_95035,stereo_resolution,stereo_resolution,100.0,1
CHEBI_153678,CHEBI_150986,CHEBI_150986_CHEBI_153678,stereo_resolution,stereo_resolution,100.0,1
CHEBI_147063,CHEBI_152787,CHEBI_147063_CHEBI_152787,diastereomer,stereo_resolution,75.0,0
CHEBI_139040,CHEBI_139041,CHEBI_139040_CHEBI_139041,stereo_resolution,stereo_resolution,100.0,1
CHEBI_91940,CHEBI_42309,CHEBI_42309_CHEBI_91940,stereo_resolution,stereo_resolution,100.0,1
CHEBI_181906,CHEBI_59578,CHEBI_181906_CHEBI_59578,stereo_resolution,stereo_resolution,100.0,1
CHEBI_175078,CHEBI_10106,CHEBI_10106_CHEBI_175078,stereo_resolution,stereo_resolution,100.0,1
CHEBI_231938,CHEBI_74280,CHEBI_231938_CHEBI_74280,stereo_resolution,stereo_resolution,100.0,1
CHEBI_145888,CHEBI_193030,CHEBI_145888_CHEBI_193030,stereo_resolution,stereo_resolution,76.0,1
CHEBI_180079,CHEBI_180078,CHEBI_180078_CHEBI_180079,stereo_resolution,stereo_resolution,100.0,1
CHEBI_192589,CHEBI_195517,CHEBI_192589_CHEBI_195517,stereo_resolution,stereo_resolution,89.0,1
CHEBI_156383,CHEBI_62558,CHEBI_156383_CHEBI_62558,stereo_resolution,stereo_resolution,100.0,1
CHEBI_64304,CHEBI_73738,CHEBI_64304_CHEBI_73738,stereo_resolution,stereo_resolution,100.0,1
CHEBI_48526,CHEBI_43035,CHEBI_43035_CHEBI_48526,stereo_resolution,stereo_resolution,100.0,1
CHEBI_90631,CHEBI_131564,CHEBI_131564_CHEBI_90631,stereo_resolution,stereo_resolution,100.0,1
CHEBI_141415,CHEBI_141409,CHEBI_141409_CHEBI_141415,stereo_resolution,stereo_resolution,100.0,1
CHEBI_173154,CHEBI_10274,CHEBI_10274_CHEBI_173154,stereo_resolution,stereo_resolution,100.0,1
CHEBI_182110,CHEBI_172124,CHEBI_172124_CHEBI_182110,stereo_resolution,stereo_resolution,100.0,1
CHEBI_147711,CHEBI_157166,CHEBI_147711_CHEBI_157166,stereo_resolution,stereo_resolution,78.0,1
CHEBI_83652,CHEBI_83653,CHEBI_83652_CHEBI_83653,stereo_resolution,stereo_resolution,100.0,1
CHEBI_49034,CHEBI_49035,CHEBI_49034_CHEBI_49035,stereo_resolution,stereo_resolution,100.0,1
CHEBI_183557,CHEBI_183575,CHEBI_183557_CHEBI_183575,stereo_resolution,stereo_resolution,76.0,1
CHEBI_126987,CHEBI_128776,CHEBI_126987_CHEBI_128776,diastereomer,stereo_resolution,89.0,0
CHEBI_150470,CHEBI_157537,CHEBI_150470_CHEBI_157537,stereo_resolution,stereo_resolution,75.0,1
CHEBI_83686,CHEBI_83689,CHEBI_83686_CHEBI_83689,stereo_resolution,stereo_resolution,100.0,1
CHEBI_172776,CHEBI_77147,CHEBI_172776_CHEBI_77147,stereo_resolution,stereo_resolution,100.0,1
CHEBI_86059,CHEBI_155465,CHEBI_155465_CHEBI_86059,stereo_resolution,stereo_resolution,100.0,1
CHEBI_173037,CHEBI_67594,CHEBI_173037_CHEBI_67594,stereo_resolution,stereo_resolution,100.0,1
CHEBI_149539,CHEBI_147529,CHEBI_147529_CHEBI_149539,stereo_resolution,stereo_resolution,100.0,1
CHEBI_53289,CHEBI_53290,CHEBI_53289_CHEBI_53290,stereo_resolution,stereo_resolution,100.0,1
CHEBI_145962,CHEBI_176731,CHEBI_145962_CHEBI_176731,stereo_resolution,stereo_resolution,76.0,1
CHEBI_83128,CHEBI_83132,CHEBI_83128_CHEBI_83132,stereo_resolution,stereo_resolution,100.0,1
CHEBI_136837,CHEBI_136836,CHEBI_136836_CHEBI_136837,stereo_resolution,stereo_resolution,100.0,1
CHEBI_136678,CHEBI_28777,CHEBI_136678_CHEBI_28777,stereo_resolution,stereo_resolution,100.0,1
CHEBI_83999,CHEBI_84001,CHEBI_83999_CHEBI_84001,stereo_resolution,stereo_resolution,100.0,1
CHEBI_233953,CHEBI_233133,CHEBI_233133_CHEBI_233953,stereo_resolution,stereo_resolution,100.0,1
CHEBI_201642,CHEBI_69440,CHEBI_201642_CHEBI_69440,stereo_resolution,stereo_resolution,100.0,1
CHEBI_125402,CHEBI_183846,CHEBI_125402_CHEBI_183846,stereo_resolution,stereo_resolution,100.0,1
CHEBI_140570,CHEBI_195181,CHEBI_140570_CHEBI_195181,stereo_resolution,stereo_resolution,84.0,1
CHEBI_147261,CHEBI_157060,CHEBI_147261_CHEBI_157060,stereo_resolution,stereo_resolution,75.0,1
CHEBI_93913,CHEBI_45327,CHEBI_45327_CHEBI_93913,stereo_resolution,stereo_resolution,100.0,1
CHEBI_201642,CHEBI_200764,CHEBI_200764_CHEBI_201642,stereo_resolution,stereo_resolution,100.0,1
CHEBI_177692,CHEBI_151420,CHEBI_151420_CHEBI_177692,stereo_resolution,stereo_resolution,76.0,1
CHEBI_4249,CHEBI_49092,CHEBI_4249_CHEBI_49092,stereo_resolution,stereo_resolution,100.0,1
CHEBI_152891,CHEBI_151893,CHEBI_151893_CHEBI_152891,stereo_resolution,stereo_resolution,75.0,1
CHEBI_78333,CHEBI_6469,CHEBI_6469_CHEBI_78333,stereo_resolution,stereo_resolution,100.0,1
CHEBI_157044,CHEBI_147809,CHEBI_147809_CHEBI_157044,stereo_resolution,stereo_resolution,100.0,1
CHEBI_131434,CHEBI_78842,CHEBI_131434_CHEBI_78842,stereo_resolution,stereo_resolution,100.0,1
CHEBI_131852,CHEBI_131853,CHEBI_131852_CHEBI_131853,stereo_resolution,stereo_resolution,100.0,1
CHEBI_181906,CHEBI_148838,CHEBI_148838_CHEBI_181906,stereo_resolution,stereo_resolution,100.0,1
CHEBI_182582,CHEBI_21164,CHEBI_182582_CHEBI_21164,stereo_resolution,stereo_resolution,100.0,1
CHEBI_59566,CHEBI_45002,CHEBI_45002_CHEBI_59566,stereo_resolution,stereo_resolution,100.0,1
CHEBI_157282,CHEBI_157455,CHEBI_157282_CHEBI_157455,stereo_resolution,stereo_resolution,75.0,1
CHEBI_147192,CHEBI_147760,CHEBI_147192_CHEBI_147760,stereo_resolution,stereo_resolution,75.0,1
CHEBI_143528,CHEBI_47014,CHEBI_143528_CHEBI_47014,stereo_resolution,stereo_resolution,100.0,1
CHEBI_91494,CHEBI_50095,CHEBI_50095_CHEBI_91494,stereo_resolution,stereo_resolution,100.0,1
CHEBI_170050,CHEBI_111,CHEBI_111_CHEBI_170050,stereo_resolution,stereo_resolution,100.0,1
CHEBI_188981,CHEBI_58929,CHEBI_188981_CHEBI_58929,stereo_resolution,stereo_resolution,87.0,1
CHEBI_143742,CHEBI_16113,CHEBI_143742_CHEBI_16113,stereo_resolution,stereo_resolution,100.0,1
CHEBI_181069,CHEBI_10101,CHEBI_10101_CHEBI_181069,stereo_resolution,stereo_resolution,100.0,1
CHEBI_146500,CHEBI_546807,CHEBI_146500_CHEBI_546807,stereo_resolution,stereo_resolution,100.0,1
CHEBI_59432,CHEBI_60179,CHEBI_59432_CHEBI_60179,stereo_resolution,stereo_resolution,76.0,1
CHEBI_132304,CHEBI_182623,CHEBI_132304_CHEBI_182623,stereo_resolution,stereo_resolution,100.0,1
CHEBI_149541,CHEBI_147609,CHEBI_147609_CHEBI_149541,stereo_resolution,stereo_resolution,100.0,1
CHEBI_173032,CHEBI_173018,CHEBI_173018_CHEBI_173032,stereo_resolution,stereo_resolution,100.0,1
CHEBI_169367,CHEBI_156470,CHEBI_156470_CHEBI_169367,stereo_resolution,stereo_resolution,100.0,1
CHEBI_4191,CHEBI_37692,CHEBI_37692_CHEBI_4191,stereo_resolution,stereo_resolution,100.0,1
CHEBI_181719,CHEBI_5832,CHEBI_181719_CHEBI_5832,stereo_resolution,stereo_resolution,100.0,1
CHEBI_153636,CHEBI_154823,CHEBI_153636_CHEBI_154823,stereo_resolution,stereo_resolution,76.0,1
CHEBI_183576,CHEBI_183616,CHEBI_183576_CHEBI_183616,stereo_resolution,stereo_resolution,87.0,1
CHEBI_207630,CHEBI_231922,CHEBI_207630_CHEBI_231922,stereo_resolution,stereo_resolution,100.0,1
CHEBI_17126,CHEBI_11060,CHEBI_11060_CHEBI_17126,stereo_resolution,stereo_resolution,100.0,1
CHEBI_88534,CHEBI_144707,CHEBI_144707_CHEBI_88534,stereo_resolution,stereo_resolution,100.0,1
CHEBI_145689,CHEBI_145688,CHEBI_145688_CHEBI_145689,stereo_resolution,stereo_resolution,100.0,1
CHEBI_81141,CHEBI_232787,CHEBI_232787_CHEBI_81141,stereo_resolution,stereo_resolution,100.0,1
CHEBI_35672,CHEBI_43812,CHEBI_35672_CHEBI_43812,stereo_resolution,stereo_resolution,100.0,1
CHEBI_47010,CHEBI_47011,CHEBI_47010_CHEBI_47011,stereo_resolution,stereo_resolution,100.0,1
CHEBI_35418,CHEBI_58705,CHEBI_35418_CHEBI_58705,stereo_resolution,stereo_resolution,100.0,1
CHEBI_132905,CHEBI_156223,CHEBI_132905_CHEBI_156223,diastereomer,stereo_resolution,85.0,0
CHEBI_4909,CHEBI_60370,CHEBI_4909_CHEBI_60370,stereo_resolution,stereo_resolution,100.0,1
CHEBI_17755,CHEBI_58161,CHEBI_17755_CHEBI_58161,stereo_resolution,stereo_resolution,84.0,1
CHEBI_227074,CHEBI_222684,CHEBI_222684_CHEBI_227074,diastereomer,stereo_resolution,82.0,0
CHEBI_151124,CHEBI_155303,CHEBI_151124_CHEBI_155303,stereo_resolution,stereo_resolution,75.0,1
CHEBI_149650,CHEBI_149385,CHEBI_149385_CHEBI_149650,stereo_resolution,stereo_resolution,100.0,1
CHEBI_180968,CHEBI_145227,CHEBI_145227_CHEBI_180968,stereo_resolution,stereo_resolution,100.0,1
CHEBI_133464,CHEBI_233890,CHEBI_133464_CHEBI_233890,stereo_resolution,stereo_resolution,100.0,1
CHEBI_62037,CHEBI_144363,CHEBI_144363_CHEBI_62037,stereo_resolution,stereo_resolution,76.0,1
CHEBI_168226,CHEBI_61606,CHEBI_168226_CHEBI_61606,stereo_resolution,stereo_resolution,100.0,1
CHEBI_90138,CHEBI_125805,CHEBI_125805_CHEBI_90138,stereo_resolution,stereo_resolution,100.0,1
CHEBI_146221,CHEBI_146219,CHEBI_146219_CHEBI_146221,stereo_resolution,stereo_resolution,100.0,1
CHEBI_181046,CHEBI_212358,CHEBI_181046_CHEBI_212358,stereo_resolution,stereo_resolution,100.0,1
CHEBI_119745,CHEBI_119570,CHEBI_119570_CHEBI_119745,diastereomer,stereo_resolution,82.0,0
CHEBI_139421,CHEBI_68879,CHEBI_139421_CHEBI_68879,stereo_resolution,stereo_resolution,100.0,1
CHEBI_28670,CHEBI_232415,CHEBI_232415_CHEBI_28670,stereo_resolution,stereo_resolution,100.0,1
CHEBI_136736,CHEBI_136738,CHEBI_136736_CHEBI_136738,stereo_resolution,stereo_resolution,100.0,1
CHEBI_147255,CHEBI_151350,CHEBI_147255_CHEBI_151350,stereo_resolution,stereo_resolution,100.0,1
CHEBI_147977,CHEBI_145617,CHEBI_145617_CHEBI_147977,stereo_resolution,stereo_resolution,100.0,1
CHEBI_192520,CHEBI_69458,CHEBI_192520_CHEBI_69458,stereo_resolution,stereo_resolution,100.0,1
CHEBI_141487,CHEBI_141488,CHEBI_141487_CHEBI_141488,stereo_resolution,stereo_resolution,100.0,1
CHEBI_197251,CHEBI_67997,CHEBI_197251_CHEBI_67997,stereo_resolution,stereo_resolution,100.0,1
CHEBI_144539,CHEBI_144540,CHEBI_144539_CHEBI_144540,stereo_resolution,stereo_resolution,100.0,1
CHEBI_75342,CHEBI_75757,CHEBI_75342_CHEBI_75757,stereo_resolution,stereo_resolution,100.0,1
CHEBI_188014,CHEBI_81470,CHEBI_188014_CHEBI_81470,stereo_resolution,stereo_resolution,100.0,1
CHEBI_152867,CHEBI_27931,CHEBI_152867_CHEBI_27931,stereo_resolution,stereo_resolution,100.0,1
CHEBI_146758,CHEBI_152854,CHEBI_146758_CHEBI_152854,stereo_resolution,stereo_resolution,100.0,1
CHEBI_146452,CHEBI_151758,CHEBI_146452_CHEBI_151758,stereo_resolution,stereo_resolution,100.0,1
CHEBI_154888,CHEBI_154064,CHEBI_154064_CHEBI_154888,stereo_resolution,stereo_resolution,100.0,1
CHEBI_226658,CHEBI_19702,CHEBI_19702_CHEBI_226658,stereo_resolution,stereo_resolution,100.0,1
CHEBI_36397,CHEBI_36399,CHEBI_36397_CHEBI_36399,stereo_resolution,stereo_resolution,100.0,1
CHEBI_3680,CHEBI_39102,CHEBI_3680_CHEBI_39102,stereo_resolution,stereo_resolution,100.0,1
CHEBI_148567,CHEBI_153548,CHEBI_148567_CHEBI_153548,stereo_resolution,stereo_resolution,100.0,1
CHEBI_26211,CHEBI_20655,CHEBI_20655_CHEBI_26211,stereo_resolution,stereo_resolution,100.0,1
CHEBI_76061,CHEBI_34115,CHEBI_34115_CHEBI_76061,stereo_resolution,stereo_resolution,100.0,1
CHEBI_24424,CHEBI_20672,CHEBI_20672_CHEBI_24424,stereo_resolution,stereo_resolution,100.0,1
CHEBI_3112,CHEBI_91659,CHEBI_3112_CHEBI_91659,stereo_resolution,stereo_resolution,100.0,1
CHEBI_141536,CHEBI_70614,CHEBI_141536_CHEBI_70614,stereo_resolution,stereo_resolution,100.0,1
CHEBI_64814,CHEBI_64787,CHEBI_64787_CHEBI_64814,stereo_resolution,stereo_resolution,100.0,1
CHEBI_132019,CHEBI_137167,CHEBI_132019_CHEBI_137167,stereo_resolution,stereo_resolution,100.0,1
CHEBI_83610,CHEBI_83616,CHEBI_83610_CHEBI_83616,stereo_resolution,stereo_resolution,100.0,1
CHEBI_143765,CHEBI_16074,CHEBI_143765_CHEBI_16074,stereo_resolution,stereo_resolution,100.0,1
CHEBI_174077,CHEBI_174078,CHEBI_174077_CHEBI_174078,stereo_resolution,stereo_resolution,100.0,1
CHEBI_78333,CHEBI_78335,CHEBI_78333_CHEBI_78335,stereo_resolution,stereo_resolution,100.0,1
CHEBI_174722,CHEBI_70473,CHEBI_174722_CHEBI_70473,stereo_resolution,stereo_resolution,100.0,1
CHEBI_149542,CHEBI_147718,CHEBI_147718_CHEBI_149542,stereo_resolution,stereo_resolution,100.0,1
CHEBI_197407,CHEBI_197404,CHEBI_197404_CHEBI_197407,stereo_resolution,stereo_resolution,100.0,1
CHEBI_233293,CHEBI_27493,CHEBI_233293_CHEBI_27493,stereo_resolution,stereo_resolution,100.0,1
CHEBI_168283,CHEBI_63670,CHEBI_168283_CHEBI_63670,stereo_resolution,stereo_resolution,100.0,1
CHEBI_37098,CHEBI_37100,CHEBI_37098_CHEBI_37100,stereo_resolution,stereo_resolution,100.0,1
CHEBI_233551,CHEBI_233540,CHEBI_233540_CHEBI_233551,stereo_resolution,stereo_resolution,100.0,1
CHEBI_87732,CHEBI_87737,CHEBI_87732_CHEBI_87737,stereo_resolution,stereo_resolution,100.0,1
CHEBI_192972,CHEBI_86359,CHEBI_192972_CHEBI_86359,stereo_resolution,stereo_resolution,100.0,1
CHEBI_130302,CHEBI_126083,CHEBI_126083_CHEBI_130302,diastereomer,stereo_resolution,75.0,0
CHEBI_166972,CHEBI_166971,CHEBI_166971_CHEBI_166972,stereo_resolution,stereo_resolution,100.0,1
CHEBI_147978,CHEBI_153819,CHEBI_147978_CHEBI_153819,stereo_resolution,stereo_resolution,76.0,1
CHEBI_23965,CHEBI_17160,CHEBI_17160_CHEBI_23965,stereo_resolution,stereo_resolution,100.0,1
CHEBI_148602,CHEBI_146551,CHEBI_146551_CHEBI_148602,stereo_resolution,stereo_resolution,76.0,1
CHEBI_48448,CHEBI_48453,CHEBI_48448_CHEBI_48453,stereo_resolution,stereo_resolution,100.0,1
CHEBI_83118,CHEBI_83119,CHEBI_83118_CHEBI_83119,stereo_resolution,stereo_resolution,100.0,1
CHEBI_180994,CHEBI_61058,CHEBI_180994_CHEBI_61058,stereo_resolution,stereo_resolution,100.0,1
CHEBI_91729,CHEBI_92100,CHEBI_91729_CHEBI_92100,stereo_resolution,stereo_resolution,100.0,1
CHEBI_146952,CHEBI_156681,CHEBI_146952_CHEBI_156681,stereo_resolution,stereo_resolution,77.0,1
CHEBI_32787,CHEBI_32776,CHEBI_32776_CHEBI_32787,stereo_resolution,stereo_resolution,100.0,1
CHEBI_42946,CHEBI_37085,CHEBI_37085_CHEBI_42946,stereo_resolution,stereo_resolution,100.0,1
CHEBI_228213,CHEBI_228221,CHEBI_228213_CHEBI_228221,stereo_resolution,stereo_resolution,100.0,1
CHEBI_6530,CHEBI_49286,CHEBI_49286_CHEBI_6530,stereo_resolution,stereo_resolution,100.0,1
CHEBI_24536,CHEBI_39095,CHEBI_24536_CHEBI_39095,stereo_resolution,stereo_resolution,100.0,1
CHEBI_151696,CHEBI_150221,CHEBI_150221_CHEBI_151696,stereo_resolution,stereo_resolution,100.0,1
CHEBI_93909,CHEBI_18145,CHEBI_18145_CHEBI_93909,stereo_resolution,stereo_resolution,100.0,1
CHEBI_208165,CHEBI_208161,CHEBI_208161_CHEBI_208165,diastereomer,stereo_resolution,100.0,0
CHEBI_154094,CHEBI_156814,CHEBI_154094_CHEBI_156814,stereo_resolution,stereo_resolution,75.0,1
CHEBI_80507,CHEBI_144576,CHEBI_144576_CHEBI_80507,stereo_resolution,stereo_resolution,100.0,1
CHEBI_167473,CHEBI_37741,CHEBI_167473_CHEBI_37741,stereo_resolution,stereo_resolution,100.0,1
CHEBI_20604,CHEBI_52505,CHEBI_20604_CHEBI_52505,stereo_resolution,stereo_resolution,100.0,1
CHEBI_151480,CHEBI_156898,CHEBI_151480_CHEBI_156898,stereo_resolution,stereo_resolution,76.0,1
CHEBI_119616,CHEBI_131294,CHEBI_119616_CHEBI_131294,diastereomer,stereo_resolution,78.0,0
CHEBI_71613,CHEBI_71560,CHEBI_71560_CHEBI_71613,diastereomer,stereo_resolution,100.0,0
CHEBI_140319,CHEBI_140321,CHEBI_140319_CHEBI_140321,stereo_resolution,stereo_resolution,100.0,1
CHEBI_147885,CHEBI_157297,CHEBI_147885_CHEBI_157297,stereo_resolution,stereo_resolution,81.0,1
CHEBI_77278,CHEBI_6432,CHEBI_6432_CHEBI_77278,stereo_resolution,stereo_resolution,100.0,1
CHEBI_147878,CHEBI_148757,CHEBI_147878_CHEBI_148757,stereo_resolution,stereo_resolution,100.0,1
CHEBI_154058,CHEBI_157223,CHEBI_154058_CHEBI_157223,stereo_resolution,stereo_resolution,100.0,1
CHEBI_148937,CHEBI_145637,CHEBI_145637_CHEBI_148937,stereo_resolution,stereo_resolution,100.0,1
CHEBI_149650,CHEBI_147563,CHEBI_147563_CHEBI_149650,stereo_resolution,stereo_resolution,100.0,1
CHEBI_3528,CHEBI_41753,CHEBI_3528_CHEBI_41753,stereo_resolution,stereo_resolution,100.0,1
CHEBI_143528,CHEBI_28480,CHEBI_143528_CHEBI_28480,stereo_resolution,stereo_resolution,100.0,1
CHEBI_716,CHEBI_2327,CHEBI_2327_CHEBI_716,diastereomer,stereo_resolution,75.0,0
CHEBI_669,CHEBI_45616,CHEBI_45616_CHEBI_669,stereo_resolution,stereo_resolution,100.0,1
CHEBI_51478,CHEBI_51479,CHEBI_51478_CHEBI_51479,stereo_resolution,stereo_resolution,100.0,1
CHEBI_146559,CHEBI_147648,CHEBI_146559_CHEBI_147648,stereo_resolution,stereo_resolution,100.0,1
CHEBI_151498,CHEBI_62037,CHEBI_151498_CHEBI_62037,stereo_resolution,stereo_resolution,100.0,1
CHEBI_38740,CHEBI_36101,CHEBI_36101_CHEBI_38740,stereo_resolution,stereo_resolution,100.0,1
CHEBI_75722,CHEBI_75725,CHEBI_75722_CHEBI_75725,stereo_resolution,stereo_resolution,100.0,1
CHEBI_3642,CHEBI_59480,CHEBI_3642_CHEBI_59480,stereo_resolution,stereo_resolution,100.0,1
CHEBI_91481,CHEBI_160871,CHEBI_160871_CHEBI_91481,stereo_resolution,stereo_resolution,100.0,1
CHEBI_77604,CHEBI_77599,CHEBI_77599_CHEBI_77604,enantiomer,stereo_resolution,94.0,0
CHEBI_49224,CHEBI_49230,CHEBI_49224_CHEBI_49230,stereo_resolution,stereo_resolution,100.0,1
CHEBI_61932,CHEBI_53019,CHEBI_53019_CHEBI_61932,stereo_resolution,stereo_resolution,100.0,1
CHEBI_28171,CHEBI_43186,CHEBI_28171_CHEBI_43186,stereo_resolution,stereo_resolution,100.0,1
CHEBI_143528,CHEBI_15936,CHEBI_143528_CHEBI_15936,stereo_resolution,stereo_resolution,100.0,1
CHEBI_26773,CHEBI_20676,CHEBI_20676_CHEBI_26773,stereo_resolution,stereo_resolution,100.0,1
CHEBI_167808,CHEBI_77273,CHEBI_167808_CHEBI_77273,stereo_resolution,stereo_resolution,100.0,1
CHEBI_35528,CHEBI_35527,CHEBI_35527_CHEBI_35528,stereo_resolution,stereo_resolution,100.0,1
CHEBI_76284,CHEBI_76286,CHEBI_76284_CHEBI_76286,stereo_resolution,stereo_resolution,100.0,1
CHEBI_156591,CHEBI_151679,CHEBI_151679_CHEBI_156591,stereo_resolution,stereo_resolution,75.0,1
CHEBI_6121,CHEBI_60799,CHEBI_60799_CHEBI_6121,stereo_resolution,stereo_resolution,100.0,1
CHEBI_173277,CHEBI_149416,CHEBI_149416_CHEBI_173277,stereo_resolution,stereo_resolution,76.0,1
CHEBI_59626,CHEBI_157528,CHEBI_157528_CHEBI_59626,stereo_resolution,stereo_resolution,100.0,1
CHEBI_88799,CHEBI_218611,CHEBI_218611_CHEBI_88799,stereo_resolution,stereo_resolution,100.0,1
CHEBI_181052,CHEBI_324935,CHEBI_181052_CHEBI_324935,stereo_resolution,stereo_resolution,100.0,1
CHEBI_191598,CHEBI_75672,CHEBI_191598_CHEBI_75672,stereo_resolution,stereo_resolution,100.0,1
CHEBI_181753,CHEBI_81201,CHEBI_181753_CHEBI_81201,stereo_resolution,stereo_resolution,100.0,1
CHEBI_599928,CHEBI_94604,CHEBI_599928_CHEBI_94604,stereo_resolution,stereo_resolution,100.0,1
CHEBI_177395,CHEBI_74389,CHEBI_177395_CHEBI_74389,stereo_resolution,stereo_resolution,86.0,1
CHEBI_91639,CHEBI_233450,CHEBI_233450_CHEBI_91639,stereo_resolution,stereo_resolution,100.0,1
CHEBI_25147,CHEBI_17756,CHEBI_17756_CHEBI_25147,stereo_resolution,stereo_resolution,100.0,1
CHEBI_125402,CHEBI_94792,CHEBI_125402_CHEBI_94792,stereo_resolution,stereo_resolution,100.0,1
CHEBI_61136,CHEBI_134629,CHEBI_134629_CHEBI_61136,stereo_resolution,stereo_resolution,100.0,1
CHEBI_167422,CHEBI_192031,CHEBI_167422_CHEBI_192031,stereo_resolution,stereo_resolution,100.0,1
CHEBI_131801,CHEBI_131800,CHEBI_131800_CHEBI_131801,stereo_resolution,stereo_resolution,100.0,1
CHEBI_166698,CHEBI_33276,CHEBI_166698_CHEBI_33276,stereo_resolution,stereo_resolution,100.0,1
CHEBI_73028,CHEBI_85470,CHEBI_73028_CHEBI_85470,stereo_resolution,stereo_resolution,100.0,1
CHEBI_149098,CHEBI_155054,CHEBI_149098_CHEBI_155054,stereo_resolution,stereo_resolution,100.0,1
CHEBI_181906,CHEBI_154073,CHEBI_154073_CHEBI_181906,stereo_resolution,stereo_resolution,100.0,1
CHEBI_178129,CHEBI_148833,CHEBI_148833_CHEBI_178129,stereo_resolution,stereo_resolution,75.0,1
CHEBI_83748,CHEBI_83749,CHEBI_83748_CHEBI_83749,stereo_resolution,stereo_resolution,100.0,1
CHEBI_84475,CHEBI_75158,CHEBI_75158_CHEBI_84475,stereo_resolution,stereo_resolution,100.0,1
CHEBI_175876,CHEBI_131448,CHEBI_131448_CHEBI_175876,stereo_resolution,stereo_resolution,100.0,1
CHEBI_147163,CHEBI_71564,CHEBI_147163_CHEBI_71564,stereo_resolution,stereo_resolution,86.0,1
CHEBI_149462,CHEBI_149461,CHEBI_149461_CHEBI_149462,stereo_resolution,stereo_resolution,100.0,1
CHEBI_180999,CHEBI_133904,CHEBI_133904_CHEBI_180999,stereo_resolution,stereo_resolution,100.0,1
CHEBI_77397,CHEBI_36791,CHEBI_36791_CHEBI_77397,stereo_resolution,stereo_resolution,100.0,1
CHEBI_147261,CHEBI_157168,CHEBI_147261_CHEBI_157168,stereo_resolution,stereo_resolution,75.0,1
CHEBI_64048,CHEBI_151343,CHEBI_151343_CHEBI_64048,stereo_resolution,stereo_resolution,75.0,1
CHEBI_64788,CHEBI_84354,CHEBI_64788_CHEBI_84354,stereo_resolution,stereo_resolution,100.0,1
CHEBI_137651,CHEBI_165599,CHEBI_137651_CHEBI_165599,stereo_resolution,stereo_resolution,100.0,1
CHEBI_86972,CHEBI_86978,CHEBI_86972_CHEBI_86978,stereo_resolution,stereo_resolution,100.0,1
CHEBI_112534,CHEBI_112616,CHEBI_112534_CHEBI_112616,diastereomer,stereo_resolution,76.0,0
CHEBI_151167,CHEBI_157541,CHEBI_151167_CHEBI_157541,stereo_resolution,stereo_resolution,76.0,1
CHEBI_173816,CHEBI_132987,CHEBI_132987_CHEBI_173816,stereo_resolution,stereo_resolution,88.0,1
CHEBI_86040,CHEBI_62617,CHEBI_62617_CHEBI_86040,stereo_resolution,stereo_resolution,100.0,1
CHEBI_151742,CHEBI_152735,CHEBI_151742_CHEBI_152735,stereo_resolution,stereo_resolution,100.0,1
CHEBI_157390,CHEBI_152458,CHEBI_152458_CHEBI_157390,stereo_resolution,stereo_resolution,100.0,1
CHEBI_66659,CHEBI_73098,CHEBI_66659_CHEBI_73098,stereo_resolution,stereo_resolution,100.0,1
CHEBI_75610,CHEBI_75575,CHEBI_75575_CHEBI_75610,stereo_resolution,stereo_resolution,100.0,1
CHEBI_157737,CHEBI_192816,CHEBI_157737_CHEBI_192816,stereo_resolution,stereo_resolution,100.0,1
CHEBI_149285,CHEBI_148008,CHEBI_148008_CHEBI_149285,stereo_resolution,stereo_resolution,100.0,1
CHEBI_181906,CHEBI_71422,CHEBI_181906_CHEBI_71422,stereo_resolution,stereo_resolution,100.0,1
CHEBI_93797,CHEBI_68991,CHEBI_68991_CHEBI_93797,stereo_resolution,stereo_resolution,100.0,1
CHEBI_183873,CHEBI_61568,CHEBI_183873_CHEBI_61568,stereo_resolution,stereo_resolution,100.0,1
CHEBI_199424,CHEBI_209671,CHEBI_199424_CHEBI_209671,diastereomer,stereo_resolution,76.0,0
CHEBI_31889,CHEBI_37907,CHEBI_31889_CHEBI_37907,stereo_resolution,stereo_resolution,100.0,1
CHEBI_176040,CHEBI_225483,CHEBI_176040_CHEBI_225483,stereo_resolution,stereo_resolution,100.0,1
CHEBI_206861,CHEBI_63774,CHEBI_206861_CHEBI_63774,stereo_resolution,stereo_resolution,100.0,1
CHEBI_136720,CHEBI_136733,CHEBI_136720_CHEBI_136733,stereo_resolution,stereo_resolution,100.0,1
CHEBI_156591,CHEBI_152425,CHEBI_152425_CHEBI_156591,stereo_resolution,stereo_resolution,75.0,1
CHEBI_181660,CHEBI_215197,CHEBI_181660_CHEBI_215197,stereo_resolution,stereo_resolution,100.0,1
CHEBI_23965,CHEBI_16469,CHEBI_16469_CHEBI_23965,stereo_resolution,stereo_resolution,100.0,1
CHEBI_62857,CHEBI_61529,CHEBI_61529_CHEBI_62857,stereo_resolution,stereo_resolution,76.0,1
CHEBI_93777,CHEBI_95096,CHEBI_93777_CHEBI_95096,stereo_resolution,stereo_resolution,100.0,1
CHEBI_192514,CHEBI_230608,CHEBI_192514_CHEBI_230608,stereo_resolution,stereo_resolution,100.0,1
CHEBI_133764,CHEBI_133766,CHEBI_133764_CHEBI_133766,stereo_resolution,stereo_resolution,100.0,1
CHEBI_138628,CHEBI_87474,CHEBI_138628_CHEBI_87474,stereo_resolution,stereo_resolution,100.0,1
CHEBI_8214,CHEBI_48281,CHEBI_48281_CHEBI_8214,stereo_resolution,stereo_resolution,100.0,1
CHEBI_197142,CHEBI_28580,CHEBI_197142_CHEBI_28580,stereo_resolution,stereo_resolution,100.0,1
CHEBI_195232,CHEBI_195859,CHEBI_195232_CHEBI_195859,stereo_resolution,stereo_resolution,100.0,1
CHEBI_185775,CHEBI_6173,CHEBI_185775_CHEBI_6173,stereo_resolution,stereo_resolution,100.0,1
CHEBI_83250,CHEBI_83252,CHEBI_83250_CHEBI_83252,stereo_resolution,stereo_resolution,100.0,1
CHEBI_84448,CHEBI_92,CHEBI_84448_CHEBI_92,stereo_resolution,stereo_resolution,100.0,1
CHEBI_62647,CHEBI_146040,CHEBI_146040_CHEBI_62647,stereo_resolution,stereo_resolution,78.0,1
CHEBI_3638,CHEBI_48811,CHEBI_3638_CHEBI_48811,stereo_resolution,stereo_resolution,100.0,1
CHEBI_142232,CHEBI_142231,CHEBI_142231_CHEBI_142232,stereo_resolution,stereo_resolution,100.0,1
CHEBI_83682,CHEBI_83684,CHEBI_83682_CHEBI_83684,stereo_resolution,stereo_resolution,100.0,1
CHEBI_144332,CHEBI_60477,CHEBI_144332_CHEBI_60477,stereo_resolution,stereo_resolution,100.0,1
CHEBI_154423,CHEBI_154501,CHEBI_154423_CHEBI_154501,stereo_resolution,stereo_resolution,78.0,1
CHEBI_49301,CHEBI_49308,CHEBI_49301_CHEBI_49308,stereo_resolution,stereo_resolution,100.0,1
CHEBI_95665,CHEBI_96561,CHEBI_95665_CHEBI_96561,diastereomer,stereo_resolution,79.0,0
CHEBI_3219,CHEBI_36793,CHEBI_3219_CHEBI_36793,stereo_resolution,stereo_resolution,100.0,1
CHEBI_146808,CHEBI_156661,CHEBI_146808_CHEBI_156661,stereo_resolution,stereo_resolution,100.0,1
CHEBI_52323,CHEBI_75824,CHEBI_52323_CHEBI_75824,stereo_resolution,stereo_resolution,100.0,1
CHEBI_2318,CHEBI_5965,CHEBI_2318_CHEBI_5965,diastereomer,stereo_resolution,76.0,0
CHEBI_52683,CHEBI_52688,CHEBI_52683_CHEBI_52688,stereo_resolution,stereo_resolution,100.0,1
CHEBI_184340,CHEBI_90868,CHEBI_184340_CHEBI_90868,stereo_resolution,stereo_resolution,100.0,1
CHEBI_181936,CHEBI_63244,CHEBI_181936_CHEBI_63244,stereo_resolution,stereo_resolution,100.0,1
CHEBI_229940,CHEBI_182515,CHEBI_182515_CHEBI_229940,stereo_resolution,stereo_resolution,100.0,1
CHEBI_180079,CHEBI_180082,CHEBI_180079_CHEBI_180082,stereo_resolution,stereo_resolution,100.0,1
CHEBI_20675,CHEBI_35535,CHEBI_20675_CHEBI_35535,stereo_resolution,stereo_resolution,100.0,1
CHEBI_146945,CHEBI_151739,CHEBI_146945_CHEBI_151739,stereo_resolution,stereo_resolution,100.0,1
CHEBI_173294,CHEBI_75661,CHEBI_173294_CHEBI_75661,stereo_resolution,stereo_resolution,100.0,1
CHEBI_184506,CHEBI_80391,CHEBI_184506_CHEBI_80391,stereo_resolution,stereo_resolution,100.0,1
CHEBI_50675,CHEBI_50676,CHEBI_50675_CHEBI_50676,stereo_resolution,stereo_resolution,76.0,1
CHEBI_149529,CHEBI_146821,CHEBI_146821_CHEBI_149529,stereo_resolution,stereo_resolution,100.0,1
CHEBI_233713,CHEBI_78594,CHEBI_233713_CHEBI_78594,stereo_resolution,stereo_resolution,100.0,1
CHEBI_174573,CHEBI_50118,CHEBI_174573_CHEBI_50118,stereo_resolution,stereo_resolution,100.0,1
CHEBI_152558,CHEBI_153974,CHEBI_152558_CHEBI_153974,stereo_resolution,stereo_resolution,100.0,1
CHEBI_182275,CHEBI_205796,CHEBI_182275_CHEBI_205796,stereo_resolution,stereo_resolution,100.0,1
CHEBI_61056,CHEBI_191332,CHEBI_191332_CHEBI_61056,stereo_resolution,stereo_resolution,100.0,1
CHEBI_133325,CHEBI_185073,CHEBI_133325_CHEBI_185073,stereo_resolution,stereo_resolution,100.0,1
CHEBI_153597,CHEBI_190511,CHEBI_153597_CHEBI_190511,stereo_resolution,stereo_resolution,75.0,1
CHEBI_83931,CHEBI_83932,CHEBI_83931_CHEBI_83932,stereo_resolution,stereo_resolution,100.0,1
CHEBI_58881,CHEBI_57776,CHEBI_57776_CHEBI_58881,stereo_resolution,stereo_resolution,100.0,1
CHEBI_146819,CHEBI_156906,CHEBI_146819_CHEBI_156906,stereo_resolution,stereo_resolution,75.0,1
CHEBI_181036,CHEBI_75643,CHEBI_181036_CHEBI_75643,stereo_resolution,stereo_resolution,100.0,1
CHEBI_91710,CHEBI_125535,CHEBI_125535_CHEBI_91710,stereo_resolution,stereo_resolution,100.0,1
CHEBI_177711,CHEBI_167977,CHEBI_167977_CHEBI_177711,stereo_resolution,stereo_resolution,100.0,1
CHEBI_156606,CHEBI_152005,CHEBI_152005_CHEBI_156606,stereo_resolution,stereo_resolution,100.0,1
CHEBI_182227,CHEBI_16065,CHEBI_16065_CHEBI_182227,stereo_resolution,stereo_resolution,100.0,1
CHEBI_84853,CHEBI_196494,CHEBI_196494_CHEBI_84853,stereo_resolution,stereo_resolution,100.0,1
CHEBI_150956,CHEBI_153543,CHEBI_150956_CHEBI_153543,stereo_resolution,stereo_resolution,75.0,1
CHEBI_173277,CHEBI_152881,CHEBI_152881_CHEBI_173277,stereo_resolution,stereo_resolution,76.0,1
CHEBI_157631,CHEBI_157630,CHEBI_157630_CHEBI_157631,stereo_resolution,stereo_resolution,100.0,1
CHEBI_139417,CHEBI_145096,CHEBI_139417_CHEBI_145096,stereo_resolution,stereo_resolution,100.0,1
CHEBI_83289,CHEBI_77091,CHEBI_77091_CHEBI_83289,stereo_resolution,stereo_resolution,100.0,1
CHEBI_61596,CHEBI_153223,CHEBI_153223_CHEBI_61596,stereo_resolution,stereo_resolution,76.0,1
CHEBI_131751,CHEBI_131753,CHEBI_131751_CHEBI_131753,stereo_resolution,stereo_resolution,100.0,1
CHEBI_17144,CHEBI_74042,CHEBI_17144_CHEBI_74042,stereo_resolution,stereo_resolution,88.0,1
CHEBI_188714,CHEBI_28782,CHEBI_188714_CHEBI_28782,stereo_resolution,stereo_resolution,75.0,1
CHEBI_167473,CHEBI_37630,CHEBI_167473_CHEBI_37630,stereo_resolution,stereo_resolution,100.0,1
CHEBI_148591,CHEBI_157053,CHEBI_148591_CHEBI_157053,stereo_resolution,stereo_resolution,75.0,1
CHEBI_182293,CHEBI_6598,CHEBI_182293_CHEBI_6598,stereo_resolution,stereo_resolution,100.0,1
CHEBI_70958,CHEBI_192560,CHEBI_192560_CHEBI_70958,stereo_resolution,stereo_resolution,89.0,1
CHEBI_60300,CHEBI_42528,CHEBI_42528_CHEBI_60300,stereo_resolution,stereo_resolution,79.0,1
CHEBI_183880,CHEBI_75219,CHEBI_183880_CHEBI_75219,stereo_resolution,stereo_resolution,100.0,1
CHEBI_50868,CHEBI_7959,CHEBI_50868_CHEBI_7959,stereo_resolution,stereo_resolution,100.0,1
CHEBI_82790,CHEBI_82791,CHEBI_82790_CHEBI_82791,stereo_resolution,stereo_resolution,100.0,1
CHEBI_152314,CHEBI_154799,CHEBI_152314_CHEBI_154799,stereo_resolution,stereo_resolution,75.0,1
CHEBI_169147,CHEBI_145785,CHEBI_145785_CHEBI_169147,stereo_resolution,stereo_resolution,100.0,1
CHEBI_181343,CHEBI_28356,CHEBI_181343_CHEBI_28356,stereo_resolution,stereo_resolution,100.0,1
CHEBI_50122,CHEBI_50123,CHEBI_50122_CHEBI_50123,stereo_resolution,stereo_resolution,100.0,1
CHEBI_15688,CHEBI_15686,CHEBI_15686_CHEBI_15688,stereo_resolution,stereo_resolution,100.0,1
CHEBI_17682,CHEBI_51509,CHEBI_17682_CHEBI_51509,stereo_resolution,stereo_resolution,100.0,1
CHEBI_76633,CHEBI_76634,CHEBI_76633_CHEBI_76634,stereo_resolution,stereo_resolution,100.0,1
CHEBI_139461,CHEBI_75751,CHEBI_139461_CHEBI_75751,stereo_resolution,stereo_resolution,100.0,1
CHEBI_48289,CHEBI_17943,CHEBI_17943_CHEBI_48289,stereo_resolution,stereo_resolution,100.0,1
CHEBI_84008,CHEBI_84010,CHEBI_84008_CHEBI_84010,stereo_resolution,stereo_resolution,100.0,1
CHEBI_112617,CHEBI_112586,CHEBI_112586_CHEBI_112617,diastereomer,stereo_resolution,82.0,0
CHEBI_153065,CHEBI_153151,CHEBI_153065_CHEBI_153151,stereo_resolution,stereo_resolution,100.0,1
CHEBI_2950,CHEBI_55362,CHEBI_2950_CHEBI_55362,stereo_resolution,stereo_resolution,100.0,1
CHEBI_147086,CHEBI_155338,CHEBI_147086_CHEBI_155338,stereo_resolution,stereo_resolution,75.0,1
CHEBI_147361,CHEBI_147359,CHEBI_147359_CHEBI_147361,stereo_resolution,stereo_resolution,100.0,1
CHEBI_669,CHEBI_16346,CHEBI_16346_CHEBI_669,stereo_resolution,stereo_resolution,100.0,1
CHEBI_175873,CHEBI_148482,CHEBI_148482_CHEBI_175873,stereo_resolution,stereo_resolution,76.0,1
CHEBI_188714,CHEBI_181444,CHEBI_181444_CHEBI_188714,stereo_resolution,stereo_resolution,100.0,1
CHEBI_183578,CHEBI_184745,CHEBI_183578_CHEBI_184745,stereo_resolution,stereo_resolution,100.0,1
CHEBI_133325,CHEBI_197233,CHEBI_133325_CHEBI_197233,stereo_resolution,stereo_resolution,100.0,1
CHEBI_150173,CHEBI_156942,CHEBI_150173_CHEBI_156942,stereo_resolution,stereo_resolution,81.0,1
CHEBI_64317,CHEBI_6257,CHEBI_6257_CHEBI_64317,stereo_resolution,stereo_resolution,100.0,1
CHEBI_155878,CHEBI_149174,CHEBI_149174_CHEBI_155878,stereo_resolution,stereo_resolution,100.0,1
CHEBI_7203,CHEBI_63153,CHEBI_63153_CHEBI_7203,stereo_resolution,stereo_resolution,100.0,1
CHEBI_155139,CHEBI_155283,CHEBI_155139_CHEBI_155283,stereo_resolution,stereo_resolution,100.0,1
CHEBI_95159,CHEBI_94603,CHEBI_94603_CHEBI_95159,stereo_resolution,stereo_resolution,100.0,1
CHEBI_152425,CHEBI_71604,CHEBI_152425_CHEBI_71604,stereo_resolution,stereo_resolution,81.0,1
CHEBI_64234,CHEBI_29001,CHEBI_29001_CHEBI_64234,stereo_resolution,stereo_resolution,100.0,1
CHEBI_61562,CHEBI_68493,CHEBI_61562_CHEBI_68493,stereo_resolution,stereo_resolution,100.0,1
CHEBI_37464,CHEBI_37467,CHEBI_37464_CHEBI_37467,stereo_resolution,stereo_resolution,100.0,1
CHEBI_157327,CHEBI_62353,CHEBI_157327_CHEBI_62353,stereo_resolution,stereo_resolution,100.0,1
CHEBI_136881,CHEBI_57317,CHEBI_136881_CHEBI_57317,stereo_resolution,stereo_resolution,100.0,1
CHEBI_155734,CHEBI_153179,CHEBI_153179_CHEBI_155734,stereo_resolution,stereo_resolution,100.0,1
CHEBI_182714,CHEBI_68051,CHEBI_182714_CHEBI_68051,stereo_resolution,stereo_resolution,100.0,1
CHEBI_83134,CHEBI_83136,CHEBI_83134_CHEBI_83136,stereo_resolution,stereo_resolution,100.0,1
CHEBI_171963,CHEBI_171987,CHEBI_171963_CHEBI_171987,stereo_resolution,stereo_resolution,100.0,1
CHEBI_232408,CHEBI_6912,CHEBI_232408_CHEBI_6912,stereo_resolution,stereo_resolution,100.0,1
CHEBI_173295,CHEBI_75621,CHEBI_173295_CHEBI_75621,stereo_resolution,stereo_resolution,100.0,1
CHEBI_60854,CHEBI_60855,CHEBI_60854_CHEBI_60855,stereo_resolution,stereo_resolution,100.0,1
CHEBI_82892,CHEBI_82897,CHEBI_82892_CHEBI_82897,stereo_resolution,stereo_resolution,100.0,1
CHEBI_83823,CHEBI_83827,CHEBI_83823_CHEBI_83827,stereo_resolution,stereo_resolution,100.0,1
CHEBI_144332,CHEBI_147742,CHEBI_144332_CHEBI_147742,stereo_resolution,stereo_resolution,76.0,1
CHEBI_38955,CHEBI_38971,CHEBI_38955_CHEBI_38971,stereo_resolution,stereo_resolution,100.0,1
CHEBI_155130,CHEBI_153530,CHEBI_153530_CHEBI_155130,stereo_resolution,stereo_resolution,100.0,1
CHEBI_67218,CHEBI_67224,CHEBI_67218_CHEBI_67224,stereo_resolution,stereo_resolution,100.0,1
CHEBI_191569,CHEBI_67413,CHEBI_191569_CHEBI_67413,stereo_resolution,stereo_resolution,100.0,1
CHEBI_177298,CHEBI_176844,CHEBI_176844_CHEBI_177298,stereo_resolution,stereo_resolution,100.0,1
CHEBI_191711,CHEBI_91033,CHEBI_191711_CHEBI_91033,stereo_resolution,stereo_resolution,100.0,1
CHEBI_83557,CHEBI_83558,CHEBI_83557_CHEBI_83558,stereo_resolution,stereo_resolution,100.0,1
CHEBI_38562,CHEBI_38567,CHEBI_38562_CHEBI_38567,stereo_resolution,stereo_resolution,100.0,1
CHEBI_49034,CHEBI_49036,CHEBI_49034_CHEBI_49036,stereo_resolution,stereo_resolution,100.0,1
CHEBI_38955,CHEBI_38953,CHEBI_38953_CHEBI_38955,stereo_resolution,stereo_resolution,100.0,1
CHEBI_79987,CHEBI_182420,CHEBI_182420_CHEBI_79987,stereo_resolution,stereo_resolution,100.0,1
CHEBI_83931,CHEBI_83933,CHEBI_83931_CHEBI_83933,stereo_resolution,stereo_resolution,100.0,1
CHEBI_148417,CHEBI_154700,CHEBI_148417_CHEBI_154700,stereo_resolution,stereo_resolution,100.0,1
CHEBI_175873,CHEBI_152768,CHEBI_152768_CHEBI_175873,stereo_resolution,stereo_resolution,76.0,1
CHEBI_146705,CHEBI_147768,CHEBI_146705_CHEBI_147768,stereo_resolution,stereo_resolution,75.0,1
CHEBI_110205,CHEBI_181713,CHEBI_110205_CHEBI_181713,stereo_resolution,stereo_resolution,100.0,1
CHEBI_228605,CHEBI_133094,CHEBI_133094_CHEBI_228605,stereo_resolution,stereo_resolution,100.0,1
CHEBI_155288,CHEBI_157413,CHEBI_155288_CHEBI_157413,stereo_resolution,stereo_resolution,79.0,1
CHEBI_202598,CHEBI_167548,CHEBI_167548_CHEBI_202598,stereo_resolution,stereo_resolution,100.0,1
CHEBI_91697,CHEBI_94325,CHEBI_91697_CHEBI_94325,stereo_resolution,stereo_resolution,100.0,1
CHEBI_181759,CHEBI_47999,CHEBI_181759_CHEBI_47999,stereo_resolution,stereo_resolution,100.0,1
CHEBI_37475,CHEBI_37472,CHEBI_37472_CHEBI_37475,stereo_resolution,stereo_resolution,100.0,1
CHEBI_190003,CHEBI_227870,CHEBI_190003_CHEBI_227870,stereo_resolution,stereo_resolution,100.0,1
CHEBI_141185,CHEBI_141109,CHEBI_141109_CHEBI_141185,stereo_resolution,stereo_resolution,100.0,1
CHEBI_157680,CHEBI_157678,CHEBI_157678_CHEBI_157680,stereo_resolution,stereo_resolution,100.0,1
CHEBI_191711,CHEBI_166876,CHEBI_166876_CHEBI_191711,stereo_resolution,stereo_resolution,100.0,1
CHEBI_181000,CHEBI_35064,CHEBI_181000_CHEBI_35064,stereo_resolution,stereo_resolution,100.0,1
CHEBI_95187,CHEBI_3479,CHEBI_3479_CHEBI_95187,stereo_resolution,stereo_resolution,100.0,1
CHEBI_36237,CHEBI_36238,CHEBI_36237_CHEBI_36238,stereo_resolution,stereo_resolution,100.0,1
CHEBI_49146,CHEBI_49152,CHEBI_49146_CHEBI_49152,stereo_resolution,stereo_resolution,100.0,1
CHEBI_150178,CHEBI_150290,CHEBI_150178_CHEBI_150290,stereo_resolution,stereo_resolution,100.0,1
CHEBI_156740,CHEBI_156965,CHEBI_156740_CHEBI_156965,stereo_resolution,stereo_resolution,75.0,1
CHEBI_150963,CHEBI_156651,CHEBI_150963_CHEBI_156651,stereo_resolution,stereo_resolution,75.0,1
CHEBI_153086,CHEBI_151007,CHEBI_151007_CHEBI_153086,stereo_resolution,stereo_resolution,75.0,1
CHEBI_4024,CHEBI_59688,CHEBI_4024_CHEBI_59688,stereo_resolution,stereo_resolution,100.0,1
CHEBI_38705,CHEBI_38720,CHEBI_38705_CHEBI_38720,stereo_resolution,stereo_resolution,100.0,1
CHEBI_138427,CHEBI_180333,CHEBI_138427_CHEBI_180333,stereo_resolution,stereo_resolution,100.0,1
CHEBI_147875,CHEBI_153911,CHEBI_147875_CHEBI_153911,stereo_resolution,stereo_resolution,100.0,1
CHEBI_48565,CHEBI_94821,CHEBI_48565_CHEBI_94821,stereo_resolution,stereo_resolution,100.0,1
CHEBI_135491,CHEBI_6441,CHEBI_135491_CHEBI_6441,stereo_resolution,stereo_resolution,100.0,1
CHEBI_86061,CHEBI_59552,CHEBI_59552_CHEBI_86061,stereo_resolution,stereo_resolution,100.0,1
CHEBI_30265,CHEBI_48786,CHEBI_30265_CHEBI_48786,stereo_resolution,stereo_resolution,100.0,1
CHEBI_39110,CHEBI_39111,CHEBI_39110_CHEBI_39111,stereo_resolution,stereo_resolution,100.0,1
CHEBI_169238,CHEBI_177786,CHEBI_169238_CHEBI_177786,stereo_resolution,stereo_resolution,100.0,1
CHEBI_25164,CHEBI_36224,CHEBI_25164_CHEBI_36224,stereo_resolution,stereo_resolution,100.0,1
CHEBI_173279,CHEBI_152908,CHEBI_152908_CHEBI_173279,stereo_resolution,stereo_resolution,100.0,1
CHEBI_87835,CHEBI_65077,CHEBI_65077_CHEBI_87835,diastereomer,stereo_resolution,76.0,0
CHEBI_146221,CHEBI_146220,CHEBI_146220_CHEBI_146221,stereo_resolution,stereo_resolution,100.0,1
CHEBI_140570,CHEBI_57822,CHEBI_140570_CHEBI_57822,stereo_resolution,stereo_resolution,84.0,1
CHEBI_198700,CHEBI_208952,CHEBI_198700_CHEBI_208952,diastereomer,stereo_resolution,100.0,0
CHEBI_3082,CHEBI_59254,CHEBI_3082_CHEBI_59254,stereo_resolution,stereo_resolution,100.0,1
CHEBI_91985,CHEBI_60920,CHEBI_60920_CHEBI_91985,stereo_resolution,stereo_resolution,100.0,1
CHEBI_83284,CHEBI_83286,CHEBI_83284_CHEBI_83286,stereo_resolution,stereo_resolution,100.0,1
CHEBI_127766,CHEBI_128248,CHEBI_127766_CHEBI_128248,diastereomer,stereo_resolution,76.0,0
CHEBI_173276,CHEBI_150586,CHEBI_150586_CHEBI_173276,stereo_resolution,stereo_resolution,100.0,1
CHEBI_15372,CHEBI_136570,CHEBI_136570_CHEBI_15372,stereo_resolution,stereo_resolution,100.0,1
CHEBI_182882,CHEBI_139133,CHEBI_139133_CHEBI_182882,stereo_resolution,stereo_resolution,100.0,1
CHEBI_85270,CHEBI_72829,CHEBI_72829_CHEBI_85270,stereo_resolution,stereo_resolution,100.0,1
CHEBI_94454,CHEBI_27446,CHEBI_27446_CHEBI_94454,stereo_resolution,stereo_resolution,100.0,1
CHEBI_38691,CHEBI_36103,CHEBI_36103_CHEBI_38691,stereo_resolution,stereo_resolution,100.0,1
CHEBI_233017,CHEBI_175127,CHEBI_175127_CHEBI_233017,stereo_resolution,stereo_resolution,100.0,1
CHEBI_176017,CHEBI_3115,CHEBI_176017_CHEBI_3115,stereo_resolution,stereo_resolution,100.0,1
CHEBI_193928,CHEBI_61805,CHEBI_193928_CHEBI_61805,stereo_resolution,stereo_resolution,75.0,1
CHEBI_61578,CHEBI_154364,CHEBI_154364_CHEBI_61578,stereo_resolution,stereo_resolution,76.0,1
CHEBI_37657,CHEBI_320055,CHEBI_320055_CHEBI_37657,stereo_resolution,stereo_resolution,100.0,1
CHEBI_32783,CHEBI_32759,CHEBI_32759_CHEBI_32783,stereo_resolution,stereo_resolution,100.0,1
CHEBI_49211,CHEBI_49212,CHEBI_49211_CHEBI_49212,stereo_resolution,stereo_resolution,100.0,1
CHEBI_145689,CHEBI_145687,CHEBI_145687_CHEBI_145689,stereo_resolution,stereo_resolution,100.0,1
CHEBI_147562,CHEBI_149071,CHEBI_147562_CHEBI_149071,stereo_resolution,stereo_resolution,77.0,1
CHEBI_182602,CHEBI_28074,CHEBI_182602_CHEBI_28074,stereo_resolution,stereo_resolution,100.0,1
CHEBI_12071,CHEBI_15636,CHEBI_12071_CHEBI_15636,stereo_resolution,stereo_resolution,100.0,1
CHEBI_27727,CHEBI_18329,CHEBI_18329_CHEBI_27727,stereo_resolution,stereo_resolution,100.0,1
CHEBI_154159,CHEBI_148570,CHEBI_148570_CHEBI_154159,stereo_resolution,stereo_resolution,75.0,1
CHEBI_145883,CHEBI_145631,CHEBI_145631_CHEBI_145883,stereo_resolution,stereo_resolution,75.0,1
CHEBI_172581,CHEBI_141003,CHEBI_141003_CHEBI_172581,stereo_resolution,stereo_resolution,100.0,1
CHEBI_208141,CHEBI_208125,CHEBI_208125_CHEBI_208141,diastereomer,stereo_resolution,100.0,0
CHEBI_16087,CHEBI_30897,CHEBI_16087_CHEBI_30897,stereo_resolution,stereo_resolution,100.0,1
CHEBI_206015,CHEBI_214475,CHEBI_206015_CHEBI_214475,diastereomer,stereo_resolution,86.0,0
CHEBI_24567,CHEBI_16931,CHEBI_16931_CHEBI_24567,stereo_resolution,stereo_resolution,100.0,1
CHEBI_128427,CHEBI_128762,CHEBI_128427_CHEBI_128762,diastereomer,stereo_resolution,78.0,0
CHEBI_174893,CHEBI_141438,CHEBI_141438_CHEBI_174893,stereo_resolution,stereo_resolution,90.0,1
CHEBI_193745,CHEBI_48670,CHEBI_193745_CHEBI_48670,stereo_resolution,stereo_resolution,100.0,1
CHEBI_95113,CHEBI_69919,CHEBI_69919_CHEBI_95113,stereo_resolution,stereo_resolution,100.0,1
CHEBI_171954,CHEBI_27783,CHEBI_171954_CHEBI_27783,stereo_resolution,stereo_resolution,100.0,1
CHEBI_157282,CHEBI_155202,CHEBI_155202_CHEBI_157282,stereo_resolution,stereo_resolution,75.0,1
CHEBI_123669,CHEBI_124901,CHEBI_123669_CHEBI_124901,diastereomer,stereo_resolution,79.0,0
CHEBI_182608,CHEBI_208299,CHEBI_182608_CHEBI_208299,stereo_resolution,stereo_resolution,100.0,1
CHEBI_91678,CHEBI_4803,CHEBI_4803_CHEBI_91678,stereo_resolution,stereo_resolution,100.0,1
CHEBI_5445,CHEBI_17378,CHEBI_17378_CHEBI_5445,stereo_resolution,stereo_resolution,100.0,1
CHEBI_36214,CHEBI_36215,CHEBI_36214_CHEBI_36215,stereo_resolution,stereo_resolution,100.0,1
CHEBI_150213,CHEBI_15754,CHEBI_150213_CHEBI_15754,stereo_resolution,stereo_resolution,100.0,1
CHEBI_177749,CHEBI_71631,CHEBI_177749_CHEBI_71631,stereo_resolution,stereo_resolution,100.0,1
CHEBI_181001,CHEBI_220860,CHEBI_181001_CHEBI_220860,stereo_resolution,stereo_resolution,100.0,1
CHEBI_50713,CHEBI_134635,CHEBI_134635_CHEBI_50713,stereo_resolution,stereo_resolution,88.0,1
CHEBI_125457,CHEBI_87620,CHEBI_125457_CHEBI_87620,stereo_resolution,stereo_resolution,100.0,1
CHEBI_182116,CHEBI_3063,CHEBI_182116_CHEBI_3063,stereo_resolution,stereo_resolution,100.0,1
CHEBI_149536,CHEBI_146876,CHEBI_146876_CHEBI_149536,stereo_resolution,stereo_resolution,100.0,1
CHEBI_4042,CHEBI_39336,CHEBI_39336_CHEBI_4042,stereo_resolution,stereo_resolution,76.0,1
CHEBI_83375,CHEBI_83378,CHEBI_83375_CHEBI_83378,stereo_resolution,stereo_resolution,100.0,1
CHEBI_48933,CHEBI_41,CHEBI_41_CHEBI_48933,stereo_resolution,stereo_resolution,100.0,1
CHEBI_49211,CHEBI_47,CHEBI_47_CHEBI_49211,stereo_resolution,stereo_resolution,100.0,1
CHEBI_153986,CHEBI_153200,CHEBI_153200_CHEBI_153986,stereo_resolution,stereo_resolution,76.0,1
CHEBI_192003,CHEBI_59016,CHEBI_192003_CHEBI_59016,stereo_resolution,stereo_resolution,100.0,1
CHEBI_130043,CHEBI_129289,CHEBI_129289_CHEBI_130043,diastereomer,stereo_resolution,77.0,0
CHEBI_59563,CHEBI_150078,CHEBI_150078_CHEBI_59563,stereo_resolution,stereo_resolution,100.0,1
CHEBI_184693,CHEBI_94501,CHEBI_184693_CHEBI_94501,stereo_resolution,stereo_resolution,100.0,1
CHEBI_130832,CHEBI_127726,CHEBI_127726_CHEBI_130832,diastereomer,stereo_resolution,77.0,0
CHEBI_147961,CHEBI_147798,CHEBI_147798_CHEBI_147961,stereo_resolution,stereo_resolution,100.0,1
CHEBI_156274,CHEBI_25164,CHEBI_156274_CHEBI_25164,stereo_resolution,stereo_resolution,76.0,1
CHEBI_18887,CHEBI_12855,CHEBI_12855_CHEBI_18887,stereo_resolution,stereo_resolution,100.0,1
CHEBI_3332,CHEBI_38969,CHEBI_3332_CHEBI_38969,enantiomer,stereo_resolution,100.0,0
CHEBI_83746,CHEBI_83862,CHEBI_83746_CHEBI_83862,stereo_resolution,stereo_resolution,100.0,1
CHEBI_153531,CHEBI_152962,CHEBI_152962_CHEBI_153531,stereo_resolution,stereo_resolution,77.0,1
CHEBI_165503,CHEBI_45530,CHEBI_165503_CHEBI_45530,stereo_resolution,stereo_resolution,100.0,1
CHEBI_182004,CHEBI_17215,CHEBI_17215_CHEBI_182004,stereo_resolution,stereo_resolution,100.0,1
CHEBI_83667,CHEBI_83666,CHEBI_83666_CHEBI_83667,stereo_resolution,stereo_resolution,100.0,1
CHEBI_182407,CHEBI_5357,CHEBI_182407_CHEBI_5357,stereo_resolution,stereo_resolution,100.0,1
CHEBI_30653,CHEBI_143081,CHEBI_143081_CHEBI_30653,stereo_resolution,stereo_resolution,100.0,1
CHEBI_147515,CHEBI_152446,CHEBI_147515_CHEBI_152446,stereo_resolution,stereo_resolution,100.0,1
CHEBI_175871,CHEBI_153184,CHEBI_153184_CHEBI_175871,stereo_resolution,stereo_resolution,76.0,1
CHEBI_157297,CHEBI_65257,CHEBI_157297_CHEBI_65257,stereo_resolution,stereo_resolution,100.0,1
CHEBI_128283,CHEBI_129409,CHEBI_128283_CHEBI_129409,diastereomer,stereo_resolution,100.0,0
CHEBI_145890,CHEBI_145597,CHEBI_145597_CHEBI_145890,stereo_resolution,stereo_resolution,75.0,1
CHEBI_154019,CHEBI_157210,CHEBI_154019_CHEBI_157210,stereo_resolution,stereo_resolution,75.0,1
CHEBI_173276,CHEBI_147953,CHEBI_147953_CHEBI_173276,stereo_resolution,stereo_resolution,100.0,1
CHEBI_147163,CHEBI_152205,CHEBI_147163_CHEBI_152205,stereo_resolution,stereo_resolution,86.0,1
CHEBI_58720,CHEBI_85313,CHEBI_58720_CHEBI_85313,stereo_resolution,stereo_resolution,100.0,1
CHEBI_173186,CHEBI_187248,CHEBI_173186_CHEBI_187248,stereo_resolution,stereo_resolution,100.0,1
CHEBI_61580,CHEBI_148646,CHEBI_148646_CHEBI_61580,stereo_resolution,stereo_resolution,81.0,1
CHEBI_194383,CHEBI_166486,CHEBI_166486_CHEBI_194383,stereo_resolution,stereo_resolution,100.0,1
CHEBI_165503,CHEBI_166507,CHEBI_165503_CHEBI_166507,stereo_resolution,stereo_resolution,100.0,1
CHEBI_153088,CHEBI_149012,CHEBI_149012_CHEBI_153088,stereo_resolution,stereo_resolution,75.0,1
CHEBI_136694,CHEBI_136692,CHEBI_136692_CHEBI_136694,stereo_resolution,stereo_resolution,100.0,1
CHEBI_35538,CHEBI_35539,CHEBI_35538_CHEBI_35539,stereo_resolution,stereo_resolution,100.0,1
CHEBI_52010,CHEBI_52013,CHEBI_52010_CHEBI_52013,stereo_resolution,stereo_resolution,100.0,1
CHEBI_217503,CHEBI_203761,CHEBI_203761_CHEBI_217503,diastereomer,stereo_resolution,100.0,0
CHEBI_50025,CHEBI_28359,CHEBI_28359_CHEBI_50025,stereo_resolution,stereo_resolution,100.0,1
CHEBI_188923,CHEBI_26211,CHEBI_188923_CHEBI_26211,stereo_resolution,stereo_resolution,100.0,1
CHEBI_144332,CHEBI_155139,CHEBI_144332_CHEBI_155139,stereo_resolution,stereo_resolution,76.0,1
CHEBI_83993,CHEBI_83994,CHEBI_83993_CHEBI_83994,stereo_resolution,stereo_resolution,100.0,1
CHEBI_154502,CHEBI_157391,CHEBI_154502_CHEBI_157391,stereo_resolution,stereo_resolution,79.0,1
CHEBI_47933,CHEBI_4174,CHEBI_4174_CHEBI_47933,stereo_resolution,stereo_resolution,100.0,1
CHEBI_196009,CHEBI_224421,CHEBI_196009_CHEBI_224421,stereo_resolution,stereo_resolution,100.0,1
CHEBI_182109,CHEBI_193002,CHEBI_182109_CHEBI_193002,stereo_resolution,stereo_resolution,100.0,1
CHEBI_128319,CHEBI_130426,CHEBI_128319_CHEBI_130426,diastereomer,stereo_resolution,75.0,0
CHEBI_49241,CHEBI_49245,CHEBI_49241_CHEBI_49245,stereo_resolution,stereo_resolution,100.0,1
CHEBI_82777,CHEBI_82782,CHEBI_82777_CHEBI_82782,stereo_resolution,stereo_resolution,100.0,1
CHEBI_141415,CHEBI_141408,CHEBI_141408_CHEBI_141415,stereo_resolution,stereo_resolution,100.0,1
CHEBI_77817,CHEBI_77822,CHEBI_77817_CHEBI_77822,stereo_resolution,stereo_resolution,100.0,1
CHEBI_95182,CHEBI_9150,CHEBI_9150_CHEBI_95182,stereo_resolution,stereo_resolution,100.0,1
CHEBI_82853,CHEBI_82854,CHEBI_82853_CHEBI_82854,stereo_resolution,stereo_resolution,100.0,1
CHEBI_149417,CHEBI_148359,CHEBI_148359_CHEBI_149417,stereo_resolution,stereo_resolution,75.0,1
CHEBI_143565,CHEBI_143564,CHEBI_143564_CHEBI_143565,stereo_resolution,stereo_resolution,100.0,1
CHEBI_94877,CHEBI_94923,CHEBI_94877_CHEBI_94923,diastereomer,stereo_resolution,78.0,0
CHEBI_152630,CHEBI_153052,CHEBI_152630_CHEBI_153052,stereo_resolution,stereo_resolution,79.0,1
CHEBI_95106,CHEBI_5633,CHEBI_5633_CHEBI_95106,stereo_resolution,stereo_resolution,100.0,1
CHEBI_197429,CHEBI_137250,CHEBI_137250_CHEBI_197429,stereo_resolution,stereo_resolution,100.0,1
CHEBI_146144,CHEBI_60243,CHEBI_146144_CHEBI_60243,stereo_resolution,stereo_resolution,100.0,1
CHEBI_78993,CHEBI_78995,CHEBI_78993_CHEBI_78995,stereo_resolution,stereo_resolution,100.0,1
CHEBI_87264,CHEBI_173849,CHEBI_173849_CHEBI_87264,stereo_resolution,stereo_resolution,100.0,1
CHEBI_148262,CHEBI_146982,CHEBI_146982_CHEBI_148262,stereo_resolution,stereo_resolution,100.0,1
CHEBI_152891,CHEBI_148623,CHEBI_148623_CHEBI_152891,stereo_resolution,stereo_resolution,75.0,1
CHEBI_35518,CHEBI_20662,CHEBI_20662_CHEBI_35518,stereo_resolution,stereo_resolution,100.0,1
CHEBI_173694,CHEBI_73630,CHEBI_173694_CHEBI_73630,stereo_resolution,stereo_resolution,100.0,1
CHEBI_157047,CHEBI_192265,CHEBI_157047_CHEBI_192265,stereo_resolution,stereo_resolution,100.0,1
CHEBI_181906,CHEBI_154693,CHEBI_154693_CHEBI_181906,stereo_resolution,stereo_resolution,100.0,1
CHEBI_187561,CHEBI_67554,CHEBI_187561_CHEBI_67554,stereo_resolution,stereo_resolution,100.0,1
CHEBI_193741,CHEBI_73893,CHEBI_193741_CHEBI_73893,stereo_resolution,stereo_resolution,100.0,1
CHEBI_93909,CHEBI_177086,CHEBI_177086_CHEBI_93909,stereo_resolution,stereo_resolution,100.0,1
CHEBI_131830,CHEBI_84417,CHEBI_131830_CHEBI_84417,stereo_resolution,stereo_resolution,100.0,1
CHEBI_37051,CHEBI_165405,CHEBI_165405_CHEBI_37051,stereo_resolution,stereo_resolution,79.0,1
CHEBI_16997,CHEBI_28972,CHEBI_16997_CHEBI_28972,stereo_resolution,stereo_resolution,100.0,1
CHEBI_59685,CHEBI_63180,CHEBI_59685_CHEBI_63180,stereo_resolution,stereo_resolution,100.0,1
CHEBI_77733,CHEBI_77734,CHEBI_77733_CHEBI_77734,stereo_resolution,stereo_resolution,100.0,1
CHEBI_171992,CHEBI_169973,CHEBI_169973_CHEBI_171992,stereo_resolution,stereo_resolution,100.0,1
CHEBI_23733,CHEBI_154,CHEBI_154_CHEBI_23733,stereo_resolution,stereo_resolution,100.0,1
CHEBI_93903,CHEBI_58501,CHEBI_58501_CHEBI_93903,stereo_resolution,stereo_resolution,90.0,1
CHEBI_71224,CHEBI_31018,CHEBI_31018_CHEBI_71224,stereo_resolution,stereo_resolution,100.0,1
CHEBI_4249,CHEBI_49091,CHEBI_4249_CHEBI_49091,stereo_resolution,stereo_resolution,100.0,1
CHEBI_183241,CHEBI_94566,CHEBI_183241_CHEBI_94566,stereo_resolution,stereo_resolution,100.0,1
CHEBI_111514,CHEBI_47005,CHEBI_111514_CHEBI_47005,stereo_resolution,stereo_resolution,100.0,1
CHEBI_174099,CHEBI_141443,CHEBI_141443_CHEBI_174099,stereo_resolution,stereo_resolution,100.0,1
CHEBI_142546,CHEBI_9398,CHEBI_142546_CHEBI_9398,stereo_resolution,stereo_resolution,100.0,1
CHEBI_28774,CHEBI_232361,CHEBI_232361_CHEBI_28774,stereo_resolution,stereo_resolution,100.0,1
CHEBI_57340,CHEBI_62611,CHEBI_57340_CHEBI_62611,stereo_resolution,stereo_resolution,100.0,1
CHEBI_83748,CHEBI_83753,CHEBI_83748_CHEBI_83753,stereo_resolution,stereo_resolution,100.0,1
CHEBI_191550,CHEBI_104,CHEBI_104_CHEBI_191550,stereo_resolution,stereo_resolution,100.0,1
CHEBI_83981,CHEBI_48423,CHEBI_48423_CHEBI_83981,stereo_resolution,stereo_resolution,100.0,1
CHEBI_180916,CHEBI_39731,CHEBI_180916_CHEBI_39731,stereo_resolution,stereo_resolution,100.0,1
CHEBI_84472,CHEBI_72841,CHEBI_72841_CHEBI_84472,stereo_resolution,stereo_resolution,100.0,1
CHEBI_91057,CHEBI_91058,CHEBI_91057_CHEBI_91058,stereo_resolution,stereo_resolution,100.0,1
CHEBI_83779,CHEBI_83781,CHEBI_83779_CHEBI_83781,stereo_resolution,stereo_resolution,100.0,1
CHEBI_191132,CHEBI_139468,CHEBI_139468_CHEBI_191132,stereo_resolution,stereo_resolution,100.0,1
CHEBI_32058,CHEBI_76267,CHEBI_32058_CHEBI_76267,stereo_resolution,stereo_resolution,100.0,1
CHEBI_37477,CHEBI_37476,CHEBI_37476_CHEBI_37477,enantiomer,stereo_resolution,100.0,0
CHEBI_193745,CHEBI_49088,CHEBI_193745_CHEBI_49088,stereo_resolution,stereo_resolution,100.0,1
CHEBI_67183,CHEBI_67185,CHEBI_67183_CHEBI_67185,diastereomer,stereo_resolution,77.0,0
CHEBI_173789,CHEBI_61696,CHEBI_173789_CHEBI_61696,stereo_resolution,stereo_resolution,83.0,1
CHEBI_6757,CHEBI_179062,CHEBI_179062_CHEBI_6757,stereo_resolution,stereo_resolution,100.0,1
CHEBI_95116,CHEBI_2790,CHEBI_2790_CHEBI_95116,stereo_resolution,stereo_resolution,76.0,1
CHEBI_148778,CHEBI_157020,CHEBI_148778_CHEBI_157020,stereo_resolution,stereo_resolution,75.0,1
CHEBI_151066,CHEBI_155235,CHEBI_151066_CHEBI_155235,stereo_resolution,stereo_resolution,75.0,1
CHEBI_75382,CHEBI_75383,CHEBI_75382_CHEBI_75383,stereo_resolution,stereo_resolution,100.0,1
CHEBI_186526,CHEBI_75651,CHEBI_186526_CHEBI_75651,stereo_resolution,stereo_resolution,79.0,1
CHEBI_181210,CHEBI_229047,CHEBI_181210_CHEBI_229047,stereo_resolution,stereo_resolution,100.0,1
CHEBI_53458,CHEBI_71495,CHEBI_53458_CHEBI_71495,stereo_resolution,stereo_resolution,75.0,1
CHEBI_136292,CHEBI_136293,CHEBI_136292_CHEBI_136293,stereo_resolution,stereo_resolution,100.0,1
CHEBI_5711,CHEBI_16217,CHEBI_16217_CHEBI_5711,stereo_resolution,stereo_resolution,100.0,1
CHEBI_146688,CHEBI_157405,CHEBI_146688_CHEBI_157405,stereo_resolution,stereo_resolution,75.0,1
CHEBI_150743,CHEBI_148395,CHEBI_148395_CHEBI_150743,stereo_resolution,stereo_resolution,100.0,1
CHEBI_167607,CHEBI_192772,CHEBI_167607_CHEBI_192772,stereo_resolution,stereo_resolution,100.0,1
CHEBI_174850,CHEBI_50547,CHEBI_174850_CHEBI_50547,stereo_resolution,stereo_resolution,100.0,1
CHEBI_147378,CHEBI_147367,CHEBI_147367_CHEBI_147378,stereo_resolution,stereo_resolution,100.0,1
CHEBI_188733,CHEBI_155853,CHEBI_155853_CHEBI_188733,stereo_resolution,stereo_resolution,100.0,1
CHEBI_24848,CHEBI_22357,CHEBI_22357_CHEBI_24848,stereo_resolution,stereo_resolution,100.0,1
CHEBI_153205,CHEBI_157145,CHEBI_153205_CHEBI_157145,stereo_resolution,stereo_resolution,100.0,1
CHEBI_84198,CHEBI_74277,CHEBI_74277_CHEBI_84198,stereo_resolution,stereo_resolution,100.0,1
CHEBI_154741,CHEBI_145890,CHEBI_145890_CHEBI_154741,stereo_resolution,stereo_resolution,100.0,1
CHEBI_190749,CHEBI_136772,CHEBI_136772_CHEBI_190749,stereo_resolution,stereo_resolution,100.0,1
CHEBI_86040,CHEBI_74279,CHEBI_74279_CHEBI_86040,stereo_resolution,stereo_resolution,100.0,1
CHEBI_142500,CHEBI_178164,CHEBI_142500_CHEBI_178164,stereo_resolution,stereo_resolution,100.0,1
CHEBI_34865,CHEBI_79415,CHEBI_34865_CHEBI_79415,stereo_resolution,stereo_resolution,100.0,1
CHEBI_201385,CHEBI_202426,CHEBI_201385_CHEBI_202426,stereo_resolution,stereo_resolution,100.0,1
CHEBI_49140,CHEBI_49143,CHEBI_49140_CHEBI_49143,stereo_resolution,stereo_resolution,100.0,1
CHEBI_145743,CHEBI_166671,CHEBI_145743_CHEBI_166671,stereo_resolution,stereo_resolution,100.0,1
CHEBI_143741,CHEBI_31542,CHEBI_143741_CHEBI_31542,stereo_resolution,stereo_resolution,100.0,1
CHEBI_194518,CHEBI_58144,CHEBI_194518_CHEBI_58144,stereo_resolution,stereo_resolution,100.0,1
CHEBI_147961,CHEBI_150828,CHEBI_147961_CHEBI_150828,stereo_resolution,stereo_resolution,100.0,1
CHEBI_28037,CHEBI_28497,CHEBI_28037_CHEBI_28497,stereo_resolution,stereo_resolution,79.0,1
CHEBI_153132,CHEBI_62339,CHEBI_153132_CHEBI_62339,stereo_resolution,stereo_resolution,77.0,1
CHEBI_138738,CHEBI_138739,CHEBI_138738_CHEBI_138739,stereo_resolution,stereo_resolution,100.0,1
CHEBI_4728,CHEBI_59847,CHEBI_4728_CHEBI_59847,stereo_resolution,stereo_resolution,100.0,1
CHEBI_91111,CHEBI_131618,CHEBI_131618_CHEBI_91111,stereo_resolution,stereo_resolution,100.0,1
CHEBI_233958,CHEBI_233960,CHEBI_233958_CHEBI_233960,stereo_resolution,stereo_resolution,100.0,1
CHEBI_85406,CHEBI_155046,CHEBI_155046_CHEBI_85406,stereo_resolution,stereo_resolution,76.0,1
CHEBI_181961,CHEBI_93389,CHEBI_181961_CHEBI_93389,stereo_resolution,stereo_resolution,100.0,1
CHEBI_64368,CHEBI_70756,CHEBI_64368_CHEBI_70756,stereo_resolution,stereo_resolution,100.0,1
CHEBI_73068,CHEBI_85105,CHEBI_73068_CHEBI_85105,stereo_resolution,stereo_resolution,100.0,1
CHEBI_125411,CHEBI_125533,CHEBI_125411_CHEBI_125533,stereo_resolution,stereo_resolution,100.0,1
CHEBI_182745,CHEBI_9442,CHEBI_182745_CHEBI_9442,stereo_resolution,stereo_resolution,100.0,1
CHEBI_93913,CHEBI_46515,CHEBI_46515_CHEBI_93913,stereo_resolution,stereo_resolution,100.0,1
CHEBI_133822,CHEBI_91000,CHEBI_133822_CHEBI_91000,stereo_resolution,stereo_resolution,100.0,1
CHEBI_167638,CHEBI_167639,CHEBI_167638_CHEBI_167639,stereo_resolution,stereo_resolution,100.0,1
CHEBI_136837,CHEBI_136835,CHEBI_136835_CHEBI_136837,stereo_resolution,stereo_resolution,100.0,1
CHEBI_64274,CHEBI_138362,CHEBI_138362_CHEBI_64274,stereo_resolution,stereo_resolution,100.0,1
CHEBI_153372,CHEBI_71943,CHEBI_153372_CHEBI_71943,stereo_resolution,stereo_resolution,100.0,1
CHEBI_155308,CHEBI_150999,CHEBI_150999_CHEBI_155308,stereo_resolution,stereo_resolution,75.0,1
CHEBI_180284,CHEBI_180283,CHEBI_180283_CHEBI_180284,stereo_resolution,stereo_resolution,100.0,1
CHEBI_152322,CHEBI_151165,CHEBI_151165_CHEBI_152322,stereo_resolution,stereo_resolution,79.0,1
CHEBI_83645,CHEBI_83646,CHEBI_83645_CHEBI_83646,stereo_resolution,stereo_resolution,100.0,1
CHEBI_147264,CHEBI_156613,CHEBI_147264_CHEBI_156613,stereo_resolution,stereo_resolution,77.0,1
CHEBI_88063,CHEBI_140438,CHEBI_140438_CHEBI_88063,stereo_resolution,stereo_resolution,100.0,1
CHEBI_181959,CHEBI_41001,CHEBI_181959_CHEBI_41001,stereo_resolution,stereo_resolution,100.0,1
CHEBI_214234,CHEBI_90132,CHEBI_214234_CHEBI_90132,stereo_resolution,stereo_resolution,100.0,1
CHEBI_3013,CHEBI_59244,CHEBI_3013_CHEBI_59244,stereo_resolution,stereo_resolution,100.0,1
CHEBI_59626,CHEBI_157209,CHEBI_157209_CHEBI_59626,stereo_resolution,stereo_resolution,100.0,1
CHEBI_38650,CHEBI_38652,CHEBI_38650_CHEBI_38652,stereo_resolution,stereo_resolution,100.0,1
CHEBI_201265,CHEBI_216660,CHEBI_201265_CHEBI_216660,diastereomer,stereo_resolution,77.0,0
CHEBI_58968,CHEBI_43219,CHEBI_43219_CHEBI_58968,stereo_resolution,stereo_resolution,100.0,1
CHEBI_27939,CHEBI_61389,CHEBI_27939_CHEBI_61389,stereo_resolution,stereo_resolution,100.0,1
CHEBI_48670,CHEBI_48672,CHEBI_48670_CHEBI_48672,stereo_resolution,stereo_resolution,100.0,1
CHEBI_147672,CHEBI_155387,CHEBI_147672_CHEBI_155387,stereo_resolution,stereo_resolution,100.0,1
CHEBI_61135,CHEBI_134628,CHEBI_134628_CHEBI_61135,stereo_resolution,stereo_resolution,100.0,1
CHEBI_224481,CHEBI_207722,CHEBI_207722_CHEBI_224481,stereo_resolution,stereo_resolution,100.0,1
CHEBI_191722,CHEBI_168186,CHEBI_168186_CHEBI_191722,stereo_resolution,stereo_resolution,100.0,1
CHEBI_144052,CHEBI_199339,CHEBI_144052_CHEBI_199339,stereo_resolution,stereo_resolution,100.0,1
CHEBI_53663,CHEBI_67646,CHEBI_53663_CHEBI_67646,stereo_resolution,stereo_resolution,100.0,1
CHEBI_155765,CHEBI_152826,CHEBI_152826_CHEBI_155765,stereo_resolution,stereo_resolution,75.0,1
CHEBI_95163,CHEBI_94585,CHEBI_94585_CHEBI_95163,stereo_resolution,stereo_resolution,100.0,1
CHEBI_7203,CHEBI_28037,CHEBI_28037_CHEBI_7203,stereo_resolution,stereo_resolution,100.0,1
CHEBI_16777,CHEBI_5568,CHEBI_16777_CHEBI_5568,diastereomer,stereo_resolution,75.0,0
CHEBI_173277,CHEBI_60948,CHEBI_173277_CHEBI_60948,stereo_resolution,stereo_resolution,76.0,1
CHEBI_75869,CHEBI_75868,CHEBI_75868_CHEBI_75869,stereo_resolution,stereo_resolution,100.0,1
CHEBI_183633,CHEBI_186181,CHEBI_183633_CHEBI_186181,stereo_resolution,stereo_resolution,100.0,1
CHEBI_153891,CHEBI_157270,CHEBI_153891_CHEBI_157270,stereo_resolution,stereo_resolution,75.0,1
CHEBI_148508,CHEBI_149277,CHEBI_148508_CHEBI_149277,stereo_resolution,stereo_resolution,75.0,1
CHEBI_153372,CHEBI_152732,CHEBI_152732_CHEBI_153372,stereo_resolution,stereo_resolution,100.0,1
CHEBI_145562,CHEBI_145563,CHEBI_145562_CHEBI_145563,stereo_resolution,stereo_resolution,100.0,1
CHEBI_182882,CHEBI_173187,CHEBI_173187_CHEBI_182882,stereo_resolution,stereo_resolution,100.0,1
CHEBI_201797,CHEBI_199237,CHEBI_199237_CHEBI_201797,stereo_resolution,stereo_resolution,100.0,1
CHEBI_147875,CHEBI_151350,CHEBI_147875_CHEBI_151350,stereo_resolution,stereo_resolution,100.0,1
CHEBI_156274,CHEBI_59563,CHEBI_156274_CHEBI_59563,stereo_resolution,stereo_resolution,76.0,1
CHEBI_146907,CHEBI_151854,CHEBI_146907_CHEBI_151854,stereo_resolution,stereo_resolution,100.0,1
CHEBI_94313,CHEBI_43029,CHEBI_43029_CHEBI_94313,stereo_resolution,stereo_resolution,100.0,1
CHEBI_91906,CHEBI_94674,CHEBI_91906_CHEBI_94674,stereo_resolution,stereo_resolution,100.0,1
CHEBI_90395,CHEBI_90394,CHEBI_90394_CHEBI_90395,enantiomer,stereo_resolution,75.0,0
CHEBI_151073,CHEBI_149347,CHEBI_149347_CHEBI_151073,stereo_resolution,stereo_resolution,79.0,1
CHEBI_63705,CHEBI_63700,CHEBI_63700_CHEBI_63705,enantiomer,stereo_resolution,77.0,0
CHEBI_5130,CHEBI_38666,CHEBI_38666_CHEBI_5130,stereo_resolution,stereo_resolution,100.0,1
CHEBI_148822,CHEBI_28681,CHEBI_148822_CHEBI_28681,stereo_resolution,stereo_resolution,100.0,1
CHEBI_125388,CHEBI_125594,CHEBI_125388_CHEBI_125594,stereo_resolution,stereo_resolution,100.0,1
CHEBI_7572,CHEBI_103932,CHEBI_103932_CHEBI_7572,stereo_resolution,stereo_resolution,100.0,1
CHEBI_149107,CHEBI_150401,CHEBI_149107_CHEBI_150401,stereo_resolution,stereo_resolution,75.0,1
CHEBI_180526,CHEBI_181960,CHEBI_180526_CHEBI_181960,stereo_resolution,stereo_resolution,100.0,1
CHEBI_110185,CHEBI_93592,CHEBI_110185_CHEBI_93592,stereo_resolution,stereo_resolution,100.0,1
CHEBI_80050,CHEBI_227060,CHEBI_227060_CHEBI_80050,stereo_resolution,stereo_resolution,100.0,1
CHEBI_93797,CHEBI_3092,CHEBI_3092_CHEBI_93797,stereo_resolution,stereo_resolution,100.0,1
CHEBI_184805,CHEBI_133832,CHEBI_133832_CHEBI_184805,stereo_resolution,stereo_resolution,100.0,1
CHEBI_195592,CHEBI_78290,CHEBI_195592_CHEBI_78290,stereo_resolution,stereo_resolution,89.0,1
CHEBI_48674,CHEBI_48677,CHEBI_48674_CHEBI_48677,stereo_resolution,stereo_resolution,100.0,1
CHEBI_17535,CHEBI_40886,CHEBI_17535_CHEBI_40886,stereo_resolution,stereo_resolution,100.0,1
CHEBI_71224,CHEBI_71227,CHEBI_71224_CHEBI_71227,stereo_resolution,stereo_resolution,100.0,1
CHEBI_197878,CHEBI_217217,CHEBI_197878_CHEBI_217217,diastereomer,stereo_resolution,79.0,0
CHEBI_76102,CHEBI_75999,CHEBI_75999_CHEBI_76102,stereo_resolution,stereo_resolution,100.0,1
CHEBI_35672,CHEBI_35669,CHEBI_35669_CHEBI_35672,stereo_resolution,stereo_resolution,100.0,1
CHEBI_28474,CHEBI_50614,CHEBI_28474_CHEBI_50614,stereo_resolution,stereo_resolution,100.0,1
CHEBI_182085,CHEBI_220910,CHEBI_182085_CHEBI_220910,stereo_resolution,stereo_resolution,100.0,1
CHEBI_62647,CHEBI_150914,CHEBI_150914_CHEBI_62647,stereo_resolution,stereo_resolution,78.0,1
CHEBI_142230,CHEBI_141994,CHEBI_141994_CHEBI_142230,stereo_resolution,stereo_resolution,100.0,1
CHEBI_15420,CHEBI_145806,CHEBI_145806_CHEBI_15420,stereo_resolution,stereo_resolution,100.0,1
CHEBI_176889,CHEBI_27693,CHEBI_176889_CHEBI_27693,stereo_resolution,stereo_resolution,100.0,1
CHEBI_38685,CHEBI_28982,CHEBI_28982_CHEBI_38685,stereo_resolution,stereo_resolution,100.0,1
CHEBI_38691,CHEBI_36102,CHEBI_36102_CHEBI_38691,stereo_resolution,stereo_resolution,100.0,1
CHEBI_60949,CHEBI_61832,CHEBI_60949_CHEBI_61832,stereo_resolution,stereo_resolution,76.0,1
CHEBI_152243,CHEBI_91281,CHEBI_152243_CHEBI_91281,stereo_resolution,stereo_resolution,77.0,1
CHEBI_77397,CHEBI_36792,CHEBI_36792_CHEBI_77397,stereo_resolution,stereo_resolution,100.0,1
CHEBI_130042,CHEBI_126897,CHEBI_126897_CHEBI_130042,diastereomer,stereo_resolution,100.0,0
CHEBI_146624,CHEBI_146463,CHEBI_146463_CHEBI_146624,stereo_resolution,stereo_resolution,75.0,1
CHEBI_193906,CHEBI_216084,CHEBI_193906_CHEBI_216084,stereo_resolution,stereo_resolution,100.0,1
CHEBI_16959,CHEBI_40763,CHEBI_16959_CHEBI_40763,stereo_resolution,stereo_resolution,100.0,1
CHEBI_141536,CHEBI_70612,CHEBI_141536_CHEBI_70612,stereo_resolution,stereo_resolution,100.0,1
CHEBI_37051,CHEBI_173461,CHEBI_173461_CHEBI_37051,stereo_resolution,stereo_resolution,100.0,1
CHEBI_83758,CHEBI_83761,CHEBI_83758_CHEBI_83761,stereo_resolution,stereo_resolution,100.0,1
CHEBI_155509,CHEBI_153608,CHEBI_153608_CHEBI_155509,stereo_resolution,stereo_resolution,75.0,1
CHEBI_19929,CHEBI_51059,CHEBI_19929_CHEBI_51059,stereo_resolution,stereo_resolution,100.0,1
CHEBI_18419,CHEBI_18041,CHEBI_18041_CHEBI_18419,stereo_resolution,stereo_resolution,100.0,1
CHEBI_165835,CHEBI_71693,CHEBI_165835_CHEBI_71693,stereo_resolution,stereo_resolution,100.0,1
CHEBI_4042,CHEBI_39339,CHEBI_39339_CHEBI_4042,stereo_resolution,stereo_resolution,100.0,1
CHEBI_233815,CHEBI_190383,CHEBI_190383_CHEBI_233815,stereo_resolution,stereo_resolution,100.0,1
CHEBI_70959,CHEBI_143076,CHEBI_143076_CHEBI_70959,stereo_resolution,stereo_resolution,89.0,1
CHEBI_90141,CHEBI_126352,CHEBI_126352_CHEBI_90141,stereo_resolution,stereo_resolution,100.0,1
CHEBI_181246,CHEBI_134398,CHEBI_134398_CHEBI_181246,stereo_resolution,stereo_resolution,100.0,1
CHEBI_153474,CHEBI_63233,CHEBI_153474_CHEBI_63233,stereo_resolution,stereo_resolution,75.0,1
CHEBI_16751,CHEBI_146129,CHEBI_146129_CHEBI_16751,stereo_resolution,stereo_resolution,76.0,1
CHEBI_154373,CHEBI_146583,CHEBI_146583_CHEBI_154373,stereo_resolution,stereo_resolution,100.0,1
CHEBI_151996,CHEBI_153684,CHEBI_151996_CHEBI_153684,stereo_resolution,stereo_resolution,100.0,1
CHEBI_77070,CHEBI_77071,CHEBI_77070_CHEBI_77071,stereo_resolution,stereo_resolution,100.0,1
CHEBI_53651,CHEBI_62330,CHEBI_53651_CHEBI_62330,stereo_resolution,stereo_resolution,76.0,1
CHEBI_137937,CHEBI_137939,CHEBI_137937_CHEBI_137939,stereo_resolution,stereo_resolution,100.0,1
CHEBI_35518,CHEBI_20640,CHEBI_20640_CHEBI_35518,stereo_resolution,stereo_resolution,100.0,1
CHEBI_146614,CHEBI_151049,CHEBI_146614_CHEBI_151049,stereo_resolution,stereo_resolution,100.0,1
CHEBI_138203,CHEBI_138204,CHEBI_138203_CHEBI_138204,stereo_resolution,stereo_resolution,100.0,1
CHEBI_64304,CHEBI_40682,CHEBI_40682_CHEBI_64304,stereo_resolution,stereo_resolution,100.0,1
CHEBI_90243,CHEBI_157084,CHEBI_157084_CHEBI_90243,stereo_resolution,stereo_resolution,75.0,1
CHEBI_83128,CHEBI_83131,CHEBI_83128_CHEBI_83131,stereo_resolution,stereo_resolution,100.0,1
CHEBI_16935,CHEBI_76035,CHEBI_16935_CHEBI_76035,stereo_resolution,stereo_resolution,100.0,1
CHEBI_36436,CHEBI_36443,CHEBI_36436_CHEBI_36443,stereo_resolution,stereo_resolution,100.0,1
CHEBI_83610,CHEBI_83615,CHEBI_83610_CHEBI_83615,stereo_resolution,stereo_resolution,100.0,1
CHEBI_144930,CHEBI_144487,CHEBI_144487_CHEBI_144930,stereo_resolution,stereo_resolution,100.0,1
CHEBI_84894,CHEBI_231969,CHEBI_231969_CHEBI_84894,stereo_resolution,stereo_resolution,100.0,1
CHEBI_34361,CHEBI_41965,CHEBI_34361_CHEBI_41965,stereo_resolution,stereo_resolution,100.0,1
CHEBI_167808,CHEBI_183960,CHEBI_167808_CHEBI_183960,stereo_resolution,stereo_resolution,100.0,1
CHEBI_17682,CHEBI_51510,CHEBI_17682_CHEBI_51510,stereo_resolution,stereo_resolution,100.0,1
CHEBI_151801,CHEBI_234260,CHEBI_151801_CHEBI_234260,stereo_resolution,stereo_resolution,75.0,1
CHEBI_78440,CHEBI_45738,CHEBI_45738_CHEBI_78440,stereo_resolution,stereo_resolution,100.0,1
CHEBI_175871,CHEBI_151352,CHEBI_151352_CHEBI_175871,stereo_resolution,stereo_resolution,100.0,1
CHEBI_91194,CHEBI_91197,CHEBI_91194_CHEBI_91197,stereo_resolution,stereo_resolution,100.0,1
CHEBI_167919,CHEBI_49376,CHEBI_167919_CHEBI_49376,stereo_resolution,stereo_resolution,100.0,1
CHEBI_4167,CHEBI_15903,CHEBI_15903_CHEBI_4167,stereo_resolution,stereo_resolution,100.0,1
CHEBI_141539,CHEBI_81239,CHEBI_141539_CHEBI_81239,stereo_resolution,stereo_resolution,100.0,1
CHEBI_181906,CHEBI_183828,CHEBI_181906_CHEBI_183828,stereo_resolution,stereo_resolution,100.0,1
CHEBI_182028,CHEBI_156276,CHEBI_156276_CHEBI_182028,stereo_resolution,stereo_resolution,100.0,1
CHEBI_145885,CHEBI_148048,CHEBI_145885_CHEBI_148048,stereo_resolution,stereo_resolution,75.0,1
CHEBI_6418,CHEBI_73839,CHEBI_6418_CHEBI_73839,stereo_resolution,stereo_resolution,100.0,1
CHEBI_30929,CHEBI_30927,CHEBI_30927_CHEBI_30929,stereo_resolution,stereo_resolution,100.0,1
CHEBI_154693,CHEBI_153758,CHEBI_153758_CHEBI_154693,stereo_resolution,stereo_resolution,100.0,1
CHEBI_169635,CHEBI_27663,CHEBI_169635_CHEBI_27663,stereo_resolution,stereo_resolution,100.0,1
CHEBI_91792,CHEBI_182607,CHEBI_182607_CHEBI_91792,stereo_resolution,stereo_resolution,100.0,1
CHEBI_53106,CHEBI_82580,CHEBI_53106_CHEBI_82580,stereo_resolution,stereo_resolution,100.0,1
CHEBI_194353,CHEBI_132064,CHEBI_132064_CHEBI_194353,stereo_resolution,stereo_resolution,100.0,1
CHEBI_3133,CHEBI_59188,CHEBI_3133_CHEBI_59188,stereo_resolution,stereo_resolution,100.0,1
CHEBI_181753,CHEBI_81202,CHEBI_181753_CHEBI_81202,stereo_resolution,stereo_resolution,100.0,1
CHEBI_91852,CHEBI_181252,CHEBI_181252_CHEBI_91852,stereo_resolution,stereo_resolution,100.0,1
CHEBI_91645,CHEBI_28412,CHEBI_28412_CHEBI_91645,stereo_resolution,stereo_resolution,100.0,1
CHEBI_71359,CHEBI_155433,CHEBI_155433_CHEBI_71359,stereo_resolution,stereo_resolution,76.0,1
CHEBI_38955,CHEBI_87,CHEBI_38955_CHEBI_87,stereo_resolution,stereo_resolution,100.0,1
CHEBI_229069,CHEBI_87123,CHEBI_229069_CHEBI_87123,stereo_resolution,stereo_resolution,100.0,1
CHEBI_157297,CHEBI_152745,CHEBI_152745_CHEBI_157297,stereo_resolution,stereo_resolution,100.0,1
CHEBI_228164,CHEBI_228162,CHEBI_228162_CHEBI_228164,stereo_resolution,stereo_resolution,100.0,1
CHEBI_7203,CHEBI_506227,CHEBI_506227_CHEBI_7203,stereo_resolution,stereo_resolution,100.0,1
CHEBI_135005,CHEBI_136040,CHEBI_135005_CHEBI_136040,stereo_resolution,stereo_resolution,100.0,1
CHEBI_153585,CHEBI_151330,CHEBI_151330_CHEBI_153585,stereo_resolution,stereo_resolution,100.0,1
CHEBI_148308,CHEBI_150024,CHEBI_148308_CHEBI_150024,stereo_resolution,stereo_resolution,100.0,1
CHEBI_17057,CHEBI_36217,CHEBI_17057_CHEBI_36217,stereo_resolution,stereo_resolution,100.0,1
CHEBI_150061,CHEBI_152328,CHEBI_150061_CHEBI_152328,stereo_resolution,stereo_resolution,100.0,1
CHEBI_181089,CHEBI_133176,CHEBI_133176_CHEBI_181089,stereo_resolution,stereo_resolution,100.0,1
CHEBI_73245,CHEBI_73249,CHEBI_73245_CHEBI_73249,stereo_resolution,stereo_resolution,100.0,1
CHEBI_182332,CHEBI_215300,CHEBI_182332_CHEBI_215300,stereo_resolution,stereo_resolution,90.0,1
CHEBI_167958,CHEBI_132401,CHEBI_132401_CHEBI_167958,stereo_resolution,stereo_resolution,100.0,1
CHEBI_141335,CHEBI_204421,CHEBI_141335_CHEBI_204421,stereo_resolution,stereo_resolution,100.0,1
CHEBI_149545,CHEBI_155672,CHEBI_149545_CHEBI_155672,stereo_resolution,stereo_resolution,100.0,1
CHEBI_87603,CHEBI_150511,CHEBI_150511_CHEBI_87603,stereo_resolution,stereo_resolution,75.0,1
CHEBI_175764,CHEBI_133905,CHEBI_133905_CHEBI_175764,stereo_resolution,stereo_resolution,100.0,1
CHEBI_84005,CHEBI_84006,CHEBI_84005_CHEBI_84006,stereo_resolution,stereo_resolution,100.0,1
CHEBI_145883,CHEBI_146700,CHEBI_145883_CHEBI_146700,stereo_resolution,stereo_resolution,75.0,1
CHEBI_145562,CHEBI_145564,CHEBI_145562_CHEBI_145564,stereo_resolution,stereo_resolution,100.0,1
CHEBI_140564,CHEBI_63703,CHEBI_140564_CHEBI_63703,stereo_resolution,stereo_resolution,100.0,1
CHEBI_5000,CHEBI_439329,CHEBI_439329_CHEBI_5000,stereo_resolution,stereo_resolution,100.0,1
CHEBI_156892,CHEBI_154208,CHEBI_154208_CHEBI_156892,stereo_resolution,stereo_resolution,100.0,1
CHEBI_186526,CHEBI_75652,CHEBI_186526_CHEBI_75652,stereo_resolution,stereo_resolution,79.0,1
CHEBI_131832,CHEBI_88366,CHEBI_131832_CHEBI_88366,stereo_resolution,stereo_resolution,100.0,1
CHEBI_189129,CHEBI_139409,CHEBI_139409_CHEBI_189129,stereo_resolution,stereo_resolution,100.0,1
CHEBI_84874,CHEBI_172082,CHEBI_172082_CHEBI_84874,stereo_resolution,stereo_resolution,100.0,1
CHEBI_95124,CHEBI_94474,CHEBI_94474_CHEBI_95124,stereo_resolution,stereo_resolution,100.0,1
CHEBI_42946,CHEBI_37083,CHEBI_37083_CHEBI_42946,stereo_resolution,stereo_resolution,100.0,1
CHEBI_154771,CHEBI_150520,CHEBI_150520_CHEBI_154771,stereo_resolution,stereo_resolution,75.0,1
CHEBI_182818,CHEBI_174315,CHEBI_174315_CHEBI_182818,stereo_resolution,stereo_resolution,100.0,1
CHEBI_38760,CHEBI_223287,CHEBI_223287_CHEBI_38760,stereo_resolution,stereo_resolution,100.0,1
CHEBI_153406,CHEBI_152668,CHEBI_152668_CHEBI_153406,stereo_resolution,stereo_resolution,75.0,1
CHEBI_34056,CHEBI_37873,CHEBI_34056_CHEBI_37873,stereo_resolution,stereo_resolution,100.0,1
CHEBI_29479,CHEBI_38245,CHEBI_29479_CHEBI_38245,stereo_resolution,stereo_resolution,100.0,1
CHEBI_90075,CHEBI_90102,CHEBI_90075_CHEBI_90102,stereo_resolution,stereo_resolution,100.0,1
CHEBI_195739,CHEBI_195741,CHEBI_195739_CHEBI_195741,stereo_resolution,stereo_resolution,100.0,1
CHEBI_231432,CHEBI_138607,CHEBI_138607_CHEBI_231432,stereo_resolution,stereo_resolution,100.0,1
CHEBI_90389,CHEBI_90391,CHEBI_90389_CHEBI_90391,enantiomer,stereo_resolution,75.0,0
CHEBI_151431,CHEBI_156929,CHEBI_151431_CHEBI_156929,stereo_resolution,stereo_resolution,75.0,1
CHEBI_34911,CHEBI_233594,CHEBI_233594_CHEBI_34911,stereo_resolution,stereo_resolution,76.0,1
CHEBI_82861,CHEBI_82868,CHEBI_82861_CHEBI_82868,stereo_resolution,stereo_resolution,100.0,1
CHEBI_181753,CHEBI_81203,CHEBI_181753_CHEBI_81203,stereo_resolution,stereo_resolution,100.0,1
CHEBI_28289,CHEBI_9837,CHEBI_28289_CHEBI_9837,stereo_resolution,stereo_resolution,100.0,1
CHEBI_39138,CHEBI_39140,CHEBI_39138_CHEBI_39140,stereo_resolution,stereo_resolution,100.0,1
CHEBI_83134,CHEBI_83135,CHEBI_83134_CHEBI_83135,stereo_resolution,stereo_resolution,100.0,1
CHEBI_47807,CHEBI_47808,CHEBI_47807_CHEBI_47808,stereo_resolution,stereo_resolution,100.0,1
CHEBI_150202,CHEBI_153512,CHEBI_150202_CHEBI_153512,stereo_resolution,stereo_resolution,100.0,1
CHEBI_153903,CHEBI_148308,CHEBI_148308_CHEBI_153903,stereo_resolution,stereo_resolution,100.0,1
CHEBI_91934,CHEBI_94406,CHEBI_91934_CHEBI_94406,stereo_resolution,stereo_resolution,100.0,1
CHEBI_148591,CHEBI_156957,CHEBI_148591_CHEBI_156957,stereo_resolution,stereo_resolution,75.0,1
CHEBI_191550,CHEBI_80758,CHEBI_191550_CHEBI_80758,stereo_resolution,stereo_resolution,100.0,1
CHEBI_104872,CHEBI_40133,CHEBI_104872_CHEBI_40133,stereo_resolution,stereo_resolution,100.0,1
CHEBI_182306,CHEBI_181620,CHEBI_181620_CHEBI_182306,stereo_resolution,stereo_resolution,100.0,1
CHEBI_193018,CHEBI_193522,CHEBI_193018_CHEBI_193522,stereo_resolution,stereo_resolution,100.0,1
CHEBI_133521,CHEBI_71675,CHEBI_133521_CHEBI_71675,stereo_resolution,stereo_resolution,100.0,1
CHEBI_25957,CHEBI_27950,CHEBI_25957_CHEBI_27950,stereo_resolution,stereo_resolution,100.0,1
CHEBI_94408,CHEBI_2790,CHEBI_2790_CHEBI_94408,stereo_resolution,stereo_resolution,100.0,1
CHEBI_17631,CHEBI_64166,CHEBI_17631_CHEBI_64166,stereo_resolution,stereo_resolution,78.0,1
CHEBI_171956,CHEBI_1684,CHEBI_1684_CHEBI_171956,stereo_resolution,stereo_resolution,100.0,1
CHEBI_147602,CHEBI_147118,CHEBI_147118_CHEBI_147602,stereo_resolution,stereo_resolution,100.0,1
CHEBI_134080,CHEBI_134082,CHEBI_134080_CHEBI_134082,stereo_resolution,stereo_resolution,100.0,1
CHEBI_183869,CHEBI_155057,CHEBI_155057_CHEBI_183869,stereo_resolution,stereo_resolution,76.0,1
CHEBI_195595,CHEBI_136447,CHEBI_136447_CHEBI_195595,stereo_resolution,stereo_resolution,100.0,1
CHEBI_62275,CHEBI_72468,CHEBI_62275_CHEBI_72468,stereo_resolution,stereo_resolution,78.0,1
CHEBI_194846,CHEBI_149638,CHEBI_149638_CHEBI_194846,stereo_resolution,stereo_resolution,91.0,1
CHEBI_215080,CHEBI_200698,CHEBI_200698_CHEBI_215080,stereo_resolution,stereo_resolution,100.0,1
CHEBI_168797,CHEBI_179508,CHEBI_168797_CHEBI_179508,stereo_resolution,stereo_resolution,100.0,1
CHEBI_154149,CHEBI_148591,CHEBI_148591_CHEBI_154149,stereo_resolution,stereo_resolution,100.0,1
CHEBI_151542,CHEBI_156657,CHEBI_151542_CHEBI_156657,stereo_resolution,stereo_resolution,83.0,1
CHEBI_150353,CHEBI_154909,CHEBI_150353_CHEBI_154909,stereo_resolution,stereo_resolution,75.0,1
CHEBI_168124,CHEBI_15781,CHEBI_15781_CHEBI_168124,stereo_resolution,stereo_resolution,88.0,1
CHEBI_147913,CHEBI_156752,CHEBI_147913_CHEBI_156752,stereo_resolution,stereo_resolution,79.0,1
CHEBI_179573,CHEBI_29643,CHEBI_179573_CHEBI_29643,stereo_resolution,stereo_resolution,100.0,1
CHEBI_8100,CHEBI_11009,CHEBI_11009_CHEBI_8100,stereo_resolution,stereo_resolution,100.0,1
CHEBI_83719,CHEBI_83722,CHEBI_83719_CHEBI_83722,stereo_resolution,stereo_resolution,100.0,1
CHEBI_193745,CHEBI_48646,CHEBI_193745_CHEBI_48646,stereo_resolution,stereo_resolution,100.0,1
CHEBI_4035,CHEBI_39327,CHEBI_39327_CHEBI_4035,stereo_resolution,stereo_resolution,100.0,1
CHEBI_64552,CHEBI_73709,CHEBI_64552_CHEBI_73709,stereo_resolution,stereo_resolution,100.0,1
CHEBI_36229,CHEBI_36231,CHEBI_36229_CHEBI_36231,stereo_resolution,stereo_resolution,100.0,1
CHEBI_230097,CHEBI_232203,CHEBI_230097_CHEBI_232203,stereo_resolution,stereo_resolution,100.0,1
CHEBI_150963,CHEBI_157164,CHEBI_150963_CHEBI_157164,stereo_resolution,stereo_resolution,75.0,1
CHEBI_4887,CHEBI_60355,CHEBI_4887_CHEBI_60355,stereo_resolution,stereo_resolution,100.0,1
CHEBI_14321,CHEBI_29985,CHEBI_14321_CHEBI_29985,stereo_resolution,stereo_resolution,100.0,1
CHEBI_139343,CHEBI_139344,CHEBI_139343_CHEBI_139344,stereo_resolution,stereo_resolution,100.0,1
CHEBI_91541,CHEBI_93572,CHEBI_91541_CHEBI_93572,stereo_resolution,stereo_resolution,100.0,1
CHEBI_151115,CHEBI_167515,CHEBI_151115_CHEBI_167515,stereo_resolution,stereo_resolution,100.0,1
CHEBI_60246,CHEBI_146643,CHEBI_146643_CHEBI_60246,stereo_resolution,stereo_resolution,76.0,1
CHEBI_181020,CHEBI_8378,CHEBI_181020_CHEBI_8378,stereo_resolution,stereo_resolution,100.0,1
CHEBI_88771,CHEBI_233187,CHEBI_233187_CHEBI_88771,stereo_resolution,stereo_resolution,76.0,1
CHEBI_137342,CHEBI_137320,CHEBI_137320_CHEBI_137342,stereo_resolution,stereo_resolution,100.0,1
CHEBI_175873,CHEBI_148215,CHEBI_148215_CHEBI_175873,stereo_resolution,stereo_resolution,76.0,1
CHEBI_174982,CHEBI_185273,CHEBI_174982_CHEBI_185273,stereo_resolution,stereo_resolution,100.0,1
CHEBI_82023,CHEBI_83591,CHEBI_82023_CHEBI_83591,stereo_resolution,stereo_resolution,100.0,1
CHEBI_86081,CHEBI_174593,CHEBI_174593_CHEBI_86081,stereo_resolution,stereo_resolution,100.0,1
CHEBI_25072,CHEBI_32969,CHEBI_25072_CHEBI_32969,stereo_resolution,stereo_resolution,100.0,1
CHEBI_37144,CHEBI_18662,CHEBI_18662_CHEBI_37144,stereo_resolution,stereo_resolution,100.0,1
CHEBI_28670,CHEBI_179056,CHEBI_179056_CHEBI_28670,stereo_resolution,stereo_resolution,100.0,1
CHEBI_34607,CHEBI_36778,CHEBI_34607_CHEBI_36778,stereo_resolution,stereo_resolution,100.0,1
CHEBI_150429,CHEBI_156892,CHEBI_150429_CHEBI_156892,stereo_resolution,stereo_resolution,75.0,1
CHEBI_94444,CHEBI_17347,CHEBI_17347_CHEBI_94444,stereo_resolution,stereo_resolution,100.0,1
CHEBI_167695,CHEBI_233620,CHEBI_167695_CHEBI_233620,stereo_resolution,stereo_resolution,92.0,1
CHEBI_91184,CHEBI_143256,CHEBI_143256_CHEBI_91184,stereo_resolution,stereo_resolution,100.0,1
CHEBI_148602,CHEBI_147978,CHEBI_147978_CHEBI_148602,stereo_resolution,stereo_resolution,100.0,1
CHEBI_143624,CHEBI_59497,CHEBI_143624_CHEBI_59497,stereo_resolution,stereo_resolution,100.0,1
CHEBI_173277,CHEBI_145594,CHEBI_145594_CHEBI_173277,stereo_resolution,stereo_resolution,76.0,1
CHEBI_168167,CHEBI_71498,CHEBI_168167_CHEBI_71498,stereo_resolution,stereo_resolution,100.0,1
CHEBI_60408,CHEBI_84783,CHEBI_60408_CHEBI_84783,stereo_resolution,stereo_resolution,100.0,1
CHEBI_173045,CHEBI_17030,CHEBI_17030_CHEBI_173045,stereo_resolution,stereo_resolution,100.0,1
CHEBI_150935,CHEBI_155605,CHEBI_150935_CHEBI_155605,stereo_resolution,stereo_resolution,78.0,1
CHEBI_94463,CHEBI_63580,CHEBI_63580_CHEBI_94463,stereo_resolution,stereo_resolution,100.0,1
CHEBI_28309,CHEBI_234012,CHEBI_234012_CHEBI_28309,stereo_resolution,stereo_resolution,77.0,1
CHEBI_48945,CHEBI_50624,CHEBI_48945_CHEBI_50624,stereo_resolution,stereo_resolution,100.0,1
CHEBI_83221,CHEBI_83222,CHEBI_83221_CHEBI_83222,stereo_resolution,stereo_resolution,100.0,1
CHEBI_25013,CHEBI_178193,CHEBI_178193_CHEBI_25013,stereo_resolution,stereo_resolution,84.0,1
CHEBI_181611,CHEBI_3196,CHEBI_181611_CHEBI_3196,stereo_resolution,stereo_resolution,100.0,1
CHEBI_134798,CHEBI_76833,CHEBI_134798_CHEBI_76833,stereo_resolution,stereo_resolution,100.0,1
CHEBI_189656,CHEBI_190184,CHEBI_189656_CHEBI_190184,stereo_resolution,stereo_resolution,100.0,1
CHEBI_181991,CHEBI_7496,CHEBI_181991_CHEBI_7496,stereo_resolution,stereo_resolution,100.0,1
CHEBI_182838,CHEBI_192471,CHEBI_182838_CHEBI_192471,stereo_resolution,stereo_resolution,62.0,1
CHEBI_73060,CHEBI_84649,CHEBI_73060_CHEBI_84649,stereo_resolution,stereo_resolution,100.0,1
CHEBI_183578,CHEBI_184765,CHEBI_183578_CHEBI_184765,stereo_resolution,stereo_resolution,100.0,1
CHEBI_37879,CHEBI_37882,CHEBI_37879_CHEBI_37882,stereo_resolution,stereo_resolution,100.0,1
CHEBI_166972,CHEBI_166970,CHEBI_166970_CHEBI_166972,stereo_resolution,stereo_resolution,100.0,1
CHEBI_138627,CHEBI_136180,CHEBI_136180_CHEBI_138627,stereo_resolution,stereo_resolution,100.0,1
CHEBI_15598,CHEBI_58853,CHEBI_15598_CHEBI_58853,stereo_resolution,stereo_resolution,100.0,1
CHEBI_233951,CHEBI_233134,CHEBI_233134_CHEBI_233951,stereo_resolution,stereo_resolution,100.0,1
CHEBI_150131,CHEBI_147155,CHEBI_147155_CHEBI_150131,stereo_resolution,stereo_resolution,100.0,1
CHEBI_139420,CHEBI_228899,CHEBI_139420_CHEBI_228899,stereo_resolution,stereo_resolution,100.0,1
CHEBI_173277,CHEBI_151070,CHEBI_151070_CHEBI_173277,stereo_resolution,stereo_resolution,76.0,1
CHEBI_152903,CHEBI_157404,CHEBI_152903_CHEBI_157404,stereo_resolution,stereo_resolution,75.0,1
CHEBI_144093,CHEBI_144094,CHEBI_144093_CHEBI_144094,stereo_resolution,stereo_resolution,100.0,1
CHEBI_83297,CHEBI_83298,CHEBI_83297_CHEBI_83298,stereo_resolution,stereo_resolution,100.0,1
CHEBI_175450,CHEBI_80823,CHEBI_175450_CHEBI_80823,stereo_resolution,stereo_resolution,88.0,1
CHEBI_133643,CHEBI_133645,CHEBI_133643_CHEBI_133645,stereo_resolution,stereo_resolution,100.0,1
CHEBI_166661,CHEBI_212434,CHEBI_166661_CHEBI_212434,stereo_resolution,stereo_resolution,100.0,1
CHEBI_176482,CHEBI_58100,CHEBI_176482_CHEBI_58100,stereo_resolution,stereo_resolution,87.0,1
CHEBI_77132,CHEBI_142956,CHEBI_142956_CHEBI_77132,stereo_resolution,stereo_resolution,100.0,1
CHEBI_72644,CHEBI_88348,CHEBI_72644_CHEBI_88348,stereo_resolution,stereo_resolution,100.0,1
CHEBI_154693,CHEBI_43620,CHEBI_154693_CHEBI_43620,stereo_resolution,stereo_resolution,100.0,1
CHEBI_129581,CHEBI_129884,CHEBI_129581_CHEBI_129884,diastereomer,stereo_resolution,88.0,0
CHEBI_23997,CHEBI_16641,CHEBI_16641_CHEBI_23997,stereo_resolution,stereo_resolution,100.0,1
CHEBI_5280,CHEBI_53560,CHEBI_5280_CHEBI_53560,stereo_resolution,stereo_resolution,100.0,1
CHEBI_181906,CHEBI_71552,CHEBI_181906_CHEBI_71552,stereo_resolution,stereo_resolution,100.0,1
CHEBI_134307,CHEBI_134282,CHEBI_134282_CHEBI_134307,stereo_resolution,stereo_resolution,100.0,1
CHEBI_181046,CHEBI_213573,CHEBI_181046_CHEBI_213573,stereo_resolution,stereo_resolution,100.0,1
CHEBI_223498,CHEBI_81441,CHEBI_223498_CHEBI_81441,stereo_resolution,stereo_resolution,76.0,1
CHEBI_27707,CHEBI_61246,CHEBI_27707_CHEBI_61246,stereo_resolution,stereo_resolution,75.0,1
CHEBI_190008,CHEBI_190006,CHEBI_190006_CHEBI_190008,stereo_resolution,stereo_resolution,100.0,1
CHEBI_156383,CHEBI_74276,CHEBI_156383_CHEBI_74276,stereo_resolution,stereo_resolution,100.0,1
CHEBI_156575,CHEBI_156573,CHEBI_156573_CHEBI_156575,stereo_resolution,stereo_resolution,100.0,1
CHEBI_168021,CHEBI_16546,CHEBI_16546_CHEBI_168021,stereo_resolution,stereo_resolution,100.0,1
CHEBI_183869,CHEBI_155784,CHEBI_155784_CHEBI_183869,stereo_resolution,stereo_resolution,76.0,1
CHEBI_176690,CHEBI_80647,CHEBI_176690_CHEBI_80647,stereo_resolution,stereo_resolution,100.0,1
CHEBI_60630,CHEBI_232385,CHEBI_232385_CHEBI_60630,stereo_resolution,stereo_resolution,100.0,1
CHEBI_62346,CHEBI_27586,CHEBI_27586_CHEBI_62346,stereo_resolution,stereo_resolution,100.0,1
CHEBI_135063,CHEBI_16870,CHEBI_135063_CHEBI_16870,stereo_resolution,stereo_resolution,100.0,1
CHEBI_28258,CHEBI_49161,CHEBI_28258_CHEBI_49161,stereo_resolution,stereo_resolution,100.0,1
CHEBI_49231,CHEBI_49233,CHEBI_49231_CHEBI_49233,stereo_resolution,stereo_resolution,100.0,1
CHEBI_95211,CHEBI_94738,CHEBI_94738_CHEBI_95211,stereo_resolution,stereo_resolution,100.0,1
CHEBI_77401,CHEBI_51173,CHEBI_51173_CHEBI_77401,stereo_resolution,stereo_resolution,100.0,1
CHEBI_60214,CHEBI_62184,CHEBI_60214_CHEBI_62184,stereo_resolution,stereo_resolution,100.0,1
CHEBI_174983,CHEBI_186173,CHEBI_174983_CHEBI_186173,stereo_resolution,stereo_resolution,100.0,1
CHEBI_58881,CHEBI_61970,CHEBI_58881_CHEBI_61970,stereo_resolution,stereo_resolution,100.0,1
CHEBI_201452,CHEBI_28277,CHEBI_201452_CHEBI_28277,stereo_resolution,stereo_resolution,100.0,1
CHEBI_50462,CHEBI_88,CHEBI_50462_CHEBI_88,stereo_resolution,stereo_resolution,100.0,1
CHEBI_35097,CHEBI_39014,CHEBI_35097_CHEBI_39014,stereo_resolution,stereo_resolution,100.0,1
CHEBI_49214,CHEBI_49219,CHEBI_49214_CHEBI_49219,stereo_resolution,stereo_resolution,100.0,1
CHEBI_144332,CHEBI_148051,CHEBI_144332_CHEBI_148051,stereo_resolution,stereo_resolution,76.0,1
CHEBI_152811,CHEBI_154052,CHEBI_152811_CHEBI_154052,stereo_resolution,stereo_resolution,100.0,1
CHEBI_228217,CHEBI_228211,CHEBI_228211_CHEBI_228217,stereo_resolution,stereo_resolution,100.0,1
CHEBI_37725,CHEBI_43703,CHEBI_37725_CHEBI_43703,stereo_resolution,stereo_resolution,100.0,1
CHEBI_116225,CHEBI_180847,CHEBI_116225_CHEBI_180847,stereo_resolution,stereo_resolution,100.0,1
CHEBI_173266,CHEBI_87050,CHEBI_173266_CHEBI_87050,stereo_resolution,stereo_resolution,100.0,1
CHEBI_175873,CHEBI_151924,CHEBI_151924_CHEBI_175873,stereo_resolution,stereo_resolution,75.0,1
CHEBI_173194,CHEBI_86381,CHEBI_173194_CHEBI_86381,stereo_resolution,stereo_resolution,100.0,1
CHEBI_189873,CHEBI_189872,CHEBI_189872_CHEBI_189873,stereo_resolution,stereo_resolution,100.0,1
CHEBI_127119,CHEBI_130693,CHEBI_127119_CHEBI_130693,diastereomer,stereo_resolution,76.0,0
CHEBI_91839,CHEBI_28487,CHEBI_28487_CHEBI_91839,stereo_resolution,stereo_resolution,100.0,1
CHEBI_110205,CHEBI_182962,CHEBI_110205_CHEBI_182962,stereo_resolution,stereo_resolution,100.0,1
CHEBI_9274,CHEBI_177665,CHEBI_177665_CHEBI_9274,stereo_resolution,stereo_resolution,100.0,1
CHEBI_16114,CHEBI_100,CHEBI_100_CHEBI_16114,stereo_resolution,stereo_resolution,100.0,1
CHEBI_50025,CHEBI_50026,CHEBI_50025_CHEBI_50026,stereo_resolution,stereo_resolution,100.0,1
CHEBI_153228,CHEBI_151577,CHEBI_151577_CHEBI_153228,stereo_resolution,stereo_resolution,76.0,1
CHEBI_76633,CHEBI_76635,CHEBI_76633_CHEBI_76635,stereo_resolution,stereo_resolution,100.0,1
CHEBI_133179,CHEBI_44673,CHEBI_133179_CHEBI_44673,stereo_resolution,stereo_resolution,100.0,1
CHEBI_50943,CHEBI_50944,CHEBI_50943_CHEBI_50944,stereo_resolution,stereo_resolution,100.0,1
CHEBI_83771,CHEBI_83772,CHEBI_83771_CHEBI_83772,stereo_resolution,stereo_resolution,100.0,1
CHEBI_182909,CHEBI_34652,CHEBI_182909_CHEBI_34652,stereo_resolution,stereo_resolution,100.0,1
CHEBI_85197,CHEBI_85147,CHEBI_85147_CHEBI_85197,stereo_resolution,stereo_resolution,100.0,1
CHEBI_62265,CHEBI_59295,CHEBI_59295_CHEBI_62265,stereo_resolution,stereo_resolution,75.0,1
CHEBI_156892,CHEBI_70965,CHEBI_156892_CHEBI_70965,stereo_resolution,stereo_resolution,100.0,1
CHEBI_28980,CHEBI_51011,CHEBI_28980_CHEBI_51011,stereo_resolution,stereo_resolution,100.0,1
CHEBI_52330,CHEBI_16929,CHEBI_16929_CHEBI_52330,stereo_resolution,stereo_resolution,86.0,1
CHEBI_190005,CHEBI_201214,CHEBI_190005_CHEBI_201214,stereo_resolution,stereo_resolution,100.0,1
CHEBI_219093,CHEBI_200750,CHEBI_200750_CHEBI_219093,diastereomer,stereo_resolution,89.0,0
CHEBI_85197,CHEBI_142837,CHEBI_142837_CHEBI_85197,stereo_resolution,stereo_resolution,100.0,1
CHEBI_141335,CHEBI_181849,CHEBI_141335_CHEBI_181849,stereo_resolution,stereo_resolution,100.0,1
CHEBI_182000,CHEBI_182883,CHEBI_182000_CHEBI_182883,stereo_resolution,stereo_resolution,100.0,1
CHEBI_150143,CHEBI_151090,CHEBI_150143_CHEBI_151090,stereo_resolution,stereo_resolution,75.0,1
CHEBI_182785,CHEBI_218427,CHEBI_182785_CHEBI_218427,stereo_resolution,stereo_resolution,100.0,1
CHEBI_60948,CHEBI_154181,CHEBI_154181_CHEBI_60948,stereo_resolution,stereo_resolution,100.0,1
CHEBI_128258,CHEBI_125743,CHEBI_125743_CHEBI_128258,diastereomer,stereo_resolution,77.0,0
CHEBI_187221,CHEBI_186982,CHEBI_186982_CHEBI_187221,stereo_resolution,stereo_resolution,100.0,1
CHEBI_155901,CHEBI_153547,CHEBI_153547_CHEBI_155901,stereo_resolution,stereo_resolution,100.0,1
CHEBI_180534,CHEBI_175134,CHEBI_175134_CHEBI_180534,stereo_resolution,stereo_resolution,100.0,1
CHEBI_157010,CHEBI_62160,CHEBI_157010_CHEBI_62160,stereo_resolution,stereo_resolution,75.0,1
CHEBI_129480,CHEBI_128584,CHEBI_128584_CHEBI_129480,diastereomer,stereo_resolution,77.0,0
CHEBI_38562,CHEBI_38565,CHEBI_38562_CHEBI_38565,stereo_resolution,stereo_resolution,100.0,1
CHEBI_3638,CHEBI_39254,CHEBI_3638_CHEBI_39254,stereo_resolution,stereo_resolution,100.0,1
CHEBI_50202,CHEBI_50201,CHEBI_50201_CHEBI_50202,stereo_resolution,stereo_resolution,100.0,1
CHEBI_23997,CHEBI_16036,CHEBI_16036_CHEBI_23997,stereo_resolution,stereo_resolution,100.0,1
CHEBI_147905,CHEBI_155351,CHEBI_147905_CHEBI_155351,stereo_resolution,stereo_resolution,75.0,1
CHEBI_152322,CHEBI_147520,CHEBI_147520_CHEBI_152322,stereo_resolution,stereo_resolution,79.0,1
CHEBI_48250,CHEBI_48256,CHEBI_48250_CHEBI_48256,stereo_resolution,stereo_resolution,100.0,1
CHEBI_64229,CHEBI_64230,CHEBI_64229_CHEBI_64230,stereo_resolution,stereo_resolution,100.0,1
CHEBI_49224,CHEBI_49228,CHEBI_49224_CHEBI_49228,stereo_resolution,stereo_resolution,100.0,1
CHEBI_175867,CHEBI_155746,CHEBI_155746_CHEBI_175867,stereo_resolution,stereo_resolution,76.0,1
CHEBI_39135,CHEBI_39137,CHEBI_39135_CHEBI_39137,stereo_resolution,stereo_resolution,100.0,1
CHEBI_195232,CHEBI_195860,CHEBI_195232_CHEBI_195860,stereo_resolution,stereo_resolution,100.0,1
CHEBI_4888,CHEBI_60359,CHEBI_4888_CHEBI_60359,stereo_resolution,stereo_resolution,100.0,1
CHEBI_132963,CHEBI_132965,CHEBI_132963_CHEBI_132965,stereo_resolution,stereo_resolution,100.0,1
CHEBI_62287,CHEBI_59294,CHEBI_59294_CHEBI_62287,stereo_resolution,stereo_resolution,76.0,1
CHEBI_75612,CHEBI_34071,CHEBI_34071_CHEBI_75612,stereo_resolution,stereo_resolution,100.0,1
CHEBI_85787,CHEBI_75505,CHEBI_75505_CHEBI_85787,stereo_resolution,stereo_resolution,100.0,1
CHEBI_148395,CHEBI_156588,CHEBI_148395_CHEBI_156588,stereo_resolution,stereo_resolution,75.0,1
CHEBI_78107,CHEBI_39396,CHEBI_39396_CHEBI_78107,stereo_resolution,stereo_resolution,100.0,1
CHEBI_3830,CHEBI_20,CHEBI_20_CHEBI_3830,stereo_resolution,stereo_resolution,100.0,1
CHEBI_152350,CHEBI_150124,CHEBI_150124_CHEBI_152350,stereo_resolution,stereo_resolution,100.0,1
CHEBI_153540,CHEBI_145589,CHEBI_145589_CHEBI_153540,stereo_resolution,stereo_resolution,75.0,1
CHEBI_88318,CHEBI_88320,CHEBI_88318_CHEBI_88320,stereo_resolution,stereo_resolution,100.0,1
CHEBI_152310,CHEBI_151591,CHEBI_151591_CHEBI_152310,stereo_resolution,stereo_resolution,100.0,1
CHEBI_60002,CHEBI_61574,CHEBI_60002_CHEBI_61574,stereo_resolution,stereo_resolution,100.0,1
CHEBI_149378,CHEBI_156758,CHEBI_149378_CHEBI_156758,stereo_resolution,stereo_resolution,75.0,1
CHEBI_183479,CHEBI_95206,CHEBI_183479_CHEBI_95206,stereo_resolution,stereo_resolution,100.0,1
CHEBI_61580,CHEBI_71411,CHEBI_61580_CHEBI_71411,stereo_resolution,stereo_resolution,81.0,1
CHEBI_228968,CHEBI_229741,CHEBI_228968_CHEBI_229741,stereo_resolution,stereo_resolution,86.0,1
CHEBI_96701,CHEBI_96311,CHEBI_96311_CHEBI_96701,diastereomer,stereo_resolution,76.0,0
CHEBI_91543,CHEBI_6784,CHEBI_6784_CHEBI_91543,stereo_resolution,stereo_resolution,100.0,1
CHEBI_35326,CHEBI_6357,CHEBI_35326_CHEBI_6357,stereo_resolution,stereo_resolution,100.0,1
CHEBI_151570,CHEBI_91280,CHEBI_151570_CHEBI_91280,stereo_resolution,stereo_resolution,76.0,1
CHEBI_173277,CHEBI_233956,CHEBI_173277_CHEBI_233956,stereo_resolution,stereo_resolution,76.0,1
CHEBI_150845,CHEBI_154938,CHEBI_150845_CHEBI_154938,stereo_resolution,stereo_resolution,100.0,1
CHEBI_148061,CHEBI_150666,CHEBI_148061_CHEBI_150666,stereo_resolution,stereo_resolution,100.0,1
CHEBI_15833,CHEBI_195853,CHEBI_15833_CHEBI_195853,stereo_resolution,stereo_resolution,100.0,1
CHEBI_151591,CHEBI_152271,CHEBI_151591_CHEBI_152271,stereo_resolution,stereo_resolution,75.0,1
CHEBI_152599,CHEBI_151511,CHEBI_151511_CHEBI_152599,stereo_resolution,stereo_resolution,100.0,1
CHEBI_143353,CHEBI_68346,CHEBI_143353_CHEBI_68346,stereo_resolution,stereo_resolution,100.0,1
CHEBI_147672,CHEBI_153537,CHEBI_147672_CHEBI_153537,stereo_resolution,stereo_resolution,100.0,1
CHEBI_75612,CHEBI_75571,CHEBI_75571_CHEBI_75612,stereo_resolution,stereo_resolution,100.0,1
CHEBI_111724,CHEBI_108778,CHEBI_108778_CHEBI_111724,diastereomer,stereo_resolution,76.0,0
CHEBI_28681,CHEBI_50670,CHEBI_28681_CHEBI_50670,stereo_resolution,stereo_resolution,75.0,1
CHEBI_60949,CHEBI_148176,CHEBI_148176_CHEBI_60949,stereo_resolution,stereo_resolution,76.0,1
CHEBI_35512,CHEBI_20669,CHEBI_20669_CHEBI_35512,stereo_resolution,stereo_resolution,100.0,1
CHEBI_78359,CHEBI_83819,CHEBI_78359_CHEBI_83819,stereo_resolution,stereo_resolution,100.0,1
CHEBI_35930,CHEBI_147974,CHEBI_147974_CHEBI_35930,stereo_resolution,stereo_resolution,100.0,1
CHEBI_91724,CHEBI_94624,CHEBI_91724_CHEBI_94624,stereo_resolution,stereo_resolution,100.0,1
CHEBI_62974,CHEBI_150472,CHEBI_150472_CHEBI_62974,stereo_resolution,stereo_resolution,100.0,1
CHEBI_232344,CHEBI_44211,CHEBI_232344_CHEBI_44211,stereo_resolution,stereo_resolution,100.0,1
CHEBI_132963,CHEBI_132964,CHEBI_132963_CHEBI_132964,stereo_resolution,stereo_resolution,100.0,1
CHEBI_153347,CHEBI_147601,CHEBI_147601_CHEBI_153347,stereo_resolution,stereo_resolution,75.0,1
CHEBI_35516,CHEBI_35517,CHEBI_35516_CHEBI_35517,stereo_resolution,stereo_resolution,100.0,1
CHEBI_165176,CHEBI_28582,CHEBI_165176_CHEBI_28582,stereo_resolution,stereo_resolution,100.0,1
CHEBI_77054,CHEBI_77056,CHEBI_77054_CHEBI_77056,stereo_resolution,stereo_resolution,100.0,1
CHEBI_19023,CHEBI_18508,CHEBI_18508_CHEBI_19023,stereo_resolution,stereo_resolution,100.0,1
CHEBI_175867,CHEBI_152020,CHEBI_152020_CHEBI_175867,stereo_resolution,stereo_resolution,100.0,1
CHEBI_69088,CHEBI_80392,CHEBI_69088_CHEBI_80392,stereo_resolution,stereo_resolution,100.0,1
CHEBI_35637,CHEBI_35635,CHEBI_35635_CHEBI_35637,stereo_resolution,stereo_resolution,100.0,1
CHEBI_37469,CHEBI_28951,CHEBI_28951_CHEBI_37469,stereo_resolution,stereo_resolution,100.0,1
CHEBI_70704,CHEBI_70688,CHEBI_70688_CHEBI_70704,stereo_resolution,stereo_resolution,100.0,1
CHEBI_27939,CHEBI_61391,CHEBI_27939_CHEBI_61391,stereo_resolution,stereo_resolution,100.0,1
CHEBI_91715,CHEBI_50692,CHEBI_50692_CHEBI_91715,stereo_resolution,stereo_resolution,100.0,1
CHEBI_181001,CHEBI_211635,CHEBI_181001_CHEBI_211635,stereo_resolution,stereo_resolution,100.0,1
CHEBI_37144,CHEBI_37145,CHEBI_37144_CHEBI_37145,stereo_resolution,stereo_resolution,100.0,1
CHEBI_83679,CHEBI_83680,CHEBI_83679_CHEBI_83680,stereo_resolution,stereo_resolution,100.0,1
CHEBI_36397,CHEBI_36398,CHEBI_36397_CHEBI_36398,stereo_resolution,stereo_resolution,100.0,1
CHEBI_84025,CHEBI_131975,CHEBI_131975_CHEBI_84025,stereo_resolution,stereo_resolution,100.0,1
CHEBI_167166,CHEBI_17762,CHEBI_167166_CHEBI_17762,stereo_resolution,stereo_resolution,100.0,1
CHEBI_70040,CHEBI_70041,CHEBI_70040_CHEBI_70041,diastereomer,stereo_resolution,76.0,0
CHEBI_153065,CHEBI_152825,CHEBI_152825_CHEBI_153065,stereo_resolution,stereo_resolution,100.0,1
CHEBI_49231,CHEBI_49232,CHEBI_49231_CHEBI_49232,stereo_resolution,stereo_resolution,100.0,1
CHEBI_145520,CHEBI_145534,CHEBI_145520_CHEBI_145534,stereo_resolution,stereo_resolution,100.0,1
CHEBI_25955,CHEBI_37103,CHEBI_25955_CHEBI_37103,stereo_resolution,stereo_resolution,100.0,1
CHEBI_182882,CHEBI_166720,CHEBI_166720_CHEBI_182882,stereo_resolution,stereo_resolution,100.0,1
CHEBI_50517,CHEBI_50518,CHEBI_50517_CHEBI_50518,stereo_resolution,stereo_resolution,100.0,1
CHEBI_37516,CHEBI_42320,CHEBI_37516_CHEBI_42320,stereo_resolution,stereo_resolution,100.0,1
CHEBI_87603,CHEBI_156667,CHEBI_156667_CHEBI_87603,stereo_resolution,stereo_resolution,75.0,1
CHEBI_229940,CHEBI_180367,CHEBI_180367_CHEBI_229940,stereo_resolution,stereo_resolution,100.0,1
CHEBI_22542,CHEBI_15994,CHEBI_15994_CHEBI_22542,stereo_resolution,stereo_resolution,100.0,1
CHEBI_152881,CHEBI_153418,CHEBI_152881_CHEBI_153418,stereo_resolution,stereo_resolution,100.0,1
CHEBI_234325,CHEBI_234008,CHEBI_234008_CHEBI_234325,stereo_resolution,stereo_resolution,100.0,1
CHEBI_170015,CHEBI_45441,CHEBI_170015_CHEBI_45441,stereo_resolution,stereo_resolution,100.0,1
CHEBI_148417,CHEBI_152638,CHEBI_148417_CHEBI_152638,stereo_resolution,stereo_resolution,100.0,1
CHEBI_183479,CHEBI_115155,CHEBI_115155_CHEBI_183479,stereo_resolution,stereo_resolution,100.0,1
CHEBI_62078,CHEBI_62097,CHEBI_62078_CHEBI_62097,stereo_resolution,stereo_resolution,100.0,1
CHEBI_25520,CHEBI_38114,CHEBI_25520_CHEBI_38114,stereo_resolution,stereo_resolution,100.0,1
CHEBI_84776,CHEBI_133343,CHEBI_133343_CHEBI_84776,stereo_resolution,stereo_resolution,80.0,1
CHEBI_169487,CHEBI_75666,CHEBI_169487_CHEBI_75666,stereo_resolution,stereo_resolution,100.0,1
CHEBI_7203,CHEBI_182167,CHEBI_182167_CHEBI_7203,stereo_resolution,stereo_resolution,100.0,1
CHEBI_175867,CHEBI_155690,CHEBI_155690_CHEBI_175867,stereo_resolution,stereo_resolution,100.0,1
CHEBI_91571,CHEBI_32297,CHEBI_32297_CHEBI_91571,stereo_resolution,stereo_resolution,100.0,1
CHEBI_60854,CHEBI_60858,CHEBI_60854_CHEBI_60858,stereo_resolution,stereo_resolution,86.0,1
CHEBI_182332,CHEBI_200273,CHEBI_182332_CHEBI_200273,stereo_resolution,stereo_resolution,90.0,1
CHEBI_151891,CHEBI_154352,CHEBI_151891_CHEBI_154352,stereo_resolution,stereo_resolution,100.0,1
CHEBI_82814,CHEBI_82813,CHEBI_82813_CHEBI_82814,stereo_resolution,stereo_resolution,100.0,1
CHEBI_155483,CHEBI_147081,CHEBI_147081_CHEBI_155483,stereo_resolution,stereo_resolution,100.0,1
CHEBI_21305,CHEBI_192481,CHEBI_192481_CHEBI_21305,stereo_resolution,stereo_resolution,100.0,1
CHEBI_175466,CHEBI_62456,CHEBI_175466_CHEBI_62456,stereo_resolution,stereo_resolution,100.0,1
CHEBI_119491,CHEBI_119581,CHEBI_119491_CHEBI_119581,diastereomer,stereo_resolution,79.0,0
CHEBI_175873,CHEBI_146908,CHEBI_146908_CHEBI_175873,stereo_resolution,stereo_resolution,76.0,1
CHEBI_39389,CHEBI_39373,CHEBI_39373_CHEBI_39389,stereo_resolution,stereo_resolution,100.0,1
CHEBI_64958,CHEBI_52374,CHEBI_52374_CHEBI_64958,stereo_resolution,stereo_resolution,100.0,1
CHEBI_23046,CHEBI_227,CHEBI_227_CHEBI_23046,stereo_resolution,stereo_resolution,100.0,1
CHEBI_149188,CHEBI_157213,CHEBI_149188_CHEBI_157213,stereo_resolution,stereo_resolution,79.0,1
CHEBI_96407,CHEBI_96689,CHEBI_96407_CHEBI_96689,diastereomer,stereo_resolution,76.0,0
CHEBI_20675,CHEBI_35537,CHEBI_20675_CHEBI_35537,stereo_resolution,stereo_resolution,100.0,1
CHEBI_36740,CHEBI_28261,CHEBI_28261_CHEBI_36740,stereo_resolution,stereo_resolution,100.0,1
CHEBI_62507,CHEBI_59045,CHEBI_59045_CHEBI_62507,stereo_resolution,stereo_resolution,76.0,1
CHEBI_83808,CHEBI_83810,CHEBI_83808_CHEBI_83810,stereo_resolution,stereo_resolution,100.0,1
CHEBI_174983,CHEBI_186309,CHEBI_174983_CHEBI_186309,stereo_resolution,stereo_resolution,100.0,1
CHEBI_32804,CHEBI_17210,CHEBI_17210_CHEBI_32804,stereo_resolution,stereo_resolution,100.0,1
CHEBI_37475,CHEBI_37477,CHEBI_37475_CHEBI_37477,stereo_resolution,stereo_resolution,100.0,1
CHEBI_233170,CHEBI_42989,CHEBI_233170_CHEBI_42989,stereo_resolution,stereo_resolution,100.0,1
CHEBI_192260,CHEBI_192262,CHEBI_192260_CHEBI_192262,stereo_resolution,stereo_resolution,100.0,1
CHEBI_50538,CHEBI_50537,CHEBI_50537_CHEBI_50538,stereo_resolution,stereo_resolution,100.0,1
CHEBI_145867,CHEBI_145868,CHEBI_145867_CHEBI_145868,stereo_resolution,stereo_resolution,100.0,1
CHEBI_546807,CHEBI_61820,CHEBI_546807_CHEBI_61820,stereo_resolution,stereo_resolution,75.0,1
CHEBI_132814,CHEBI_59216,CHEBI_132814_CHEBI_59216,stereo_resolution,stereo_resolution,100.0,1
CHEBI_229522,CHEBI_229525,CHEBI_229522_CHEBI_229525,stereo_resolution,stereo_resolution,100.0,1
CHEBI_60954,CHEBI_60908,CHEBI_60908_CHEBI_60954,stereo_resolution,stereo_resolution,100.0,1
CHEBI_90324,CHEBI_132223,CHEBI_132223_CHEBI_90324,stereo_resolution,stereo_resolution,100.0,1
CHEBI_125453,CHEBI_125531,CHEBI_125453_CHEBI_125531,stereo_resolution,stereo_resolution,100.0,1
CHEBI_74759,CHEBI_73337,CHEBI_73337_CHEBI_74759,stereo_resolution,stereo_resolution,85.0,1
CHEBI_88815,CHEBI_179176,CHEBI_179176_CHEBI_88815,stereo_resolution,stereo_resolution,100.0,1
CHEBI_75382,CHEBI_75384,CHEBI_75382_CHEBI_75384,stereo_resolution,stereo_resolution,100.0,1
CHEBI_91355,CHEBI_94263,CHEBI_91355_CHEBI_94263,stereo_resolution,stereo_resolution,100.0,1
CHEBI_153941,CHEBI_153270,CHEBI_153270_CHEBI_153941,stereo_resolution,stereo_resolution,100.0,1
CHEBI_201571,CHEBI_28292,CHEBI_201571_CHEBI_28292,stereo_resolution,stereo_resolution,76.0,1
CHEBI_175490,CHEBI_81134,CHEBI_175490_CHEBI_81134,stereo_resolution,stereo_resolution,100.0,1
CHEBI_127728,CHEBI_128310,CHEBI_127728_CHEBI_128310,diastereomer,stereo_resolution,100.0,0
CHEBI_69081,CHEBI_75542,CHEBI_69081_CHEBI_75542,stereo_resolution,stereo_resolution,100.0,1
CHEBI_83284,CHEBI_83285,CHEBI_83284_CHEBI_83285,stereo_resolution,stereo_resolution,100.0,1
CHEBI_146288,CHEBI_75322,CHEBI_146288_CHEBI_75322,stereo_resolution,stereo_resolution,100.0,1
CHEBI_60239,CHEBI_147728,CHEBI_147728_CHEBI_60239,stereo_resolution,stereo_resolution,100.0,1
CHEBI_124957,CHEBI_125947,CHEBI_124957_CHEBI_125947,diastereomer,stereo_resolution,78.0,0
CHEBI_4167,CHEBI_17925,CHEBI_17925_CHEBI_4167,stereo_resolution,stereo_resolution,100.0,1
CHEBI_76102,CHEBI_76001,CHEBI_76001_CHEBI_76102,stereo_resolution,stereo_resolution,100.0,1
CHEBI_129809,CHEBI_130013,CHEBI_129809_CHEBI_130013,diastereomer,stereo_resolution,82.0,0
CHEBI_30885,CHEBI_58927,CHEBI_30885_CHEBI_58927,stereo_resolution,stereo_resolution,100.0,1
CHEBI_173580,CHEBI_169954,CHEBI_169954_CHEBI_173580,stereo_resolution,stereo_resolution,86.0,1
CHEBI_147562,CHEBI_150091,CHEBI_147562_CHEBI_150091,stereo_resolution,stereo_resolution,77.0,1
CHEBI_88307,CHEBI_88308,CHEBI_88307_CHEBI_88308,stereo_resolution,stereo_resolution,100.0,1
CHEBI_155653,CHEBI_154923,CHEBI_154923_CHEBI_155653,stereo_resolution,stereo_resolution,100.0,1
CHEBI_91585,CHEBI_135209,CHEBI_135209_CHEBI_91585,stereo_resolution,stereo_resolution,100.0,1
CHEBI_173277,CHEBI_62785,CHEBI_173277_CHEBI_62785,stereo_resolution,stereo_resolution,76.0,1
CHEBI_150405,CHEBI_157318,CHEBI_150405_CHEBI_157318,stereo_resolution,stereo_resolution,75.0,1
CHEBI_52682,CHEBI_52686,CHEBI_52682_CHEBI_52686,stereo_resolution,stereo_resolution,100.0,1
CHEBI_77462,CHEBI_84716,CHEBI_77462_CHEBI_84716,stereo_resolution,stereo_resolution,100.0,1
CHEBI_189129,CHEBI_68882,CHEBI_189129_CHEBI_68882,stereo_resolution,stereo_resolution,100.0,1
CHEBI_83174,CHEBI_83176,CHEBI_83174_CHEBI_83176,stereo_resolution,stereo_resolution,100.0,1
CHEBI_34118,CHEBI_46735,CHEBI_34118_CHEBI_46735,stereo_resolution,stereo_resolution,100.0,1
CHEBI_83804,CHEBI_83806,CHEBI_83804_CHEBI_83806,stereo_resolution,stereo_resolution,100.0,1
CHEBI_167638,CHEBI_167640,CHEBI_167638_CHEBI_167640,stereo_resolution,stereo_resolution,100.0,1
CHEBI_47013,CHEBI_45506,CHEBI_45506_CHEBI_47013,stereo_resolution,stereo_resolution,100.0,1
CHEBI_94375,CHEBI_95134,CHEBI_94375_CHEBI_95134,stereo_resolution,stereo_resolution,100.0,1
CHEBI_71408,CHEBI_87561,CHEBI_71408_CHEBI_87561,stereo_resolution,stereo_resolution,100.0,1
CHEBI_146452,CHEBI_148497,CHEBI_146452_CHEBI_148497,stereo_resolution,stereo_resolution,100.0,1
CHEBI_139414,CHEBI_31743,CHEBI_139414_CHEBI_31743,stereo_resolution,stereo_resolution,100.0,1
CHEBI_88815,CHEBI_87378,CHEBI_87378_CHEBI_88815,stereo_resolution,stereo_resolution,100.0,1
CHEBI_148395,CHEBI_155846,CHEBI_148395_CHEBI_155846,stereo_resolution,stereo_resolution,75.0,1
CHEBI_182913,CHEBI_8356,CHEBI_182913_CHEBI_8356,stereo_resolution,stereo_resolution,100.0,1
CHEBI_154101,CHEBI_153759,CHEBI_153759_CHEBI_154101,stereo_resolution,stereo_resolution,100.0,1
CHEBI_91476,CHEBI_94766,CHEBI_91476_CHEBI_94766,stereo_resolution,stereo_resolution,100.0,1
CHEBI_49224,CHEBI_49229,CHEBI_49224_CHEBI_49229,stereo_resolution,stereo_resolution,100.0,1
CHEBI_67218,CHEBI_67226,CHEBI_67218_CHEBI_67226,stereo_resolution,stereo_resolution,100.0,1
CHEBI_23053,CHEBI_76125,CHEBI_23053_CHEBI_76125,stereo_resolution,stereo_resolution,100.0,1
CHEBI_94265,CHEBI_91818,CHEBI_91818_CHEBI_94265,stereo_resolution,stereo_resolution,100.0,1
CHEBI_129844,CHEBI_130362,CHEBI_129844_CHEBI_130362,diastereomer,stereo_resolution,100.0,0
CHEBI_181768,CHEBI_31028,CHEBI_181768_CHEBI_31028,stereo_resolution,stereo_resolution,100.0,1
CHEBI_48940,CHEBI_48941,CHEBI_48940_CHEBI_48941,diastereomer,stereo_resolution,100.0,0
CHEBI_188420,CHEBI_88743,CHEBI_188420_CHEBI_88743,stereo_resolution,stereo_resolution,100.0,1
CHEBI_150160,CHEBI_84728,CHEBI_150160_CHEBI_84728,stereo_resolution,stereo_resolution,100.0,1
CHEBI_313639,CHEBI_60348,CHEBI_313639_CHEBI_60348,stereo_resolution,stereo_resolution,100.0,1
CHEBI_146140,CHEBI_15717,CHEBI_146140_CHEBI_15717,diastereomer,stereo_resolution,88.0,0
CHEBI_26,CHEBI_2317,CHEBI_2317_CHEBI_26,diastereomer,stereo_resolution,100.0,0
CHEBI_146688,CHEBI_157508,CHEBI_146688_CHEBI_157508,stereo_resolution,stereo_resolution,75.0,1
CHEBI_146055,CHEBI_59430,CHEBI_146055_CHEBI_59430,stereo_resolution,stereo_resolution,76.0,1
CHEBI_181131,CHEBI_17026,CHEBI_17026_CHEBI_181131,stereo_resolution,stereo_resolution,100.0,1
CHEBI_151628,CHEBI_151819,CHEBI_151628_CHEBI_151819,stereo_resolution,stereo_resolution,75.0,1
CHEBI_146966,CHEBI_150276,CHEBI_146966_CHEBI_150276,stereo_resolution,stereo_resolution,100.0,1
CHEBI_193317,CHEBI_89310,CHEBI_193317_CHEBI_89310,stereo_resolution,stereo_resolution,100.0,1
CHEBI_181104,CHEBI_193485,CHEBI_181104_CHEBI_193485,stereo_resolution,stereo_resolution,100.0,1
CHEBI_78358,CHEBI_71570,CHEBI_71570_CHEBI_78358,stereo_resolution,stereo_resolution,100.0,1
CHEBI_65141,CHEBI_150151,CHEBI_150151_CHEBI_65141,stereo_resolution,stereo_resolution,100.0,1
CHEBI_5855,CHEBI_43415,CHEBI_43415_CHEBI_5855,stereo_resolution,stereo_resolution,100.0,1
CHEBI_104243,CHEBI_92712,CHEBI_104243_CHEBI_92712,stereo_resolution,stereo_resolution,100.0,1
CHEBI_50714,CHEBI_134636,CHEBI_134636_CHEBI_50714,stereo_resolution,stereo_resolution,88.0,1
CHEBI_95212,CHEBI_93823,CHEBI_93823_CHEBI_95212,stereo_resolution,stereo_resolution,100.0,1
CHEBI_180962,CHEBI_47771,CHEBI_180962_CHEBI_47771,stereo_resolution,stereo_resolution,100.0,1
CHEBI_192187,CHEBI_181929,CHEBI_181929_CHEBI_192187,stereo_resolution,stereo_resolution,100.0,1
CHEBI_3398,CHEBI_59329,CHEBI_3398_CHEBI_59329,stereo_resolution,stereo_resolution,100.0,1
CHEBI_83299,CHEBI_83307,CHEBI_83299_CHEBI_83307,stereo_resolution,stereo_resolution,100.0,1
CHEBI_147829,CHEBI_152453,CHEBI_147829_CHEBI_152453,stereo_resolution,stereo_resolution,75.0,1
CHEBI_181418,CHEBI_16750,CHEBI_16750_CHEBI_181418,stereo_resolution,stereo_resolution,92.0,1
CHEBI_183633,CHEBI_186164,CHEBI_183633_CHEBI_186164,stereo_resolution,stereo_resolution,100.0,1
CHEBI_75125,CHEBI_75131,CHEBI_75125_CHEBI_75131,stereo_resolution,stereo_resolution,100.0,1
CHEBI_148778,CHEBI_157335,CHEBI_148778_CHEBI_157335,stereo_resolution,stereo_resolution,75.0,1
CHEBI_48742,CHEBI_182707,CHEBI_182707_CHEBI_48742,stereo_resolution,stereo_resolution,100.0,1
CHEBI_17126,CHEBI_16347,CHEBI_16347_CHEBI_17126,stereo_resolution,stereo_resolution,100.0,1
CHEBI_77431,CHEBI_60790,CHEBI_60790_CHEBI_77431,stereo_resolution,stereo_resolution,100.0,1
CHEBI_55379,CHEBI_55403,CHEBI_55379_CHEBI_55403,stereo_resolution,stereo_resolution,100.0,1
CHEBI_3240,CHEBI_59287,CHEBI_3240_CHEBI_59287,stereo_resolution,stereo_resolution,100.0,1
CHEBI_176159,CHEBI_203393,CHEBI_176159_CHEBI_203393,stereo_resolution,stereo_resolution,100.0,1
CHEBI_224481,CHEBI_207710,CHEBI_207710_CHEBI_224481,stereo_resolution,stereo_resolution,100.0,1
CHEBI_151035,CHEBI_79947,CHEBI_151035_CHEBI_79947,stereo_resolution,stereo_resolution,100.0,1
CHEBI_177395,CHEBI_73838,CHEBI_177395_CHEBI_73838,stereo_resolution,stereo_resolution,100.0,1
CHEBI_75144,CHEBI_182630,CHEBI_182630_CHEBI_75144,stereo_resolution,stereo_resolution,100.0,1
CHEBI_181312,CHEBI_17459,CHEBI_17459_CHEBI_181312,stereo_resolution,stereo_resolution,100.0,1
CHEBI_152630,CHEBI_153031,CHEBI_152630_CHEBI_153031,stereo_resolution,stereo_resolution,79.0,1
CHEBI_130786,CHEBI_128921,CHEBI_128921_CHEBI_130786,diastereomer,stereo_resolution,77.0,0
CHEBI_77278,CHEBI_77282,CHEBI_77278_CHEBI_77282,stereo_resolution,stereo_resolution,100.0,1
CHEBI_153086,CHEBI_146588,CHEBI_146588_CHEBI_153086,stereo_resolution,stereo_resolution,75.0,1
CHEBI_190003,CHEBI_200490,CHEBI_190003_CHEBI_200490,stereo_resolution,stereo_resolution,100.0,1
CHEBI_177692,CHEBI_63143,CHEBI_177692_CHEBI_63143,stereo_resolution,stereo_resolution,76.0,1
CHEBI_61611,CHEBI_155199,CHEBI_155199_CHEBI_61611,stereo_resolution,stereo_resolution,100.0,1
CHEBI_155130,CHEBI_61988,CHEBI_155130_CHEBI_61988,stereo_resolution,stereo_resolution,100.0,1
CHEBI_177664,CHEBI_18436,CHEBI_177664_CHEBI_18436,stereo_resolution,stereo_resolution,100.0,1
CHEBI_90142,CHEBI_127151,CHEBI_127151_CHEBI_90142,stereo_resolution,stereo_resolution,100.0,1
CHEBI_213463,CHEBI_72678,CHEBI_213463_CHEBI_72678,stereo_resolution,stereo_resolution,100.0,1
CHEBI_62168,CHEBI_173250,CHEBI_173250_CHEBI_62168,stereo_resolution,stereo_resolution,78.0,1
CHEBI_181939,CHEBI_79776,CHEBI_181939_CHEBI_79776,stereo_resolution,stereo_resolution,100.0,1
CHEBI_364453,CHEBI_59207,CHEBI_364453_CHEBI_59207,stereo_resolution,stereo_resolution,100.0,1
CHEBI_231223,CHEBI_232201,CHEBI_231223_CHEBI_232201,stereo_resolution,stereo_resolution,78.0,1
CHEBI_173277,CHEBI_151896,CHEBI_151896_CHEBI_173277,stereo_resolution,stereo_resolution,76.0,1
CHEBI_49146,CHEBI_49148,CHEBI_49146_CHEBI_49148,stereo_resolution,stereo_resolution,100.0,1
CHEBI_7625,CHEBI_174894,CHEBI_174894_CHEBI_7625,stereo_resolution,stereo_resolution,100.0,1
CHEBI_173277,CHEBI_148567,CHEBI_148567_CHEBI_173277,stereo_resolution,stereo_resolution,76.0,1
CHEBI_83999,CHEBI_84000,CHEBI_83999_CHEBI_84000,stereo_resolution,stereo_resolution,100.0,1
CHEBI_153871,CHEBI_157089,CHEBI_153871_CHEBI_157089,stereo_resolution,stereo_resolution,82.0,1
CHEBI_179282,CHEBI_193054,CHEBI_179282_CHEBI_193054,stereo_resolution,stereo_resolution,88.0,1
CHEBI_153139,CHEBI_90401,CHEBI_153139_CHEBI_90401,stereo_resolution,stereo_resolution,76.0,1
CHEBI_93888,CHEBI_94659,CHEBI_93888_CHEBI_94659,stereo_resolution,stereo_resolution,100.0,1
CHEBI_151161,CHEBI_61765,CHEBI_151161_CHEBI_61765,stereo_resolution,stereo_resolution,100.0,1
CHEBI_4042,CHEBI_39338,CHEBI_39338_CHEBI_4042,stereo_resolution,stereo_resolution,100.0,1
CHEBI_61786,CHEBI_60300,CHEBI_60300_CHEBI_61786,stereo_resolution,stereo_resolution,100.0,1
CHEBI_144539,CHEBI_144541,CHEBI_144539_CHEBI_144541,stereo_resolution,stereo_resolution,100.0,1
CHEBI_151503,CHEBI_157229,CHEBI_151503_CHEBI_157229,stereo_resolution,stereo_resolution,75.0,1
CHEBI_84197,CHEBI_138437,CHEBI_138437_CHEBI_84197,stereo_resolution,stereo_resolution,100.0,1
CHEBI_191567,CHEBI_185142,CHEBI_185142_CHEBI_191567,stereo_resolution,stereo_resolution,100.0,1
CHEBI_145891,CHEBI_145630,CHEBI_145630_CHEBI_145891,stereo_resolution,stereo_resolution,75.0,1
CHEBI_23053,CHEBI_90,CHEBI_23053_CHEBI_90,stereo_resolution,stereo_resolution,100.0,1
CHEBI_146107,CHEBI_151923,CHEBI_146107_CHEBI_151923,stereo_resolution,stereo_resolution,100.0,1
CHEBI_181011,CHEBI_215911,CHEBI_181011_CHEBI_215911,stereo_resolution,stereo_resolution,100.0,1
CHEBI_155055,CHEBI_151889,CHEBI_151889_CHEBI_155055,stereo_resolution,stereo_resolution,75.0,1
CHEBI_17466,CHEBI_84886,CHEBI_17466_CHEBI_84886,stereo_resolution,stereo_resolution,100.0,1
CHEBI_7952,CHEBI_190182,CHEBI_190182_CHEBI_7952,stereo_resolution,stereo_resolution,100.0,1
CHEBI_72786,CHEBI_34495,CHEBI_34495_CHEBI_72786,stereo_resolution,stereo_resolution,100.0,1
CHEBI_19023,CHEBI_18513,CHEBI_18513_CHEBI_19023,stereo_resolution,stereo_resolution,100.0,1
CHEBI_152252,CHEBI_154351,CHEBI_152252_CHEBI_154351,stereo_resolution,stereo_resolution,75.0,1
CHEBI_27590,CHEBI_228717,CHEBI_228717_CHEBI_27590,stereo_resolution,stereo_resolution,100.0,1
CHEBI_50468,CHEBI_50470,CHEBI_50468_CHEBI_50470,stereo_resolution,stereo_resolution,100.0,1
CHEBI_155734,CHEBI_155706,CHEBI_155706_CHEBI_155734,stereo_resolution,stereo_resolution,100.0,1
CHEBI_173277,CHEBI_146930,CHEBI_146930_CHEBI_173277,stereo_resolution,stereo_resolution,76.0,1
CHEBI_152944,CHEBI_155033,CHEBI_152944_CHEBI_155033,stereo_resolution,stereo_resolution,75.0,1
CHEBI_221780,CHEBI_145179,CHEBI_145179_CHEBI_221780,stereo_resolution,stereo_resolution,91.0,1
CHEBI_59692,CHEBI_59707,CHEBI_59692_CHEBI_59707,stereo_resolution,stereo_resolution,100.0,1
CHEBI_168226,CHEBI_150550,CHEBI_150550_CHEBI_168226,stereo_resolution,stereo_resolution,100.0,1
CHEBI_94969,CHEBI_8988,CHEBI_8988_CHEBI_94969,stereo_resolution,stereo_resolution,100.0,1
CHEBI_166801,CHEBI_1296,CHEBI_1296_CHEBI_166801,stereo_resolution,stereo_resolution,100.0,1
CHEBI_191601,CHEBI_188268,CHEBI_188268_CHEBI_191601,stereo_resolution,stereo_resolution,100.0,1
CHEBI_34572,CHEBI_39138,CHEBI_34572_CHEBI_39138,stereo_resolution,stereo_resolution,100.0,1
CHEBI_156163,CHEBI_185064,CHEBI_156163_CHEBI_185064,stereo_resolution,stereo_resolution,100.0,1
CHEBI_68622,CHEBI_151695,CHEBI_151695_CHEBI_68622,stereo_resolution,stereo_resolution,76.0,1
CHEBI_173294,CHEBI_75630,CHEBI_173294_CHEBI_75630,stereo_resolution,stereo_resolution,100.0,1
CHEBI_128618,CHEBI_127513,CHEBI_127513_CHEBI_128618,diastereomer,stereo_resolution,76.0,0
CHEBI_219835,CHEBI_210219,CHEBI_210219_CHEBI_219835,stereo_resolution,stereo_resolution,100.0,1
CHEBI_62507,CHEBI_154234,CHEBI_154234_CHEBI_62507,stereo_resolution,stereo_resolution,76.0,1
CHEBI_143782,CHEBI_143781,CHEBI_143781_CHEBI_143782,stereo_resolution,stereo_resolution,100.0,1
CHEBI_148968,CHEBI_150906,CHEBI_148968_CHEBI_150906,stereo_resolution,stereo_resolution,77.0,1
CHEBI_149050,CHEBI_157410,CHEBI_149050_CHEBI_157410,stereo_resolution,stereo_resolution,79.0,1
CHEBI_71053,CHEBI_71054,CHEBI_71053_CHEBI_71054,stereo_resolution,stereo_resolution,79.0,1
CHEBI_173294,CHEBI_27589,CHEBI_173294_CHEBI_27589,stereo_resolution,stereo_resolution,100.0,1
CHEBI_77260,CHEBI_77262,CHEBI_77260_CHEBI_77262,stereo_resolution,stereo_resolution,100.0,1
CHEBI_38153,CHEBI_38154,CHEBI_38153_CHEBI_38154,enantiomer,stereo_resolution,76.0,0
CHEBI_206861,CHEBI_63762,CHEBI_206861_CHEBI_63762,stereo_resolution,stereo_resolution,100.0,1
CHEBI_181105,CHEBI_227445,CHEBI_181105_CHEBI_227445,stereo_resolution,stereo_resolution,100.0,1
CHEBI_150956,CHEBI_153115,CHEBI_150956_CHEBI_153115,stereo_resolution,stereo_resolution,75.0,1
CHEBI_230097,CHEBI_232277,CHEBI_230097_CHEBI_232277,stereo_resolution,stereo_resolution,100.0,1
CHEBI_86050,CHEBI_85095,CHEBI_85095_CHEBI_86050,stereo_resolution,stereo_resolution,100.0,1
CHEBI_50148,CHEBI_50146,CHEBI_50146_CHEBI_50148,stereo_resolution,stereo_resolution,100.0,1
CHEBI_233951,CHEBI_233952,CHEBI_233951_CHEBI_233952,stereo_resolution,stereo_resolution,100.0,1
CHEBI_183869,CHEBI_59094,CHEBI_183869_CHEBI_59094,stereo_resolution,stereo_resolution,100.0,1
CHEBI_155265,CHEBI_61771,CHEBI_155265_CHEBI_61771,stereo_resolution,stereo_resolution,76.0,1
CHEBI_68077,CHEBI_218115,CHEBI_218115_CHEBI_68077,stereo_resolution,stereo_resolution,100.0,1
CHEBI_37051,CHEBI_37052,CHEBI_37051_CHEBI_37052,stereo_resolution,stereo_resolution,100.0,1
CHEBI_192809,CHEBI_63446,CHEBI_192809_CHEBI_63446,stereo_resolution,stereo_resolution,100.0,1
CHEBI_83729,CHEBI_83731,CHEBI_83729_CHEBI_83731,stereo_resolution,stereo_resolution,100.0,1
CHEBI_30929,CHEBI_30924,CHEBI_30924_CHEBI_30929,stereo_resolution,stereo_resolution,100.0,1
CHEBI_2654,CHEBI_53788,CHEBI_2654_CHEBI_53788,stereo_resolution,stereo_resolution,100.0,1
CHEBI_60981,CHEBI_83836,CHEBI_60981_CHEBI_83836,stereo_resolution,stereo_resolution,100.0,1
CHEBI_125447,CHEBI_4911,CHEBI_125447_CHEBI_4911,stereo_resolution,stereo_resolution,100.0,1
CHEBI_81217,CHEBI_143898,CHEBI_143898_CHEBI_81217,stereo_resolution,stereo_resolution,100.0,1
CHEBI_91643,CHEBI_28527,CHEBI_28527_CHEBI_91643,stereo_resolution,stereo_resolution,100.0,1
CHEBI_91678,CHEBI_232109,CHEBI_232109_CHEBI_91678,stereo_resolution,stereo_resolution,100.0,1
CHEBI_155130,CHEBI_152279,CHEBI_152279_CHEBI_155130,stereo_resolution,stereo_resolution,100.0,1
CHEBI_91759,CHEBI_4910,CHEBI_4910_CHEBI_91759,stereo_resolution,stereo_resolution,100.0,1
CHEBI_39460,CHEBI_39461,CHEBI_39460_CHEBI_39461,stereo_resolution,stereo_resolution,100.0,1
CHEBI_153587,CHEBI_152220,CHEBI_152220_CHEBI_153587,stereo_resolution,stereo_resolution,75.0,1
CHEBI_170130,CHEBI_170131,CHEBI_170130_CHEBI_170131,stereo_resolution,stereo_resolution,100.0,1
CHEBI_125423,CHEBI_182436,CHEBI_125423_CHEBI_182436,stereo_resolution,stereo_resolution,100.0,1
CHEBI_50215,CHEBI_50232,CHEBI_50215_CHEBI_50232,stereo_resolution,stereo_resolution,100.0,1
CHEBI_62658,CHEBI_152443,CHEBI_152443_CHEBI_62658,stereo_resolution,stereo_resolution,77.0,1
CHEBI_233170,CHEBI_17500,CHEBI_17500_CHEBI_233170,stereo_resolution,stereo_resolution,100.0,1
CHEBI_28549,CHEBI_16083,CHEBI_16083_CHEBI_28549,stereo_resolution,stereo_resolution,100.0,1
CHEBI_148850,CHEBI_148734,CHEBI_148734_CHEBI_148850,stereo_resolution,stereo_resolution,75.0,1
CHEBI_59432,CHEBI_64527,CHEBI_59432_CHEBI_64527,stereo_resolution,stereo_resolution,76.0,1
CHEBI_133738,CHEBI_232386,CHEBI_133738_CHEBI_232386,stereo_resolution,stereo_resolution,100.0,1
CHEBI_230869,CHEBI_4344,CHEBI_230869_CHEBI_4344,stereo_resolution,stereo_resolution,100.0,1
CHEBI_91985,CHEBI_60918,CHEBI_60918_CHEBI_91985,stereo_resolution,stereo_resolution,100.0,1
CHEBI_192065,CHEBI_185846,CHEBI_185846_CHEBI_192065,stereo_resolution,stereo_resolution,100.0,1
CHEBI_167309,CHEBI_136003,CHEBI_136003_CHEBI_167309,stereo_resolution,stereo_resolution,100.0,1
CHEBI_219835,CHEBI_203621,CHEBI_203621_CHEBI_219835,stereo_resolution,stereo_resolution,100.0,1
CHEBI_53289,CHEBI_53292,CHEBI_53289_CHEBI_53292,stereo_resolution,stereo_resolution,100.0,1
CHEBI_17306,CHEBI_18167,CHEBI_17306_CHEBI_18167,stereo_resolution,stereo_resolution,100.0,1
CHEBI_59578,CHEBI_153262,CHEBI_153262_CHEBI_59578,stereo_resolution,stereo_resolution,100.0,1
CHEBI_181752,CHEBI_91754,CHEBI_181752_CHEBI_91754,stereo_resolution,stereo_resolution,98.0,1
CHEBI_27727,CHEBI_36715,CHEBI_27727_CHEBI_36715,stereo_resolution,stereo_resolution,100.0,1
CHEBI_93822,CHEBI_75204,CHEBI_75204_CHEBI_93822,stereo_resolution,stereo_resolution,86.0,1
CHEBI_141474,CHEBI_141475,CHEBI_141474_CHEBI_141475,stereo_resolution,stereo_resolution,100.0,1
CHEBI_139147,CHEBI_167051,CHEBI_139147_CHEBI_167051,stereo_resolution,stereo_resolution,100.0,1
CHEBI_231571,CHEBI_155681,CHEBI_155681_CHEBI_231571,stereo_resolution,stereo_resolution,100.0,1
CHEBI_73057,CHEBI_165625,CHEBI_165625_CHEBI_73057,stereo_resolution,stereo_resolution,100.0,1
CHEBI_147045,CHEBI_148094,CHEBI_147045_CHEBI_148094,stereo_resolution,stereo_resolution,100.0,1
CHEBI_155116,CHEBI_147477,CHEBI_147477_CHEBI_155116,stereo_resolution,stereo_resolution,100.0,1
CHEBI_4024,CHEBI_59689,CHEBI_4024_CHEBI_59689,stereo_resolution,stereo_resolution,100.0,1
CHEBI_36775,CHEBI_36776,CHEBI_36775_CHEBI_36776,stereo_resolution,stereo_resolution,78.0,1
CHEBI_182293,CHEBI_8867,CHEBI_182293_CHEBI_8867,stereo_resolution,stereo_resolution,100.0,1
CHEBI_73033,CHEBI_73133,CHEBI_73033_CHEBI_73133,stereo_resolution,stereo_resolution,100.0,1
CHEBI_82688,CHEBI_154755,CHEBI_154755_CHEBI_82688,stereo_resolution,stereo_resolution,77.0,1
CHEBI_68568,CHEBI_86507,CHEBI_68568_CHEBI_86507,stereo_resolution,stereo_resolution,100.0,1
CHEBI_83584,CHEBI_83587,CHEBI_83584_CHEBI_83587,stereo_resolution,stereo_resolution,100.0,1
CHEBI_207229,CHEBI_135921,CHEBI_135921_CHEBI_207229,stereo_resolution,stereo_resolution,100.0,1
CHEBI_233435,CHEBI_133464,CHEBI_133464_CHEBI_233435,stereo_resolution,stereo_resolution,100.0,1
CHEBI_39120,CHEBI_39122,CHEBI_39120_CHEBI_39122,stereo_resolution,stereo_resolution,100.0,1
CHEBI_149042,CHEBI_61596,CHEBI_149042_CHEBI_61596,stereo_resolution,stereo_resolution,100.0,1
CHEBI_192966,CHEBI_63460,CHEBI_192966_CHEBI_63460,stereo_resolution,stereo_resolution,100.0,1
CHEBI_180141,CHEBI_78853,CHEBI_180141_CHEBI_78853,stereo_resolution,stereo_resolution,100.0,1
CHEBI_24567,CHEBI_32329,CHEBI_24567_CHEBI_32329,stereo_resolution,stereo_resolution,100.0,1
CHEBI_175867,CHEBI_151414,CHEBI_151414_CHEBI_175867,stereo_resolution,stereo_resolution,100.0,1
CHEBI_84145,CHEBI_86096,CHEBI_84145_CHEBI_86096,stereo_resolution,stereo_resolution,100.0,1
CHEBI_171990,CHEBI_171992,CHEBI_171990_CHEBI_171992,stereo_resolution,stereo_resolution,100.0,1
CHEBI_27662,CHEBI_36381,CHEBI_27662_CHEBI_36381,stereo_resolution,stereo_resolution,100.0,1
CHEBI_94436,CHEBI_4877,CHEBI_4877_CHEBI_94436,stereo_resolution,stereo_resolution,100.0,1
CHEBI_181473,CHEBI_189323,CHEBI_181473_CHEBI_189323,stereo_resolution,stereo_resolution,100.0,1
CHEBI_151896,CHEBI_59481,CHEBI_151896_CHEBI_59481,stereo_resolution,stereo_resolution,100.0,1
CHEBI_91476,CHEBI_34895,CHEBI_34895_CHEBI_91476,stereo_resolution,stereo_resolution,100.0,1
CHEBI_82647,CHEBI_82653,CHEBI_82647_CHEBI_82653,stereo_resolution,stereo_resolution,100.0,1
CHEBI_4208,CHEBI_28563,CHEBI_28563_CHEBI_4208,stereo_resolution,stereo_resolution,100.0,1
CHEBI_61357,CHEBI_65276,CHEBI_61357_CHEBI_65276,stereo_resolution,stereo_resolution,100.0,1
CHEBI_146885,CHEBI_152207,CHEBI_146885_CHEBI_152207,stereo_resolution,stereo_resolution,75.0,1
CHEBI_79936,CHEBI_176964,CHEBI_176964_CHEBI_79936,stereo_resolution,stereo_resolution,100.0,1
CHEBI_201837,CHEBI_210516,CHEBI_201837_CHEBI_210516,diastereomer,stereo_resolution,100.0,0
CHEBI_199933,CHEBI_17495,CHEBI_17495_CHEBI_199933,stereo_resolution,stereo_resolution,100.0,1
CHEBI_146226,CHEBI_146224,CHEBI_146224_CHEBI_146226,stereo_resolution,stereo_resolution,100.0,1
CHEBI_50171,CHEBI_16229,CHEBI_16229_CHEBI_50171,stereo_resolution,stereo_resolution,100.0,1
CHEBI_133325,CHEBI_185070,CHEBI_133325_CHEBI_185070,stereo_resolution,stereo_resolution,100.0,1
CHEBI_148041,CHEBI_155542,CHEBI_148041_CHEBI_155542,stereo_resolution,stereo_resolution,100.0,1
CHEBI_83297,CHEBI_83300,CHEBI_83297_CHEBI_83300,stereo_resolution,stereo_resolution,100.0,1
CHEBI_133561,CHEBI_177043,CHEBI_133561_CHEBI_177043,stereo_resolution,stereo_resolution,100.0,1
CHEBI_110170,CHEBI_112,CHEBI_110170_CHEBI_112,stereo_resolution,stereo_resolution,100.0,1
CHEBI_156691,CHEBI_61581,CHEBI_156691_CHEBI_61581,stereo_resolution,stereo_resolution,100.0,1
CHEBI_95202,CHEBI_180955,CHEBI_180955_CHEBI_95202,stereo_resolution,stereo_resolution,100.0,1
CHEBI_22998,CHEBI_18146,CHEBI_18146_CHEBI_22998,stereo_resolution,stereo_resolution,100.0,1
CHEBI_152334,CHEBI_151124,CHEBI_151124_CHEBI_152334,stereo_resolution,stereo_resolution,100.0,1
CHEBI_62972,CHEBI_234013,CHEBI_234013_CHEBI_62972,stereo_resolution,stereo_resolution,79.0,1
CHEBI_196009,CHEBI_7034,CHEBI_196009_CHEBI_7034,stereo_resolution,stereo_resolution,100.0,1
CHEBI_147812,CHEBI_147072,CHEBI_147072_CHEBI_147812,stereo_resolution,stereo_resolution,100.0,1
CHEBI_184417,CHEBI_81326,CHEBI_184417_CHEBI_81326,stereo_resolution,stereo_resolution,100.0,1
CHEBI_17057,CHEBI_28676,CHEBI_17057_CHEBI_28676,stereo_resolution,stereo_resolution,100.0,1
CHEBI_143522,CHEBI_143523,CHEBI_143522_CHEBI_143523,stereo_resolution,stereo_resolution,100.0,1
CHEBI_61385,CHEBI_71573,CHEBI_61385_CHEBI_71573,stereo_resolution,stereo_resolution,75.0,1
CHEBI_171916,CHEBI_232750,CHEBI_171916_CHEBI_232750,stereo_resolution,stereo_resolution,100.0,1
CHEBI_151641,CHEBI_146819,CHEBI_146819_CHEBI_151641,stereo_resolution,stereo_resolution,100.0,1
CHEBI_182215,CHEBI_218020,CHEBI_182215_CHEBI_218020,stereo_resolution,stereo_resolution,100.0,1
CHEBI_137805,CHEBI_50518,CHEBI_137805_CHEBI_50518,stereo_resolution,stereo_resolution,100.0,1
CHEBI_32058,CHEBI_76268,CHEBI_32058_CHEBI_76268,stereo_resolution,stereo_resolution,100.0,1
CHEBI_48646,CHEBI_48647,CHEBI_48646_CHEBI_48647,stereo_resolution,stereo_resolution,100.0,1
CHEBI_177285,CHEBI_73710,CHEBI_177285_CHEBI_73710,stereo_resolution,stereo_resolution,100.0,1
CHEBI_18377,CHEBI_58629,CHEBI_18377_CHEBI_58629,stereo_resolution,stereo_resolution,90.0,1
CHEBI_154679,CHEBI_146100,CHEBI_146100_CHEBI_154679,stereo_resolution,stereo_resolution,100.0,1
CHEBI_83786,CHEBI_83788,CHEBI_83786_CHEBI_83788,stereo_resolution,stereo_resolution,100.0,1
CHEBI_176817,CHEBI_204270,CHEBI_176817_CHEBI_204270,stereo_resolution,stereo_resolution,100.0,1
CHEBI_151587,CHEBI_156759,CHEBI_151587_CHEBI_156759,stereo_resolution,stereo_resolution,75.0,1
CHEBI_127318,CHEBI_129565,CHEBI_127318_CHEBI_129565,diastereomer,stereo_resolution,100.0,0
CHEBI_82979,CHEBI_82980,CHEBI_82979_CHEBI_82980,stereo_resolution,stereo_resolution,100.0,1
CHEBI_86050,CHEBI_165624,CHEBI_165624_CHEBI_86050,stereo_resolution,stereo_resolution,100.0,1
CHEBI_189873,CHEBI_189871,CHEBI_189871_CHEBI_189873,stereo_resolution,stereo_resolution,100.0,1
CHEBI_46968,CHEBI_179060,CHEBI_179060_CHEBI_46968,stereo_resolution,stereo_resolution,100.0,1
CHEBI_194461,CHEBI_194463,CHEBI_194461_CHEBI_194463,stereo_resolution,stereo_resolution,100.0,1
CHEBI_91647,CHEBI_73284,CHEBI_73284_CHEBI_91647,stereo_resolution,stereo_resolution,100.0,1
CHEBI_7027,CHEBI_47969,CHEBI_47969_CHEBI_7027,stereo_resolution,stereo_resolution,80.0,1
CHEBI_152178,CHEBI_152230,CHEBI_152178_CHEBI_152230,stereo_resolution,stereo_resolution,100.0,1
CHEBI_132188,CHEBI_87824,CHEBI_132188_CHEBI_87824,stereo_resolution,stereo_resolution,87.0,1
CHEBI_59652,CHEBI_84258,CHEBI_59652_CHEBI_84258,stereo_resolution,stereo_resolution,100.0,1
CHEBI_151683,CHEBI_151117,CHEBI_151117_CHEBI_151683,stereo_resolution,stereo_resolution,75.0,1
CHEBI_149536,CHEBI_148580,CHEBI_148580_CHEBI_149536,stereo_resolution,stereo_resolution,100.0,1
CHEBI_90135,CHEBI_110424,CHEBI_110424_CHEBI_90135,stereo_resolution,stereo_resolution,100.0,1
CHEBI_130730,CHEBI_127475,CHEBI_127475_CHEBI_130730,diastereomer,stereo_resolution,100.0,0
CHEBI_62678,CHEBI_62677,CHEBI_62677_CHEBI_62678,stereo_resolution,stereo_resolution,76.0,1
CHEBI_155285,CHEBI_148430,CHEBI_148430_CHEBI_155285,stereo_resolution,stereo_resolution,100.0,1
CHEBI_175592,CHEBI_28426,CHEBI_175592_CHEBI_28426,stereo_resolution,stereo_resolution,100.0,1
CHEBI_165732,CHEBI_167603,CHEBI_165732_CHEBI_167603,stereo_resolution,stereo_resolution,100.0,1
CHEBI_131448,CHEBI_64170,CHEBI_131448_CHEBI_64170,stereo_resolution,stereo_resolution,77.0,1
CHEBI_147124,CHEBI_148099,CHEBI_147124_CHEBI_148099,stereo_resolution,stereo_resolution,75.0,1
CHEBI_27959,CHEBI_50618,CHEBI_27959_CHEBI_50618,stereo_resolution,stereo_resolution,100.0,1
CHEBI_146705,CHEBI_154036,CHEBI_146705_CHEBI_154036,stereo_resolution,stereo_resolution,75.0,1
CHEBI_83789,CHEBI_83791,CHEBI_83789_CHEBI_83791,stereo_resolution,stereo_resolution,100.0,1
CHEBI_74115,CHEBI_138654,CHEBI_138654_CHEBI_74115,stereo_resolution,stereo_resolution,100.0,1
CHEBI_17226,CHEBI_50372,CHEBI_17226_CHEBI_50372,stereo_resolution,stereo_resolution,100.0,1
CHEBI_233062,CHEBI_7519,CHEBI_233062_CHEBI_7519,stereo_resolution,stereo_resolution,100.0,1
CHEBI_146945,CHEBI_154053,CHEBI_146945_CHEBI_154053,stereo_resolution,stereo_resolution,100.0,1
CHEBI_156666,CHEBI_156674,CHEBI_156666_CHEBI_156674,stereo_resolution,stereo_resolution,75.0,1
CHEBI_25187,CHEBI_76306,CHEBI_25187_CHEBI_76306,stereo_resolution,stereo_resolution,81.0,1
CHEBI_148602,CHEBI_147943,CHEBI_147943_CHEBI_148602,stereo_resolution,stereo_resolution,100.0,1
CHEBI_148262,CHEBI_154235,CHEBI_148262_CHEBI_154235,stereo_resolution,stereo_resolution,100.0,1
CHEBI_186118,CHEBI_68916,CHEBI_186118_CHEBI_68916,stereo_resolution,stereo_resolution,100.0,1
CHEBI_231571,CHEBI_145639,CHEBI_145639_CHEBI_231571,stereo_resolution,stereo_resolution,100.0,1
CHEBI_51788,CHEBI_51257,CHEBI_51257_CHEBI_51788,stereo_resolution,stereo_resolution,100.0,1
CHEBI_48736,CHEBI_181174,CHEBI_181174_CHEBI_48736,stereo_resolution,stereo_resolution,100.0,1
CHEBI_64305,CHEBI_44387,CHEBI_44387_CHEBI_64305,stereo_resolution,stereo_resolution,100.0,1
CHEBI_177838,CHEBI_2877,CHEBI_177838_CHEBI_2877,stereo_resolution,stereo_resolution,100.0,1
CHEBI_91033,CHEBI_147510,CHEBI_147510_CHEBI_91033,stereo_resolution,stereo_resolution,100.0,1
CHEBI_165857,CHEBI_136301,CHEBI_136301_CHEBI_165857,stereo_resolution,stereo_resolution,100.0,1
CHEBI_131852,CHEBI_131854,CHEBI_131852_CHEBI_131854,stereo_resolution,stereo_resolution,100.0,1
CHEBI_181914,CHEBI_48209,CHEBI_181914_CHEBI_48209,stereo_resolution,stereo_resolution,100.0,1
CHEBI_176696,CHEBI_200950,CHEBI_176696_CHEBI_200950,stereo_resolution,stereo_resolution,100.0,1
CHEBI_60299,CHEBI_153983,CHEBI_153983_CHEBI_60299,stereo_resolution,stereo_resolution,100.0,1
CHEBI_154655,CHEBI_157282,CHEBI_154655_CHEBI_157282,stereo_resolution,stereo_resolution,75.0,1
CHEBI_93766,CHEBI_175901,CHEBI_175901_CHEBI_93766,stereo_resolution,stereo_resolution,100.0,1
CHEBI_152858,CHEBI_138485,CHEBI_138485_CHEBI_152858,stereo_resolution,stereo_resolution,100.0,1
CHEBI_176950,CHEBI_68645,CHEBI_176950_CHEBI_68645,stereo_resolution,stereo_resolution,100.0,1
CHEBI_147957,CHEBI_153778,CHEBI_147957_CHEBI_153778,stereo_resolution,stereo_resolution,76.0,1
CHEBI_201608,CHEBI_213032,CHEBI_201608_CHEBI_213032,stereo_resolution,stereo_resolution,100.0,1
CHEBI_184417,CHEBI_81325,CHEBI_184417_CHEBI_81325,stereo_resolution,stereo_resolution,100.0,1
CHEBI_7856,CHEBI_144552,CHEBI_144552_CHEBI_7856,stereo_resolution,stereo_resolution,100.0,1
CHEBI_77061,CHEBI_231718,CHEBI_231718_CHEBI_77061,stereo_resolution,stereo_resolution,100.0,1
CHEBI_15384,CHEBI_15382,CHEBI_15382_CHEBI_15384,stereo_resolution,stereo_resolution,100.0,1
CHEBI_227464,CHEBI_220829,CHEBI_220829_CHEBI_227464,stereo_resolution,stereo_resolution,100.0,1
CHEBI_48741,CHEBI_129,CHEBI_129_CHEBI_48741,stereo_resolution,stereo_resolution,100.0,1
CHEBI_183822,CHEBI_4075,CHEBI_183822_CHEBI_4075,stereo_resolution,stereo_resolution,100.0,1
CHEBI_144708,CHEBI_180229,CHEBI_144708_CHEBI_180229,stereo_resolution,stereo_resolution,100.0,1
CHEBI_130831,CHEBI_127674,CHEBI_127674_CHEBI_130831,diastereomer,stereo_resolution,100.0,0
CHEBI_16182,CHEBI_88414,CHEBI_16182_CHEBI_88414,stereo_resolution,stereo_resolution,100.0,1
CHEBI_181071,CHEBI_182009,CHEBI_181071_CHEBI_182009,stereo_resolution,stereo_resolution,100.0,1
CHEBI_182485,CHEBI_141914,CHEBI_141914_CHEBI_182485,stereo_resolution,stereo_resolution,100.0,1
CHEBI_150182,CHEBI_156864,CHEBI_150182_CHEBI_156864,stereo_resolution,stereo_resolution,76.0,1
CHEBI_175876,CHEBI_153732,CHEBI_153732_CHEBI_175876,stereo_resolution,stereo_resolution,77.0,1
CHEBI_174245,CHEBI_190744,CHEBI_174245_CHEBI_190744,stereo_resolution,stereo_resolution,100.0,1
CHEBI_142230,CHEBI_142229,CHEBI_142229_CHEBI_142230,stereo_resolution,stereo_resolution,100.0,1
CHEBI_168866,CHEBI_140122,CHEBI_140122_CHEBI_168866,stereo_resolution,stereo_resolution,100.0,1
CHEBI_150901,CHEBI_148214,CHEBI_148214_CHEBI_150901,stereo_resolution,stereo_resolution,75.0,1
CHEBI_38265,CHEBI_15399,CHEBI_15399_CHEBI_38265,stereo_resolution,stereo_resolution,100.0,1
CHEBI_188415,CHEBI_141442,CHEBI_141442_CHEBI_188415,stereo_resolution,stereo_resolution,100.0,1
CHEBI_52323,CHEBI_52333,CHEBI_52323_CHEBI_52333,stereo_resolution,stereo_resolution,100.0,1
CHEBI_90065,CHEBI_151409,CHEBI_151409_CHEBI_90065,stereo_resolution,stereo_resolution,100.0,1
CHEBI_150085,CHEBI_157322,CHEBI_150085_CHEBI_157322,stereo_resolution,stereo_resolution,76.0,1
CHEBI_83118,CHEBI_83124,CHEBI_83118_CHEBI_83124,stereo_resolution,stereo_resolution,100.0,1
CHEBI_194418,CHEBI_57468,CHEBI_194418_CHEBI_57468,stereo_resolution,stereo_resolution,100.0,1
CHEBI_47933,CHEBI_47937,CHEBI_47933_CHEBI_47937,stereo_resolution,stereo_resolution,100.0,1
CHEBI_83208,CHEBI_83210,CHEBI_83208_CHEBI_83210,stereo_resolution,stereo_resolution,100.0,1
CHEBI_233168,CHEBI_166778,CHEBI_166778_CHEBI_233168,stereo_resolution,stereo_resolution,100.0,1
CHEBI_75539,CHEBI_75528,CHEBI_75528_CHEBI_75539,stereo_resolution,stereo_resolution,100.0,1
CHEBI_155877,CHEBI_154259,CHEBI_154259_CHEBI_155877,stereo_resolution,stereo_resolution,100.0,1
CHEBI_151789,CHEBI_147480,CHEBI_147480_CHEBI_151789,stereo_resolution,stereo_resolution,75.0,1
CHEBI_150689,CHEBI_146118,CHEBI_146118_CHEBI_150689,stereo_resolution,stereo_resolution,100.0,1
CHEBI_62857,CHEBI_150174,CHEBI_150174_CHEBI_62857,stereo_resolution,stereo_resolution,76.0,1
CHEBI_180963,CHEBI_17509,CHEBI_17509_CHEBI_180963,stereo_resolution,stereo_resolution,100.0,1
CHEBI_131886,CHEBI_165597,CHEBI_131886_CHEBI_165597,stereo_resolution,stereo_resolution,100.0,1
CHEBI_233062,CHEBI_144482,CHEBI_144482_CHEBI_233062,stereo_resolution,stereo_resolution,100.0,1
CHEBI_84029,CHEBI_138006,CHEBI_138006_CHEBI_84029,stereo_resolution,stereo_resolution,100.0,1
CHEBI_165250,CHEBI_140225,CHEBI_140225_CHEBI_165250,stereo_resolution,stereo_resolution,100.0,1
CHEBI_50421,CHEBI_37913,CHEBI_37913_CHEBI_50421,stereo_resolution,stereo_resolution,100.0,1
CHEBI_179209,CHEBI_179219,CHEBI_179209_CHEBI_179219,stereo_resolution,stereo_resolution,100.0,1
CHEBI_4728,CHEBI_59846,CHEBI_4728_CHEBI_59846,stereo_resolution,stereo_resolution,100.0,1
CHEBI_183108,CHEBI_182665,CHEBI_182665_CHEBI_183108,stereo_resolution,stereo_resolution,100.0,1
CHEBI_61596,CHEBI_63155,CHEBI_61596_CHEBI_63155,stereo_resolution,stereo_resolution,76.0,1
CHEBI_233551,CHEBI_176864,CHEBI_176864_CHEBI_233551,stereo_resolution,stereo_resolution,100.0,1
CHEBI_77260,CHEBI_50275,CHEBI_50275_CHEBI_77260,stereo_resolution,stereo_resolution,100.0,1
CHEBI_68744,CHEBI_201837,CHEBI_201837_CHEBI_68744,stereo_resolution,stereo_resolution,100.0,1
CHEBI_149764,CHEBI_149763,CHEBI_149763_CHEBI_149764,stereo_resolution,stereo_resolution,100.0,1
CHEBI_155318,CHEBI_154133,CHEBI_154133_CHEBI_155318,stereo_resolution,stereo_resolution,100.0,1
CHEBI_90393,CHEBI_90389,CHEBI_90389_CHEBI_90393,stereo_resolution,stereo_resolution,100.0,1
CHEBI_190409,CHEBI_1294,CHEBI_1294_CHEBI_190409,stereo_resolution,stereo_resolution,100.0,1
CHEBI_38265,CHEBI_15400,CHEBI_15400_CHEBI_38265,stereo_resolution,stereo_resolution,100.0,1
CHEBI_129152,CHEBI_126055,CHEBI_126055_CHEBI_129152,diastereomer,stereo_resolution,79.0,0
CHEBI_39341,CHEBI_39343,CHEBI_39341_CHEBI_39343,stereo_resolution,stereo_resolution,100.0,1
CHEBI_200301,CHEBI_200741,CHEBI_200301_CHEBI_200741,diastereomer,stereo_resolution,100.0,0
CHEBI_153531,CHEBI_149329,CHEBI_149329_CHEBI_153531,stereo_resolution,stereo_resolution,77.0,1
CHEBI_188714,CHEBI_60212,CHEBI_188714_CHEBI_60212,stereo_resolution,stereo_resolution,100.0,1
CHEBI_72327,CHEBI_72328,CHEBI_72327_CHEBI_72328,stereo_resolution,stereo_resolution,100.0,1
CHEBI_48945,CHEBI_50625,CHEBI_48945_CHEBI_50625,stereo_resolution,stereo_resolution,100.0,1
CHEBI_2179,CHEBI_42564,CHEBI_2179_CHEBI_42564,stereo_resolution,stereo_resolution,100.0,1
CHEBI_145892,CHEBI_44964,CHEBI_145892_CHEBI_44964,stereo_resolution,stereo_resolution,100.0,1
CHEBI_148418,CHEBI_153617,CHEBI_148418_CHEBI_153617,stereo_resolution,stereo_resolution,100.0,1
CHEBI_78107,CHEBI_78106,CHEBI_78106_CHEBI_78107,stereo_resolution,stereo_resolution,100.0,1
CHEBI_125442,CHEBI_64294,CHEBI_125442_CHEBI_64294,stereo_resolution,stereo_resolution,100.0,1
CHEBI_83768,CHEBI_83769,CHEBI_83768_CHEBI_83769,stereo_resolution,stereo_resolution,100.0,1
CHEBI_48295,CHEBI_48298,CHEBI_48295_CHEBI_48298,stereo_resolution,stereo_resolution,100.0,1
CHEBI_61578,CHEBI_148121,CHEBI_148121_CHEBI_61578,stereo_resolution,stereo_resolution,76.0,1
CHEBI_155404,CHEBI_154013,CHEBI_154013_CHEBI_155404,stereo_resolution,stereo_resolution,76.0,1
CHEBI_191805,CHEBI_76141,CHEBI_191805_CHEBI_76141,stereo_resolution,stereo_resolution,100.0,1
CHEBI_50215,CHEBI_50233,CHEBI_50215_CHEBI_50233,stereo_resolution,stereo_resolution,100.0,1
CHEBI_156274,CHEBI_17716,CHEBI_156274_CHEBI_17716,stereo_resolution,stereo_resolution,76.0,1
CHEBI_13714,CHEBI_15352,CHEBI_13714_CHEBI_15352,stereo_resolution,stereo_resolution,100.0,1
CHEBI_222851,CHEBI_225036,CHEBI_222851_CHEBI_225036,stereo_resolution,stereo_resolution,100.0,1
CHEBI_131502,CHEBI_131500,CHEBI_131500_CHEBI_131502,stereo_resolution,stereo_resolution,100.0,1
CHEBI_50238,CHEBI_228,CHEBI_228_CHEBI_50238,stereo_resolution,stereo_resolution,100.0,1
CHEBI_179209,CHEBI_179218,CHEBI_179209_CHEBI_179218,stereo_resolution,stereo_resolution,100.0,1
CHEBI_77250,CHEBI_77275,CHEBI_77250_CHEBI_77275,stereo_resolution,stereo_resolution,100.0,1
CHEBI_141353,CHEBI_141355,CHEBI_141353_CHEBI_141355,stereo_resolution,stereo_resolution,100.0,1
CHEBI_70704,CHEBI_70689,CHEBI_70689_CHEBI_70704,stereo_resolution,stereo_resolution,100.0,1
CHEBI_231223,CHEBI_232274,CHEBI_231223_CHEBI_232274,stereo_resolution,stereo_resolution,78.0,1
CHEBI_167044,CHEBI_220681,CHEBI_167044_CHEBI_220681,stereo_resolution,stereo_resolution,100.0,1
CHEBI_5862,CHEBI_51053,CHEBI_51053_CHEBI_5862,stereo_resolution,stereo_resolution,100.0,1
CHEBI_146995,CHEBI_155028,CHEBI_146995_CHEBI_155028,stereo_resolution,stereo_resolution,75.0,1
CHEBI_77498,CHEBI_77502,CHEBI_77498_CHEBI_77502,stereo_resolution,stereo_resolution,100.0,1
CHEBI_154660,CHEBI_148709,CHEBI_148709_CHEBI_154660,stereo_resolution,stereo_resolution,81.0,1
CHEBI_180905,CHEBI_180904,CHEBI_180904_CHEBI_180905,stereo_resolution,stereo_resolution,100.0,1
CHEBI_64777,CHEBI_64773,CHEBI_64773_CHEBI_64777,stereo_resolution,stereo_resolution,83.0,1
CHEBI_173015,CHEBI_28604,CHEBI_173015_CHEBI_28604,stereo_resolution,stereo_resolution,100.0,1
CHEBI_77835,CHEBI_77841,CHEBI_77835_CHEBI_77841,stereo_resolution,stereo_resolution,100.0,1
CHEBI_153266,CHEBI_62275,CHEBI_153266_CHEBI_62275,stereo_resolution,stereo_resolution,100.0,1
CHEBI_15384,CHEBI_15383,CHEBI_15383_CHEBI_15384,stereo_resolution,stereo_resolution,100.0,1
CHEBI_154635,CHEBI_153878,CHEBI_153878_CHEBI_154635,stereo_resolution,stereo_resolution,100.0,1
CHEBI_182478,CHEBI_139582,CHEBI_139582_CHEBI_182478,stereo_resolution,stereo_resolution,100.0,1
CHEBI_4530,CHEBI_59747,CHEBI_4530_CHEBI_59747,stereo_resolution,stereo_resolution,100.0,1
CHEBI_50238,CHEBI_233,CHEBI_233_CHEBI_50238,stereo_resolution,stereo_resolution,100.0,1
CHEBI_185503,CHEBI_193940,CHEBI_185503_CHEBI_193940,stereo_resolution,stereo_resolution,100.0,1
CHEBI_134312,CHEBI_134313,CHEBI_134312_CHEBI_134313,stereo_resolution,stereo_resolution,100.0,1
CHEBI_167473,CHEBI_37619,CHEBI_167473_CHEBI_37619,stereo_resolution,stereo_resolution,100.0,1
CHEBI_215189,CHEBI_204084,CHEBI_204084_CHEBI_215189,diastereomer,stereo_resolution,88.0,0
CHEBI_83711,CHEBI_83713,CHEBI_83711_CHEBI_83713,stereo_resolution,stereo_resolution,100.0,1
CHEBI_181753,CHEBI_6957,CHEBI_181753_CHEBI_6957,stereo_resolution,stereo_resolution,100.0,1
CHEBI_64368,CHEBI_20056,CHEBI_20056_CHEBI_64368,stereo_resolution,stereo_resolution,100.0,1
CHEBI_8214,CHEBI_48280,CHEBI_48280_CHEBI_8214,stereo_resolution,stereo_resolution,100.0,1
CHEBI_90324,CHEBI_132225,CHEBI_132225_CHEBI_90324,stereo_resolution,stereo_resolution,100.0,1
CHEBI_80095,CHEBI_52972,CHEBI_52972_CHEBI_80095,stereo_resolution,stereo_resolution,100.0,1
CHEBI_50517,CHEBI_37640,CHEBI_37640_CHEBI_50517,stereo_resolution,stereo_resolution,100.0,1
CHEBI_52683,CHEBI_52687,CHEBI_52683_CHEBI_52687,stereo_resolution,stereo_resolution,100.0,1
CHEBI_91729,CHEBI_93012,CHEBI_91729_CHEBI_93012,stereo_resolution,stereo_resolution,100.0,1
CHEBI_35509,CHEBI_20659,CHEBI_20659_CHEBI_35509,stereo_resolution,stereo_resolution,100.0,1
CHEBI_146500,CHEBI_18113,CHEBI_146500_CHEBI_18113,stereo_resolution,stereo_resolution,75.0,1
CHEBI_154655,CHEBI_155653,CHEBI_154655_CHEBI_155653,stereo_resolution,stereo_resolution,75.0,1
CHEBI_191569,CHEBI_67414,CHEBI_191569_CHEBI_67414,stereo_resolution,stereo_resolution,100.0,1
CHEBI_149767,CHEBI_149671,CHEBI_149671_CHEBI_149767,stereo_resolution,stereo_resolution,100.0,1
CHEBI_151066,CHEBI_157578,CHEBI_151066_CHEBI_157578,stereo_resolution,stereo_resolution,75.0,1
CHEBI_181611,CHEBI_31958,CHEBI_181611_CHEBI_31958,stereo_resolution,stereo_resolution,100.0,1
CHEBI_147661,CHEBI_146431,CHEBI_146431_CHEBI_147661,stereo_resolution,stereo_resolution,100.0,1
CHEBI_155833,CHEBI_155832,CHEBI_155832_CHEBI_155833,stereo_resolution,stereo_resolution,100.0,1
CHEBI_93909,CHEBI_46430,CHEBI_46430_CHEBI_93909,stereo_resolution,stereo_resolution,100.0,1
CHEBI_47903,CHEBI_43394,CHEBI_43394_CHEBI_47903,stereo_resolution,stereo_resolution,100.0,1
CHEBI_76722,CHEBI_229750,CHEBI_229750_CHEBI_76722,stereo_resolution,stereo_resolution,100.0,1
CHEBI_182131,CHEBI_8113,CHEBI_182131_CHEBI_8113,stereo_resolution,stereo_resolution,100.0,1
CHEBI_150845,CHEBI_154428,CHEBI_150845_CHEBI_154428,stereo_resolution,stereo_resolution,100.0,1
CHEBI_91792,CHEBI_27641,CHEBI_27641_CHEBI_91792,stereo_resolution,stereo_resolution,76.0,1
CHEBI_108909,CHEBI_108863,CHEBI_108863_CHEBI_108909,diastereomer,stereo_resolution,77.0,0
CHEBI_154549,CHEBI_150712,CHEBI_150712_CHEBI_154549,stereo_resolution,stereo_resolution,100.0,1
CHEBI_155161,CHEBI_148216,CHEBI_148216_CHEBI_155161,stereo_resolution,stereo_resolution,100.0,1
CHEBI_11152,CHEBI_49181,CHEBI_11152_CHEBI_49181,stereo_resolution,stereo_resolution,100.0,1
CHEBI_38685,CHEBI_28985,CHEBI_28985_CHEBI_38685,stereo_resolution,stereo_resolution,100.0,1
CHEBI_39157,CHEBI_39159,CHEBI_39157_CHEBI_39159,stereo_resolution,stereo_resolution,100.0,1
CHEBI_173278,CHEBI_155356,CHEBI_155356_CHEBI_173278,stereo_resolution,stereo_resolution,75.0,1
CHEBI_57745,CHEBI_87834,CHEBI_57745_CHEBI_87834,stereo_resolution,stereo_resolution,100.0,1
CHEBI_155308,CHEBI_153580,CHEBI_153580_CHEBI_155308,stereo_resolution,stereo_resolution,75.0,1
CHEBI_153587,CHEBI_72005,CHEBI_153587_CHEBI_72005,stereo_resolution,stereo_resolution,75.0,1
CHEBI_169487,CHEBI_75668,CHEBI_169487_CHEBI_75668,stereo_resolution,stereo_resolution,100.0,1
CHEBI_183869,CHEBI_68541,CHEBI_183869_CHEBI_68541,stereo_resolution,stereo_resolution,76.0,1
CHEBI_48552,CHEBI_48555,CHEBI_48552_CHEBI_48555,stereo_resolution,stereo_resolution,100.0,1
CHEBI_222851,CHEBI_223588,CHEBI_222851_CHEBI_223588,stereo_resolution,stereo_resolution,100.0,1
CHEBI_66953,CHEBI_66896,CHEBI_66896_CHEBI_66953,stereo_resolution,stereo_resolution,92.0,1
CHEBI_50171,CHEBI_1712,CHEBI_1712_CHEBI_50171,stereo_resolution,stereo_resolution,100.0,1
CHEBI_71455,CHEBI_87562,CHEBI_71455_CHEBI_87562,stereo_resolution,stereo_resolution,100.0,1
CHEBI_148890,CHEBI_153180,CHEBI_148890_CHEBI_153180,stereo_resolution,stereo_resolution,75.0,1
CHEBI_75555,CHEBI_75553,CHEBI_75553_CHEBI_75555,stereo_resolution,stereo_resolution,100.0,1
CHEBI_75407,CHEBI_75921,CHEBI_75407_CHEBI_75921,stereo_resolution,stereo_resolution,100.0,1
CHEBI_75547,CHEBI_75503,CHEBI_75503_CHEBI_75547,stereo_resolution,stereo_resolution,100.0,1
CHEBI_36226,CHEBI_41034,CHEBI_36226_CHEBI_41034,stereo_resolution,stereo_resolution,100.0,1
CHEBI_182633,CHEBI_173679,CHEBI_173679_CHEBI_182633,stereo_resolution,stereo_resolution,100.0,1
CHEBI_149129,CHEBI_154423,CHEBI_149129_CHEBI_154423,stereo_resolution,stereo_resolution,100.0,1
CHEBI_50168,CHEBI_50170,CHEBI_50168_CHEBI_50170,stereo_resolution,stereo_resolution,100.0,1
CHEBI_50607,CHEBI_50610,CHEBI_50607_CHEBI_50610,stereo_resolution,stereo_resolution,100.0,1
CHEBI_228170,CHEBI_82925,CHEBI_228170_CHEBI_82925,stereo_resolution,stereo_resolution,100.0,1
CHEBI_48339,CHEBI_47518,CHEBI_47518_CHEBI_48339,stereo_resolution,stereo_resolution,100.0,1
CHEBI_180999,CHEBI_194169,CHEBI_180999_CHEBI_194169,stereo_resolution,stereo_resolution,100.0,1
CHEBI_147977,CHEBI_146490,CHEBI_146490_CHEBI_147977,stereo_resolution,stereo_resolution,100.0,1
CHEBI_174339,CHEBI_85160,CHEBI_174339_CHEBI_85160,stereo_resolution,stereo_resolution,78.0,1
CHEBI_35661,CHEBI_3381,CHEBI_3381_CHEBI_35661,stereo_resolution,stereo_resolution,100.0,1
CHEBI_35621,CHEBI_28797,CHEBI_28797_CHEBI_35621,stereo_resolution,stereo_resolution,100.0,1
CHEBI_37046,CHEBI_37047,CHEBI_37046_CHEBI_37047,stereo_resolution,stereo_resolution,100.0,1
CHEBI_177961,CHEBI_53173,CHEBI_177961_CHEBI_53173,stereo_resolution,stereo_resolution,100.0,1
CHEBI_154173,CHEBI_91284,CHEBI_154173_CHEBI_91284,stereo_resolution,stereo_resolution,76.0,1
CHEBI_156274,CHEBI_47934,CHEBI_156274_CHEBI_47934,stereo_resolution,stereo_resolution,76.0,1
CHEBI_155603,CHEBI_154706,CHEBI_154706_CHEBI_155603,stereo_resolution,stereo_resolution,75.0,1
CHEBI_151166,CHEBI_157006,CHEBI_151166_CHEBI_157006,stereo_resolution,stereo_resolution,75.0,1
CHEBI_153743,CHEBI_157201,CHEBI_153743_CHEBI_157201,stereo_resolution,stereo_resolution,75.0,1
CHEBI_16177,CHEBI_145634,CHEBI_145634_CHEBI_16177,stereo_resolution,stereo_resolution,100.0,1
CHEBI_151391,CHEBI_71479,CHEBI_151391_CHEBI_71479,stereo_resolution,stereo_resolution,76.0,1
CHEBI_167473,CHEBI_37631,CHEBI_167473_CHEBI_37631,stereo_resolution,stereo_resolution,100.0,1
CHEBI_4042,CHEBI_39340,CHEBI_39340_CHEBI_4042,stereo_resolution,stereo_resolution,100.0,1
CHEBI_18047,CHEBI_30318,CHEBI_18047_CHEBI_30318,stereo_resolution,stereo_resolution,100.0,1
CHEBI_27727,CHEBI_40836,CHEBI_27727_CHEBI_40836,stereo_resolution,stereo_resolution,100.0,1
CHEBI_4191,CHEBI_37693,CHEBI_37693_CHEBI_4191,stereo_resolution,stereo_resolution,100.0,1
CHEBI_143194,CHEBI_148506,CHEBI_143194_CHEBI_148506,stereo_resolution,stereo_resolution,100.0,1
CHEBI_701,CHEBI_174357,CHEBI_174357_CHEBI_701,stereo_resolution,stereo_resolution,100.0,1
CHEBI_73026,CHEBI_84840,CHEBI_73026_CHEBI_84840,stereo_resolution,stereo_resolution,100.0,1
CHEBI_209730,CHEBI_206208,CHEBI_206208_CHEBI_209730,stereo_resolution,stereo_resolution,100.0,1
CHEBI_178206,CHEBI_229495,CHEBI_178206_CHEBI_229495,stereo_resolution,stereo_resolution,100.0,1
CHEBI_103981,CHEBI_73358,CHEBI_103981_CHEBI_73358,stereo_resolution,stereo_resolution,100.0,1
CHEBI_77581,CHEBI_77584,CHEBI_77581_CHEBI_77584,stereo_resolution,stereo_resolution,100.0,1
CHEBI_53766,CHEBI_53768,CHEBI_53766_CHEBI_53768,stereo_resolution,stereo_resolution,100.0,1
CHEBI_157364,CHEBI_157101,CHEBI_157101_CHEBI_157364,stereo_resolution,stereo_resolution,75.0,1
CHEBI_217506,CHEBI_218692,CHEBI_217506_CHEBI_218692,stereo_resolution,stereo_resolution,100.0,1
CHEBI_16432,CHEBI_47938,CHEBI_16432_CHEBI_47938,stereo_resolution,stereo_resolution,100.0,1
CHEBI_180201,CHEBI_76855,CHEBI_180201_CHEBI_76855,stereo_resolution,stereo_resolution,89.0,1
CHEBI_64368,CHEBI_87840,CHEBI_64368_CHEBI_87840,stereo_resolution,stereo_resolution,81.0,1
CHEBI_154058,CHEBI_157327,CHEBI_154058_CHEBI_157327,stereo_resolution,stereo_resolution,100.0,1
CHEBI_80911,CHEBI_189423,CHEBI_189423_CHEBI_80911,stereo_resolution,stereo_resolution,89.0,1
CHEBI_17580,CHEBI_28,CHEBI_17580_CHEBI_28,stereo_resolution,stereo_resolution,100.0,1
CHEBI_133931,CHEBI_136411,CHEBI_133931_CHEBI_136411,stereo_resolution,stereo_resolution,100.0,1
CHEBI_63681,CHEBI_63687,CHEBI_63681_CHEBI_63687,stereo_resolution,stereo_resolution,100.0,1
CHEBI_152881,CHEBI_3528,CHEBI_152881_CHEBI_3528,stereo_resolution,stereo_resolution,100.0,1
CHEBI_59250,CHEBI_144364,CHEBI_144364_CHEBI_59250,stereo_resolution,stereo_resolution,78.0,1
CHEBI_68462,CHEBI_141392,CHEBI_141392_CHEBI_68462,stereo_resolution,stereo_resolution,100.0,1
CHEBI_51686,CHEBI_5601,CHEBI_51686_CHEBI_5601,stereo_resolution,stereo_resolution,100.0,1
CHEBI_94444,CHEBI_42534,CHEBI_42534_CHEBI_94444,stereo_resolution,stereo_resolution,100.0,1
CHEBI_143522,CHEBI_143524,CHEBI_143522_CHEBI_143524,stereo_resolution,stereo_resolution,100.0,1
CHEBI_75869,CHEBI_75867,CHEBI_75867_CHEBI_75869,stereo_resolution,stereo_resolution,100.0,1
CHEBI_144052,CHEBI_31542,CHEBI_144052_CHEBI_31542,stereo_resolution,stereo_resolution,100.0,1
CHEBI_59440,CHEBI_59442,CHEBI_59440_CHEBI_59442,stereo_resolution,stereo_resolution,75.0,1
CHEBI_147947,CHEBI_62344,CHEBI_147947_CHEBI_62344,stereo_resolution,stereo_resolution,100.0,1
CHEBI_151744,CHEBI_148915,CHEBI_148915_CHEBI_151744,stereo_resolution,stereo_resolution,100.0,1
CHEBI_231594,CHEBI_6443,CHEBI_231594_CHEBI_6443,stereo_resolution,stereo_resolution,100.0,1
CHEBI_5280,CHEBI_53562,CHEBI_5280_CHEBI_53562,stereo_resolution,stereo_resolution,100.0,1
CHEBI_155178,CHEBI_157144,CHEBI_155178_CHEBI_157144,stereo_resolution,stereo_resolution,100.0,1
CHEBI_177499,CHEBI_73479,CHEBI_177499_CHEBI_73479,stereo_resolution,stereo_resolution,100.0,1
CHEBI_177077,CHEBI_77387,CHEBI_177077_CHEBI_77387,stereo_resolution,stereo_resolution,100.0,1
CHEBI_150257,CHEBI_146598,CHEBI_146598_CHEBI_150257,stereo_resolution,stereo_resolution,75.0,1
CHEBI_152867,CHEBI_146054,CHEBI_146054_CHEBI_152867,stereo_resolution,stereo_resolution,100.0,1
CHEBI_132064,CHEBI_194413,CHEBI_132064_CHEBI_194413,stereo_resolution,stereo_resolution,100.0,1
